state No tNow cmdX cmdY cmdZ cmdYaw realX realY realZ realYaw aimX aimY aimZ aimYaw ubarX ubarY ubarZ uresX uresY uresZ setVx setVy setVz roll pitch yaw SAFE_DS ALPHA_V
51 0 0.300267 0 -0 0 -0 -1.02922 -0.981138 0.0204132 -0.00447414 0 0 0 0 0 0 0 0 0 0 0 0 0 0.00535334 0.0294754 0.00902821 0.3 0.3
51 1 0.300267 0 -0 0 -0 0.64119 1.43426 0.000838458 -0.0536274 0 0 0 0 0 0 0 0 0 0 0 0 0 0.0289843 -0.00455447 0.107252 0.3 0.3
51 2 0.300267 0 -0 0 -0 1.1986 0.728533 -0.00119101 -0.128529 0 0 0 0 0 0 0 0 0 0 0 0 0 -0.0287357 -0.0268316 0.258206 0.3 0.3
51 0 0.350272 0 0 0 -0 -1.02916 -0.981137 0.0204057 -0.00411476 0 0 0 0 0 0 0 0 0 0 0 0 0 0.00532912 0.0295353 0.00830918 0.3 0.3
51 1 0.350272 0 0 0 -0 0.641192 1.43426 0.000837498 -0.0535849 0 0 0 0 0 0 0 0 0 0 0 0 0 0.0294942 -0.00477222 0.107163 0.3 0.3
51 2 0.350272 0 0 0 -0 1.19831 0.728752 -0.00153064 -0.129131 0 0 0 0 0 0 0 0 0 0 0 0 0 -0.0139428 -0.00460838 0.259025 0.3 0.3
51 0 0.400269 0 -0 0 -0 -1.02922 -0.981139 0.0204109 -0.00434462 0 0 0 0 0 0 0 0 0 0 0 0 0 0.00546694 0.0291901 0.00877002 0.3 0.3
51 1 0.400269 0 -0 0 -0 0.641215 1.43427 0.000842611 -0.0536687 0 0 0 0 0 0 0 0 0 0 0 0 0 0.028798 -0.00370334 0.107347 0.3 0.3
51 2 0.400269 0 -0 0 -0 1.19831 0.728744 -0.00152856 -0.129073 0 0 0 0 0 0 0 0 0 0 0 0 0 -0.0138254 -0.00464549 0.258908 0.3 0.3
51 0 0.450266 0 0 0 -0 -1.02922 -0.981131 0.0204178 -0.00458913 0 0 0 0 0 0 0 0 0 0 0 0 0 0.00469578 0.0298609 0.00924946 0.3 0.3
51 1 0.450266 0 0 0 -0 0.641208 1.43426 0.00084072 -0.0534782 0 0 0 0 0 0 0 0 0 0 0 0 0 0.0288458 -0.00357669 0.106967 0.3 0.3
51 2 0.450266 0 0 0 -0 1.19859 0.728518 -0.00118607 -0.128449 0 0 0 0 0 0 0 0 0 0 0 0 0 -0.0290914 -0.0273621 0.258059 0.3 0.3
51 0 0.500234 0 -0 0 -0 -1.02915 -0.981147 0.0204082 -0.00423412 0 0 0 0 0 0 0 0 0 0 0 0 0 0.00540125 0.0300629 0.00855045 0.3 0.3
51 1 0.500234 0 -0 0 -0 0.641185 1.43426 0.00083815 -0.0536905 0 0 0 0 0 0 0 0 0 0 0 0 0 0.0296654 -0.00484106 0.107373 0.3 0.3
51 2 0.500234 0 -0 0 -0 1.19859 0.728526 -0.00119924 -0.128534 0 0 0 0 0 0 0 0 0 0 0 0 0 -0.0285642 -0.0266199 0.258211 0.3 0.3
51 0 0.550267 0 0 0 -0 -1.02921 -0.981133 0.0204118 -0.0045067 0 0 0 0 0 0 0 0 0 0 0 0 0 0.00516565 0.0293909 0.00909035 0.3 0.3
51 1 0.550267 0 0 0 -0 0.641193 1.43425 0.000848523 -0.0537019 0 0 0 0 0 0 0 0 0 0 0 0 0 0.029358 -0.00483018 0.107396 0.3 0.3
51 2 0.550267 0 0 0 -0 1.19859 0.728522 -0.00119289 -0.128508 0 0 0 0 0 0 0 0 0 0 0 0 0 -0.0290165 -0.027196 0.258174 0.3 0.3
51 0 0.60027 0 -0 0 -0 -1.02921 -0.981126 0.0204065 -0.00445035 0 0 0 0 0 0 0 0 0 0 0 0 0 0.00532713 0.0290359 0.00897903 0.3 0.3
51 1 0.60027 0 -0 0 -0 0.641187 1.43426 0.000836728 -0.0535447 0 0 0 0 0 0 0 0 0 0 0 0 0 0.0295617 -0.00470929 0.107083 0.3 0.3
51 2 0.60027 0 -0 0 -0 1.19831 0.728741 -0.00152863 -0.129275 0 0 0 0 0 0 0 0 0 0 0 0 0 -0.0138891 -0.00440004 0.259313 0.3 0.3
51 0 0.650233 0 0 0 -0 -1.02925 -0.980752 0.0200728 -0.0107715 0 0 0 0 0 0 0 0 0 0 0 0 0 -0.00170622 0.0471895 0.0215091 0.3 0.3
51 1 0.650233 0 0 0 -0 0.641188 1.43426 0.000831322 -0.0535432 0 0 0 0 0 0 0 0 0 0 0 0 0 0.0296759 -0.00487521 0.107077 0.3 0.3
51 2 0.650233 0 0 0 -0 1.19859 0.728537 -0.0012071 -0.128586 0 0 0 0 0 0 0 0 0 0 0 0 0 -0.0284764 -0.0264649 0.258313 0.3 0.3
51 0 0.700267 0 -0 0 -0 -1.02916 -0.981143 0.0204007 -0.0042453 0 0 0 0 0 0 0 0 0 0 0 0 0 0.00547838 0.0298335 0.00857332 0.3 0.3
51 1 0.700267 0 -0 0 -0 0.641194 1.43426 0.000832982 -0.0535927 0 0 0 0 0 0 0 0 0 0 0 0 0 0.0289225 -0.00455974 0.107182 0.3 0.3
51 2 0.700267 0 -0 0 -0 1.19831 0.728756 -0.00152543 -0.129 0 0 0 0 0 0 0 0 0 0 0 0 0 -0.0138611 -0.00457105 0.258759 0.3 0.3
51 0 0.750283 0 0 0 -0 -1.02922 -0.98114 0.0204114 -0.00467513 0 0 0 0 0 0 0 0 0 0 0 0 0 0.00498321 0.0300722 0.00942632 0.3 0.3
51 1 0.750283 0 0 0 -0 0.641217 1.43426 0.00084447 -0.0536506 0 0 0 0 0 0 0 0 0 0 0 0 0 0.0284479 -0.00315858 0.107319 0.3 0.3
51 2 0.750283 0 0 0 -0 1.19859 0.728536 -0.00120909 -0.128589 0 0 0 0 0 0 0 0 0 0 0 0 0 -0.0283177 -0.0263525 0.258315 0.3 0.3
51 0 0.800269 0 -0 0 -0 -1.02924 -0.980762 0.0200614 -0.0108324 0 0 0 0 0 0 0 0 0 0 0 0 0 -0.00175852 0.0474555 0.0216297 0.3 0.3
51 1 0.800269 0 -0 0 -0 0.641223 1.43426 0.000833119 -0.0534682 0 0 0 0 0 0 0 0 0 0 0 0 0 0.0291584 -0.00332635 0.10695 0.3 0.3
51 2 0.800269 0 -0 0 -0 1.19859 0.728536 -0.00119734 -0.128593 0 0 0 0 0 0 0 0 0 0 0 0 0 -0.0286701 -0.0266619 0.258333 0.3 0.3
51 0 0.850233 0 0 0 -0 -1.02923 -0.98076 0.0200611 -0.0108013 0 0 0 0 0 0 0 0 0 0 0 0 0 -0.00165026 0.0472986 0.0215701 0.3 0.3
51 1 0.850233 0 0 0 -0 0.641196 1.43426 0.00083277 -0.0535599 0 0 0 0 0 0 0 0 0 0 0 0 0 0.0294265 -0.00476915 0.107113 0.3 0.3
51 2 0.850233 0 0 0 -0 1.1986 0.728549 -0.00120531 -0.128849 0 0 0 0 0 0 0 0 0 0 0 0 0 -0.0283873 -0.0261262 0.258835 0.3 0.3
51 0 0.900193 0 -0 0 -0 -1.02924 -0.980763 0.0200609 -0.0106966 0 0 0 0 0 0 0 0 0 0 0 0 0 -0.00130935 0.0472035 0.0213686 0.3 0.3
51 1 0.900193 0 -0 0 -0 0.641234 1.4342 0.000789552 -0.0520289 0 0 0 0 0 0 0 0 0 0 0 0 0 0.0277102 -0.000466482 0.104108 0.3 0.3
51 2 0.900193 0 -0 0 -0 1.19859 0.728542 -0.00120907 -0.128642 0 0 0 0 0 0 0 0 0 0 0 0 0 -0.0283948 -0.0263242 0.258422 0.3 0.3
51 0 0.950233 0 0 0 -0 -1.02922 -0.981133 0.0204257 -0.004447 0 0 0 0 0 0 0 0 0 0 0 0 0 0.00508066 0.0294148 0.00896975 0.3 0.3
51 1 0.950233 0 0 0 -0 0.641195 1.43426 0.000833655 -0.0535398 0 0 0 0 0 0 0 0 0 0 0 0 0 0.0293512 -0.00457374 0.107075 0.3 0.3
51 2 0.950233 0 0 0 -0 1.19862 0.728545 -0.00119952 -0.12884 0 0 0 0 0 0 0 0 0 0 0 0 0 -0.0285661 -0.0265535 0.258827 0.3 0.3
51 0 1.00021 0 -0 0 -0 -1.02915 -0.981146 0.0203926 -0.00427244 0 0 0 0 0 0 0 0 0 0 0 0 0 0.00558861 0.0295533 0.00862845 0.3 0.3
51 1 1.00021 0 -0 0 -0 0.641189 1.43425 0.000832148 -0.0535226 0 0 0 0 0 0 0 0 0 0 0 0 0 0.0293226 -0.00442292 0.107043 0.3 0.3
51 2 1.00021 0 -0 0 -0 1.19831 0.728751 -0.00152549 -0.129158 0 0 0 0 0 0 0 0 0 0 0 0 0 -0.0140927 -0.00461925 0.25908 0.3 0.3
51 0 1.05025 0 0 0 -0 -1.02922 -0.981136 0.0204078 -0.00447997 0 0 0 0 0 0 0 0 0 0 0 0 0 0.00524497 0.0292183 0.00903758 0.3 0.3
51 1 1.05025 0 0 0 -0 0.641189 1.43426 0.0008312 -0.053686 0 0 0 0 0 0 0 0 0 0 0 0 0 0.0293367 -0.00478954 0.107365 0.3 0.3
51 2 1.05025 0 0 0 -0 1.19832 0.72875 -0.00153414 -0.129113 0 0 0 0 0 0 0 0 0 0 0 0 0 -0.0137882 -0.00469477 0.258989 0.3 0.3
51 0 1.10027 0 -0 0 -0 -1.02923 -0.981121 0.0204204 -0.00451077 0 0 0 0 0 0 0 0 0 0 0 0 0 0.00479811 0.0297946 0.00909408 0.3 0.3
51 1 1.10027 0 -0 0 -0 0.641192 1.43426 0.000829032 -0.0535268 0 0 0 0 0 0 0 0 0 0 0 0 0 0.0294294 -0.0042013 0.107055 0.3 0.3
51 2 1.10027 0 -0 0 -0 1.19831 0.728745 -0.00153453 -0.129139 0 0 0 0 0 0 0 0 0 0 0 0 0 -0.0136846 -0.00441795 0.259039 0.3 0.3
51 0 1.15027 0 0 0 -0 -1.02915 -0.98114 0.0203947 -0.00406215 0 0 0 0 0 0 0 0 0 0 0 0 0 0.00604262 0.0294696 0.00821429 0.3 0.3
51 1 1.15027 0 0 0 -0 0.641182 1.43423 0.00082989 -0.0535432 0 0 0 0 0 0 0 0 0 0 0 0 0 0.030094 -0.00508641 0.107074 0.3 0.3
51 2 1.15027 0 0 0 -0 1.19831 0.728751 -0.00152783 -0.129125 0 0 0 0 0 0 0 0 0 0 0 0 0 -0.0139624 -0.00496718 0.259015 0.3 0.3
51 0 1.20028 0 -0 0 -0 -1.02922 -0.981129 0.020415 -0.00445668 0 0 0 0 0 0 0 0 0 0 0 0 0 0.0050106 0.0292856 0.00898776 0.3 0.3
51 1 1.20028 0 -0 0 -0 0.64119 1.43426 0.000832565 -0.053665 0 0 0 0 0 0 0 0 0 0 0 0 0 0.0295956 -0.00470304 0.107324 0.3 0.3
51 2 1.20028 0 -0 0 -0 1.19831 0.728754 -0.00153787 -0.129068 0 0 0 0 0 0 0 0 0 0 0 0 0 -0.0137653 -0.00428364 0.258894 0.3 0.3
51 0 1.25027 0 0 0 -0 -1.02922 -0.981135 0.0204094 -0.00446197 0 0 0 0 0 0 0 0 0 0 0 0 0 0.00518514 0.0293385 0.00900102 0.3 0.3
51 1 1.25027 0 0 0 -0 0.641196 1.43426 0.000828249 -0.0536684 0 0 0 0 0 0 0 0 0 0 0 0 0 0.029742 -0.00452203 0.107333 0.3 0.3
51 2 1.25027 0 0 0 -0 1.19833 0.728752 -0.00153494 -0.129274 0 0 0 0 0 0 0 0 0 0 0 0 0 -0.0140264 -0.00496741 0.259316 0.3 0.3
51 0 1.30026 0 -0 0 -0 -1.02922 -0.981131 0.0204082 -0.00448311 0 0 0 0 0 0 0 0 0 0 0 0 0 0.0052817 0.029726 0.00904578 0.3 0.3
51 1 1.30026 0 -0 0 -0 0.641199 1.43425 0.000829653 -0.0535387 0 0 0 0 0 0 0 0 0 0 0 0 0 0.0299014 -0.00479503 0.107069 0.3 0.3
51 2 1.30026 0 -0 0 -0 1.1986 0.728541 -0.0012056 -0.12859 0 0 0 0 0 0 0 0 0 0 0 0 0 -0.0283642 -0.026265 0.258316 0.3 0.3
51 0 1.35024 0 0 0 -0 -1.02923 -0.980757 0.0200607 -0.0108234 0 0 0 0 0 0 0 0 0 0 0 0 0 -0.00162392 0.0470563 0.021615 0.3 0.3
51 1 1.35024 0 0 0 -0 0.641189 1.43426 0.000830108 -0.0536653 0 0 0 0 0 0 0 0 0 0 0 0 0 0.0296692 -0.00451498 0.107327 0.3 0.3
51 2 1.35024 0 0 0 -0 1.19859 0.72854 -0.00120616 -0.128627 0 0 0 0 0 0 0 0 0 0 0 0 0 -0.0284884 -0.0264652 0.258394 0.3 0.3
51 0 1.40027 0 -0 0 -0 -1.02922 -0.981137 0.0204091 -0.00459343 0 0 0 0 0 0 0 0 0 0 0 0 0 0.00519773 0.0300135 0.00926595 0.3 0.3
51 1 1.40027 0 -0 0 -0 0.641194 1.43426 0.000825728 -0.0535963 0 0 0 0 0 0 0 0 0 0 0 0 0 0.0294922 -0.00447531 0.10719 0.3 0.3
51 2 1.40027 0 -0 0 -0 1.19831 0.728745 -0.00153894 -0.129121 0 0 0 0 0 0 0 0 0 0 0 0 0 -0.0136175 -0.00437012 0.259001 0.3 0.3
51 0 1.45025 0 0 0 -0 -1.02922 -0.981133 0.0204108 -0.00451949 0 0 0 0 0 0 0 0 0 0 0 0 0 0.00517749 0.0296368 0.00911677 0.3 0.3
51 1 1.45025 0 0 0 -0 0.641185 1.43424 0.000837521 -0.0535564 0 0 0 0 0 0 0 0 0 0 0 0 0 0.0300693 -0.00526404 0.107097 0.3 0.3
51 2 1.45025 0 0 0 -0 1.19831 0.728745 -0.00153742 -0.129123 0 0 0 0 0 0 0 0 0 0 0 0 0 -0.0136113 -0.00442473 0.259006 0.3 0.3
51 0 1.50023 0 -0 0 -0 -1.02922 -0.981131 0.0204011 -0.00439256 0 0 0 0 0 0 0 0 0 0 0 0 0 0.00555339 0.0295383 0.00886816 0.3 0.3
51 1 1.50023 0 -0 0 -0 0.641211 1.43426 0.000833023 -0.0533982 0 0 0 0 0 0 0 0 0 0 0 0 0 0.0286956 -0.00290974 0.106817 0.3 0.3
51 2 1.50023 0 -0 0 -0 1.19831 0.728738 -0.00153297 -0.129155 0 0 0 0 0 0 0 0 0 0 0 0 0 -0.0138054 -0.00460577 0.259072 0.3 0.3
51 0 1.55019 0 0 0 -0 -1.02922 -0.981127 0.0204092 -0.00453016 0 0 0 0 0 0 0 0 0 0 0 0 0 0.00527712 0.0296392 0.00913959 0.3 0.3
51 1 1.55019 0 0 0 -0 0.641196 1.43426 0.00082333 -0.0536824 0 0 0 0 0 0 0 0 0 0 0 0 0 0.0297262 -0.00476852 0.107358 0.3 0.3
51 2 1.55019 0 0 0 -0 1.19833 0.728744 -0.00154162 -0.129194 0 0 0 0 0 0 0 0 0 0 0 0 0 -0.0138125 -0.0044043 0.25915 0.3 0.3
51 0 1.60024 0 -0 0 -0 -1.02915 -0.981142 0.0203918 -0.00417588 0 0 0 0 0 0 0 0 0 0 0 0 0 0.00587473 0.029676 0.00843992 0.3 0.3
51 1 1.60024 0 -0 0 -0 0.641218 1.43427 0.000844872 -0.0536668 0 0 0 0 0 0 0 0 0 0 0 0 0 0.0290032 -0.00349935 0.107346 0.3 0.3
51 2 1.60024 0 -0 0 -0 1.19833 0.728744 -0.00152826 -0.129285 0 0 0 0 0 0 0 0 0 0 0 0 0 -0.0140026 -0.00489605 0.259338 0.3 0.3
51 0 1.65027 0 0 0 -0 -1.02916 -0.981138 0.0204038 -0.00423762 0 0 0 0 0 0 0 0 0 0 0 0 0 0.00592933 0.0298209 0.00856465 0.3 0.3
51 1 1.65027 0 0 0 -0 0.641201 1.43425 0.000843489 -0.0537319 0 0 0 0 0 0 0 0 0 0 0 0 0 0.0295261 -0.00458642 0.10746 0.3 0.3
51 2 1.65027 0 0 0 -0 1.19832 0.72875 -0.00153486 -0.129071 0 0 0 0 0 0 0 0 0 0 0 0 0 -0.0137925 -0.00455868 0.258903 0.3 0.3
51 0 1.70027 0 -0 0 -0 -1.02924 -0.980756 0.020068 -0.0108091 0 0 0 0 0 0 0 0 0 0 0 0 0 -0.0015676 0.0474397 0.0215875 0.3 0.3
51 1 1.70027 0 -0 0 -0 0.641209 1.43427 0.000845395 -0.0536098 0 0 0 0 0 0 0 0 0 0 0 0 0 0.0289014 -0.00364739 0.10723 0.3 0.3
51 2 1.70027 0 -0 0 -0 1.19832 0.72874 -0.00153651 -0.12929 0 0 0 0 0 0 0 0 0 0 0 0 0 -0.0139625 -0.00459908 0.259345 0.3 0.3
51 0 1.75023 0 0 0 -0 -1.02922 -0.981126 0.0204023 -0.00453647 0 0 0 0 0 0 0 0 0 0 0 0 0 0.0057246 0.0292453 0.0091577 0.3 0.3
51 1 1.75023 0 0 0 -0 0.641201 1.43426 0.000838978 -0.0536762 0 0 0 0 0 0 0 0 0 0 0 0 0 0.0297804 -0.00455649 0.107348 0.3 0.3
51 2 1.75023 0 0 0 -0 1.19832 0.728745 -0.00153716 -0.129096 0 0 0 0 0 0 0 0 0 0 0 0 0 -0.0138372 -0.00455281 0.258953 0.3 0.3
51 0 1.80024 0 -0 0 -0 -1.02923 -0.981132 0.0204153 -0.00444394 0 0 0 0 0 0 0 0 0 0 0 0 0 0.00496634 0.0299086 0.0089632 0.3 0.3
51 1 1.80024 0 -0 0 -0 0.641189 1.43426 0.000830851 -0.0536492 0 0 0 0 0 0 0 0 0 0 0 0 0 0.0297319 -0.00487564 0.10729 0.3 0.3
51 2 1.80024 0 -0 0 -0 1.19831 0.728748 -0.00152927 -0.129044 0 0 0 0 0 0 0 0 0 0 0 0 0 -0.0138463 -0.00475638 0.258849 0.3 0.3
52 0 1.85023 60.5497 -59.4452 5000 2.75699 -1.02922 -0.981134 0.0204049 -0.00456327 -1 -1 0.3 0 -0.552883 -0.527051 1.78959 -0.552883 -0.527051 1.78959 0 0 0 0.00506348 0.0301398 0.00920396 0.3 0.3
52 1 1.85023 -65.912 53.4379 5000 31.179 0.641237 1.4342 0.000786792 -0.052046 0.766655 1.23335 0.3 0 0.344925 0.771466 1.91176 0.344925 0.771466 1.91176 0 0 0 0.0275728 -0.000678068 0.10414 0.3 0.3
52 2 1.85023 -73.3343 42.6858 5000 77.2798 1.19859 0.728539 -0.00121852 -0.128569 1.23335 0.766655 0.3 0 0.645748 0.392505 1.92317 0.645748 0.392505 1.92317 0 0 0 -0.0281886 -0.02599 0.258266 0.3 0.3
52 0 1.90028 -61.2508 58.7226 10000 4.47947 -1.02935 -0.980755 0.0198452 -0.0105007 -1 -1 0.325025 0 -0.00801573 0.0022102 0.555006 -0.00801573 0.0022102 0.555006 0 0 0 0.00207429 0.0574834 0.0210701 0.3 0.3
52 1 1.90028 66.0225 -53.3013 10000 11.0348 0.641247 1.43427 0.000823204 -0.0531252 0.766655 1.23335 0.325025 0 0.00364746 0.00908797 0.578787 0.00364746 0.00908797 0.578787 0 0 0 0.0277703 -0.00736041 0.106209 0.3 0.3
52 2 1.90028 73.3613 -42.6394 10000 26.0164 1.19836 0.728631 -0.00172717 -0.129094 1.23335 0.766655 0.325025 0 0.00192223 0.00575732 0.585082 0.00192223 0.00575732 0.585082 0 0 0 -0.00845436 0.00326308 0.258899 0.3 0.3
52 0 1.95023 -2.23918 38.0623 15000 -1.62285 -1.02915 -0.981149 0.0204052 -0.00428251 -1 -1 0.350003 0 0.630963 -0.413334 0.58361 0.630963 -0.413334 0.58361 0 0 0 0.00497236 0.030325 0.00864146 0.3 0.3
52 1 1.95023 28.9577 -24.3852 15000 11.2617 0.641177 1.43426 0.000866205 -0.0541523 0.766655 1.23335 0.350003 0 1.21331 -1.34155 0.613524 0.301317 -0.186593 0.613524 0 0 0 0.0284277 -0.0016168 0.108346 0.3 0.3
52 2 1.95023 65.6132 -31.06 15000 25.5493 1.1984 0.728586 -0.00164879 -0.128524 1.23335 0.766655 0.350003 0 0.751951 0.817433 0.616777 0.751951 0.817433 0.616777 0 0 0 -0.00998465 0.000117239 0.257763 0.3 0.3
52 0 2.00027 -7.50485 -9.46162 20000 0.89494 -1.02919 -0.981163 0.0204034 -0.00433732 -1 -1 0.375019 0 0.0554445 -0.0358364 0.621518 0.0554445 -0.0358364 0.621518 0 0 0 0.00448017 0.0305445 0.00874413 0.3 0.3
52 1 2.00027 -2.64428 10.3261 20000 10.2823 0.6413 1.43423 0.000813733 -0.0532842 0.766655 1.23335 0.375019 0 0.223102 -0.351512 0.649171 0.172917 -0.287944 0.649171 0 0 0 0.027115 -0.00921632 0.106505 0.3 0.3
52 2 2.00027 -19.0634 11.0053 20000 25.7841 1.19836 0.728616 -0.00166973 -0.128543 1.23335 0.766655 0.375019 0 0.0663924 0.0721938 0.65256 0.0663924 0.0721938 0.65256 0 0 0 -0.00994126 0.0027655 0.257789 0.3 0.3
52 0 2.05026 6.45512 -4.74998 25000 -0.302324 -1.02927 -0.981325 0.0202324 -0.00235898 -1 -1 0.400014 0 0.0498227 -0.0317849 0.657569 0.0498227 -0.0317849 0.657569 0 0 0 0.00533934 0.0389791 0.00482296 0.3 0.3
52 1 2.05026 -1.91513 12.3065 25000 11.1062 0.64137 1.4342 0.000777857 -0.0540552 0.766655 1.23335 0.400014 0 0.213083 -0.341547 0.68416 0.171559 -0.288961 0.68416 0 0 0 0.0230164 -0.0129804 0.108023 0.3 0.3
52 2 2.05026 -5.91207 1.43172 25000 26.1837 1.19835 0.728841 -0.00146737 -0.129191 1.23335 0.766655 0.400014 0 0.0595688 0.0643593 0.676626 0.0595688 0.0643593 0.676626 0 0 0 -0.014529 -0.00339193 0.259138 0.3 0.3
52 0 2.10023 6.83266 -4.84544 30000 0.0361432 -1.02935 -0.981402 0.0203883 -0.00159368 -1 -1 0.425003 0 0.0498912 -0.0316166 0.661138 0.0498912 -0.0316166 0.661138 0 0 0 0.0098366 0.0302301 0.00333645 0.3 0.3
52 1 2.10023 -1.9198 12.8405 30000 10.346 0.641233 1.43428 0.000927949 -0.0532391 0.766655 1.23335 0.425003 0 0.213218 -0.341598 0.563821 0.171637 -0.288935 0.563821 0 0 0 0.0282245 -0.00259674 0.106503 0.3 0.3
52 2 2.10023 -5.97787 1.18845 30000 25.4332 1.19828 0.72878 -0.00138017 -0.128398 1.23335 0.766655 0.425003 0 0.0596097 0.0643882 0.56 0.0596097 0.0643882 0.56 0 0 0 -0.0159624 -0.00261071 0.257536 0.3 0.3
52 0 2.15023 6.73954 -4.74539 35000 1.17138 -1.02921 -0.981307 0.0205615 -0.00303562 -1 -1 0.450003 0 0.0496543 -0.0317786 0.56 0.0496543 -0.0317786 0.56 0 0 0 0.00407429 0.0284372 0.00612981 0.3 0.3
52 1 2.15023 -2.03147 12.8443 35000 9.93933 0.641267 1.43426 0.000979017 -0.0520903 0.766655 1.23335 0.450003 0 0.213159 -0.341554 0.56 0.171632 -0.28896 0.56 0 0 0 0.0309419 -0.00702548 0.104132 0.3 0.3
52 2 2.15023 -6.11336 1.21356 35000 25.1674 1.19837 0.728679 -0.00149134 -0.12745 1.23335 0.766655 0.450003 0 0.0594649 0.0645581 0.56 0.0594649 0.0645581 0.56 0 0 0 -0.0115458 0.00334843 0.255581 0.3 0.3
52 0 2.20027 7.03357 -4.92279 39955.5 1.09811 -1.02936 -0.981419 0.0205944 -0.00384296 -1 -1 0.475022 0 0.0499196 -0.0315883 0.56 0.0499196 -0.0315883 0.56 0 0 0 0.00386876 0.0313338 0.00774752 0.3 0.3
52 1 2.20027 -1.965 12.856 39536.9 9.11287 0.641423 1.43406 0.00147188 -0.0498355 0.766655 1.23335 0.475022 0 0.212894 -0.341217 0.56 0.171574 -0.288902 0.56 0 0 0 0.0348008 0.0039439 0.0997963 0.3 0.3
52 2 2.20027 -6.04894 1.50219 39626.7 25.3354 1.19834 0.728945 -0.00122844 -0.127059 1.23335 0.766655 0.475022 0 0.0595101 0.064107 0.56 0.0595101 0.064107 0.56 0 0 0 -0.0166951 -0.00280951 0.254839 0.3 0.3
52 0 2.25025 6.79783 -4.58188 39353.6 -0.558862 -1.02931 -0.981091 0.0212952 -0.00167657 -1 -1 0.50001 0 0.0498217 -0.0321445 0.56 0.0498217 -0.0321445 0.56 0 0 0 -0.00534626 0.0216379 0.0032955 0.3 0.3
52 1 2.25025 -2.02463 12.5062 38506.9 7.97797 0.641998 1.43313 0.00359569 -0.046381 0.766655 1.23335 0.50001 0 0.211917 -0.339626 0.56 0.171606 -0.288625 0.56 0 0 0 0.0758719 0.00658118 0.0931124 0.3 0.3
52 2 2.25025 -6.10923 1.31115 39650.4 24.6105 1.19846 0.729111 -0.000646142 -0.125669 1.23335 0.766655 0.50001 0 0.0593056 0.0638236 0.56 0.0593056 0.0638236 0.56 0 0 0 -0.0223926 0.00904412 0.251922 0.3 0.3
52 0 2.30024 7.14328 -4.32213 38709.9 -1.8315 -1.02969 -0.980182 0.0233355 0.00189018 -1 -1 0.525006 0 0.0504649 -0.0336911 0.56 0.0504649 -0.0336911 0.56 0 0 0 -0.0273591 0.00843323 -0.00389613 0.3 0.3
52 1 2.30024 -1.84046 11.621 36942 7.07469 0.642866 1.43041 0.00891711 -0.0427347 0.766655 1.23335 0.525006 0 0.210441 -0.335009 0.56 0.172553 -0.287286 0.56 0 0 0 0.139304 -0.000503927 0.0856682 0.3 0.3
52 2 2.30024 -6.42627 1.81512 37711.1 20.0628 1.19899 0.729927 0.00255109 -0.117835 1.23335 0.766655 0.525006 0 0.0584066 0.0624379 0.56 0.0584066 0.0624379 0.56 0 0 0 -0.0557549 0.0558011 0.234846 0.3 0.3
52 0 2.35024 7.17527 -3.61751 37509.4 1.23059 -1.03021 -0.978128 0.0279692 -0.000682896 -1 -1 0.550005 0 0.0513629 -0.0371818 0.56 0.0513629 -0.0371818 0.56 0 0 0 -0.0323831 -0.00887975 0.00150977 0.3 0.3
52 1 2.35024 -1.58661 11.0009 35867.6 1.29826 0.644142 1.4258 0.0182753 -0.0307225 0.766655 1.23335 0.550005 0 0.208272 -0.327171 0.56 0.174381 -0.284914 0.56 0 0 0 0.141527 -0.00258795 0.0614255 0.3 0.3
52 2 2.35024 -7.17583 2.4785 36373 15.4183 1.20066 0.731912 0.00951102 -0.105109 1.23335 0.766655 0.550005 0 0.05557 0.0590628 0.56 0.05557 0.0590628 0.56 0 0 0 -0.082001 0.0724635 0.20795 0.3 0.3
52 0 2.40023 7.47923 -3.35218 35626.2 -3.34482 -1.03126 -0.97519 0.0370347 0.00525548 -1 -1 0.575003 0 0.0531392 -0.0421772 0.56 0.0531392 -0.0421772 0.56 0 0 0 -0.0217111 -0.0355613 -0.0101272 0.3 0.3
52 1 2.40023 -1.18709 9.29749 34321.8 0.823821 0.645647 1.41771 0.0328846 -0.0213229 0.766655 1.23335 0.575003 0 0.205713 -0.313418 0.56 0.178397 -0.28005 0.56 0 0 0 0.175384 0.0102943 0.0437193 0.3 0.3
52 2 2.40023 -7.90766 3.86019 36272.5 11.4193 1.20359 0.736138 0.0197856 -0.0890602 1.23335 0.766655 0.575003 0 0.0505782 0.0518785 0.56 0.0505782 0.0518785 0.56 0 0 0 -0.0610291 0.0585294 0.176729 0.3 0.3
52 0 2.45027 7.84935 -2.51381 36007.7 3.4796 -1.03291 -0.970961 0.0494401 -0.00221139 -1 -1 0.600021 0 0.0559547 -0.0493655 0.56 0.0559547 -0.0493655 0.56 0 0 0 -0.0226538 -0.0383696 0.00485855 0.3 0.3
52 1 2.45027 -0.827252 8.19678 35843.6 -1.67032 0.647352 1.40636 0.0503368 -0.0115709 0.766655 1.23335 0.600021 0 0.202815 -0.294129 0.56 0.184685 -0.272624 0.56 0 0 0 0.170212 0.00391959 0.0235607 0.3 0.3
52 2 2.45027 -8.33646 4.39724 37485.6 6.23671 1.20777 0.74164 0.0316792 -0.0698534 1.23335 0.766655 0.600021 0 0.0434749 0.0425247 0.56 0.0434749 0.0425247 0.56 0 0 0 -0.0622191 0.0434564 0.138569 0.3 0.3
52 0 2.50024 8.10285 -1.81245 37065 1.35561 -1.0351 -0.965426 0.063625 -0.00366763 -1 -1 0.625005 0 0.0596675 -0.0587751 0.56 0.0596675 -0.0587751 0.56 0 0 0 -0.0410723 -0.0204003 0.00775623 0.3 0.3
52 1 2.50024 -0.95916 6.56418 36515.9 -3.12548 0.649939 1.3912 0.069645 -0.00172768 0.766655 1.23335 0.625005 0 0.198417 -0.268351 0.56 0.193053 -0.262231 0.56 0 0 0 0.180628 0.0201541 0.00529489 0.3 0.3
52 2 2.50024 -8.80312 5.42078 37681.7 2.4155 1.21313 0.7486 0.0449051 -0.0504244 1.23335 0.766655 0.625005 0 0.0343621 0.0306931 0.56 0.0343621 0.0306931 0.56 0 0 0 -0.0561747 0.0175378 0.100443 0.3 0.3
52 0 2.55025 8.51976 -1.14741 38964.4 1.95173 -1.038 -0.958677 0.0773428 -0.00580311 -1 -1 0.650011 0 0.0645919 -0.0702487 0.56 0.0645919 -0.0702487 0.56 0 0 0 -0.0327154 -0.00474514 0.0116855 0.3 0.3
52 1 2.55025 -0.71482 4.88476 37529.4 -1.73053 0.652509 1.37254 0.0896479 0.00224634 0.766655 1.23335 0.650011 0 0.194048 -0.236627 0.56 0.194048 -0.236627 0.56 0 0 0 0.177472 0.0251696 -0.00227133 0.3 0.3
52 2 2.55025 -8.61148 6.10968 38576.3 -2.70761 1.21889 0.756429 0.0584396 -0.028925 1.23335 0.766655 0.650011 0 0.0245688 0.0173831 0.56 0.0245688 0.0173831 0.56 0 0 0 -0.0299593 0.0121587 0.0576835 0.3 0.3
52 0 2.60024 8.72149 -0.619432 38821.3 2.05308 -1.04134 -0.951008 0.091045 -0.00738071 -1 -1 0.675005 0 0.070276 -0.0832858 0.56 0.070276 -0.0832858 0.56 0 0 0 -0.0307791 0.00883792 0.0146274 0.3 0.3
52 1 2.60024 -1.26553 2.79566 37507.4 -2.3992 0.655685 1.35045 0.110169 0.00537341 0.766655 1.23335 0.675005 0 0.188648 -0.199075 0.56 0.188648 -0.199075 0.56 0 0 0 0.16486 0.0158148 -0.00947722 0.3 0.3
52 2 2.60024 -8.66348 6.67195 38263.8 -7.1872 1.22497 0.764482 0.0724643 -0.00733929 1.23335 0.766655 0.675005 0 0.0142443 0.00369421 0.56 0.0142443 0.00369421 0.56 0 0 0 -0.0193179 -0.0108844 0.0147848 0.3 0.3
52 0 2.65028 9.0149 -0.0505206 38463.8 2.17752 -1.04515 -0.942515 0.105192 -0.00853882 -1 -1 0.700024 0 0.076747 -0.0977237 0.56 0.076747 -0.0977237 0.56 0 0 0 -0.0265256 0.00521653 0.0170102 0.3 0.3
52 1 2.65028 -1.5242 1.20717 37013.8 -3.74767 0.659429 1.32529 0.131988 0.0102633 0.766655 1.23335 0.700024 0 0.182283 -0.156303 0.56 0.182283 -0.156303 0.56 0 0 0 0.148317 0.0238924 -0.0188098 0.3 0.3
52 2 2.65028 -8.32855 7.11882 38527.8 -11.2892 1.23093 0.772519 0.0868908 0.0138634 1.23335 0.766655 0.700024 0 0.0040979 -0.00996985 0.56 0.0040979 -0.00996985 0.56 0 0 0 0.00270566 -0.0274737 -0.0277676 0.3 0.3
52 0 2.70023 8.85834 0.607294 38156.7 1.75886 -1.04875 -0.933161 0.120046 -0.0086774 -1 -1 0.725002 0 0.0828678 -0.113626 0.56 0.0828678 -0.113626 0.56 0 0 0 -0.0206877 0.0148397 0.0172029 0.3 0.3
52 1 2.70023 -1.57612 -0.318641 36985.2 -2.87679 0.663359 1.29769 0.154859 0.011333 0.766655 1.23335 0.725002 0 0.175604 -0.109394 0.56 0.175604 -0.109394 0.56 0 0 0 0.125278 0.00930149 -0.0221278 0.3 0.3
52 2 2.70023 -7.85383 7.3374 38513.2 -15.0472 1.23632 0.780017 0.101652 0.0340425 1.23335 0.766655 0.725002 0 -0.00505869 -0.0227151 0.56 -0.00505869 -0.0227151 0.56 0 0 0 0.0244524 -0.04339 -0.0686499 0.3 0.3
52 0 2.75024 9.10021 1.16744 38114.1 2.30795 -1.05244 -0.923116 0.135615 -0.00965179 -1 -1 0.750007 0 0.0891548 -0.130702 0.56 0.0891548 -0.130702 0.56 0 0 0 -0.0176308 0.0158555 0.0191655 0.3 0.3
52 1 2.75024 -1.83389 -1.76208 36220.6 -2.43858 0.667613 1.26802 0.179692 0.011778 0.766655 1.23335 0.750007 0 0.168371 -0.0589514 0.56 0.168371 -0.0589514 0.56 0 0 0 0.109829 0.0129093 -0.0228829 0.3 0.3
52 2 2.75024 -7.27812 7.17403 38742.8 -17.1779 1.24072 0.786408 0.116564 0.0510965 1.23335 0.766655 0.750007 0 -0.0125432 -0.0335798 0.56 -0.0125432 -0.0335798 0.56 0 0 0 0.0481545 -0.0372295 -0.103181 0.3 0.3
52 0 2.80028 9.11683 1.58425 38417.6 1.21309 -1.056 -0.91265 0.151471 -0.00844408 -1 -1 0.775026 0 0.0951947 -0.148495 0.56 0.0951947 -0.148495 0.56 0 0 0 -0.0083959 0.0157213 0.016823 0.3 0.3
52 1 2.80028 -1.8344 -3.04452 36594.7 -3.47802 0.671798 1.23711 0.205526 0.0134052 0.766655 1.23335 0.775026 0 0.161256 -0.00640554 0.56 0.161256 -0.00640554 0.56 0 0 0 0.0899611 -4.43712e-05 -0.0268403 0.3 0.3
52 2 2.80028 -7.07563 6.92962 37745.5 -18.6725 1.24436 0.791325 0.132619 0.06462 1.23335 0.766655 0.775026 0 -0.0187211 -0.0419393 0.56 -0.0187211 -0.0419393 0.56 0 0 0 0.0641778 -0.0468779 -0.130937 0.3 0.3
52 0 2.85027 9.02941 2.18558 38373 2.61159 -1.05918 -0.901726 0.167679 -0.0100216 -1 -1 0.800019 0 0.100614 -0.167066 0.56 0.100614 -0.167066 0.56 0 0 0 -0.0101747 0.0247315 0.0199194 0.3 0.3
52 1 2.85027 -1.91277 -4.13486 36567.3 -2.16666 0.675933 1.20539 0.232488 0.0124825 0.766655 1.23335 0.800019 0 0.154227 0.0475191 0.56 0.154227 0.0475191 0.56 0 0 0 0.0742159 -0.00361554 -0.025117 0.3 0.3
52 2 2.85027 -6.32197 6.44417 37945.2 -18.1807 1.24646 0.794656 0.14953 0.0727677 1.23335 0.766655 0.800019 0 -0.0223033 -0.0476016 0.56 -0.0223033 -0.0476016 0.56 0 0 0 0.0679847 -0.0606017 -0.147877 0.3 0.3
52 0 2.90029 9.21238 2.23316 38205.7 0.384254 -1.06227 -0.891023 0.184445 -0.00728911 -1 -1 0.825031 0 0.105863 -0.185262 0.56 0.105863 -0.185262 0.56 0 0 0 -0.0025847 0.0164088 0.0145576 0.3 0.3
52 1 2.90029 -1.7337 -5.31334 36801.9 -2.33419 0.67963 1.17308 0.260189 0.0122221 0.766655 1.23335 0.825031 0 0.147942 0.102447 0.56 0.147942 0.102447 0.56 0 0 0 0.0644585 -0.0020877 -0.0245249 0.3 0.3
52 2 2.90029 -5.96302 5.49926 38464 -18.2512 1.24717 0.795732 0.166646 0.0784496 1.23335 0.766655 0.825031 0 -0.0234988 -0.0494314 0.56 -0.0234988 -0.0494314 0.56 0 0 0 0.0798699 -0.0547041 -0.159431 0.3 0.3
52 0 2.95024 9.09856 2.83656 38374.3 0.913482 -1.06496 -0.880109 0.201473 -0.00634409 -1 -1 0.850003 0 0.110424 -0.203814 0.56 0.110424 -0.203814 0.56 0 0 0 0.0071926 0.0171884 0.0127506 0.3 0.3
52 1 2.95024 -1.86756 -6.24924 36698.2 -0.46848 0.683238 1.14079 0.288625 0.00879196 0.766655 1.23335 0.850003 0 0.141808 0.157343 0.56 0.141808 0.157343 0.56 0 0 0 0.0415484 -0.0154751 -0.01791 0.3 0.3
52 2 2.95024 -5.36046 4.92825 37877.4 -17.6056 1.24624 0.795017 0.184676 0.081242 1.23335 0.766655 0.850003 0 -0.0219215 -0.048215 0.56 -0.0219215 -0.048215 0.56 0 0 0 0.0724231 -0.0589404 -0.164977 0.3 0.3
52 0 3.00024 9.38911 3.08251 38258 1.92911 -1.06772 -0.869375 0.218961 -0.0074606 -1 -1 0.875004 0 0.115127 -0.222062 0.56 0.115127 -0.222062 0.56 0 0 0 0.00111562 0.0169126 0.0149313 0.3 0.3
52 1 3.00024 -1.69632 -7.17155 36842.3 -0.809297 0.686455 1.10872 0.317592 0.00723052 0.766655 1.23335 0.875004 0 0.13634 0.211869 0.56 0.13634 0.211869 0.56 0 0 0 0.0318975 -0.0109159 -0.0146373 0.3 0.3
52 2 3.00024 -5.03571 4.08481 38340.4 -15.3398 1.24394 0.792402 0.202931 0.0792884 1.23335 0.766655 0.875004 0 -0.0180094 -0.0437695 0.56 -0.0180094 -0.0437695 0.56 0 0 0 0.0664235 -0.0661416 -0.161116 0.3 0.3
52 0 3.05024 9.303 3.25584 38303.7 -0.485904 -1.07018 -0.858972 0.236795 -0.0041343 -1 -1 0.900005 0 0.119308 -0.239748 0.56 0.119308 -0.239748 0.56 0 0 0 0.00784112 0.0159659 0.00833155 0.3 0.3
52 1 3.05024 -1.66989 -7.74743 36485.8 -0.50324 0.689394 1.07751 0.347456 0.00566444 0.766655 1.23335 0.900005 0 0.131344 0.264922 0.56 0.131344 0.264922 0.56 0 0 0 0.0111654 -0.0185705 -0.0114333 0.3 0.3
52 2 3.05024 -4.5939 3.1387 38256.4 -13.159 1.24023 0.787863 0.221584 0.0744097 1.23335 0.766655 0.900005 0 -0.0116967 -0.0360546 0.56 -0.0116967 -0.0360546 0.56 0 0 0 0.0625566 -0.0686 -0.151265 0.3 0.3
52 0 3.10024 9.42745 3.52443 38090.3 -1.3574 -1.07249 -0.848821 0.255215 -0.000498334 -1 -1 0.925005 0 0.123239 -0.257005 0.56 0.123239 -0.257005 0.56 0 0 0 0.0110721 0.00696387 0.00103524 0.3 0.3
52 1 3.10024 -1.5669 -8.34531 36344.6 -0.7782 0.691972 1.04745 0.378173 0.0051233 0.766655 1.23335 0.925005 0 0.126961 0.316017 0.56 0.126961 0.316017 0.56 0 0 0 -0.00479922 -0.012162 -0.0102177 0.3 0.3
52 2 3.10024 -4.10187 2.22657 38142.4 -10.4425 1.23513 0.781585 0.240662 0.0668121 1.23335 0.766655 0.925005 0 -0.00303518 -0.0253815 0.56 -0.00303518 -0.0253815 0.56 0 0 0 0.0614253 -0.0596993 -0.135681 0.3 0.3
52 0 3.15024 9.78906 3.48143 38287.2 -1.16415 -1.07506 -0.839369 0.273927 0.00160973 -1 -1 0.950007 0 0.127607 -0.273073 0.56 0.127607 -0.273073 0.56 0 0 0 0.0158071 0.00280758 -0.00319738 0.3 0.3
52 1 3.15024 -1.4045 -8.57087 36445.8 -0.600313 0.694113 1.019 0.409688 0.00444582 0.766655 1.23335 0.950007 0 0.123321 0.364386 0.56 0.123321 0.364386 0.56 0 0 0 -0.0179602 -0.00926331 -0.00880894 0.3 0.3
52 2 3.15024 -3.67517 1.40687 38171.2 -8.54185 1.22881 0.773746 0.260266 0.0583887 1.23335 0.766655 0.950007 0 0.00770781 -0.0120552 0.56 0.00770781 -0.0120552 0.56 0 0 0 0.0563807 -0.0671313 -0.11885 0.3 0.3
52 0 3.20024 9.72668 3.8722 38339.2 0.110728 -1.07748 -0.830245 0.292869 0.000910725 -1 -1 0.975005 0 0.131712 -0.288584 0.56 0.131712 -0.288584 0.56 0 0 0 0.0175672 0.00643213 -0.00176503 0.3 0.3
52 1 3.20024 -1.49207 -8.89331 36045.8 1.00347 0.69619 0.992491 0.442088 0.00138731 0.766655 1.23335 0.975005 0 0.11979 0.409452 0.56 0.11979 0.409452 0.56 0 0 0 -0.0341189 -0.0135214 -0.00254439 0.3 0.3
52 2 3.20024 -3.06706 0.365734 37837.4 -6.95828 1.22127 0.76435 0.280467 0.0505244 1.23335 0.766655 0.975005 0 0.0205296 0.00391754 0.56 0.0205296 0.00391754 0.56 0 0 0 0.0409974 -0.0649089 -0.102498 0.3 0.3
52 0 3.25027 10.1765 3.67862 37940.3 -3.51597 -1.08025 -0.821935 0.312535 0.00644613 -1 -1 1 0 0.136424 -0.30271 0.56 0.136424 -0.30271 0.56 0 0 0 0.0161663 -0.00089296 -0.0129 0.3 0.3
52 1 3.25027 -1.35538 -8.90897 36566.2 -0.51076 0.69798 0.968098 0.474887 0.00178907 0.766655 1.23335 1 0 0.116747 0.45092 0.56 0.116747 0.45092 0.56 0 0 0 -0.0466808 -0.00772155 -0.00339889 0.3 0.3
52 2 3.25027 -2.48999 -0.422181 37910.7 -4.98694 1.21256 0.753639 0.301338 0.0421129 1.23335 0.766655 1 0 0.0353428 0.0221266 0.56 0.0353428 0.0221266 0.56 0 0 0 0.0196657 -0.0664528 -0.084955 0.3 0.3
52 0 3.30027 10.4322 4.06043 38282.3 0.950542 -1.08337 -0.814068 0.332384 0.00274208 -1 -1 1 0 0.141734 -0.316085 0.56 0.141734 -0.316085 0.56 0 0 0 0.0154926 0.00677794 -0.00543185 0.3 0.3
52 1 3.30027 -1.15892 -8.82135 36668.4 0.906431 0.699383 0.946166 0.50786 -0.000268805 0.766655 1.23335 1 0 0.114362 0.488205 0.56 0.114362 0.488205 0.56 0 0 0 -0.0561905 -0.00773174 0.00075511 0.3 0.3
52 2 3.30027 -1.96869 -0.755171 38260.5 -4.12368 1.20298 0.742467 0.322332 0.0349414 1.23335 0.766655 1 0 0.0516229 0.041119 0.56 0.0516229 0.041119 0.56 0 0 0 0.0150921 -0.0600132 -0.0703836 0.3 0.3
52 0 3.35028 10.6247 3.87389 38122.3 -2.30205 -1.0867 -0.807083 0.352668 0.00565879 -1 -1 1 0 0.147384 -0.327959 0.56 0.147384 -0.327959 0.56 0 0 0 0.0184147 0.00104485 -0.0113085 0.3 0.3
52 1 3.35028 -1.1924 -8.73613 36450 1.70413 0.700713 0.926638 0.541393 -0.00305545 0.766655 1.23335 1 0 0.112101 0.521402 0.56 0.112101 0.521402 0.56 0 0 0 -0.0623855 -0.00300311 0.0062076 0.3 0.3
52 2 3.35028 -1.40321 -1.27048 38031.7 -3.10147 1.19256 0.730855 0.343922 0.0285474 1.23335 0.766655 1 0 0.0693314 0.0608591 0.56 0.0693314 0.0608591 0.56 0 0 0 0.00175048 -0.0560502 -0.057174 0.3 0.3
52 0 3.40024 11.0692 3.98103 38159 -0.102511 -1.09054 -0.800851 0.373256 0.00390927 -1 -1 1 0 0.153924 -0.338553 0.56 0.153924 -0.338553 0.56 0 0 0 0.0292656 -0.00474852 -0.00788892 0.3 0.3
52 1 3.40024 -1.09091 -8.63881 36310.4 -0.769333 0.701768 0.909633 0.575166 -0.000763499 0.766655 1.23335 1 0 0.110308 0.550311 0.56 0.110308 0.550311 0.56 0 0 0 -0.0619314 -0.00211849 0.00159335 0.3 0.3
52 2 3.40024 -0.572156 -2.01909 37782.5 -3.00484 1.18124 0.718812 0.365885 0.024222 1.23335 0.766655 1 0 0.088574 0.0813327 0.56 0.088574 0.0813327 0.56 0 0 0 -0.00928427 -0.0607339 -0.0481896 0.3 0.3
52 0 3.45026 11.1953 3.84371 38061.3 -0.75802 -1.09456 -0.795585 0.394301 0.00387694 -1 -1 1 0 0.160756 -0.347506 0.56 0.160756 -0.347506 0.56 0 0 0 0.0293111 -0.00213265 -0.00778599 0.3 0.3
52 1 3.45026 -1.17764 -8.37399 33359.8 0.332264 0.702836 0.895061 0.609581 -0.000999923 0.766655 1.23335 1 0 0.108492 0.575084 0.498695 0.108492 0.575084 0.498695 0 0 0 -0.057923 -0.00583934 0.00216986 0.3 0.3
52 2 3.45026 -0.162137 -2.14518 38330.5 -0.866762 1.16939 0.706869 0.387939 0.0177598 1.23335 0.766655 1 0 0.108724 0.101636 0.56 0.108724 0.101636 0.56 0 0 0 -0.0204276 -0.0513479 -0.0350105 0.3 0.3
52 0 3.50027 11.4466 3.91278 38256.3 -0.670682 -1.09878 -0.791052 0.4155 0.00373347 -1 -1 1 0 0.167919 -0.355212 0.56 0.167919 -0.355212 0.56 0 0 0 0.0263739 0.00313583 -0.00742626 0.3 0.3
52 1 3.50027 -1.10919 -8.07544 27633.7 1.40709 0.703837 0.882987 0.644449 -0.00308297 0.766655 1.23335 1 0 0.106789 0.595609 0.323439 0.106789 0.595609 0.323439 0 0 0 -0.0647065 0.000966343 0.00613791 0.3 0.3
52 2 3.50027 0.491927 -2.37792 37967.9 -0.272436 1.157 0.695268 0.410446 0.0124875 1.23335 0.766655 1 0 0.129792 0.121358 0.56 0.129792 0.121358 0.56 0 0 0 -0.0314839 -0.0467214 -0.0242498 0.3 0.3
52 0 3.55029 11.8673 3.67918 37982.5 -2.02518 -1.10339 -0.787477 0.437208 0.00582653 -1 -1 1 0 0.17576 -0.361289 0.56 0.17576 -0.361289 0.56 0 0 0 0.0231234 -0.00509002 -0.0117128 0.3 0.3
52 1 3.55029 -0.956403 -7.72163 32633.7 1.24912 0.704616 0.873339 0.679164 -0.00403853 0.766655 1.23335 1 0 0.105466 0.612011 0.276378 0.105466 0.612011 0.276378 0 0 0 -0.0630808 -0.00584653 0.00826561 0.3 0.3
52 2 3.55029 1.00095 -2.53816 38262 -0.024595 1.14421 0.684113 0.433137 0.00849143 1.23335 0.766655 1 0 0.151536 0.140322 0.56 0.151536 0.140322 0.56 0 0 0 -0.0387155 -0.0411001 -0.016194 0.3 0.3
52 0 3.60027 11.9582 3.65594 38245.8 -0.0415873 -1.10803 -0.784747 0.459007 0.00400061 -1 -1 1 0 0.183654 -0.365929 0.56 0.183654 -0.365929 0.56 0 0 0 0.0181489 0.00481173 -0.00795792 0.3 0.3
52 1 3.60027 -0.919682 -7.60072 35047.8 -0.568839 0.705196 0.865761 0.711652 -0.00191472 0.766655 1.23335 1 0 0.10448 0.624894 0.240451 0.10448 0.624894 0.240451 0 0 0 -0.0575541 0.00669661 0.00363829 0.3 0.3
52 2 3.60027 1.57693 -2.65646 37824.5 1.475 1.13134 0.673746 0.456048 0.00323087 1.23335 0.766655 1 0 0.17341 0.157945 0.56 0.17341 0.157945 0.56 0 0 0 -0.0405201 -0.0251698 -0.00595354 0.3 0.3
52 0 3.65021 12.3665 3.66795 38259.4 -1.36347 -1.11298 -0.782635 0.480926 0.00494963 -1 -1 1 0 0.192064 -0.369521 0.56 0.192064 -0.369521 0.56 0 0 0 0.0101938 0.00997415 -0.00984871 0.3 0.3
52 1 3.65021 -1.21226 -7.40236 36820.5 0.195015 0.706108 0.85999 0.740999 -0.00157876 0.766655 1.23335 1 0 0.10293 0.634705 0.21569 0.10293 0.634705 0.21569 0 0 0 -0.0496576 0.00331978 0.00307606 0.3 0.3
52 2 3.65021 1.94303 -2.85038 37742 1.02087 1.11843 0.663857 0.479694 0.000623948 1.23335 0.766655 1 0 0.195357 0.174757 0.56 0.195357 0.174757 0.56 0 0 0 -0.0509694 -0.0265706 -0.00057108 0.3 0.3
52 0 3.70024 12.709 3.54822 37989.3 -1.74365 -1.11823 -0.781183 0.503338 0.00618976 -1 -1 1 0 0.200988 -0.371989 0.56 0.200988 -0.371989 0.56 0 0 0 0.00037887 0.00397377 -0.0123789 0.3 0.3
52 1 3.70024 -1.20803 -7.2378 36212.9 0.359092 0.707145 0.855831 0.768087 -0.00182872 0.766655 1.23335 1 0 0.101167 0.641775 0.189311 0.101167 0.641775 0.189311 0 0 0 -0.0503516 0.0163209 0.00324773 0.3 0.3
52 2 3.70024 2.27583 -2.55627 38125.7 1.41093 1.10573 0.65514 0.503439 -0.00192929 1.23335 0.766655 1 0 0.216938 0.189575 0.56 0.216938 0.189575 0.56 0 0 0 -0.0575708 -0.0160846 0.00432344 0.3 0.3
52 0 3.75025 12.7893 3.70244 38476.9 -1.21349 -1.12339 -0.780041 0.525551 0.00615011 -1 -1 1 0 0.209771 -0.37393 0.56 0.209771 -0.37393 0.56 0 0 0 0.00257111 0.00230575 -0.0122974 0.3 0.3
52 1 3.75025 -1.10347 -6.73021 35135 1.69573 0.708137 0.853609 0.794033 -0.00398447 0.766655 1.23335 1 0 0.0994803 0.645551 0.159185 0.0994803 0.645551 0.159185 0 0 0 -0.0478654 0.00551693 0.00783922 0.3 0.3
52 2 3.75025 2.54448 -2.44923 38055.8 2.08264 1.09338 0.647512 0.527547 -0.00475587 1.23335 0.766655 1 0 0.237942 0.202542 0.56 0.237942 0.202542 0.56 0 0 0 -0.0608913 -0.0113863 0.00986312 0.3 0.3
52 0 3.80028 13.1898 3.70776 38135.5 -1.3729 -1.12878 -0.779241 0.548068 0.00638602 -1 -1 1 0 0.218922 -0.37529 0.56 0.218922 -0.37529 0.56 0 0 0 -0.00215688 0.00176282 -0.012774 0.3 0.3
52 1 3.80028 -1.20311 -6.40264 33183.5 1.40429 0.709258 0.85311 0.820217 -0.00503919 0.766655 1.23335 1 0 0.0975741 0.6464 0.120505 0.0975741 0.6464 0.120505 0 0 0 -0.0436497 0.00819918 0.00990193 0.3 0.3
52 2 3.80028 2.93063 -2.26777 37903.2 1.56532 1.08147 0.641162 0.551731 -0.00576843 1.23335 0.766655 1 0 0.258183 0.213338 0.56 0.258183 0.213338 0.56 0 0 0 -0.0609037 -0.00799589 0.0117859 0.3 0.3
52 0 3.85024 13.4681 3.92794 38239.5 -1.48378 -1.13428 -0.778463 0.570671 0.00672957 -1 -1 1 0 0.228283 -0.376613 0.56 0.228283 -0.376613 0.56 0 0 0 -0.00178457 0.00213387 -0.0134612 0.3 0.3
52 1 3.85024 -1.30152 -6.00705 33237.9 1.26849 0.710563 0.854257 0.846385 -0.00548017 0.766655 1.23335 1 0 0.0953558 0.64445 0.0839795 0.0953558 0.64445 0.0839795 0 0 0 -0.0368095 0.00728414 0.0108282 0.3 0.3
52 2 3.85024 2.97362 -2.27798 37752 3.61606 1.07032 0.635686 0.576434 -0.0095878 1.23335 0.766655 1 0 0.277144 0.222646 0.56 0.277144 0.222646 0.56 0 0 0 -0.0742565 -0.0189668 0.0198945 0.3 0.3
52 0 3.90027 13.815 3.80276 38160.9 -1.9845 -1.13999 -0.778027 0.593529 0.00779425 -1 -1 1 0 0.237986 -0.377354 0.56 0.237986 -0.377354 0.56 0 0 0 -0.00138047 0.002489 -0.0155904 0.3 0.3
52 1 3.90027 -1.17298 -5.73215 34327.4 0.319564 0.711726 0.856769 0.871476 -0.00418428 0.766655 1.23335 1 0 0.0933789 0.64018 0.0546103 0.0933789 0.64018 0.0546103 0 0 0 -0.0252877 0.00685951 0.00828256 0.3 0.3
52 2 3.90027 3.0743 -1.80042 37895.8 0.926474 1.05994 0.631653 0.60108 -0.00781463 1.23335 0.766655 1 0 0.294788 0.229503 0.553092 0.294788 0.229503 0.553092 0 0 0 -0.0801379 -0.0176465 0.0163501 0.3 0.3
52 0 3.95025 13.9123 4.14354 33323.4 -0.859373 -1.14556 -0.777474 0.616423 0.0066308 -1 -1 1 0 0.247455 -0.378293 0.454866 0.247455 -0.378293 0.454866 0 0 0 0.00221802 0.00768578 -0.0132533 0.3 0.3
52 1 3.95025 -1.57432 -5.52194 35014.4 0.913842 0.713391 0.860381 0.894942 -0.00434996 0.766655 1.23335 1 0 0.0905487 0.634039 0.030156 0.0905487 0.634039 0.030156 0 0 0 -0.0246612 0.0106889 0.00856892 0.3 0.3
52 2 3.95025 3.22456 -1.5389 31201.6 3.22819 1.05029 0.628884 0.625662 -0.0106271 1.23335 0.766655 1 0 0.311197 0.234211 0.401882 0.311197 0.234211 0.401882 0 0 0 -0.0790842 -0.0105891 0.0216905 0.3 0.3
52 0 4.00024 14.2785 3.8519 34119.2 -2.56168 -1.15122 -0.77739 0.639874 0.00868224 -1 -1 1 0 0.257077 -0.378438 0.386884 0.257077 -0.378438 0.386884 0 0 0 0.00134154 0.00450312 -0.0173617 0.3 0.3
52 1 4.00024 -1.4997 -5.11436 35195 1.43832 0.715106 0.865138 0.916535 -0.00526754 0.766655 1.23335 1 0 0.0876333 0.625952 0.00833555 0.0876333 0.625952 0.00833555 0 0 0 -0.0208361 0.00372821 0.0104969 0.3 0.3
52 2 4.00024 3.25298 -1.23119 35367.1 2.35929 1.04164 0.627382 0.650249 -0.0109581 1.23335 0.766655 1 0 0.325903 0.236764 0.365711 0.325903 0.236764 0.365711 0 0 0 -0.0774615 -0.00997646 0.02232 0.3 0.3
52 0 4.05023 14.3442 4.30095 37277.6 0.00852156 -1.15667 -0.777138 0.662047 0.00577706 -1 -1 1 0 0.266333 -0.378866 0.362253 0.266333 -0.378866 0.362253 0 0 0 0.00139037 0.0115403 -0.0115464 0.3 0.3
52 1 4.05023 -1.53898 -4.99162 34965.2 0.432944 0.716871 0.870668 0.93686 -0.00426291 0.766655 1.23335 1 0 0.0846323 0.616551 -0.0132463 0.0846323 0.616551 -0.0132463 0 0 0 -0.0149397 0.011315 0.00844169 0.3 0.3
52 2 4.05023 3.12013 -1.0061 37649.8 2.6081 1.03404 0.626932 0.673136 -0.0117197 1.23335 0.766655 1 0 0.338812 0.237529 0.343117 0.338812 0.237529 0.343117 0 0 0 -0.0782737 -0.00294019 0.023573 0.3 0.3
52 0 4.10028 14.5668 4.32438 38464.9 -0.943817 -1.16198 -0.776979 0.682114 0.00540615 -1 -1 1 0 0.275374 -0.379135 0.344808 0.275374 -0.379135 0.344808 0 0 0 -0.00368024 0.0165368 -0.0108432 0.3 0.3
52 1 4.10028 -1.6906 -4.71198 34439.5 1.24159 0.718832 0.876965 0.956338 -0.00489891 0.766655 1.23335 1 0 0.0812982 0.605846 -0.0361665 0.0812982 0.605846 -0.0361665 0 0 0 -0.0115077 0.00529298 0.00976761 0.3 0.3
52 2 4.10028 3.03216 -0.714174 37891.7 1.90198 1.02755 0.627523 0.694268 -0.0110451 1.23335 0.766655 1 0 0.349846 0.236524 0.322512 0.349846 0.236524 0.322512 0 0 0 -0.0754845 0.00139425 0.0220538 0.3 0.3
52 0 4.15025 14.7076 4.17179 38195.9 -2.89372 -1.16703 -0.777105 0.700554 0.00844703 -1 -1 1 0 0.283959 -0.378921 0.326982 0.283959 -0.378921 0.326982 0 0 0 0.000582339 0.0155384 -0.0168903 0.3 0.3
52 1 4.15025 -1.59971 -4.53825 34377.6 1.88089 0.720713 0.883845 0.975013 -0.00642066 0.766655 1.23335 1 0 0.0781011 0.594151 -0.0579821 0.0781011 0.594151 -0.0579821 0 0 0 -0.0113868 0.00802057 0.012796 0.3 0.3
52 2 4.15025 2.93715 -0.155915 37480.3 2.5968 1.02211 0.629469 0.714249 -0.0119011 1.23335 0.766655 1 0 0.359094 0.233216 0.300919 0.359094 0.233216 0.300919 0 0 0 -0.0554592 0.0160642 0.0233671 0.3 0.3
52 0 4.20025 14.8117 4.40164 37158.4 -2.40083 -1.17175 -0.777127 0.718425 0.00962333 -1 -1 1 0 0.291968 -0.378884 0.304833 0.291968 -0.378884 0.304833 0 0 0 -0.000629757 0.0234183 -0.0192557 0.3 0.3
52 1 4.20025 -1.86511 -4.07758 33658.4 -0.144885 0.72283 0.891484 0.993266 -0.00403629 0.766655 1.23335 1 0 0.0745028 0.581163 -0.0823072 0.0745028 0.581163 -0.0823072 0 0 0 0.000569618 0.00671528 0.00807456 0.3 0.3
52 2 4.20025 2.81154 -0.103584 35844.9 1.25242 1.01782 0.632072 0.734103 -0.0102241 1.23335 0.766655 1 0 0.366399 0.228791 0.272093 0.366399 0.228791 0.272093 0 0 0 -0.0431474 0.0313752 0.0197788 0.3 0.3
52 0 4.25025 14.7716 4.55371 36294.4 -1.01532 -1.17593 -0.777121 0.736389 0.00812141 -1 -1 1 0 0.299075 -0.378895 0.279241 0.299075 -0.378895 0.279241 0 0 0 0.0015536 0.0299284 -0.0162216 0.3 0.3
52 1 4.25025 -1.76463 -4.08861 34475.5 1.09463 0.724857 0.899403 1.0105 -0.00452008 0.766655 1.23335 1 0 0.0710568 0.567702 -0.100889 0.0710568 0.567702 -0.100889 0 0 0 0.00955768 -0.00179332 0.00903172 0.3 0.3
52 2 4.25025 1.84415 -0.268786 35311.5 2.4455 1.0157 0.634813 0.754533 -0.0107165 1.23335 0.766655 1 0 0.370001 0.224131 0.241489 0.370001 0.224131 0.241489 0 0 0 -0.0577952 0.00365074 0.0213369 0.3 0.3
52 0 4.30024 14.8269 4.5952 36151.5 -1.18506 -1.17964 -0.777225 0.754374 0.00739292 -1 -1 1 0 0.305385 -0.378717 0.253914 0.305385 -0.378717 0.253914 0 0 0 0.00147908 0.0307847 -0.014765 0.3 0.3
52 1 4.30024 -1.91748 -3.86106 34605 0.794524 0.726996 0.90764 1.0266 -0.00433547 0.766655 1.23335 1 0 0.0674191 0.553698 -0.117784 0.0674191 0.553698 -0.117784 0 0 0 0.0158788 -0.000199721 0.00866965 0.3 0.3
52 2 4.30024 2.07206 0.561154 36487.8 2.41041 1.01445 0.638759 0.774108 -0.0111913 1.23335 0.766655 1 0 0.372114 0.217422 0.21835 0.372114 0.217422 0.21835 0 0 0 -0.0512175 0.0051272 0.0222592 0.3 0.3
52 0 4.35026 14.9241 4.3955 36420.7 -3.28847 -1.18294 -0.777677 0.772045 0.0104402 -1 -1 1 0 0.310996 -0.377949 0.230833 0.310996 -0.377949 0.230833 0 0 0 0.00505401 0.0242593 -0.020821 0.3 0.3
52 1 4.35026 -1.99823 -3.79276 34876.1 2.28713 0.729257 0.916019 1.04146 -0.00671817 0.766655 1.23335 1 0 0.0635759 0.539455 -0.132023 0.0635759 0.539455 -0.132023 0 0 0 0.0182213 -0.00166866 0.0134218 0.3 0.3
52 2 4.35026 1.7485 0.548198 36605.1 2.16991 1.01434 0.643141 0.792922 -0.0110884 1.23335 0.766655 1 0 0.372302 0.209973 0.196384 0.372302 0.209973 0.196384 0 0 0 -0.0507859 0.00444621 0.0220716 0.3 0.3
52 0 4.40024 14.8846 4.67426 37506.7 -2.06199 -1.1857 -0.778021 0.788382 0.0104177 -1 -1 1 0 0.315686 -0.377364 0.214543 0.315686 -0.377364 0.214543 0 0 0 0.00571197 0.0294158 -0.0207541 0.3 0.3
52 1 4.40024 -1.75022 -3.78234 34974.6 -0.726492 0.731088 0.924215 1.05493 -0.00332595 0.766655 1.23335 1 0 0.0604634 0.525521 -0.144449 0.0604634 0.525521 -0.144449 0 0 0 0.0303903 -0.00703852 0.00654577 0.3 0.3
52 2 4.40024 1.40104 0.785559 36545.9 2.45555 1.01538 0.647923 0.810763 -0.0114987 1.23335 0.766655 1 0 0.370543 0.201844 0.175359 0.370543 0.201844 0.175359 0 0 0 -0.0434994 0.00490155 0.0228969 0.3 0.3
52 0 4.45024 14.8749 4.61743 37148.8 -3.16818 -1.18792 -0.778478 0.803897 0.0121726 -1 -1 1 0 0.319463 -0.376588 0.196969 0.319463 -0.376588 0.196969 0 0 0 -0.00477726 0.0202454 -0.0243955 0.3 0.3
52 1 4.45024 -1.92099 -3.74291 34656 0.407779 0.732931 0.932277 1.06752 -0.00294829 0.766655 1.23335 1 0 0.0573304 0.511816 -0.157492 0.0573304 0.511816 -0.157492 0 0 0 0.034773 -0.010027 0.00572319 0.3 0.3
52 2 4.45024 1.01362 0.90414 36420.7 1.60547 1.0176 0.652975 0.827991 -0.010238 1.23335 0.766655 1 0 0.366769 0.193256 0.154656 0.366769 0.193256 0.154656 0 0 0 -0.0412706 -0.00657365 0.0206164 0.3 0.3
52 0 4.50028 14.8808 4.88679 37683.1 -0.941273 -1.1897 -0.778836 0.818137 0.00967144 -1 -1 1 0 0.322482 -0.375979 0.183467 0.322482 -0.375979 0.183467 0 0 0 -0.00509612 0.0211263 -0.0193981 0.3 0.3
52 1 4.50028 -1.88034 -3.84853 34542.2 0.650256 0.734645 0.939964 1.07932 -0.00302031 0.766655 1.23335 1 0 0.0544169 0.498748 -0.170003 0.0544169 0.498748 -0.170003 0 0 0 0.0314773 -0.00369872 0.00598317 0.3 0.3
52 2 4.50028 0.774595 1.13086 36287 2.1124 1.02074 0.658326 0.844653 -0.0103129 1.23335 0.766655 1 0 0.361424 0.184158 0.134248 0.361424 0.184158 0.134248 0 0 0 -0.0327303 -0.00956559 0.0207857 0.3 0.3
52 0 4.55024 14.8078 5.1279 37557.5 -1.29425 -1.19095 -0.779001 0.831328 0.00855401 -1 -1 1 0 0.324616 -0.375698 0.170148 0.324616 -0.375698 0.170148 0 0 0 -0.0100445 0.0267235 -0.0172442 0.3 0.3
52 1 4.55024 -1.83476 -3.82047 34439.4 -0.30353 0.736165 0.947366 1.09043 -0.00153393 0.766655 1.23335 1 0 0.0518323 0.486164 -0.182077 0.0518323 0.486164 -0.182077 0 0 0 0.037259 -0.00516552 0.00297215 0.3 0.3
52 2 4.55024 0.557614 1.07297 36075.9 2.98678 1.02464 0.663569 0.86091 -0.0118112 1.23335 0.766655 1 0 0.354805 0.175245 0.113643 0.354805 0.175245 0.113643 0 0 0 -0.0326766 -0.01179 0.0238192 0.3 0.3
52 0 4.60024 14.9424 5.17442 37021.8 -2.97054 -1.19194 -0.779072 0.844028 0.0106832 -1 -1 1 0 0.32629 -0.375577 0.154845 0.32629 -0.375577 0.154845 0 0 0 -0.00302545 0.0161348 -0.021392 0.3 0.3
52 1 4.60024 -1.83022 -4.01667 34582.6 0.601349 0.737544 0.954185 1.10069 -0.00204607 0.766655 1.23335 1 0 0.0494876 0.474573 -0.192373 0.0494876 0.474573 -0.192373 0 0 0 0.0380313 -0.00572857 0.00398394 0.3 0.3
52 2 4.60024 0.122345 1.17039 36490.9 2.41821 1.02943 0.668729 0.876236 -0.0118965 1.23335 0.766655 1 0 0.346655 0.166473 0.0964131 0.346655 0.166473 0.0964131 0 0 0 -0.0266463 -0.0108052 0.0239399 0.3 0.3
52 0 4.65024 14.7053 5.43947 36715.9 0.478224 -1.19233 -0.77906 0.85646 0.00627608 -1 -1 1 0 0.326964 -0.375599 0.138789 0.326964 -0.375599 0.138789 0 0 0 -0.00822532 0.0276676 -0.0126674 0.3 0.3
52 1 4.65024 -1.73098 -4.00813 34784.3 -0.217698 0.738666 0.960655 1.11003 -0.00100509 0.766655 1.23335 1 0 0.047581 0.463574 -0.200717 0.047581 0.463574 -0.200717 0 0 0 0.0411996 -0.00390357 0.00193018 0.3 0.3
52 2 4.65024 -0.00675521 1.18871 36065 2.50249 1.03476 0.673736 0.891186 -0.0120047 1.23335 0.766655 1 0 0.337595 0.157962 0.0775998 0.337595 0.157962 0.0775998 0 0 0 -0.0241493 -0.0238658 0.0243016 0.3 0.3
52 0 4.70029 14.7965 5.59055 36836.2 -1.60006 -1.19243 -0.778924 0.868471 0.00688696 -1 -1 1 0 0.327139 -0.37583 0.124148 0.327139 -0.37583 0.124148 0 0 0 -0.000463713 0.019291 -0.0137791 0.3 0.3
52 1 4.70029 -1.82806 -4.28444 34862.4 -0.113125 0.739772 0.96645 1.11843 -0.000526561 0.766655 1.23335 1 0 0.0457011 0.453722 -0.207799 0.0457011 0.453722 -0.207799 0 0 0 0.0405845 -0.00709149 0.000909423 0.3 0.3
52 2 4.70029 -0.093678 1.56414 36733.2 2.58698 1.04035 0.679034 0.905068 -0.0124108 1.23335 0.766655 1 0 0.328098 0.148956 0.0635156 0.328098 0.148956 0.0635156 0 0 0 -0.00273629 -0.00153206 0.0248243 0.3 0.3
52 0 4.75025 14.6205 5.72739 36765.2 -0.95445 -1.19201 -0.778732 0.880088 0.00617483 -1 -1 1 0 0.326421 -0.376155 0.109758 0.326421 -0.376155 0.109758 0 0 0 -0.00117406 0.0248439 -0.0123653 0.3 0.3
52 1 4.75025 -1.72921 -4.30868 34866.1 -0.559823 0.740675 0.97183 1.12598 0.00057212 0.766655 1.23335 1 0 0.0441654 0.444576 -0.214024 0.0441654 0.444576 -0.214024 0 0 0 0.039667 -0.00617022 -0.00126687 0.3 0.3
52 2 4.75025 -0.846273 0.718992 35633.9 2.15285 1.04707 0.683109 0.919017 -0.011771 1.23335 0.766655 1 0 0.316676 0.142028 0.0439889 0.316676 0.142028 0.0439889 0 0 0 -0.0158161 -0.0222119 0.0237204 0.3 0.3
52 0 4.80027 14.5412 5.92511 37275.3 -0.186184 -1.19116 -0.778469 0.890873 0.00441787 -1 -1 1 0 0.324966 -0.376603 0.0988674 0.324966 -0.376603 0.0988674 0 0 0 -0.00316904 0.0224436 -0.0088719 0.3 0.3
52 1 4.80027 -1.64612 -4.5379 34831.4 -0.539128 0.741337 0.976577 1.13272 0.00125476 0.766655 1.23335 1 0 0.0430395 0.436505 -0.219598 0.0430395 0.436505 -0.219598 0 0 0 0.0413514 -0.00608692 -0.00263594 0.3 0.3
52 2 4.80027 -0.587317 1.31336 35970.6 0.941039 1.05362 0.687328 0.932346 -0.00936618 1.23335 0.766655 1 0 0.305535 0.134855 0.0276357 0.305535 0.134855 0.0276357 0 0 0 -0.0140479 -0.034378 0.0189774 0.3 0.3
52 0 4.85024 14.4134 6.17033 37211.1 -0.105439 -1.18985 -0.778048 0.900957 0.00308853 -1 -1 1 0 0.322739 -0.377319 0.0882034 0.322739 -0.377319 0.0882034 0 0 0 -0.00818133 0.0219805 -0.00626741 0.3 0.3
52 1 4.85024 -1.59523 -4.60786 34806.2 -0.197743 0.741811 0.980927 1.13877 0.00113426 0.766655 1.23335 1 0 0.0422353 0.429111 -0.224567 0.0422353 0.429111 -0.224567 0 0 0 0.0386269 -0.00764187 -0.00241657 0.3 0.3
52 2 4.85024 -0.90447 0.999476 36205.8 0.739423 1.0605 0.69102 0.945079 -0.00735255 1.23335 0.766655 1 0 0.293843 0.128579 0.0131654 0.293843 0.128579 0.0131654 0 0 0 -0.0177187 -0.0462322 0.0151194 0.3 0.3
52 0 4.90027 14.2723 6.3731 37345 0.839736 -1.1881 -0.777545 0.910283 0.000630774 -1 -1 1 0 0.319763 -0.378174 0.0790034 0.319763 -0.378174 0.0790034 0 0 0 -0.00934599 0.0246905 -0.00137704 0.3 0.3
52 1 4.90027 -1.57009 -4.81255 34915 0.0586537 0.74216 0.984769 1.14408 0.000543386 0.766655 1.23335 1 0 0.0416419 0.42258 -0.228243 0.0416419 0.42258 -0.228243 0 0 0 0.0431696 -0.0151892 -0.00141497 0.3 0.3
52 2 4.90027 -0.85537 1.09838 36364.5 1.53847 1.06724 0.69451 0.957052 -0.00750166 1.23335 0.766655 1 0 0.282386 0.122646 0.000311393 0.282386 0.122646 0.000311393 0 0 0 -0.0120612 -0.0335023 0.0152079 0.3 0.3
52 0 4.95026 14.3495 6.51979 36912.9 0.29575 -1.18622 -0.777002 0.919274 -5.41647e-05 -1 -1 1 0 0.316568 -0.379097 0.0680577 0.316568 -0.379097 0.0680577 0 0 0 -0.00283719 0.0270555 6.99562e-05 0.3 0.3
52 1 4.95026 -1.5264 -5.00069 34779.6 -2.17206 0.742339 0.988099 1.14883 0.00402375 0.766655 1.23335 1 0 0.0413373 0.416919 -0.232054 0.0413373 0.416919 -0.232054 0 0 0 0.0382403 -0.00801657 -0.00820236 0.3 0.3
52 2 4.95026 -1.16393 0.853612 35901.4 -0.358516 1.0742 0.697439 0.968732 -0.00435393 1.23335 0.766655 1 0 0.27055 0.117667 -0.0143639 0.27055 0.117667 -0.0143639 0 0 0 -0.0107587 -0.0387481 0.00891811 0.3 0.3
52 0 5.00029 13.9545 6.72261 36836.7 1.49394 -1.18371 -0.776429 0.92797 -0.00254881 -1 -1 1 0 0.312306 -0.380071 0.0573882 0.312306 -0.380071 0.0573882 0 0 0 -0.00546543 0.0265286 0.0050256 0.3 0.3
52 1 5.00029 -1.43266 -5.06902 34930.4 -0.202561 0.742331 0.991103 1.1529 0.00298196 0.766655 1.23335 1 0 0.0413501 0.411812 -0.234388 0.0413501 0.411812 -0.234388 0 0 0 0.0330837 -0.0108388 -0.00614415 0.3 0.3
52 2 5.00029 -1.21263 0.751159 35859.1 0.629055 1.08106 0.699872 0.979992 -0.00387694 1.23335 0.766655 1 0 0.258882 0.11353 -0.0283158 0.258882 0.11353 -0.0283158 0 0 0 -0.0111145 -0.0513637 0.00804209 0.3 0.3
52 0 5.05024 14.0822 6.77228 36857.7 -0.680999 -1.18107 -0.775878 0.936315 -0.000552995 -1 -1 1 0 0.307819 -0.381008 0.0473884 0.307819 -0.381008 0.0473884 0 0 0 -0.00162319 0.0277744 0.00108355 0.3 0.3
52 1 5.05024 -1.35854 -5.1795 34893.3 -1.79927 0.742122 0.993816 1.15639 0.00497419 0.766655 1.23335 1 0 0.0417061 0.407199 -0.236408 0.0417061 0.407199 -0.236408 0 0 0 0.0317113 -0.00873869 -0.0100883 0.3 0.3
52 2 5.05024 -1.20574 0.692865 36082.6 1.16816 1.08767 0.701931 0.990646 -0.00449219 1.23335 0.766655 1 0 0.247646 0.11003 -0.0402938 0.247646 0.11003 -0.0402938 0 0 0 -0.0106377 -0.0497183 0.00925181 0.3 0.3
52 0 5.10025 13.8833 6.84757 37095.1 0.244942 -1.17807 -0.775416 0.944124 -0.000744943 -1 -1 1 0 0.302711 -0.381792 0.0391934 0.302711 -0.381792 0.0391934 0 0 0 0.00643572 0.0150767 0.00153845 0.3 0.3
52 1 5.10025 -1.32603 -5.32884 35069.3 -0.772359 0.741805 0.996225 1.15919 0.00457929 0.766655 1.23335 1 0 0.0422452 0.403104 -0.236919 0.0422452 0.403104 -0.236919 0 0 0 0.0284637 -0.00995537 -0.00930135 0.3 0.3
52 2 5.10025 -1.10061 0.627076 36426.8 2.33273 1.09382 0.703675 1.00044 -0.00695202 1.23335 0.766655 1 0 0.237195 0.107066 -0.0496984 0.237195 0.107066 -0.0496984 0 0 0 -0.00283135 -0.0204129 0.0139338 0.3 0.3
52 0 5.15024 13.6024 7.08668 37098.6 0.55384 -1.17454 -0.77486 0.951425 -0.00141545 -1 -1 1 0 0.296714 -0.382738 0.0314857 0.296714 -0.382738 0.0314857 0 0 0 0.0047103 0.0174119 0.00287203 0.3 0.3
52 1 5.15024 -1.17647 -5.36271 35005.5 -0.751986 0.741258 0.998506 1.16145 0.0042832 0.766655 1.23335 1 0 0.0431748 0.399228 -0.237329 0.0431748 0.399228 -0.237329 0 0 0 0.0266477 -0.0104901 -0.00870709 0.3 0.3
52 2 5.15024 -1.80688 0.118767 35460.4 1.4107 1.1006 0.704534 1.01033 -0.00689103 1.23335 0.766655 1 0 0.225663 0.105605 -0.0638351 0.225663 0.105605 -0.0638351 0 0 0 -0.00895762 -0.0459104 0.0139916 0.3 0.3
52 0 5.20021 13.6848 7.14113 37090.7 0.939852 -1.17096 -0.774415 0.958257 -0.00251789 -1 -1 1 0 0.290628 -0.383495 0.0242624 0.290628 -0.383495 0.0242624 0 0 0 0.00135498 0.0169483 0.00504744 0.3 0.3
52 1 5.20021 -1.04958 -5.4168 35082.3 -0.808025 0.740476 1.0007 1.16314 0.00417893 0.766655 1.23335 1 0 0.044504 0.395501 -0.236836 0.044504 0.395501 -0.236836 0 0 0 0.0239854 -0.0116285 -0.00849809 0.3 0.3
52 2 5.20021 -1.3677 0.184239 36129.9 2.55874 1.10677 0.705102 1.01953 -0.00876709 1.23335 0.766655 1 0 0.21518 0.10464 -0.0733434 0.21518 0.10464 -0.0733434 0 0 0 -0.0124269 -0.0509437 0.017857 0.3 0.3
52 0 5.25025 13.2932 7.37567 37239.7 2.26128 -1.16688 -0.773967 0.964524 -0.00545518 -1 -1 1 0 0.283704 -0.384256 0.0183619 0.283704 -0.384256 0.0183619 0 0 0 0.00049752 0.0233663 0.010917 0.3 0.3
52 1 5.25025 -0.979905 -5.46384 35020 -0.934868 0.739535 1.00285 1.16438 0.00433829 0.766655 1.23335 1 0 0.0461032 0.391841 -0.236285 0.0461032 0.391841 -0.236285 0 0 0 0.0198515 -0.0106473 -0.00878284 0.3 0.3
52 2 5.25025 -1.31092 0.201173 36486.3 2.91251 1.11246 0.705559 1.02787 -0.0106179 1.23335 0.766655 1 0 0.20551 0.103864 -0.0804464 0.20551 0.103864 -0.0804464 0 0 0 -0.0174463 -0.0451412 0.0216362 0.3 0.3
52 0 5.30024 13.3782 7.15458 36773 -0.0875574 -1.16276 -0.773939 0.970669 -0.00345898 -1 -1 1 0 0.276693 -0.384303 0.0103239 0.276693 -0.384303 0.0103239 0 0 0 0.0108049 0.0147764 0.00699809 0.3 0.3
52 1 5.30024 -0.885005 -5.4658 35059.3 -1.0746 0.738454 1.00501 1.16516 0.00467101 0.766655 1.23335 1 0 0.0479418 0.388163 -0.235139 0.0479418 0.388163 -0.235139 0 0 0 0.0178524 -0.0101853 -0.00943347 0.3 0.3
52 2 5.30024 -1.58561 -0.0643961 36346.4 2.61171 1.11804 0.705609 1.03541 -0.0113816 1.23335 0.766655 1 0 0.196021 0.103778 -0.0875935 0.196021 0.103778 -0.0875935 0 0 0 -0.0175632 -0.0396517 0.0231173 0.3 0.3
52 0 5.35023 13.2795 7.1796 36934.4 -0.925624 -1.15848 -0.774107 0.976504 -0.000754885 -1 -1 1 0 0.269412 -0.384018 0.00371305 0.269412 -0.384018 0.00371305 0 0 0 0.00893148 0.015315 0.00157822 0.3 0.3
52 1 5.35023 -0.764285 -5.42087 35074.5 -0.689723 0.737202 1.00733 1.16552 0.00425455 0.766655 1.23335 1 0 0.0500698 0.384234 -0.233574 0.0500698 0.384234 -0.233574 0 0 0 0.0159696 -0.00976056 -0.00858744 0.3 0.3
52 2 5.35023 -1.54945 -0.163445 36261.5 1.48184 1.12341 0.705377 1.04244 -0.00993956 1.23335 0.766655 1 0 0.186882 0.104172 -0.0945372 0.186882 0.104172 -0.0945372 0 0 0 -0.0212936 -0.0434182 0.0203476 0.3 0.3
52 0 5.40024 13.0454 7.27903 37061.2 1.33538 -1.15392 -0.774454 0.981936 -0.00271168 -1 -1 1 0 0.261667 -0.383427 -0.00186248 0.261667 -0.383427 -0.00186248 0 0 0 0.0134466 0.0125041 0.00550767 0.3 0.3
52 1 5.40024 -0.690554 -5.43828 35221.1 -1.07295 0.735843 1.00972 1.16539 0.00462483 0.766655 1.23335 1 0 0.0523807 0.380159 -0.230892 0.0523807 0.380159 -0.230892 0 0 0 0.0127239 -0.00830986 -0.00930283 0.3 0.3
52 2 5.40024 -1.61001 -0.0633122 36224 1.9033 1.1286 0.705205 1.04896 -0.00976232 1.23335 0.766655 1 0 0.178074 0.104465 -0.10105 0.178074 0.104465 -0.10105 0 0 0 -0.018143 -0.0416797 0.0199081 0.3 0.3
52 0 5.4502 12.8654 7.16946 37179.6 -0.269961 -1.14907 -0.77513 0.986887 -0.00135537 -1 -1 1 0 0.253426 -0.382279 -0.00641191 0.253426 -0.382279 -0.00641191 0 0 0 0.00902068 0.0126002 0.00276766 0.3 0.3
52 1 5.4502 -0.597885 -5.41831 35195.1 -1.04472 0.734382 1.01223 1.16485 0.00481712 0.766655 1.23335 1 0 0.0548645 0.375888 -0.2281 0.0548645 0.375888 -0.2281 0 0 0 0.0127671 -0.0079896 -0.00968556 0.3 0.3
52 2 5.4502 -1.76025 -0.361137 36250 2.43509 1.13374 0.704681 1.05497 -0.0104768 1.23335 0.766655 1 0 0.169322 0.105355 -0.106842 0.169322 0.105355 -0.106842 0 0 0 -0.0200278 -0.0434915 0.0213955 0.3 0.3
52 0 5.50024 13.0815 7.05735 37016.5 -1.10381 -1.14447 -0.77615 0.991554 0.000936235 -1 -1 1 0 0.245594 -0.380545 -0.0114972 0.245594 -0.380545 -0.0114972 0 0 0 0.0192337 0.00538488 -0.00182078 0.3 0.3
52 1 5.50024 -0.456044 -5.23177 35201 -0.372795 0.732794 1.01508 1.16396 0.00383909 0.766655 1.23335 1 0 0.057564 0.371055 -0.225034 0.057564 0.371055 -0.225034 0 0 0 0.00824772 -0.00809532 -0.00771171 0.3 0.3
52 2 5.50024 -1.7536 -0.471979 36031.1 1.3323 1.13862 0.703928 1.0606 -0.00905784 1.23335 0.766655 1 0 0.161039 0.106635 -0.113233 0.161039 0.106635 -0.113233 0 0 0 -0.0226957 -0.053195 0.0187273 0.3 0.3
52 0 5.5503 12.8604 7.21248 37139.3 0.359204 -1.13977 -0.777252 0.995826 2.17283e-05 -1 -1 1 0 0.237602 -0.378671 -0.0154894 0.237602 -0.378671 -0.0154894 0 0 0 0.0135648 0.00430414 -1.42647e-05 0.3 0.3
52 1 5.5503 -0.350945 -5.27072 35366.4 -0.681639 0.731083 1.01806 1.16259 0.00367431 0.766655 1.23335 1 0 0.0604721 0.365987 -0.220804 0.0604721 0.365987 -0.220804 0 0 0 0.0121084 -0.0105682 -0.00741286 0.3 0.3
52 2 5.5503 -1.74761 -0.487605 36343 1.52098 1.14328 0.703105 1.06569 -0.00833394 1.23335 0.766655 1 0 0.153104 0.108034 -0.11741 0.153104 0.108034 -0.11741 0 0 0 -0.0306089 -0.0572274 0.017553 0.3 0.3
52 0 5.60023 12.7438 7.09437 37106.9 -0.782066 -1.13498 -0.778623 0.999756 0.00132645 -1 -1 1 0 0.229464 -0.37634 -0.0193361 0.229464 -0.37634 -0.0193361 0 0 0 0.00814213 0.00956297 -0.00261402 0.3 0.3
52 1 5.60023 -0.30435 -5.08744 35135.5 -0.977732 0.72936 1.02136 1.16104 0.00408944 0.766655 1.23335 1 0 0.0634012 0.360369 -0.217707 0.0634012 0.360369 -0.217707 0 0 0 0.00829619 -0.00522004 -0.00820064 0.3 0.3
52 2 5.60023 -1.53183 -0.294299 36883.8 1.06196 1.14736 0.702592 1.06978 -0.00746447 1.23335 0.766655 1 0 0.146177 0.108907 -0.118168 0.146177 0.108907 -0.118168 0 0 0 -0.0176877 -0.0351172 0.0152426 0.3 0.3
52 0 5.65024 12.8029 7.11604 37335.8 -0.728804 -1.13034 -0.780146 1.00318 0.00208332 -1 -1 1 0 0.221575 -0.373751 -0.0215716 0.221575 -0.373751 -0.0215716 0 0 0 0.0188201 -0.000786741 -0.00417422 0.3 0.3
52 1 5.65024 -0.222885 -4.96762 35397.8 -1.46686 0.727596 1.02499 1.15908 0.00517666 0.766655 1.23335 1 0 0.0664005 0.354205 -0.21292 0.0664005 0.354205 -0.21292 0 0 0 0.00856139 -0.0021453 -0.0103626 0.3 0.3
52 2 5.65024 -2.02579 -0.766188 36183.6 2.39849 1.15178 0.701621 1.07366 -0.00882303 1.23335 0.766655 1 0 0.138661 0.110558 -0.122418 0.138661 0.110558 -0.122418 0 0 0 -0.0222747 -0.0462764 0.0181676 0.3 0.3
52 0 5.70027 12.5953 6.93109 36648 0.374254 -1.12562 -0.782134 1.00676 0.000777507 -1 -1 1 0 0.213548 -0.370373 -0.0273564 0.213548 -0.370373 -0.0273564 0 0 0 0.00509459 0.00731839 -0.00153639 0.3 0.3
52 1 5.70027 -0.134934 -4.89174 35188.7 0.0921863 0.725834 1.02883 1.15698 0.00329768 0.766655 1.23335 1 0 0.0693958 0.347675 -0.209242 0.0693958 0.347675 -0.209242 0 0 0 0.0052118 -0.00454953 -0.00660726 0.3 0.3
52 2 5.70027 -1.67632 -0.727796 36273.3 1.39596 1.15564 0.700613 1.07715 -0.00794521 1.23335 0.766655 1 0 0.1321 0.112272 -0.125508 0.1321 0.112272 -0.125508 0 0 0 -0.0286498 -0.0606065 0.016768 0.3 0.3
52 0 5.75024 12.6768 7.29163 37377.4 1.4983 -1.12117 -0.78397 1.00976 -0.00197569 -1 -1 1 0 0.205995 -0.367251 -0.0286632 0.205995 -0.367251 -0.0286632 0 0 0 0.00422059 0.0104748 0.00397354 0.3 0.3
52 1 5.75024 -0.00475417 -4.64832 35436.5 0.444958 0.724019 1.0331 1.15451 0.00145459 0.766655 1.23335 1 0 0.072481 0.340425 -0.204018 0.072481 0.340425 -0.204018 0 0 0 0.00396435 -0.00360004 -0.00291632 0.3 0.3
52 2 5.75024 -1.74779 -0.659817 36370.1 1.30431 1.15928 0.699752 1.08024 -0.00741043 1.23335 0.766655 1 0 0.125917 0.113735 -0.127728 0.125917 0.113735 -0.127728 0 0 0 -0.0251483 -0.0553198 0.0155237 0.3 0.3
52 0 5.80028 12.3918 7.08909 36783.7 0.332228 -1.11656 -0.78611 1.01281 -0.00186518 -1 -1 1 0 0.198148 -0.363614 -0.0331972 0.198148 -0.363614 -0.0331972 0 0 0 0.00550249 0.00954802 0.00375668 0.3 0.3
52 1 5.80028 -0.00743965 -4.56092 35314.7 -0.332045 0.722305 1.03759 1.15188 0.00152964 0.766655 1.23335 1 0 0.075394 0.332776 -0.19946 0.075394 0.332776 -0.19946 0 0 0 0.00675372 0.002537 -0.00305073 0.3 0.3
52 2 5.80028 -1.46848 -0.718038 36705.6 2.50366 1.16227 0.69896 1.08264 -0.00921221 1.23335 0.766655 1 0 0.12083 0.115081 -0.127743 0.12083 0.115081 -0.127743 0 0 0 -0.014867 -0.0343697 0.0186834 0.3 0.3
52 0 5.85024 12.4138 7.12014 36828.6 -0.584968 -1.11202 -0.788317 1.0158 -0.000279514 -1 -1 1 0 0.190436 -0.359861 -0.0370853 0.190436 -0.359861 -0.0370853 0 0 0 -0.000703237 0.00908962 0.000555838 0.3 0.3
52 1 5.85024 0.000790285 -4.36297 35533.4 -0.383544 0.720726 1.04243 1.14891 0.00165913 0.766655 1.23335 1 0 0.0780788 0.324563 -0.193579 0.0780788 0.324563 -0.193579 0 0 0 0.00718347 0.0017155 -0.00331211 0.3 0.3
52 2 5.85024 -1.81259 -1.08826 35921.3 1.93148 1.1654 0.697771 1.08515 -0.00905826 1.23335 0.766655 1 0 0.115509 0.117102 -0.131811 0.115509 0.117102 -0.131811 0 0 0 -0.0285135 -0.0538887 0.0188937 0.3 0.3
52 0 5.90027 12.2767 7.1107 37101.8 -1.59533 -1.10739 -0.790532 1.01849 0.0024706 -1 -1 1 0 0.182558 -0.356096 -0.0392888 0.182558 -0.356096 -0.0392888 0 0 0 -0.00489506 0.0036216 -0.00495009 0.3 0.3
52 1 5.90027 0.0485958 -4.24749 35450.8 -0.386949 0.719243 1.04748 1.14573 0.00175323 0.766655 1.23335 1 0 0.0806004 0.315966 -0.188144 0.0806004 0.315966 -0.188144 0 0 0 0.0105775 0.00160169 -0.00349805 0.3 0.3
52 2 5.90027 -1.60712 -0.98131 36891.8 1.927 1.16817 0.696668 1.08684 -0.00915938 1.23335 0.766655 1 0 0.110796 0.118978 -0.130002 0.110796 0.118978 -0.130002 0 0 0 -0.0255321 -0.0541921 0.0190193 0.3 0.3
52 0 5.95025 12.4386 7.25761 37416.7 0.334883 -1.10312 -0.792633 1.02063 0.00108929 -1 -1 1 0 0.175303 -0.352524 -0.0395864 0.175303 -0.352524 -0.0395864 0 0 0 0.00136493 0.00230166 -0.002177 0.3 0.3
52 1 5.95025 0.161726 -4.12811 35549.4 -0.200333 0.717748 1.05272 1.14229 0.00149993 0.766655 1.23335 1 0 0.0831411 0.307055 -0.182079 0.0831411 0.307055 -0.182079 0 0 0 0.0131576 0.000395091 -0.00299733 0.3 0.3
52 2 5.95025 -1.44654 -0.89883 36602.3 1.04159 1.17049 0.695786 1.08812 -0.00770267 1.23335 0.766655 1 0 0.106852 0.120477 -0.129732 0.106852 0.120477 -0.129732 0 0 0 -0.0288144 -0.0499444 0.0161317 0.3 0.3
52 0 6.00027 12.1973 7.40807 37482 0.124256 -1.0988 -0.794544 1.02226 0.000525634 -1 -1 1 0 0.167952 -0.349276 -0.03932 0.167952 -0.349276 -0.03932 0 0 0 0.00416874 0.00531909 -0.00104019 0.3 0.3
52 1 6.00027 0.0600047 -3.94161 35338.2 -0.00276279 0.716519 1.05815 1.13887 0.00100382 0.766655 1.23335 1 0 0.0852307 0.297838 -0.177244 0.0852307 0.297838 -0.177244 0 0 0 0.0147374 -0.000649857 -0.00201249 0.3 0.3
52 2 6.00027 -1.30004 -1.06616 36690.2 1.47439 1.17231 0.694864 1.08893 -0.00742084 1.23335 0.766655 1 0 0.103764 0.122044 -0.128581 0.103764 0.122044 -0.128581 0 0 0 -0.0338467 -0.0486698 0.0156722 0.3 0.3
52 0 6.05027 12.2117 7.04262 36753 -0.113526 -1.09462 -0.796937 1.02408 0.000541555 -1 -1 1 0 0.16085 -0.345206 -0.0428378 0.16085 -0.345206 -0.0428378 0 0 0 0.00440919 0.00509642 -0.00107188 0.3 0.3
52 1 6.05027 0.068039 -3.91859 35426.8 -0.864732 0.71546 1.0636 1.13535 0.00211876 0.766655 1.23335 1 0 0.0870316 0.288575 -0.171868 0.0870316 0.288575 -0.171868 0 0 0 0.0171806 0.00156799 -0.00422421 0.3 0.3
52 2 6.05027 -1.2059 -0.703612 36929.2 1.36711 1.17373 0.694522 1.08914 -0.00741402 1.23335 0.766655 1 0 0.101338 0.122625 -0.125831 0.101338 0.122625 -0.125831 0 0 0 -0.0150263 -0.0233876 0.0150053 0.3 0.3
52 0 6.10025 12.02 7.6314 37267.8 1.62696 -1.09042 -0.798822 1.02556 -0.00236042 -1 -1 1 0 0.153716 -0.342002 -0.0431449 0.153716 -0.342002 -0.0431449 0 0 0 -0.00256881 0.00947437 0.00470873 0.3 0.3
52 1 6.10025 0.0733083 -3.73149 35411.4 0.144915 0.714572 1.06918 1.13178 0.00117234 0.766655 1.23335 1 0 0.08854 0.279076 -0.166656 0.08854 0.279076 -0.166656 0 0 0 0.0193599 0.00127769 -0.00233242 0.3 0.3
52 2 6.10025 -1.69808 -1.53407 35924.8 0.232535 1.17565 0.693319 1.08971 -0.00492157 1.23335 0.766655 1 0 0.0980828 0.12467 -0.128457 0.0980828 0.12467 -0.128457 0 0 0 -0.0328552 -0.0564236 0.0107757 0.3 0.3
52 0 6.15025 12.3278 7.47461 37242.8 -0.202236 -1.08637 -0.801062 1.02688 -0.00125863 -1 -1 1 0 0.147495 -0.338723 -0.0435752 0.147495 -0.338723 -0.0435752 0 0 0 -0.00618935 0.0191154 0.00245822 0.3 0.3
52 1 6.15025 0.126193 -3.79871 35685.9 -0.996232 0.713751 1.07462 1.12793 0.0024684 0.766655 1.23335 1 0 0.0899367 0.26984 -0.15994 0.0899367 0.26984 -0.15994 0 0 0 0.0191878 0.00491641 -0.00488989 0.3 0.3
52 2 6.15025 -1.05758 -0.898694 36875.1 1.08915 1.17679 0.692774 1.08968 -0.00495579 1.23335 0.766655 1 0 0.0961391 0.125597 -0.125386 0.0961391 0.125597 -0.125386 0 0 0 -0.0336216 -0.0534032 0.0108146 0.3 0.3
52 0 6.20024 11.6255 7.06371 37489.9 -1.9539 -1.08238 -0.803182 1.02755 0.00242727 -1 -1 1 0 0.140041 -0.334591 -0.0424418 0.140041 -0.334591 -0.0424418 0 0 0 0.00283734 0.00517416 -0.00484722 0.3 0.3
52 1 6.20024 -0.017338 -3.55817 35526.2 -1.01433 0.713242 1.08011 1.12407 0.00332413 0.766655 1.23335 1 0 0.0908017 0.260496 -0.154295 0.0908017 0.260496 -0.154295 0 0 0 0.0235484 0.00170455 -0.00662866 0.3 0.3
52 2 6.20024 -1.086 -0.915614 36894.7 1.39717 1.17764 0.692528 1.08919 -0.00551338 1.23335 0.766655 1 0 0.0946932 0.126015 -0.122371 0.0946932 0.126015 -0.122371 0 0 0 -0.0361652 -0.0455705 0.0118558 0.3 0.3
52 0 6.25023 12.19 7.27837 37338.6 -1.27522 -1.07862 -0.805496 1.02809 0.00373474 -1 -1 1 0 0.133657 -0.330657 -0.0420192 0.133657 -0.330657 -0.0420192 0 0 0 -0.00390569 0.00625137 -0.00748175 0.3 0.3
52 1 6.25023 0.0081357 -3.61698 35484.5 -0.836931 0.712884 1.08546 1.12019 0.00361648 0.766655 1.23335 1 0 0.0914111 0.251412 -0.148862 0.0914111 0.251412 -0.148862 0 0 0 0.024017 0.00205164 -0.00720886 0.3 0.3
52 2 6.25023 -1.17827 -1.10455 36774 0.0995863 1.17848 0.692219 1.08839 -0.00368187 1.23335 0.766655 1 0 0.0932656 0.12654 -0.119773 0.0932656 0.12654 -0.119773 0 0 0 -0.0370635 -0.0468548 0.00823561 0.3 0.3
52 0 6.30024 11.8593 7.50111 37803.3 -0.256064 -1.07477 -0.807527 1.02801 0.00291613 -1 -1 1 0 0.12711 -0.327204 -0.0388037 0.12711 -0.327204 -0.0388037 0 0 0 -0.00510893 0.00319061 -0.00584044 0.3 0.3
52 1 6.30024 -0.0217816 -3.56534 35352.5 -0.639684 0.7127 1.09066 1.11643 0.00348256 0.766655 1.23335 1 0 0.0917232 0.242569 -0.144243 0.0917232 0.242569 -0.144243 0 0 0 0.0230601 0.00240181 -0.00693791 0.3 0.3
52 2 6.30024 -1.0467 -0.904476 36944.7 0.944937 1.17911 0.692248 1.08718 -0.00389489 1.23335 0.766655 1 0 0.0921954 0.126492 -0.116024 0.0921954 0.126492 -0.116024 0 0 0 -0.0352759 -0.0480347 0.00864075 0.3 0.3
52 0 6.35025 12.0667 7.22289 37370.3 -2.41009 -1.07126 -0.809763 1.02781 0.00596587 -1 -1 1 0 0.121145 -0.323402 -0.0379312 0.121145 -0.323402 -0.0379312 0 0 0 -0.00375374 0.00203038 -0.0119357 0.3 0.3
52 1 6.35025 0.0374419 -3.38639 35446.1 -0.850287 0.712559 1.09591 1.11271 0.00372231 0.766655 1.23335 1 0 0.0919632 0.233644 -0.139192 0.0919632 0.233644 -0.139192 0 0 0 0.0240182 -0.00133211 -0.00746117 0.3 0.3
52 2 6.35025 -0.975386 -0.845402 36674.6 0.979394 1.17956 0.69255 1.08587 -0.00406989 1.23335 0.766655 1 0 0.091434 0.125978 -0.113676 0.091434 0.125978 -0.113676 0 0 0 -0.0353827 -0.0498977 0.00902665 0.3 0.3
52 0 6.40024 12.0635 7.38076 37204 -1.98836 -1.06798 -0.811833 1.02762 0.00729135 -1 -1 1 0 0.115558 -0.319885 -0.0377415 0.115558 -0.319885 -0.0377415 0 0 0 -0.00552612 -0.000895662 -0.0145804 0.3 0.3
52 1 6.40024 -0.010634 -3.43206 35464.7 -0.479014 0.712559 1.10093 1.10903 0.00326255 0.766655 1.23335 1 0 0.0919628 0.22511 -0.134221 0.0919628 0.22511 -0.134221 0 0 0 0.0250318 -0.00387799 -0.00657417 0.3 0.3
52 2 6.40024 -0.817533 -0.859554 36846.3 -0.506848 1.17971 0.692985 1.08432 -0.00178835 1.23335 0.766655 1 0 0.0911795 0.125238 -0.110252 0.0911795 0.125238 -0.110252 0 0 0 -0.0359651 -0.0429664 0.00435096 0.3 0.3
52 0 6.45023 12.0525 7.23503 36929.6 -2.02727 -1.06487 -0.814049 1.02767 0.00824989 -1 -1 1 0 0.110274 -0.316117 -0.0389973 0.110274 -0.316117 -0.0389973 0 0 0 -0.00563212 -0.00798623 -0.0164777 0.3 0.3
52 1 6.45023 -0.0519502 -3.35134 35412.9 -1.13053 0.71271 1.10585 1.10544 0.00407091 0.766655 1.23335 1 0 0.0917064 0.216743 -0.12965 0.0917064 0.216743 -0.12965 0 0 0 0.0224102 -0.000783355 -0.00815113 0.3 0.3
52 2 6.45023 -0.892763 -0.833511 37198.5 0.985714 1.17987 0.693563 1.08225 -0.00269959 1.23335 0.766655 1 0 0.0909136 0.124256 -0.104833 0.0909136 0.124256 -0.104833 0 0 0 -0.0370904 -0.0423081 0.00618613 0.3 0.3
52 0 6.50023 12.2929 7.29167 37317.9 -2.60192 -1.06225 -0.816206 1.02756 0.0098408 -1 -1 1 0 0.10582 -0.31245 -0.038045 0.10582 -0.31245 -0.038045 0 0 0 -0.00357845 -0.0136533 -0.019658 0.3 0.3
52 1 6.50023 -0.0949961 -3.39333 35457 0.51945 0.713041 1.11052 1.1019 0.00183919 0.766655 1.23335 1 0 0.0911429 0.208811 -0.124951 0.0911429 0.208811 -0.124951 0 0 0 0.0267665 -0.00184366 -0.00370338 0.3 0.3
52 2 6.50023 -0.529605 -0.414714 37284.2 0.904808 1.17953 0.694818 1.07972 -0.00350317 1.23335 0.766655 1 0 0.09149 0.122123 -0.0989304 0.09149 0.122123 -0.0989304 0 0 0 -0.0169019 -0.0157701 0.0071401 0.3 0.3
52 0 6.55025 12.1395 7.52955 37164.4 -1.59808 -1.05971 -0.818062 1.02748 0.00924588 -1 -1 1 0 0.101503 -0.309295 -0.038034 0.101503 -0.309295 -0.038034 0 0 0 -0.0125753 -0.00999284 -0.0184298 0.3 0.3
52 1 6.55025 -0.133711 -3.26232 35365.2 -1.04427 0.713524 1.11514 1.09849 0.00298002 0.766655 1.23335 1 0 0.0903232 0.200954 -0.120891 0.0903232 0.200954 -0.120891 0 0 0 0.0268555 0.00021842 -0.00595766 0.3 0.3
52 2 6.55025 -1.26067 -1.2157 36240.4 0.426914 1.18008 0.69523 1.0777 -0.00273487 1.23335 0.766655 1 0 0.0905584 0.121422 -0.0987525 0.0905584 0.121422 -0.0987525 0 0 0 -0.0320114 -0.0441262 0.00617823 0.3 0.3
52 0 6.60027 12.4727 7.24302 37516.9 -3.17274 -1.05773 -0.820147 1.02709 0.0114522 -1 -1 1 0 0.0981424 -0.30575 -0.0359921 0.0981424 -0.30575 -0.0359921 0 0 0 -0.0118432 -0.00791384 -0.0228586 0.3 0.3
52 1 6.60027 -0.132285 -3.2919 35478.7 0.226735 0.714098 1.11953 1.09512 0.0016161 0.766655 1.23335 1 0 0.0893461 0.19349 -0.116334 0.0893461 0.19349 -0.116334 0 0 0 0.0289893 0.000941008 -0.0032189 0.3 0.3
52 2 6.60027 -0.409648 -0.35039 37458.9 1.32169 1.17977 0.696559 1.07502 -0.00421587 1.23335 0.766655 1 0 0.0910717 0.119163 -0.091611 0.0910717 0.119163 -0.091611 0 0 0 -0.00957155 -0.018668 0.00852157 0.3 0.3
52 0 6.65024 12.454 7.60786 37616.2 -1.46569 -1.05604 -0.821877 1.02639 0.010083 -1 -1 1 0 0.0952659 -0.302809 -0.0334288 0.0952659 -0.302809 -0.0334288 0 0 0 -0.0144968 -0.0059569 -0.0201239 0.3 0.3
52 1 6.65024 -0.274472 -3.29815 35442.9 0.0317341 0.714936 1.1237 1.09183 0.00103267 0.766655 1.23335 1 0 0.0879212 0.186396 -0.112127 0.0879212 0.186396 -0.112127 0 0 0 0.0237828 0.00214643 -0.00203997 0.3 0.3
52 2 6.65024 -1.0187 -1.24345 36333.3 0.0939655 1.18007 0.696975 1.07284 -0.00266431 1.23335 0.766655 1 0 0.0905717 0.118455 -0.0910455 0.0905717 0.118455 -0.0910455 0 0 0 -0.029853 -0.0445199 0.00599523 0.3 0.3
52 0 6.70029 12.604 7.63127 37438.9 -1.73953 -1.05475 -0.823491 1.02558 0.00961291 -1 -1 1 0 0.0930715 -0.300066 -0.0317836 0.0930715 -0.300066 -0.0317836 0 0 0 -0.0132503 -0.00182204 -0.0192145 0.3 0.3
52 1 6.70029 -0.21906 -3.1439 35297.2 1.02334 0.715825 1.12787 1.08875 -0.000997756 0.766655 1.23335 1 0 0.086411 0.179313 -0.108849 0.086411 0.179313 -0.108849 0 0 0 0.0275585 0.00381752 0.00204831 0.3 0.3
52 2 6.70029 -0.701764 -0.698653 37395.4 2.31844 1.18016 0.697844 1.07009 -0.00558971 1.23335 0.766655 1 0 0.0904214 0.116979 -0.0843577 0.0904214 0.116979 -0.0843577 0 0 0 -0.026739 -0.0400155 0.0117178 0.3 0.3
52 0 6.75025 12.5507 7.50203 36998.6 -3.25497 -1.05354 -0.825193 1.02506 0.0118507 -1 -1 1 0 0.0910226 -0.297173 -0.0324926 0.0910226 -0.297173 -0.0324926 0 0 0 -0.0151675 -0.00596135 -0.0236575 0.3 0.3
52 1 6.75025 -0.367624 -3.31398 35481.2 0.653369 0.716956 1.13166 1.08569 -0.0017545 0.766655 1.23335 1 0 0.0844879 0.172862 -0.104658 0.0844879 0.172862 -0.104658 0 0 0 0.0310779 0.00212904 0.0035425 0.3 0.3
52 2 6.75025 -0.560947 -0.788772 37205.6 1.73623 1.18002 0.698746 1.06711 -0.00652573 1.23335 0.766655 1 0 0.0906546 0.115445 -0.0790309 0.0906546 0.115445 -0.0790309 0 0 0 -0.0259425 -0.0418272 0.0135982 0.3 0.3
52 0 6.80024 12.7933 7.89766 37336.2 -1.56141 -1.05277 -0.826451 1.02446 0.0104814 -1 -1 1 0 0.0897058 -0.295033 -0.0312547 0.0897058 -0.295033 -0.0312547 0 0 0 -0.0170943 0.00151884 -0.020977 0.3 0.3
52 1 6.80024 -0.450505 -3.18763 35387.7 2.35133 0.71832 1.13538 1.08276 -0.00511028 0.766655 1.23335 1 0 0.0821693 0.166542 -0.101161 0.0821693 0.166542 -0.101161 0 0 0 0.028972 -0.00161856 0.0101982 0.3 0.3
52 2 6.80024 -0.420287 -0.851594 37764.8 2.33991 1.17963 0.699595 1.06345 -0.0083446 1.23335 0.766655 1 0 0.0913133 0.114002 -0.0705215 0.0913133 0.114002 -0.0705215 0 0 0 -0.0126138 -0.0275929 0.0168653 0.3 0.3
52 0 6.85024 12.6775 7.98075 36899.7 -1.07753 -1.05205 -0.827537 1.0242 0.00878948 -1 -1 1 0 0.0884878 -0.293187 -0.0325675 0.0884878 -0.293187 -0.0325675 0 0 0 -0.0225361 -0.000307586 -0.0175768 0.3 0.3
52 1 6.85024 -0.292549 -3.32153 35594.7 -0.140987 0.719523 1.13875 1.07975 -0.00315596 0.766655 1.23335 1 0 0.0801245 0.16081 -0.0966099 0.0801245 0.16081 -0.0966099 0 0 0 0.0294383 0.0010795 0.00632851 0.3 0.3
52 2 6.85024 -0.665148 -1.08071 36763.9 2.5278 1.17954 0.700117 1.06014 -0.00959958 1.23335 0.766655 1 0 0.0914695 0.113115 -0.067682 0.0914695 0.113115 -0.067682 0 0 0 -0.0241389 -0.0385495 0.0196698 0.3 0.3
52 0 6.90024 12.7251 8.17898 37086.3 0.921409 -1.05154 -0.828479 1.02403 0.00428721 -1 -1 1 0 0.0876219 -0.291585 -0.0327873 0.0876219 -0.291585 -0.0327873 0 0 0 -0.0192082 0.0076025 -0.00864793 0.3 0.3
52 1 6.90024 -0.575259 -3.29028 35288.7 0.642796 0.721044 1.14193 1.07698 -0.00316461 0.766655 1.23335 1 0 0.0775389 0.155407 -0.0939139 0.0775389 0.155407 -0.0939139 0 0 0 0.029943 0.00211688 0.00636164 0.3 0.3
52 2 6.90024 -0.435933 -0.983167 37287.3 2.20849 1.17928 0.700653 1.05664 -0.0099788 1.23335 0.766655 1 0 0.0919162 0.112202 -0.0617693 0.0919162 0.112202 -0.0617693 0 0 0 -0.0258712 -0.039464 0.0204741 0.3 0.3
52 0 6.95026 12.7349 8.21031 37120.2 -2.95875 -1.05104 -0.82926 1.02392 0.00784118 -1 -1 1 0 0.0867715 -0.290258 -0.0329243 0.0867715 -0.290258 -0.0329243 0 0 0 -0.0260019 -0.00279052 -0.0156476 0.3 0.3
52 1 6.95026 -0.558582 -3.33052 35431.2 1.47041 0.72265 1.14489 1.07426 -0.00457977 0.766655 1.23335 1 0 0.0748078 0.15038 -0.0904555 0.0748078 0.15038 -0.0904555 0 0 0 0.0323485 -0.000271602 0.00915638 0.3 0.3
52 2 6.95026 -0.354052 -1.0521 37008.9 1.89652 1.17889 0.701108 1.05324 -0.00961022 1.23335 0.766655 1 0 0.0925799 0.11143 -0.0576396 0.0925799 0.11143 -0.0576396 0 0 0 -0.0301481 -0.0490047 0.0199676 0.3 0.3
52 0 7.00026 12.7252 8.66561 37603.3 1.93863 -1.05066 -0.829614 1.02344 0.00197162 -1 -1 1 0 0.0861279 -0.289656 -0.0304023 0.0861279 -0.289656 -0.0304023 0 0 0 -0.0289203 0.00420475 -0.00400447 0.3 0.3
52 1 7.00026 -0.580572 -3.40893 35644.5 0.550476 0.724268 1.14752 1.07147 -0.0039918 0.766655 1.23335 1 0 0.0720569 0.145898 -0.0860151 0.0720569 0.145898 -0.0860151 0 0 0 0.032185 -0.00242059 0.0079457 0.3 0.3
52 2 7.00026 -0.369604 -0.943354 37598.2 2.64755 1.17852 0.701695 1.04949 -0.0108127 1.23335 0.766655 1 0 0.0931998 0.110431 -0.0503862 0.0931998 0.110431 -0.0503862 0 0 0 -0.0266921 -0.0366113 0.0221201 0.3 0.3
52 0 7.05026 12.7189 8.83496 37458.5 0.185817 -1.05033 -0.829682 1.0228 0.00095486 -1 -1 1 0 0.0855674 -0.289541 -0.0287532 0.0855674 -0.289541 -0.0287532 0 0 0 -0.0317667 0.00877289 -0.00204933 0.3 0.3
52 1 7.05026 -0.747151 -3.58358 35527.4 0.687437 0.726101 1.14973 1.0687 -0.00381332 0.766655 1.23335 1 0 0.0689423 0.142141 -0.08234 0.0689423 0.142141 -0.08234 0 0 0 0.0310153 -0.00252468 0.00758842 0.3 0.3
52 2 7.05026 -0.151831 -1.15991 37419.1 2.51359 1.17791 0.702051 1.04558 -0.0113057 1.23335 0.766655 1 0 0.0942347 0.109827 -0.0443052 0.0942347 0.109827 -0.0443052 0 0 0 -0.0269676 -0.0376549 0.0231257 0.3 0.3
52 0 7.10022 12.8608 9.04728 37411.1 1.02763 -1.05026 -0.829502 1.02207 -0.00114127 -1 -1 1 0 0.0854443 -0.289846 -0.0272639 0.0854443 -0.289846 -0.0272639 0 0 0 -0.0240703 0.0188305 0.00205617 0.3 0.3
52 1 7.10022 -0.678097 -3.48862 35503.6 1.41813 0.727871 1.15183 1.06599 -0.00492893 0.766655 1.23335 1 0 0.0659316 0.138572 -0.0788584 0.0659316 0.138572 -0.0788584 0 0 0 0.0315481 -0.00465286 0.00978575 0.3 0.3
52 2 7.10022 -0.38524 -1.06348 37173.2 1.97959 1.1776 0.702483 1.04181 -0.010674 1.23335 0.766655 1 0 0.0947746 0.109092 -0.0396364 0.0947746 0.109092 -0.0396364 0 0 0 -0.0312423 -0.0422185 0.0220154 0.3 0.3
52 0 7.15025 12.7287 9.29285 37177.8 0.593635 -1.0501 -0.829008 1.02147 -0.00169996 -1 -1 1 0 0.0851675 -0.290686 -0.0270312 0.0851675 -0.290686 -0.0270312 0 0 0 -0.0198005 0.00471449 0.00335342 0.3 0.3
52 1 7.15025 -0.742832 -3.66998 35497.9 0.856951 0.729674 1.15358 1.06334 -0.00476767 0.766655 1.23335 1 0 0.0628678 0.1356 -0.0754883 0.0628678 0.1356 -0.0754883 0 0 0 0.0331233 -0.00956888 0.0093783 0.3 0.3
52 2 7.15025 -0.215325 -1.14125 37444.5 2.30561 1.1772 0.702851 1.03787 -0.0108481 1.23335 0.766655 1 0 0.0954412 0.108466 -0.0335091 0.0954412 0.108466 -0.0335091 0 0 0 -0.0323499 -0.0408617 0.022365 0.3 0.3
52 0 7.20023 12.3938 9.58212 37366.4 3.00286 -1.04953 -0.828262 1.02079 -0.00620087 -1 -1 1 0 0.0842027 -0.291955 -0.0257129 0.0842027 -0.291955 -0.0257129 0 0 0 -0.0187519 0.0197891 0.0122174 0.3 0.3
52 1 7.20023 -0.823591 -3.79902 35704.7 -0.120651 0.731503 1.15495 1.06061 -0.00295446 0.766655 1.23335 1 0 0.0597582 0.133276 -0.0711174 0.0597582 0.133276 -0.0711174 0 0 0 0.0303485 -0.00255189 0.00587089 0.3 0.3
52 2 7.20023 0.0506595 -0.907743 37982.9 1.12259 1.17647 0.703531 1.03349 -0.00928954 1.23335 0.766655 1 0 0.0966806 0.107311 -0.0247486 0.0966806 0.107311 -0.0247486 0 0 0 -0.0143856 -0.014761 0.0186865 0.3 0.3
52 0 7.25027 12.7679 9.61905 37069 1.52946 -1.04932 -0.827522 1.02032 -0.00669239 -1 -1 1 0 0.0838515 -0.293213 -0.026117 0.0838515 -0.293213 -0.026117 0 0 0 -0.0162506 0.0174504 0.013244 0.3 0.3
52 1 7.25027 -0.888991 -3.69177 35324.4 -0.0625208 0.733383 1.15629 1.05813 -0.00189379 0.766655 1.23335 1 0 0.0565622 0.130987 -0.0689746 0.0565622 0.130987 -0.0689746 0 0 0 0.033458 -0.00503504 0.00370389 0.3 0.3
52 2 7.25027 -0.576741 -1.41985 36790.1 0.791442 1.17655 0.703653 1.02971 -0.00736723 1.23335 0.766655 1 0 0.0965442 0.107103 -0.0227545 0.0965442 0.107103 -0.0227545 0 0 0 -0.0256425 -0.0277455 0.015093 0.3 0.3
52 0 7.30027 12.5895 9.70452 37274.4 1.85086 -1.049 -0.826835 1.01984 -0.00754336 -1 -1 1 0 0.0833009 -0.29438 -0.0253445 0.0833009 -0.29438 -0.0253445 0 0 0 -0.0129458 0.0136161 0.0149994 0.3 0.3
52 1 7.30027 -0.660849 -4.01692 35847 1.39448 0.734914 1.15714 1.0554 -0.00360872 0.766655 1.23335 1 0 0.0539585 0.129541 -0.06395 0.0539585 0.129541 -0.06395 0 0 0 0.0271934 -0.00725708 0.00711949 0.3 0.3
52 2 7.30027 -0.200195 -1.08219 37391.4 2.3092 1.17646 0.704061 1.02592 -0.00863289 1.23335 0.766655 1 0 0.0967021 0.106409 -0.0173317 0.0967021 0.106409 -0.0173317 0 0 0 -0.0307468 -0.0319897 0.0177621 0.3 0.3
52 0 7.35026 12.4516 9.88407 37567.1 2.24362 -1.04847 -0.82611 1.0191 -0.00875521 -1 -1 1 0 0.0823917 -0.295613 -0.0230324 0.0823917 -0.295613 -0.0230324 0 0 0 -0.00613714 0.00910251 0.017483 0.3 0.3
52 1 7.35026 -0.842264 -3.8196 35386.8 -0.66483 0.736487 1.15808 1.05292 -0.00128861 0.766655 1.23335 1 0 0.051285 0.127956 -0.0617026 0.051285 0.127956 -0.0617026 0 0 0 0.0228317 -0.00552968 0.00251427 0.3 0.3
52 2 7.35026 -0.0423961 -0.89762 37943.1 1.29895 1.17614 0.704851 1.02167 -0.00804519 1.23335 0.766655 1 0 0.097245 0.105066 -0.00921092 0.097245 0.105066 -0.00921092 0 0 0 -0.0163312 -0.00878517 0.016163 0.3 0.3
52 0 7.40024 12.3609 10.239 37597.7 5.15924 -1.04787 -0.825225 1.01814 -0.0144483 -1 -1 1 0 0.0813807 -0.297117 -0.0206003 0.0813807 -0.297117 -0.0206003 0 0 0 -0.00907421 0.0165884 0.0288236 0.3 0.3
52 1 7.40024 -0.906194 -4.03491 35503.9 0.869123 0.7381 1.15872 1.05054 -0.00231432 0.766655 1.23335 1 0 0.048544 0.126856 -0.05881 0.048544 0.126856 -0.05881 0 0 0 0.0227746 -0.00569342 0.00456414 0.3 0.3
52 2 7.40024 -0.869341 -1.61801 37021.1 0.544321 1.17695 0.704812 1.01797 -0.00608144 1.23335 0.766655 1 0 0.0958793 0.105133 -0.00654647 0.0958793 0.105133 -0.00654647 0 0 0 -0.028794 -0.031081 0.0126132 0.3 0.3
52 0 7.45023 12.1899 10.0265 37222.2 2.6434 -1.04698 -0.824713 1.01733 -0.0140435 -1 -1 1 0 0.0798592 -0.297988 -0.0202181 0.0798592 -0.297988 -0.0202181 0 0 0 -0.00967334 0.0127486 0.0280272 0.3 0.3
52 1 7.45023 -0.737888 -3.8719 35483 1.31482 0.739462 1.15951 1.04826 -0.00374967 0.766655 1.23335 1 0 0.0462276 0.125517 -0.0561877 0.0462276 0.125517 -0.0561877 0 0 0 0.0245021 -0.00608602 0.00742539 0.3 0.3
52 2 7.45023 -0.282804 -1.05522 37810.9 1.85628 1.17739 0.70527 1.01396 -0.00707678 1.23335 0.766655 1 0 0.0951301 0.104354 0.00055241 0.0951301 0.104354 0.00055241 0 0 0 -0.0312023 -0.0281955 0.0145968 0.3 0.3
52 0 7.50024 12.221 10.376 37610.6 5.78479 -1.04616 -0.824179 1.01629 -0.0190365 -1 -1 1 0 0.0784695 -0.298895 -0.0175991 0.0784695 -0.298895 -0.0175991 0 0 0 -0.00868946 0.0247257 0.0379711 0.3 0.3
52 1 7.50024 -0.87106 -4.1043 35782.4 0.116314 0.740855 1.16003 1.04583 -0.0027012 0.766655 1.23335 1 0 0.0438605 0.124634 -0.0520116 0.0438605 0.124634 -0.0520116 0 0 0 0.0209572 -0.00628426 0.00533688 0.3 0.3
52 2 7.50024 -0.246196 -0.845704 37890 1.44735 1.17768 0.706219 1.0097 -0.00723297 1.23335 0.766655 1 0 0.0946271 0.10274 0.00769369 0.0946271 0.10274 0.00769369 0 0 0 -0.0159347 -0.0111574 0.0145556 0.3 0.3
52 0 7.55024 12.0098 10.2241 37409.5 1.68422 -1.04496 -0.823878 1.01526 -0.0154591 -1 -1 1 0 0.0764387 -0.299407 -0.016211 0.0764387 -0.299407 -0.016211 0 0 0 -0.000798209 0.0189111 0.0309132 0.3 0.3
52 1 7.55024 -0.87534 -4.02229 35485.1 0.739139 0.742215 1.16059 1.04355 -0.00303521 0.766655 1.23335 1 0 0.0415472 0.123685 -0.0496381 0.0415472 0.123685 -0.0496381 0 0 0 0.019591 -0.00463749 0.00602531 0.3 0.3
52 2 7.55024 -1.01268 -1.61851 37123.9 1.28209 1.17904 0.706312 1.00592 -0.00672024 1.23335 0.766655 1 0 0.0923166 0.102584 0.0104382 0.0923166 0.102584 0.0104382 0 0 0 -0.0319749 -0.0330732 0.013973 0.3 0.3
52 0 7.60024 11.8526 10.6301 37452.9 6.06614 -1.04358 -0.823404 1.01419 -0.0203919 -1 -1 1 0 0.074082 -0.300214 -0.0145424 0.074082 -0.300214 -0.0145424 0 0 0 0.00154715 0.0196014 0.0408038 0.3 0.3
52 1 7.60024 -0.745851 -3.9142 35665 1.77457 0.743343 1.16133 1.04127 -0.00501242 0.766655 1.23335 1 0 0.0396305 0.122434 -0.0463085 0.0396305 0.122434 -0.0463085 0 0 0 0.0230229 -0.0101645 0.00990867 0.3 0.3
52 2 7.60024 -0.472947 -0.95234 37886.2 1.85026 1.18001 0.707028 1.00195 -0.00749258 1.23335 0.766655 1 0 0.0906676 0.101365 0.0172866 0.0906676 0.101365 0.0172866 0 0 0 -0.0313084 -0.0306844 0.0154693 0.3 0.3
52 0 7.65023 11.8299 10.3425 37220.4 4.16556 -1.04209 -0.823419 1.01331 -0.0205174 -1 -1 1 0 0.0715448 -0.300188 -0.0142121 0.0715448 -0.300188 -0.0142121 0 0 0 0.00684576 0.0142991 0.0410878 0.3 0.3
52 1 7.65023 -0.941388 -4.11382 35521.6 0.266174 0.744609 1.16188 1.0391 -0.00376474 0.766655 1.23335 1 0 0.0374772 0.121497 -0.0439085 0.0374772 0.121497 -0.0439085 0 0 0 0.0171114 -0.0044463 0.00749175 0.3 0.3
52 2 7.65023 -0.450095 -0.824469 37860.1 1.47333 1.18084 0.708172 0.99783 -0.00755737 1.23335 0.766655 1 0 0.089266 0.0994205 0.0236418 0.089266 0.0994205 0.0236418 0 0 0 -0.0173533 -0.0124509 0.0152238 0.3 0.3
52 0 7.70024 11.6238 10.4775 37675.7 4.62611 -1.04032 -0.823581 1.01217 -0.0213747 -1 -1 1 0 0.0685457 -0.299912 -0.011355 0.0685457 -0.299912 -0.011355 0 0 0 0.00539753 0.0210603 0.042812 0.3 0.3
52 1 7.70024 -0.671547 -3.93275 35675.6 2.1735 0.745522 1.16264 1.03691 -0.00613905 0.766655 1.23335 1 0 0.035926 0.120204 -0.040723 0.035926 0.120204 -0.040723 0 0 0 0.0167483 -0.00465743 0.0122396 0.3 0.3
52 2 7.70024 -0.805411 -1.2941 37662.2 1.28124 1.18209 0.708846 0.993814 -0.00715255 1.23335 0.766655 1 0 0.0871319 0.0982755 0.0287378 0.0871319 0.0982755 0.0287378 0 0 0 -0.0194937 -0.0116497 0.0144197 0.3 0.3
52 0 7.75025 11.6733 10.4394 37122.7 4.19986 -1.03856 -0.823992 1.01134 -0.0212543 -1 -1 1 0 0.0655448 -0.299214 -0.0117164 0.0655448 -0.299214 -0.0117164 0 0 0 0.00333123 0.0161825 0.0425403 0.3 0.3
52 1 7.75025 -0.91697 -3.9448 35628.1 -0.517651 0.746582 1.16347 1.03476 -0.00324087 0.766655 1.23335 1 0 0.0341245 0.11878 -0.0379292 0.0341245 0.11878 -0.0379292 0 0 0 0.0171893 -0.00816184 0.00641189 0.3 0.3
52 2 7.75025 -0.882744 -0.977035 37862.5 1.62589 1.18361 0.709808 0.989706 -0.00748837 1.23335 0.766655 1 0 0.0845516 0.0966403 0.0348243 0.0845516 0.0966403 0.0348243 0 0 0 -0.0139287 -0.00842242 0.015036 0.3 0.3
52 0 7.80027 11.5214 10.1563 37195.1 4.34421 -1.03661 -0.825011 1.01067 -0.0214081 -1 -1 1 0 0.0622326 -0.297481 -0.0115948 0.0622326 -0.297481 -0.0115948 0 0 0 0.00249567 0.0156406 0.0428403 0.3 0.3
52 1 7.80027 -0.694723 -3.83177 35577.3 1.97118 0.747355 1.16451 1.03271 -0.0054593 0.766655 1.23335 1 0 0.0328098 0.117012 -0.0355161 0.0328098 0.117012 -0.0355161 0 0 0 0.0210714 -0.00860356 0.0108287 0.3 0.3
52 2 7.80027 -0.831289 -0.970155 37563.2 2.09178 1.18512 0.710862 0.985895 -0.00844066 1.23335 0.766655 1 0 0.0819755 0.0948477 0.0389172 0.0819755 0.0948477 0.0389172 0 0 0 -0.0143893 -0.0143587 0.0169857 0.3 0.3
52 0 7.85024 11.3955 10.4587 37729.4 3.95004 -1.03447 -0.825917 1.00968 -0.0208262 -1 -1 1 0 0.0586062 -0.295941 -0.00862056 0.0586062 -0.295941 -0.00862056 0 0 0 0.00878787 0.0159942 0.0417273 0.3 0.3
52 1 7.85024 -0.923011 -3.88274 35601.2 0.561556 0.748308 1.16558 1.03072 -0.00455204 0.766655 1.23335 1 0 0.0311891 0.115203 -0.0330553 0.0311891 0.115203 -0.0330553 0 0 0 0.0167793 -0.00163693 0.00909071 0.3 0.3
52 2 7.85024 -1.28006 -1.35049 37364.2 1.74001 1.18727 0.711442 0.982455 -0.00823564 1.23335 0.766655 1 0 0.0783232 0.0938621 0.0417561 0.0783232 0.0938621 0.0417561 0 0 0 -0.0287899 -0.0449061 0.0171239 0.3 0.3
52 0 7.90024 11.4866 10.0114 37143.7 3.96075 -1.03242 -0.827504 1.00898 -0.0204948 -1 -1 1 0 0.0551171 -0.293243 -0.00904875 0.0551171 -0.293243 -0.00904875 0 0 0 0.00529525 0.0102884 0.0410204 0.3 0.3
52 1 7.90024 -0.667467 -3.77181 35840.1 1.86774 0.748949 1.16681 1.02859 -0.00615377 0.766655 1.23335 1 0 0.0301 0.113102 -0.0293747 0.0301 0.113102 -0.0293747 0 0 0 0.0172161 -0.00230489 0.0122882 0.3 0.3
52 2 7.90024 -0.699134 -0.907866 38009.4 3.10794 1.18879 0.712453 0.978801 -0.0106506 1.23335 0.766655 1 0 0.075741 0.0921434 0.047936 0.075741 0.0921434 0.047936 0 0 0 -0.0254222 -0.0371635 0.0217794 0.3 0.3
52 0 7.95031 11.3321 10.0702 37279.1 2.84724 -1.03019 -0.829261 1.00836 -0.0184014 -1 -1 1 0 0.0513301 -0.290256 -0.0086162 0.0513301 -0.290256 -0.0086162 0 0 0 0.0044833 0.00956165 0.0368269 0.3 0.3
52 1 7.95031 -0.910716 -3.77577 35712.3 0.216988 0.749776 1.16811 1.02647 -0.00447628 0.766655 1.23335 1 0 0.0286937 0.110897 -0.0265276 0.0286937 0.110897 -0.0265276 0 0 0 0.0170353 -0.00636179 0.00889877 0.3 0.3
52 2 7.95031 -1.04911 -1.18641 37546.1 1.90559 1.19055 0.713235 0.975423 -0.0101436 1.23335 0.766655 1 0 0.0727565 0.0908128 0.0511674 0.0727565 0.0908128 0.0511674 0 0 0 -0.0278342 -0.0410679 0.0208654 0.3 0.3
52 0 8.00024 11.4963 10.0486 37381.5 4.52534 -1.02825 -0.831232 1.00774 -0.0197577 -1 -1 1 0 0.0480321 -0.286905 -0.00772896 0.0480321 -0.286905 -0.00772896 0 0 0 0.0103941 0.020304 0.0396261 0.3 0.3
52 1 8.00024 -0.773071 -3.66175 35442.5 1.02599 0.75044 1.16957 1.02463 -0.00469807 0.766655 1.23335 1 0 0.0275649 0.108421 -0.0252422 0.0275649 0.108421 -0.0252422 0 0 0 0.025352 -0.00374557 0.00934946 0.3 0.3
52 2 8.00024 -1.03887 -1.13517 37899 1.87524 1.19227 0.713996 0.972049 -0.00980952 1.23335 0.766655 1 0 0.0698238 0.0895207 0.0561801 0.0698238 0.0895207 0.0561801 0 0 0 -0.0251936 -0.0430354 0.0201677 0.3 0.3
52 0 8.05024 11.1433 9.73316 36819.4 2.00459 -1.02589 -0.833652 1.00762 -0.0165395 -1 -1 1 0 0.0440166 -0.282792 -0.0100376 0.0440166 -0.282792 -0.0100376 0 0 0 0.00413655 0.00896335 0.0330995 0.3 0.3
52 1 8.05024 -0.736553 -3.60638 35825.6 0.561693 0.750971 1.17116 1.02266 -0.00407682 0.766655 1.23335 1 0 0.0266625 0.105711 -0.0218787 0.0266625 0.105711 -0.0218787 0 0 0 0.0210325 -0.00466355 0.00810508 0.3 0.3
52 2 8.05024 -0.8989 -1.0532 37923.6 0.915473 1.19377 0.71486 0.968621 -0.00816628 1.23335 0.766655 1 0 0.0672846 0.0880519 0.0610671 0.0672846 0.0880519 0.0610671 0 0 0 -0.0120785 -0.0266348 0.0164954 0.3 0.3
52 0 8.10026 11.3116 9.85691 37025.3 4.35309 -1.02375 -0.836161 1.00769 -0.0182772 -1 -1 1 0 0.0403696 -0.278526 -0.0111596 0.0403696 -0.278526 -0.0111596 0 0 0 0.00233225 0.0176921 0.0365786 0.3 0.3
52 1 8.10026 -0.788891 -3.74483 35629.2 2.56646 0.751532 1.1726 1.0208 -0.00701629 0.766655 1.23335 1 0 0.0257094 0.103267 -0.0198021 0.0257094 0.103267 -0.0198021 0 0 0 0.0209948 -0.00679352 0.0139622 0.3 0.3
52 2 8.10026 -1.03548 -1.33409 37663.3 1.78102 1.19532 0.715366 0.965434 -0.00840948 1.23335 0.766655 1 0 0.0646508 0.0871904 0.0643091 0.0646508 0.0871904 0.0643091 0 0 0 -0.0108678 -0.0209247 0.016934 0.3 0.3
52 0 8.15025 11.3111 9.54467 37483.3 2.55795 -1.0217 -0.839102 1.00756 -0.0164373 -1 -1 1 0 0.0368842 -0.273526 -0.00989003 0.0368842 -0.273526 -0.00989003 0 0 0 0.0121659 0.00472921 0.0329056 0.3 0.3
52 1 8.15025 -0.844309 -3.68781 35790.7 -0.592814 0.752126 1.17403 1.01888 -0.00369001 0.766655 1.23335 1 0 0.0246983 0.100836 -0.0168582 0.0246983 0.100836 -0.0168582 0 0 0 0.0232701 -0.00589071 0.00731203 0.3 0.3
52 2 8.15025 -1.20051 -1.20458 37761.3 0.80987 1.19706 0.715924 0.962368 -0.00696168 1.23335 0.766655 1 0 0.0616809 0.0862429 0.0679403 0.0616809 0.0862429 0.0679403 0 0 0 -0.0054597 -0.0195599 0.0139776 0.3 0.3
52 0 8.2003 11.1175 9.37679 37008.9 1.50011 -1.01941 -0.842339 1.00768 -0.0134661 -1 -1 1 0 0.0330041 -0.268023 -0.0113769 0.0330041 -0.268023 -0.0113769 0 0 0 0.00496966 0.00290974 0.0269404 0.3 0.3
52 1 8.2003 -0.656152 -3.51844 35633.4 1.64914 0.752464 1.17566 1.01708 -0.00523244 0.766655 1.23335 1 0 0.024124 0.0980698 -0.0149296 0.024124 0.0980698 -0.0149296 0 0 0 0.0208458 -0.00930783 0.0103686 0.3 0.3
52 2 8.2003 -1.45759 -1.83131 37228.8 1.16522 1.19919 0.715615 0.959928 -0.00629688 1.23335 0.766655 1 0 0.0580568 0.0867669 0.0683212 0.0580568 0.0867669 0.0683212 0 0 0 -0.0254925 -0.0474596 0.0132035 0.3 0.3
52 0 8.25024 11.2743 9.68857 37741.7 4.1721 -1.01744 -0.845316 1.00736 -0.0159516 -1 -1 1 0 0.0296406 -0.262963 -0.00868105 0.0296406 -0.262963 -0.00868105 0 0 0 -0.00632097 0.0136827 0.0318622 0.3 0.3
52 1 8.25024 -0.775363 -3.61046 35702.1 0.0551813 0.752844 1.1772 1.01533 -0.00359172 0.766655 1.23335 1 0 0.023479 0.0954464 -0.0126767 0.023479 0.0954464 -0.0126767 0 0 0 0.0202786 -0.00827568 0.00709997 0.3 0.3
52 2 8.25024 -0.691514 -1.06694 38649.2 0.0716601 1.20033 0.716053 0.956757 -0.00444837 1.23335 0.766655 1 0 0.0561306 0.0860222 0.0764261 0.0561306 0.0860222 0.0764261 0 0 0 -0.0108222 -0.0276398 0.00904731 0.3 0.3
52 0 8.30028 11.281 9.36873 37538.9 0.670966 -1.01554 -0.84849 1.00688 -0.0117347 -1 -1 1 0 0.0264129 -0.257567 -0.00725196 0.0264129 -0.257567 -0.00725196 0 0 0 0.0013539 0.00573041 0.0234739 0.3 0.3
52 1 8.30028 -0.563212 -3.38253 35781 -0.089637 0.752909 1.179 1.01355 -0.00224224 0.766655 1.23335 1 0 0.0233683 0.0923792 -0.0101008 0.0233683 0.0923792 -0.0101008 0 0 0 0.0231176 -0.00446894 0.00443314 0.3 0.3
52 2 8.30028 -1.50225 -1.69797 37369.1 0.736776 1.20218 0.715903 0.954196 -0.0039559 1.23335 0.766655 1 0 0.0529767 0.086278 0.0769193 0.0529767 0.086278 0.0769193 0 0 0 -0.0250658 -0.0456788 0.00848711 0.3 0.3
52 0 8.35025 11.1805 9.19582 36847.4 0.521655 -1.01354 -0.85183 1.00687 -0.00870277 -1 -1 1 0 0.0230193 -0.251888 -0.00954589 0.0230193 -0.251888 -0.00954589 0 0 0 -0.00672258 0.00827737 0.0173782 0.3 0.3
52 1 8.35025 -0.927176 -3.69399 35651.6 0.61838 0.753369 1.18043 1.01189 -0.00251751 0.766655 1.23335 1 0 0.0225854 0.08995 -0.00834773 0.0225854 0.08995 -0.00834773 0 0 0 0.0155813 -0.00216211 0.00501834 0.3 0.3
52 2 8.35025 -0.964918 -1.53548 38057.9 1.09182 1.20348 0.715801 0.951487 -0.00434675 1.23335 0.766655 1 0 0.050774 0.0864521 0.0813972 0.050774 0.0864521 0.0813972 0 0 0 -0.026208 -0.0460905 0.0093007 0.3 0.3
52 0 8.40027 11.417 9.08973 37216.8 0.0580467 -1.01185 -0.855262 1.00688 -0.00589677 -1 -1 1 0 0.0201452 -0.246054 -0.00966651 0.0201452 -0.246054 -0.00966651 0 0 0 -0.00208448 0.00157646 0.011792 0.3 0.3
52 1 8.40027 -0.408677 -3.43761 35854.7 0.547317 0.753237 1.18203 1.01016 -0.00265207 0.766655 1.23335 1 0 0.0228098 0.0872304 -0.00554485 0.0228098 0.0872304 -0.00554485 0 0 0 0.0268632 -0.0100785 0.00516931 0.3 0.3
52 2 8.40027 -0.941307 -1.23884 38017.6 -0.94558 1.20447 0.716142 0.948801 -0.00149286 1.23335 0.766655 1 0 0.0490922 0.0858712 0.0852053 0.0490922 0.0858712 0.0852053 0 0 0 -0.00934526 -0.0212993 0.00308546 0.3 0.3
52 0 8.45027 11.4554 9.0439 37267.6 -1.84685 -1.01028 -0.858581 1.00688 -0.000849776 -1 -1 1 0 0.0174768 -0.240413 -0.00966201 0.0174768 -0.240413 -0.00966201 0 0 0 -0.00549738 -0.00193767 0.00170489 0.3 0.3
52 1 8.45027 -0.627762 -3.64217 35798.9 -0.37622 0.753182 1.18337 1.00843 -0.00115024 0.766655 1.23335 1 0 0.0229029 0.0849541 -0.00317611 0.0229029 0.0849541 -0.00317611 0 0 0 0.0232292 -0.00931575 0.00219246 0.3 0.3
52 2 8.45027 -1.43543 -1.98144 37307.1 1.35132 1.206 0.715656 0.94673 -0.002993 1.23335 0.766655 1 0 0.0464844 0.0866982 0.0849312 0.0464844 0.0866982 0.0849312 0 0 0 -0.0254313 -0.045032 0.00656075 0.3 0.3
52 0 8.50027 11.4347 9.03015 37571.5 -0.607546 -1.00878 -0.861779 1.00662 0.00044651 -1 -1 1 0 0.0149209 -0.234976 -0.00798556 0.0149209 -0.234976 -0.00798556 0 0 0 -0.00578419 -0.00141785 -0.000888923 0.3 0.3
52 1 8.50027 -0.48508 -3.46191 35627.9 -0.608943 0.752934 1.18483 1.00687 0.000248947 0.766655 1.23335 1 0 0.0233257 0.0824756 -0.0018192 0.0233257 0.0824756 -0.0018192 0 0 0 0.0273851 -0.00519103 -0.000569026 0.3 0.3
52 2 8.50027 -1.03665 -1.47319 37906.1 -0.38827 1.20712 0.715607 0.944647 -0.0013246 1.23335 0.766655 1 0 0.0445831 0.086781 0.0879027 0.0445831 0.086781 0.0879027 0 0 0 -0.0209396 -0.0409074 0.00307828 0.3 0.3
52 0 8.55024 11.5548 9.18873 37838.2 -0.403483 -1.00753 -0.864627 1.00593 0.000961903 -1 -1 1 0 0.0127965 -0.230134 -0.00486087 0.0127965 -0.230134 -0.00486087 0 0 0 -0.00622371 0.00486312 -0.00193895 0.3 0.3
52 1 8.55024 -0.394624 -3.56942 35686 1.11487 0.752517 1.18615 1.0054 -0.00173903 0.766655 1.23335 1 0 0.0240335 0.0802379 -0.000199925 0.0240335 0.0802379 -0.000199925 0 0 0 0.0276792 -0.00934599 0.00334908 0.3 0.3
52 2 8.55024 -1.01537 -1.64518 37823.7 0.294661 1.20803 0.715503 0.942681 -0.00127524 1.23335 0.766655 1 0 0.0430429 0.0869581 0.0900317 0.0430429 0.0869581 0.0900317 0 0 0 -0.0223177 -0.0432724 0.00303419 0.3 0.3
52 0 8.60029 11.6627 8.91144 37248.5 -3.14694 -1.00647 -0.867519 1.00542 0.00588735 -1 -1 1 0 0.0109925 -0.225217 -0.00498948 0.0109925 -0.225217 -0.00498948 0 0 0 -0.00470951 0.00233526 -0.0117803 0.3 0.3
52 1 8.60029 -0.468527 -3.69889 35740.7 -0.748338 0.75214 1.18719 1.00397 6.45593e-05 0.766655 1.23335 1 0 0.0246745 0.0784645 0.00158966 0.0246745 0.0784645 0.00158966 0 0 0 0.0291461 -0.00872732 -0.000256327 0.3 0.3
52 2 8.60029 -0.843982 -1.56834 37964.9 -0.372276 1.20855 0.715536 0.940727 -0.000353145 1.23335 0.766655 1 0 0.0421502 0.0869015 0.0927723 0.0421502 0.0869015 0.0927723 0 0 0 -0.00912665 -0.0178548 0.000787805 0.3 0.3
52 0 8.65024 11.8755 8.79356 37187 -2.31282 -1.0058 -0.870465 1.00506 0.00778691 -1 -1 1 0 0.00985191 -0.22021 -0.00529642 0.00985191 -0.22021 -0.00529642 0 0 0 -0.00226985 -0.0096098 -0.0155633 0.3 0.3
52 1 8.65024 -0.221115 -3.55986 35827 0.703058 0.751462 1.1883 1.00251 -0.00116436 0.766655 1.23335 1 0 0.0258273 0.076583 0.00375216 0.0258273 0.076583 0.00375216 0 0 0 0.0308365 -0.0099633 0.0021754 0.3 0.3
52 2 8.65024 -1.54945 -2.06953 37247.5 0.374172 1.2099 0.714956 0.939422 -0.000626346 1.23335 0.766655 1 0 0.0398521 0.0878888 0.0913242 0.0398521 0.0878888 0.0913242 0 0 0 -0.0237382 -0.0438911 0.00177414 0.3 0.3
52 0 8.70027 11.754 9.19237 37618.1 -0.533697 -1.00519 -0.872888 1.00446 0.00607892 -1 -1 1 0 0.00881755 -0.21609 -0.00325182 0.00881755 -0.21609 -0.00325182 0 0 0 -0.00578105 -1.09725e-05 -0.0121579 0.3 0.3
52 1 8.70027 -0.21089 -3.66851 35705.9 0.50566 0.750694 1.18924 1.00116 -0.00162711 0.766655 1.23335 1 0 0.0271326 0.0749747 0.00513979 0.0271326 0.0749747 0.00513979 0 0 0 0.0249256 -0.00970466 0.00313356 0.3 0.3
52 2 8.70027 -0.632144 -1.53432 38353 -0.655397 1.21023 0.714938 0.937686 0.000560968 1.23335 0.766655 1 0 0.0392919 0.0879192 0.0959528 0.0392919 0.0879192 0.0959528 0 0 0 -0.0120394 -0.0213697 -0.000993375 0.3 0.3
52 0 8.75025 11.8747 9.05851 37171 -1.33441 -1.00481 -0.875249 1.00408 0.00625525 -1 -1 1 0 0.00818365 -0.212076 -0.0038113 0.00818365 -0.212076 -0.0038113 0 0 0 -0.0111392 0.0077574 -0.0125541 0.3 0.3
52 1 8.75025 -0.142663 -3.82226 35911.2 0.62335 0.749829 1.1899 0.999714 -0.00216592 0.766655 1.23335 1 0 0.0286041 0.0738622 0.00762504 0.0286041 0.0738622 0.00762504 0 0 0 0.0280998 -0.0115299 0.00417033 0.3 0.3
52 2 8.75025 -1.455 -2.06668 37441.9 1.07271 1.21135 0.71442 0.936453 -0.00114128 1.23335 0.766655 1 0 0.0373957 0.0887997 0.0950949 0.0373957 0.0887997 0.0950949 0 0 0 -0.0273865 -0.0473938 0.00293254 0.3 0.3
52 0 8.80024 12.0725 8.88567 37450.6 -3.34883 -1.00475 -0.877662 1.00361 0.00975643 -1 -1 1 0 0.00807482 -0.207974 -0.00272934 0.00807482 -0.207974 -0.00272934 0 0 0 0.000260632 0.00958789 -0.0195121 0.3 0.3
52 1 8.80024 -0.171465 -3.71947 35572 -0.116527 0.749009 1.19056 0.998517 -0.00125468 0.766655 1.23335 1 0 0.0299985 0.0727328 0.00809013 0.0299985 0.0727328 0.00809013 0 0 0 0.0276487 -0.00791194 0.00240024 0.3 0.3
52 2 8.80024 -0.916429 -1.80451 38315.1 1.25104 1.21195 0.714152 0.934873 -0.00279311 1.23335 0.766655 1 0 0.0363729 0.0892548 0.0991428 0.0363729 0.0892548 0.0991428 0 0 0 -0.0246096 -0.0419395 0.00610403 0.3 0.3
52 0 8.85022 11.9262 8.78448 36974 -2.08234 -1.00462 -0.880204 1.00351 0.0099732 -1 -1 1 0 0.00784704 -0.203653 -0.0044011 0.00784704 -0.203653 -0.0044011 0 0 0 -0.00124045 0.00381542 -0.0199491 0.3 0.3
52 1 8.85022 -0.0136588 -3.82231 35815.3 0.710348 0.748033 1.19108 0.997295 -0.00202722 0.766655 1.23335 1 0 0.0316563 0.0718587 0.00989745 0.0316563 0.0718587 0.00989745 0 0 0 0.0262721 -0.00662107 0.00396784 0.3 0.3
52 2 8.85022 -1.01374 -1.92681 37918.3 2.19954 1.21251 0.713852 0.93339 -0.00537399 1.23335 0.766655 1 0 0.0354165 0.0897649 0.100665 0.0354165 0.0897649 0.100665 0 0 0 -0.0280344 -0.0462637 0.0114006 0.3 0.3
52 0 8.90024 12.0591 8.64659 37087.5 -2.39014 -1.00464 -0.882937 1.00358 0.0106316 -1 -1 1 0 0.00789506 -0.199007 -0.00538776 0.00789506 -0.199007 -0.00538776 0 0 0 -0.00120591 0.00533307 -0.021267 0.3 0.3
52 1 8.90024 -0.0071364 -3.86589 35659.1 -0.473646 0.747029 1.19147 0.996218 -0.000568987 0.766655 1.23335 1 0 0.0333633 0.0711891 0.0106795 0.0333633 0.0711891 0.0106795 0 0 0 0.0263293 -0.00554316 0.0010651 0.3 0.3
52 2 8.90024 -0.724566 -1.65984 38168.5 1.58836 1.21262 0.713971 0.931776 -0.00640038 1.23335 0.766655 1 0 0.0352356 0.0895618 0.103579 0.0352356 0.0895618 0.103579 0 0 0 -0.0106541 -0.0177282 0.012896 0.3 0.3
52 0 8.95026 11.9254 8.88604 37432.7 -0.687932 -1.0046 -0.885454 1.00351 0.00821732 -1 -1 1 0 0.00782008 -0.194728 -0.00456293 0.00782008 -0.194728 -0.00456293 0 0 0 -0.00450864 0.0107394 -0.0164593 0.3 0.3
52 1 8.95026 0.10488 -3.82128 35736.8 0.633555 0.745915 1.19188 0.99519 -0.00146897 0.766655 1.23335 1 0 0.035257 0.070489 0.0118485 0.035257 0.070489 0.0118485 0 0 0 0.0243722 -0.00892098 0.00282947 0.3 0.3
52 2 8.95026 -1.21993 -2.36568 37197 3.95661 1.21329 0.71332 0.930933 -0.010613 1.23335 0.766655 1 0 0.0340993 0.0906686 0.100884 0.0340993 0.0906686 0.100884 0 0 0 -0.0299099 -0.0405457 0.0218397 0.3 0.3
52 0 9.00028 12.1104 8.33243 37031.4 -3.99053 -1.00471 -0.888497 1.00369 0.012127 -1 -1 1 0 0.00800774 -0.189556 -0.0060656 0.00800774 -0.189556 -0.0060656 0 0 0 -0.00143714 0.0108421 -0.0242627 0.3 0.3
52 1 9.00028 0.0763055 -4.03045 35694.8 0.67952 0.744877 1.19201 0.994265 -0.00210837 0.766655 1.23335 1 0 0.0370216 0.0702739 0.0126692 0.0370216 0.0702739 0.0126692 0 0 0 0.0224912 -0.00624857 0.00414677 0.3 0.3
52 2 9.00028 -0.925312 -2.00334 37977.7 0.420686 1.2137 0.712936 0.93002 -0.00761865 1.23335 0.766655 1 0 0.0333954 0.0913218 0.102563 0.0333954 0.0913218 0.102563 0 0 0 -0.0329485 -0.0454881 0.015993 0.3 0.3
52 0 9.05024 11.9878 8.7375 37449.6 -0.480237 -1.00477 -0.891223 1.00369 0.00886944 -1 -1 1 0 0.00810887 -0.18492 -0.00516009 0.00810887 -0.18492 -0.00516009 0 0 0 -0.00507348 0.0168797 -0.0177826 0.3 0.3
52 1 9.05024 0.144303 -3.93564 35706.8 0.838026 0.743837 1.19217 0.993413 -0.00279446 0.766655 1.23335 1 0 0.0387895 0.0699953 0.0134866 0.0387895 0.0699953 0.0134866 0 0 0 0.0244731 -0.00268874 0.00555644 0.3 0.3
52 2 9.05024 -0.612011 -1.66482 38438 2.92878 1.21359 0.713157 0.928703 -0.010053 1.23335 0.766655 1 0 0.0335821 0.0909469 0.106409 0.0335821 0.0909469 0.106409 0 0 0 -0.022252 -0.0278768 0.0204197 0.3 0.3
52 0 9.10024 11.8932 8.19548 37222.9 -5.14294 -1.00455 -0.894373 1.00376 0.014499 -1 -1 1 0 0.00774328 -0.179566 -0.00561798 0.00774328 -0.179566 -0.00561798 0 0 0 0.00799857 0.000130619 -0.0289986 0.3 0.3
52 1 9.10024 0.115647 -3.99684 35696.8 0.665395 0.742905 1.19227 0.99264 -0.00297483 0.766655 1.23335 1 0 0.0403746 0.0698204 0.0141677 0.0403746 0.0698204 0.0141677 0 0 0 0.023452 -0.00236537 0.00592234 0.3 0.3
52 2 9.10024 -1.2331 -2.22065 37760.7 4.50751 1.21419 0.712916 0.927685 -0.0139599 1.23335 0.766655 1 0 0.0325668 0.0913566 0.106331 0.0325668 0.0913566 0.106331 0 0 0 -0.031388 -0.0451998 0.0286408 0.3 0.3
52 0 9.15024 12.0516 8.41945 36990.8 0.479437 -1.00458 -0.897481 1.00408 0.00887171 -1 -1 1 0 0.0077911 -0.174283 -0.00729605 0.0077911 -0.174283 -0.00729605 0 0 0 0.00266481 0.0204967 -0.0177173 0.3 0.3
52 1 9.15024 0.158546 -4.02266 35855.2 1.4451 0.742032 1.19234 0.991802 -0.00441617 0.766655 1.23335 1 0 0.0418582 0.069711 0.0156615 0.0418582 0.069711 0.0156615 0 0 0 0.0244941 -0.00493556 0.00877261 0.3 0.3
52 2 9.15024 -0.680002 -1.87542 37793.2 3.06881 1.21425 0.713023 0.926861 -0.0142915 1.23335 0.766655 1 0 0.0324602 0.0911747 0.1065 0.0324602 0.0911747 0.1065 0 0 0 -0.0307608 -0.047467 0.0293257 0.3 0.3
52 0 9.20022 11.8954 7.95641 36922.4 -3.61329 -1.00442 -0.901065 1.00464 0.0119429 -1 -1 1 0 0.00750921 -0.16819 -0.00933091 0.00750921 -0.16819 -0.00933091 0 0 0 0.00629672 0.0126412 -0.0238472 0.3 0.3
52 1 9.20022 0.243608 -4.03708 35829 1.91532 0.741152 1.19239 0.990954 -0.00611451 0.766655 1.23335 1 0 0.0433553 0.0696283 0.0169129 0.0433553 0.0696283 0.0169129 0 0 0 0.0240127 -0.0005222 0.0122237 0.3 0.3
52 2 9.20022 -0.441582 -1.79307 38212.7 3.62493 1.2138 0.713394 0.925861 -0.015666 1.23335 0.766655 1 0 0.0332287 0.0905429 0.108813 0.0332287 0.0905429 0.108813 0 0 0 -0.0209801 -0.0273626 0.0316251 0.3 0.3
52 0 9.25023 11.615 8.09246 37101 0.122404 -1.00388 -0.904707 1.00526 0.00775145 -1 -1 1 0 0.00659989 -0.161998 -0.0104117 0.00659989 -0.161998 -0.0104117 0 0 0 0.00304311 0.00885042 -0.0154898 0.3 0.3
52 1 9.25023 0.152707 -4.07374 35605.5 1.42521 0.740458 1.1924 0.990293 -0.00645021 0.766655 1.23335 1 0 0.0445346 0.0696003 0.0168904 0.0445346 0.0696003 0.0168904 0 0 0 0.0244308 -0.000121841 0.0129 0.3 0.3
52 2 9.25023 -1.05522 -2.25347 37484.2 3.16553 1.21403 0.713291 0.92538 -0.0153631 1.23335 0.766655 1 0 0.0328385 0.0907188 0.10687 0.0328385 0.0907188 0.10687 0 0 0 -0.0343047 -0.0520372 0.0316351 0.3 0.3
52 0 9.30027 11.7659 7.96979 37016.6 -1.41965 -1.00343 -0.908466 1.00598 0.00751547 -1 -1 1 0 0.00582919 -0.155608 -0.0120243 0.00582919 -0.155608 -0.0120243 0 0 0 -0.00552688 0.00986056 -0.0150586 0.3 0.3
52 1 9.30027 0.282835 -4.08355 35583.6 1.68221 0.739718 1.19242 0.989803 -0.00712297 0.766655 1.23335 1 0 0.0457923 0.0695778 0.0167275 0.0457923 0.0695778 0.0167275 0 0 0 0.0240574 -0.00328008 0.0142076 0.3 0.3
52 2 9.30027 -0.438518 -1.86238 38181.9 3.24204 1.21364 0.713567 0.924698 -0.0154989 1.23335 0.766655 1 0 0.0335049 0.0902499 0.108834 0.0335049 0.0902499 0.108834 0 0 0 -0.034911 -0.0505865 0.031897 0.3 0.3
52 0 9.35026 11.725 7.6788 37181.1 -3.56905 -1.00288 -0.912461 1.00666 0.0109721 -1 -1 1 0 0.00490387 -0.148816 -0.0126928 0.00490387 -0.148816 -0.0126928 0 0 0 0.000253078 0.00589931 -0.021944 0.3 0.3
52 1 9.35026 0.212021 -4.33626 35810.2 1.42237 0.739124 1.1921 0.989261 -0.0071204 0.766655 1.23335 1 0 0.0468026 0.0701169 0.0177379 0.0468026 0.0701169 0.0177379 0 0 0 0.0291122 -0.0020221 0.014213 0.3 0.3
52 2 9.35026 -0.561407 -1.85094 38026.5 3.29426 1.21322 0.71403 0.924038 -0.0157307 1.23335 0.766655 1 0 0.0342201 0.0894625 0.109633 0.0342201 0.0894625 0.109633 0 0 0 -0.0323979 -0.0475836 0.0322468 0.3 0.3
52 0 9.40026 11.5513 8.00991 37530.1 -0.536026 -1.00214 -0.916064 1.00699 0.00818299 -1 -1 1 0 0.0036322 -0.142691 -0.0114305 0.0036322 -0.142691 -0.0114305 0 0 0 -0.00991843 0.0111206 -0.0164218 0.3 0.3
52 1 9.40026 0.14708 -4.335 35623.8 1.97432 0.73874 1.19169 0.988861 -0.00800423 0.766655 1.23335 1 0 0.0474546 0.0708083 0.0175975 0.0474546 0.0708083 0.0175975 0 0 0 0.033857 0.00242229 0.0160519 0.3 0.3
52 2 9.40026 -0.441067 -1.95766 37808.4 4.08527 1.21264 0.714442 0.923596 -0.0172528 1.23335 0.766655 1 0 0.0351964 0.0887621 0.109181 0.0351964 0.0887621 0.109181 0 0 0 -0.0281785 -0.0416387 0.035105 0.3 0.3
52 0 9.45027 11.5095 7.55559 37054.6 -1.24024 -1.0013 -0.920067 1.00746 0.00752496 -1 -1 1 0 0.00220915 -0.135886 -0.0128061 0.00220915 -0.135886 -0.0128061 0 0 0 -0.0055436 0.0112972 -0.0150817 0.3 0.3
52 1 9.45027 0.14183 -4.49849 35741.3 1.43691 0.738494 1.19105 0.988469 -0.00768592 0.766655 1.23335 1 0 0.0478731 0.071899 0.0181049 0.0478731 0.071899 0.0181049 0 0 0 0.0357192 0.00652028 0.015491 0.3 0.3
52 2 9.45027 -0.5209 -2.14159 37708 1.29661 1.21214 0.7146 0.923419 -0.013462 1.23335 0.766655 1 0 0.0360555 0.0884924 0.108101 0.0360555 0.0884924 0.108101 0 0 0 -0.0326627 -0.0483674 0.0277264 0.3 0.3
52 0 9.50023 11.485 7.82562 37073.3 0.593769 -1.00049 -0.92382 1.008 0.00402269 -1 -1 1 0 0.000838995 -0.129505 -0.013902 0.000838995 -0.129505 -0.013902 0 0 0 -0.00928721 0.00770502 -0.00808133 0.3 0.3
52 1 9.50023 0.0123757 -4.78266 35640.9 1.8738 0.738541 1.18997 0.988183 -0.00817889 0.766655 1.23335 1 0 0.0477928 0.0737357 0.0179734 0.0477928 0.0737357 0.0179734 0 0 0 0.0425632 0.00989512 0.0165725 0.3 0.3
52 2 9.50023 -0.381998 -1.89322 37985.3 2.18355 1.21148 0.715023 0.923228 -0.0124907 1.23335 0.766655 1 0 0.0371673 0.087774 0.108439 0.0371673 0.087774 0.108439 0 0 0 -0.0314496 -0.0490571 0.0257643 0.3 0.3
52 0 9.55019 11.4832 7.46351 36997.2 -4.31682 -0.999609 -0.927686 1.00866 0.00986826 -1 -1 1 0 -0.00066461 -0.122934 -0.01542 -0.00066461 -0.122934 -0.01542 0 0 0 -0.0107054 0.00658906 -0.0197725 0.3 0.3
52 1 9.55019 -0.184312 -4.98202 35589.4 1.77767 0.739019 1.1885 0.988029 -0.0082797 0.766655 1.23335 1 0 0.0469807 0.0762355 0.0175322 0.0469807 0.0762355 0.0175322 0 0 0 0.038811 0.0211287 0.0169737 0.3 0.3
52 2 9.55019 -0.433932 -1.9644 38034.4 2.53198 1.21089 0.715463 0.923011 -0.0125217 1.23335 0.766655 1 0 0.0381761 0.087026 0.108871 0.0381761 0.087026 0.108871 0 0 0 -0.0278804 -0.0404838 0.0256161 0.3 0.3
52 0 9.60024 11.3628 7.57742 37173.6 -0.496168 -0.998614 -0.931387 1.00926 0.00738935 -1 -1 1 0 -0.00235638 -0.116642 -0.0159347 -0.00235638 -0.116642 -0.0159347 0 0 0 -0.0127832 0.00854589 -0.0148339 0.3 0.3
52 1 9.60024 -0.049719 -5.25226 36008.5 1.57816 0.739501 1.18656 0.98762 -0.00814778 0.766655 1.23335 1 0 0.0461621 0.0795302 0.0193775 0.0461621 0.0795302 0.0193775 0 0 0 0.0432507 0.0127765 0.0165762 0.3 0.3
52 2 9.60024 -0.22875 -1.93174 38055.3 -0.839349 1.21004 0.71597 0.922767 -0.00706777 1.23335 0.766655 1 0 0.0396253 0.086164 0.109341 0.0396253 0.086164 0.109341 0 0 0 -0.0149504 -0.0193885 0.0142816 0.3 0.3
52 0 9.65023 11.2731 7.63864 37549 -0.621376 -0.997522 -0.934854 1.00948 0.00597304 -1 -1 1 0 -0.0042125 -0.110748 -0.0143741 -0.0042125 -0.110748 -0.0143741 0 0 0 -0.0127559 0.00187909 -0.0119584 0.3 0.3
52 1 9.65023 -0.496257 -5.57107 35468.9 1.77061 0.74064 1.18409 0.987498 -0.00828987 0.766655 1.23335 1 0 0.0442251 0.083726 0.0181096 0.0442251 0.083726 0.0181096 0 0 0 0.0457065 0.0161268 0.0169534 0.3 0.3
52 2 9.65023 -0.533328 -2.1933 37534.9 1.05925 1.20956 0.716155 0.922969 -0.00645552 1.23335 0.766655 1 0 0.0404276 0.08585 0.106841 0.0404276 0.08585 0.106841 0 0 0 -0.0149737 -0.0183797 0.0130496 0.3 0.3
52 0 9.70024 11.4148 7.61791 37460.1 -1.38848 -0.99663 -0.938118 1.00948 0.00624219 -1 -1 1 0 -0.00572837 -0.105199 -0.0133039 -0.00572837 -0.105199 -0.0133039 0 0 0 -0.0168014 0.013697 -0.0126003 0.3 0.3
52 1 9.70024 -0.594574 -5.86386 35749 2.28936 0.742179 1.18113 0.987342 -0.0093298 0.766655 1.23335 1 0 0.0416091 0.0887626 0.0185015 0.0416091 0.0887626 0.0185015 0 0 0 0.0451808 0.0118048 0.0189317 0.3 0.3
52 2 9.70024 -0.925435 -2.30371 37521.1 0.0403388 1.20982 0.716081 0.923525 -0.00414978 1.23335 0.766655 1 0 0.0399939 0.0859756 0.104277 0.0399939 0.0859756 0.104277 0 0 0 -0.0264205 -0.0406691 0.00883938 0.3 0.3
52 0 9.75025 11.1508 7.71864 37279.6 0.391365 -0.995548 -0.941129 1.00946 0.00355804 -1 -1 1 0 -0.00756838 -0.100081 -0.0131083 -0.00756838 -0.100081 -0.0131083 0 0 0 -0.012135 -0.00544925 -0.00708319 0.3 0.3
52 1 9.75025 -0.836099 -6.05809 35432.4 2.00506 0.744216 1.17783 0.987454 -0.00948522 0.766655 1.23335 1 0 0.0381461 0.0943756 0.017006 0.0381461 0.0943756 0.017006 0 0 0 0.0400161 0.0165425 0.0193062 0.3 0.3
52 2 9.75025 -0.127665 -1.79545 38137.7 -1.22931 1.20924 0.716635 0.923852 -0.000819992 1.23335 0.766655 1 0 0.0409729 0.0850343 0.104982 0.0409729 0.0850343 0.104982 0 0 0 -0.0121385 -0.0189243 0.00175495 0.3 0.3
52 0 9.80031 11.2511 7.82127 37390.9 1.72831 -0.994678 -0.943908 1.00929 -0.000524861 -1 -1 1 0 -0.00904797 -0.0953556 -0.0121944 -0.00904797 -0.0953556 -0.0121944 0 0 0 -0.0195432 0.00172001 0.00103297 0.3 0.3
52 1 9.80031 -1.07087 -6.38217 35805.8 1.44165 0.74671 1.17413 0.987446 -0.00864593 0.766655 1.23335 1 0 0.0339063 0.10067 0.0176172 0.0339063 0.10067 0.0176172 0 0 0 0.0386827 0.0198313 0.0176798 0.3 0.3
52 2 9.80031 -0.927998 -2.57949 37451.3 -0.352537 1.20952 0.716337 0.924623 0.000300418 1.23335 0.766655 1 0 0.0404949 0.0855396 0.101661 0.0404949 0.0855396 0.101661 0 0 0 -0.0281437 -0.0427521 7.0016e-07 0.3 0.3
52 0 9.85024 11.2952 7.72296 37091.5 -1.11597 -0.993952 -0.946558 1.00928 0.00150877 -1 -1 1 0 -0.0102814 -0.0908517 -0.0129391 -0.0102814 -0.0908517 -0.0129391 0 0 0 -0.0177221 0.00132733 -0.00302942 0.3 0.3
52 1 9.85024 -1.31196 -6.57672 35667.5 1.3857 0.749654 1.17017 0.987483 -0.00802533 0.766655 1.23335 1 0 0.0289018 0.107391 0.0173388 0.0289018 0.107391 0.0173388 0 0 0 0.0388915 0.0180666 0.0164059 0.3 0.3
52 2 9.85024 -0.175088 -1.96281 38269.6 -0.573791 1.20907 0.716626 0.925021 0.00101253 1.23335 0.766655 1 0 0.0412668 0.085049 0.102978 0.0412668 0.085049 0.102978 0 0 0 -0.0142724 -0.0159192 -0.00191157 0.3 0.3
52 0 9.90027 11.3884 7.71272 37111.2 0.126811 -0.993478 -0.949099 1.00936 0.00081175 -1 -1 1 0 -0.0110871 -0.0865311 -0.0135018 -0.0110871 -0.0865311 -0.0135018 0 0 0 -0.00993178 -0.00516318 -0.00159789 0.3 0.3
52 1 9.90027 -1.5692 -6.92525 35972.3 1.23978 0.753035 1.16584 0.987286 -0.00740817 0.766655 1.23335 1 0 0.0231544 0.114755 0.0187853 0.0231544 0.114755 0.0187853 0 0 0 0.0383251 0.0131614 0.0150718 0.3 0.3
52 2 9.90027 -0.791284 -2.22469 37412.7 -0.803468 1.20924 0.716775 0.925905 0.00203112 1.23335 0.766655 1 0 0.0409792 0.0847962 0.0993033 0.0409792 0.0847962 0.0993033 0 0 0 -0.0134335 -0.016847 -0.00394932 0.3 0.3
52 0 9.95027 11.4138 7.72093 37139 -2.17714 -0.993105 -0.951384 1.00949 0.00417732 -1 -1 1 0 -0.0117211 -0.0826467 -0.013941 -0.0117211 -0.0826467 -0.013941 0 0 0 -0.0185419 -0.0030165 -0.00832707 0.3 0.3
52 1 9.95027 -1.86324 -7.17719 35565.5 0.76069 0.756875 1.16122 0.987268 -0.00616757 0.766655 1.23335 1 0 0.0166258 0.12261 0.0179143 0.0166258 0.12261 0.0179143 0 0 0 0.0344826 0.0141443 0.0125812 0.3 0.3
52 2 9.95027 -0.790446 -2.63495 37463 -1.26412 1.20964 0.716332 0.927106 0.00375848 1.23335 0.766655 1 0 0.0403028 0.0855484 0.0960535 0.0403028 0.0855484 0.0960535 0 0 0 -0.0306464 -0.0436912 -0.00685001 0.3 0.3
52 0 10.0003 11.384 7.88734 37431.4 1.675 -0.992857 -0.953384 1.00941 -6.63488e-06 -1 -1 1 0 -0.0121429 -0.0792464 -0.0127734 -0.0121429 -0.0792464 -0.0127734 0 0 0 -0.0123417 -0.0032177 3.31263e-05 0.3 0.3
52 1 10.0003 -2.09254 -7.33764 35607.6 0.86347 0.76106 1.15651 0.987339 -0.00551731 0.766655 1.23335 1 0 0.00951124 0.130616 0.0173696 0.00951124 0.130616 0.0173696 0 0 0 0.0345676 0.0132427 0.0112655 0.3 0.3
52 2 10.0003 -0.353769 -2.06629 38156.4 -2.17101 1.20953 0.7165 0.927969 0.0060104 1.23335 0.766655 1 0 0.0404912 0.085264 0.0965336 0.0404912 0.085264 0.0965336 0 0 0 -0.0176913 -0.0246818 -0.0118039 0.3 0.3
52 0 10.0502 11.5552 7.76789 37317 -2.00163 -0.99285 -0.955253 1.00927 0.00333166 -1 -1 1 0 -0.0121543 -0.0760705 -0.0122818 -0.0121543 -0.0760705 -0.0122818 0 0 0 -0.0151333 -0.00261355 -0.00664375 0.3 0.3
52 1 10.0502 -2.36182 -7.65752 35770.2 0.0121642 0.765557 1.15157 0.987347 -0.00367115 0.766655 1.23335 1 0 0.00186595 0.139016 0.0176736 0.00186595 0.139016 0.0176736 0 0 0 0.0375902 0.0111799 0.00755389 0.3 0.3
52 2 10.0502 -0.981508 -2.59687 37329.3 0.13508 1.21013 0.716171 0.929311 0.00407406 1.23335 0.766655 1 0 0.039469 0.085822 0.092242 0.039469 0.085822 0.092242 0 0 0 -0.0326495 -0.044581 -0.0074233 0.3 0.3
52 0 10.1002 11.5969 7.88301 37235.1 -0.707234 -0.993011 -0.956834 1.00915 0.00341806 -1 -1 1 0 -0.0118806 -0.0733824 -0.0121746 -0.0118806 -0.0733824 -0.0121746 0 0 0 -0.011594 -0.0085654 -0.00678665 0.3 0.3
52 1 10.1002 -2.70531 -7.97927 35656.2 0.87542 0.770495 1.14636 0.987414 -0.0038816 0.766655 1.23335 1 0 -0.00652886 0.147882 0.017289 -0.00652886 0.147882 0.017289 0 0 0 0.0342069 0.0110902 0.00795418 0.3 0.3
52 2 10.1002 -0.370609 -2.17297 38313.6 -2.16251 1.21012 0.71631 0.930151 0.00618639 1.23335 0.766655 1 0 0.0394745 0.0855855 0.0935966 0.0394745 0.0855855 0.0935966 0 0 0 -0.0195458 -0.0218721 -0.0121604 0.3 0.3
52 0 10.1502 11.6968 7.98201 37181.9 -0.506308 -0.993397 -0.958114 1.00907 0.00313306 -1 -1 1 0 -0.0112254 -0.0712054 -0.012332 -0.0112254 -0.0712054 -0.012332 0 0 0 -0.0128656 -0.00859342 -0.00621103 0.3 0.3
52 1 10.1502 -2.84917 -8.2444 35893.7 0.522097 0.775604 1.14093 0.987315 -0.00343689 0.766655 1.23335 1 0 -0.0152145 0.157102 0.018248 -0.0152145 0.157102 0.018248 0 0 0 0.0316591 0.0104435 0.00704009 0.3 0.3
52 2 10.1502 -1.13548 -2.59267 37144.9 -0.19811 1.211 0.716053 0.931656 0.00476672 1.23335 0.766655 1 0 0.037982 0.0860226 0.0881946 0.037982 0.0860226 0.0881946 0 0 0 -0.0348172 -0.0451122 -0.00875178 0.3 0.3
52 0 10.2002 11.8757 8.09806 37433.5 -2.71219 -0.99404 -0.958944 1.00882 0.00658001 -1 -1 1 0 -0.0101323 -0.0697946 -0.0110845 -0.0101323 -0.0697946 -0.0110845 0 0 0 -0.0125034 0.000781912 -0.0131653 0.3 0.3
52 1 10.2002 -3.18589 -8.49041 35833.7 -0.254096 0.780958 1.13541 0.98715 -0.00190499 0.766655 1.23335 1 0 -0.0243151 0.166486 0.0188174 -0.0243151 0.166486 0.0188174 0 0 0 0.0291806 0.00333015 0.00385899 0.3 0.3
52 2 10.2002 -0.248852 -2.05396 38145.7 -0.910364 1.21095 0.716464 0.93275 0.00450918 1.23335 0.766655 1 0 0.0380683 0.0853251 0.0886464 0.0380683 0.0853251 0.0886464 0 0 0 -0.0157344 -0.0191513 -0.00886841 0.3 0.3
52 0 10.2502 11.8425 7.84065 37112.2 -1.39326 -0.994731 -0.959923 1.00871 0.00673552 -1 -1 1 0 -0.00895799 -0.0681315 -0.0116669 -0.00895799 -0.0681315 -0.0116669 0 0 0 -0.00648414 -0.0156144 -0.013421 0.3 0.3
52 1 10.2502 -3.44096 -8.63527 35552.9 0.974041 0.786578 1.12994 0.98717 -0.00287969 0.766655 1.23335 1 0 -0.0338689 0.175785 0.0178619 -0.0338689 0.175785 0.0178619 0 0 0 0.0334699 0.00348143 0.00581847 0.3 0.3
52 2 10.2502 -0.902566 -2.68172 37447.4 -2.05391 1.21146 0.716261 0.934185 0.00648111 1.23335 0.766655 1 0 0.0371997 0.0856692 0.0849592 0.0371997 0.0856692 0.0849592 0 0 0 -0.0176779 -0.0234247 -0.0127566 0.3 0.3
52 0 10.3003 12.0047 8.19288 37623.7 -1.26375 -0.99565 -0.96043 1.00826 0.00658812 -1 -1 1 0 -0.00739521 -0.0672688 -0.00932186 -0.00739521 -0.0672688 -0.00932186 0 0 0 -0.00833945 -0.00402878 -0.0131597 0.3 0.3
52 1 10.3003 -3.56456 -9.06948 35799 -1.18708 0.792148 1.12417 0.987115 0.000100203 0.766655 1.23335 1 0 -0.043339 0.185595 0.0183149 -0.043339 0.185595 0.0183149 0 0 0 0.0359288 0.00655114 -8.2739e-05 0.3 0.3
52 2 10.3003 -0.97208 -2.58253 37183.8 -1.67747 1.21226 0.716009 0.936087 0.00741579 1.23335 0.766655 1 0 0.0358431 0.0860975 0.0799777 0.0358431 0.0860975 0.0799777 0 0 0 -0.0341685 -0.0433028 -0.0140974 0.3 0.3
52 0 10.3503 12.1584 7.95441 37270.3 -2.00764 -0.996821 -0.961043 1.00787 0.00774099 -1 -1 1 0 -0.00540351 -0.0662266 -0.00904199 -0.00540351 -0.0662266 -0.00904199 0 0 0 -0.00662264 -0.00380853 -0.0154696 0.3 0.3
52 1 10.3503 -3.76636 -9.17705 35732.9 -0.390284 0.797712 1.11845 0.987072 0.000679464 0.766655 1.23335 1 0 -0.0527966 0.195316 0.0183135 -0.0527966 0.195316 0.0183135 0 0 0 0.0251967 -0.00016634 -0.00136113 0.3 0.3
52 2 10.3503 -0.521671 -2.08318 38251.8 -0.789005 1.21256 0.71648 0.937429 0.00611708 1.23335 0.766655 1 0 0.0353411 0.0852972 0.0809327 0.0353411 0.0852972 0.0809327 0 0 0 -0.018909 -0.0231042 -0.0120171 0.3 0.3
52 0 10.4002 12.1026 8.08393 37391.7 -2.22209 -0.997946 -0.96146 1.00739 0.00886235 -1 -1 1 0 -0.00349115 -0.0655182 -0.00797494 -0.00349115 -0.0655182 -0.00797494 0 0 0 -0.0037479 -0.00574958 -0.0177143 0.3 0.3
52 1 10.4002 -4.1714 -9.66965 35706.6 -0.776739 0.803479 1.11244 0.98706 0.00172936 0.766655 1.23335 1 0 -0.0626007 0.205542 0.0181765 -0.0626007 0.205542 0.0181765 0 0 0 0.0323615 -0.00162835 -0.00348553 0.3 0.3
52 2 10.4002 -0.939283 -2.53557 37599.1 -1.64904 1.21322 0.716608 0.93891 0.00685642 1.23335 0.766655 1 0 0.0342049 0.0850801 0.0780583 0.0342049 0.0850801 0.0780583 0 0 0 -0.0195976 -0.0221008 -0.0134979 0.3 0.3
52 0 10.4502 12.1486 8.34703 37482 -0.1284 -0.999138 -0.961526 1.00678 0.00609946 -1 -1 1 0 -0.00146459 -0.0654051 -0.00643899 -0.00146459 -0.0654051 -0.00643899 0 0 0 -0.0163803 0.00468827 -0.0122378 0.3 0.3
52 1 10.4502 -4.2968 -9.69631 35548.1 -1.6577 0.809198 1.10655 0.987211 0.00384745 0.766655 1.23335 1 0 -0.0723239 0.215548 0.0171466 -0.0723239 0.215548 0.0171466 0 0 0 0.0354824 -0.00866243 -0.0078499 0.3 0.3
52 2 10.4502 -0.896578 -2.57726 37637.5 -2.50048 1.21395 0.71659 0.940459 0.008761 1.23335 0.766655 1 0 0.0329778 0.0851104 0.0756156 0.0329778 0.0851104 0.0756156 0 0 0 -0.0184043 -0.0205979 -0.0173343 0.3 0.3
56 0 10.5002 12.3805 7.94242 37201.6 -2.92388 -1.00057 -0.96193 1.00631 0.00897101 -1 -1 1 0 0.000970924 -0.0647187 -0.00647359 0.000970924 -0.0647187 -0.00647359 0 0 0 -0.0062338 -0.000992085 -0.0179393 0.3 0.3
56 1 10.5002 -4.11766 -10.1252 35970.7 0.525576 0.814455 1.10044 0.98712 0.00169366 0.766655 1.23335 1 0 -0.0812608 0.225932 0.018483 -0.0812608 0.225932 0.018483 0 0 0 0.0283007 -0.00422154 -0.00344742 0.3 0.3
56 2 10.5002 -1.18643 -2.61296 37246.9 -0.800523 1.21512 0.716482 0.942417 0.00754308 1.23335 0.766655 1 0 0.0309879 0.0852943 0.0709435 0.0309879 0.0852943 0.0709435 0 0 0 -0.0361916 -0.0495239 -0.014197 0.3 0.3
56 0 10.5502 12.462 8.12493 37545.2 -2.18521 -1.00191 -0.961965 1.00564 0.00961516 -0.999781 -0.999781 1 0 0.00757478 -0.0603376 -0.00455093 0.00757478 -0.0603376 -0.00455093 0 0 0 -0.00935896 0.00138486 -0.0192373 0.3 0.3
56 1 10.5502 -4.62697 -10.1935 35735.1 -0.240551 0.81963 1.09444 0.987064 0.0014943 0.766435 1.23313 1 0 -0.0944098 0.231793 0.0183955 -0.0944098 0.231793 0.0183955 0 0 0 0.0260728 -0.00865823 -0.00310176 0.3 0.3
56 2 10.5502 -0.744429 -1.86668 38247 -3.01032 1.21557 0.717196 0.943763 0.00981068 1.23313 0.766435 1 0 0.0258699 0.0797322 0.071956 0.0258699 0.0797322 0.071956 0 0 0 -0.0153854 -0.0193162 -0.0194746 0.3 0.3
56 0 10.6002 12.9367 7.67522 37618.9 -3.41831 -1.00343 -0.962058 1.00477 0.012109 -0.999123 -0.999123 1 0 0.0195643 -0.0507749 -0.00231375 0.0195643 -0.0507749 -0.00231375 0 0 0 -0.00609428 0.000551025 -0.0242205 0.3 0.3
56 1 10.6002 -4.81485 -10.2211 35737.8 0.261592 0.824494 1.08837 0.987019 0.000520075 0.765778 1.23247 1 0 -0.112043 0.23275 0.018397 -0.112043 0.23275 0.018397 0 0 0 0.0218694 -0.0141259 -0.00119471 0.3 0.3
56 2 10.6002 -1.45475 -2.25505 37396.5 -1.39349 1.21639 0.717343 0.945431 0.00891488 1.23247 0.765778 1 0 0.0151175 0.0701169 0.0680684 0.0151175 0.0701169 0.0680684 0 0 0 -0.0172453 -0.0240187 -0.0176248 0.3 0.3
56 0 10.6503 13.3043 7.31448 37696.5 -4.43503 -1.00513 -0.962276 1.00367 0.0154803 -0.998026 -0.998026 1 0 0.0330314 -0.0398239 0.000364049 0.0330314 -0.0398239 0.000364049 0 0 0 0.00491018 0.000521929 -0.0309606 0.3 0.3
56 1 10.6503 -4.99983 -10.2448 35752.3 -0.226442 0.828956 1.08232 0.986973 0.000687992 0.764681 1.23137 1 0 -0.130053 0.232597 0.0184643 -0.130053 0.232597 0.0184643 0 0 0 0.0217221 -0.0164395 -0.00155467 0.3 0.3
56 2 10.6503 -1.89647 -2.23622 37211.7 -2.9838 1.21767 0.717048 0.947493 0.0112854 1.23137 0.764681 1 0 0.00264087 0.0603174 0.0633595 0.00264087 0.0603174 0.0633595 0 0 0 -0.0317375 -0.0525689 -0.0217474 0.3 0.3
56 0 10.7003 13.1489 7.4744 37444.6 -2.25134 -1.00634 -0.962106 1.00261 0.0140702 -0.996492 -0.996492 1 0 0.0464602 -0.0287432 0.00164479 0.0464602 -0.0287432 0.00164479 0 0 0 -0.00495235 0.00696017 -0.0281587 0.3 0.3
56 1 10.7003 -5.389 -10.2475 35500.2 1.98935 0.833222 1.07653 0.987145 -0.00289904 0.763147 1.22984 1 0 -0.149121 0.230624 0.0171263 -0.149121 0.230624 0.0171263 0 0 0 0.0234676 -0.0244763 0.0055117 0.3 0.3
56 2 10.7003 -1.40906 -1.30033 37970.4 -2.41308 1.21807 0.717573 0.949116 0.0113263 1.22984 0.763147 1 0 -0.0102186 0.0472472 0.0629609 -0.0102186 0.0472472 0.0629609 0 0 0 -0.0114124 -0.0220701 -0.022529 0.3 0.3
56 0 10.7502 13.5051 7.50382 37477.1 0.774156 -1.00762 -0.961676 1.00155 0.00801109 -0.994522 -0.994522 1 0 0.0607209 -0.017388 0.00314787 0.0607209 -0.017388 0.00314787 0 0 0 -0.0149329 0.0226153 -0.0161927 0.3 0.3
56 1 10.7502 -5.25758 -10.4287 36159.4 -2.42335 0.836611 1.07052 0.986917 0.00205015 0.761177 1.22787 1 0 -0.166697 0.229037 0.0194591 -0.166697 0.229037 0.0194591 0 0 0 0.0264144 -0.0231318 -0.00440648 0.3 0.3
56 2 10.7502 -2.08832 -1.72049 37051.9 -3.35665 1.21881 0.717571 0.951294 0.0131789 1.22787 0.761177 1 0 -0.0230476 0.0356766 0.0573083 -0.0230476 0.0356766 0.0573083 0 0 0 -0.00964167 -0.0317071 -0.0262093 0.3 0.3
56 0 10.8002 13.7245 6.74573 36996.4 -4.54796 -1.00875 -0.961715 1.00091 0.0129318 -0.992115 -0.992115 1 0 0.0754503 -0.00450493 0.0019153 0.0754503 -0.00450493 0.0019153 0 0 0 -0.00944132 0.0189476 -0.0259552 0.3 0.3
56 1 10.8002 -5.70605 -10.3561 35703.6 -0.298406 0.839707 1.0646 0.986792 0.00176064 0.75877 1.22546 1 0 -0.184762 0.2263 0.019115 -0.184762 0.2263 0.019115 0 0 0 0.0316442 -0.0259102 -0.00393204 0.3 0.3
56 2 10.8002 -2.49725 -1.86978 37206.3 -2.77883 1.21985 0.716843 0.953705 0.0136982 1.22546 0.75877 1 0 -0.0376092 0.0241298 0.0527673 -0.0376092 0.0241298 0.0527673 0 0 0 -0.0235545 -0.0572219 -0.0267363 0.3 0.3
56 0 10.8502 13.6345 6.93429 37503.7 -1.64294 -1.0093 -0.961409 1.00016 0.0112899 -0.989272 -0.989272 1 0 0.0899205 0.00850863 0.00351124 0.0899205 0.00850863 0.00351124 0 0 0 -0.0159008 0.0238957 -0.0227725 0.3 0.3
56 1 10.8502 -5.89007 -10.4458 35651.3 -3.14791 0.842236 1.05854 0.986773 0.00637931 0.755927 1.22262 1 0 -0.202404 0.223257 0.0186128 -0.202404 0.223257 0.0186128 0 0 0 0.0373909 -0.0205633 -0.0131461 0.3 0.3
56 2 10.8502 -2.16991 -1.23254 37778.1 -1.89844 1.22022 0.716441 0.95582 0.0124322 1.22262 0.755927 1 0 -0.0515288 0.0115283 0.0513361 -0.0515288 0.0115283 0.0513361 0 0 0 -0.0240829 -0.061227 -0.0241411 0.3 0.3
56 0 10.9002 13.8147 6.86212 37609.5 -2.25025 -1.00946 -0.960743 0.999269 0.0112242 -0.985996 -0.985996 1 0 0.104446 0.0216353 0.00548688 0.104446 0.0216353 0.00548688 0 0 0 -0.017968 0.0257255 -0.0226827 0.3 0.3
56 1 10.9002 -5.98055 -10.5889 35598.5 0.0511553 0.844114 1.05232 0.986885 0.00407529 0.752651 1.21934 1 0 -0.220293 0.219131 0.0177969 -0.220293 0.219131 0.0177969 0 0 0 0.0370282 -0.0249409 -0.00861447 0.3 0.3
56 2 10.9002 -2.26371 -1.03693 38226.3 -4.08582 1.22004 0.716037 0.957297 0.0149018 1.21934 0.752651 1 0 -0.0661402 -0.00271352 0.0523415 -0.0661402 -0.00271352 0.0523415 0 0 0 -0.00643637 -0.0416449 -0.0296774 0.3 0.3
56 0 10.9503 13.7822 6.80136 37779.9 -0.423432 -1.00903 -0.959784 0.998119 0.00801136 -0.982284 -0.982284 1 0 0.11869 0.0349654 0.00837642 0.11869 0.0349654 0.00837642 0 0 0 -0.0274989 0.0362718 -0.0165258 0.3 0.3
56 1 10.9503 -6.20236 -10.5607 35228.9 -1.30094 0.845496 1.04605 0.98743 0.00481611 0.748939 1.21563 1 0 -0.237312 0.215127 0.0148803 -0.237312 0.215127 0.0148803 0 0 0 0.0390338 -0.0229063 -0.0100818 0.3 0.3
56 2 10.9503 -2.90436 -1.56267 37004.5 -3.5998 1.22014 0.714566 0.959357 0.0162851 1.21563 0.748939 1 0 -0.0807519 -0.0146548 0.0466345 -0.0807519 -0.0146548 0.0466345 0 0 0 -0.0226924 -0.0707613 -0.031791 0.3 0.3
56 0 11.0002 13.9597 6.22913 37197.6 -4.26883 -1.00813 -0.958977 0.997282 0.0124747 -0.978148 -0.978148 1 0 0.132816 0.049248 0.00799461 0.132816 0.049248 0.00799461 0 0 0 -0.0178031 0.0321047 -0.02524 0.3 0.3
56 1 11.0002 -6.42326 -10.8041 35516.4 -1.30009 0.846382 1.03941 0.988058 0.00526119 0.744803 1.21149 1 0 -0.254522 0.210698 0.0135753 -0.254522 0.210698 0.0135753 0 0 0 0.035616 -0.0297183 -0.0110546 0.3 0.3
56 2 11.0002 -2.61642 -0.906604 37514.6 -4.37068 1.21951 0.713249 0.961346 0.0182186 1.21149 0.744803 1 0 -0.0954946 -0.0282176 0.0441575 -0.0954946 -0.0282176 0.0441575 0 0 0 -0.0187426 -0.0755481 -0.0357584 0.3 0.3
56 0 11.0503 13.9053 6.56429 37378.7 -1.86542 -1.00654 -0.957417 0.996516 0.0112667 -0.973574 -0.973574 1 0 0.146456 0.0629498 0.00870346 0.146456 0.0629498 0.00870346 0 0 0 -0.0255768 0.0387931 -0.0230362 0.3 0.3
56 1 11.0503 -6.43613 -10.7562 35642.9 -0.556457 0.846575 1.03269 0.988668 0.00429489 0.740229 1.20692 1 0 -0.27079 0.206184 0.0128339 -0.27079 0.206184 0.0128339 0 0 0 0.0356855 -0.0346959 -0.00921166 0.3 0.3
56 2 11.0503 -2.22513 -0.605841 37668.2 -3.3557 1.21769 0.712097 0.963194 0.0174756 1.20692 0.740229 1 0 -0.107875 -0.0417393 0.0423972 -0.107875 -0.0417393 0.0423972 0 0 0 0.00233594 -0.0463851 -0.0350166 0.3 0.3
56 0 11.1003 13.729 7.09027 38066.9 4.57996 -1.00421 -0.9549 0.995232 -0.000743683 -0.968579 -0.968579 1 0 0.159557 0.0757276 0.0130955 0.159557 0.0757276 0.0130955 0 0 0 -0.0508938 0.0654119 -0.000176839 0.3 0.3
56 1 11.1003 -6.53525 -10.8555 35928.6 -1.7603 0.845972 1.02578 0.989012 0.00566069 0.735234 1.20192 1 0 -0.287747 0.199945 0.0136543 -0.287747 0.199945 0.0136543 0 0 0 0.0355931 -0.0371931 -0.0119872 0.3 0.3
56 2 11.1003 -3.04629 -0.918906 36540.5 -4.90172 1.21603 0.710062 0.965821 0.0197493 1.20192 0.735234 1 0 -0.124007 -0.0572314 0.034544 -0.124007 -0.0572314 0.034544 0 0 0 0.00498788 -0.0463698 -0.0396276 0.3 0.3
56 0 11.1502 13.8495 5.52561 36454.8 -7.5685 -1.00114 -0.953334 0.994968 0.0124543 -0.963163 -0.963163 1 0 0.172035 0.0907619 0.00836604 0.172035 0.0907619 0.00836604 0 0 0 -0.0226597 0.0367512 -0.0253315 0.3 0.3
56 1 11.1502 -6.62329 -10.7801 35754.8 -1.74801 0.84464 1.01884 0.989305 0.00656042 0.729818 1.19651 1 0 -0.302718 0.194508 0.0135034 -0.302718 0.194508 0.0135034 0 0 0 0.0346991 -0.0398608 -0.0138172 0.3 0.3
56 2 11.1502 -2.72171 -0.730979 37392.4 -4.84029 1.21362 0.707655 0.968362 0.021125 1.19651 0.729818 1 0 -0.136657 -0.0698871 0.0315826 -0.136657 -0.0698871 0.0315826 0 0 0 0.0121051 -0.0470391 -0.0425504 0.3 0.3
56 0 11.2002 14.02 6.20436 37729.5 -3.34511 -0.997556 -0.950709 0.994352 0.0138543 -0.95732 -0.95732 1 0 0.184322 0.104682 0.0109903 0.184322 0.104682 0.0109903 0 0 0 -0.0197895 0.0328405 -0.0280396 0.3 0.3
56 1 11.2002 -6.62416 -10.8444 35776.4 -1.68282 0.842453 1.01175 0.989524 0.00703987 0.723975 1.19067 1 0 -0.317167 0.188405 0.0135737 -0.317167 0.188405 0.0135737 0 0 0 0.0315774 -0.0466403 -0.014822 0.3 0.3
56 2 11.2002 -3.10756 -1.06692 37011.7 -4.05563 1.21103 0.704202 0.97118 0.0210416 1.19067 0.723975 1 0 -0.150342 -0.0821003 0.0262844 -0.150342 -0.0821003 0.0262844 0 0 0 -0.0058654 -0.0805582 -0.0418844 0.3 0.3
56 0 11.2502 13.6946 6.42669 37156.8 -1.63635 -0.992933 -0.947081 0.994025 0.0117785 -0.951056 -0.951056 1 0 0.195505 0.117557 0.00999564 0.195505 0.117557 0.00999564 0 0 0 -0.0328984 0.0347162 -0.0241354 0.3 0.3
56 1 11.2502 -6.54906 -10.7358 35496.4 -2.24601 0.839258 1.00468 0.989926 0.00837055 0.717711 1.1844 1 0 -0.330425 0.181737 0.0121046 -0.330425 0.181737 0.0121046 0 0 0 0.0280007 -0.0452582 -0.017381 0.3 0.3
56 2 11.2502 -2.39388 -0.334336 38198.2 -4.34917 1.20699 0.701061 0.973156 0.0209531 1.1844 0.717711 1 0 -0.161842 -0.0951332 0.0277805 -0.161842 -0.0951332 0.0277805 0 0 0 0.016758 -0.0589843 -0.0424234 0.3 0.3
56 0 11.3002 13.9778 6.08963 37372.8 -1.85894 -0.987955 -0.943155 0.993723 0.0107867 -0.944378 -0.944378 1 0 0.206765 0.130606 0.0103025 0.206765 0.130606 0.0103025 0 0 0 -0.0338344 0.0419902 -0.0222922 0.3 0.3
56 1 11.3002 -6.54351 -10.6292 35493.6 -1.8741 0.835119 0.9977 0.990456 0.00856878 0.711033 1.17772 1 0 -0.344131 0.172855 0.0106956 -0.344131 0.172855 0.0106956 0 0 0 0.0276706 -0.0496823 -0.0178323 0.3 0.3
56 2 11.3002 -3.16089 -1.19081 36810.1 -3.85714 1.20299 0.696362 0.975657 0.0205563 1.17772 0.711033 1 0 -0.176326 -0.108436 0.0214879 -0.176326 -0.108436 0.0214879 0 0 0 -0.000181116 -0.0864092 -0.0411461 0.3 0.3
56 0 11.3502 13.841 6.06699 37375.5 -3.06206 -0.982231 -0.938691 0.993454 0.0122174 -0.937281 -0.937281 1 0 0.217365 0.143346 0.0105068 0.217365 0.143346 0.0105068 0 0 0 -0.0328536 0.0383488 -0.0250733 0.3 0.3
56 1 11.3502 -6.49288 -10.4626 35364.6 -1.60398 0.830078 0.990918 0.991215 0.00831849 0.703935 1.17063 1 0 -0.35506 0.164887 0.0085219 -0.35506 0.164887 0.0085219 0 0 0 0.0222357 -0.0529355 -0.0172327 0.3 0.3
56 2 11.3502 -2.47815 -0.677804 37586 -3.02835 1.19768 0.691525 0.977877 0.0186523 1.17063 0.703935 1 0 -0.186377 -0.119281 0.0199373 -0.186377 -0.119281 0.0199373 0 0 0 0.00436788 -0.0792813 -0.0375095 0.3 0.3
56 0 11.4002 13.699 6.2406 37657.4 -2.28644 -0.975669 -0.93342 0.992973 0.0116743 -0.929777 -0.929777 1 0 0.22723 0.155407 0.0122437 0.22723 0.155407 0.0122437 0 0 0 -0.0438245 0.0445985 -0.0243382 0.3 0.3
56 1 11.4002 -6.29822 -10.2657 35610.5 -1.8994 0.823929 0.984387 0.991928 0.00856746 0.696432 1.16312 1 0 -0.366333 0.154261 0.00772476 -0.366333 0.154261 0.00772476 0 0 0 0.0242468 -0.0556419 -0.0178178 0.3 0.3
56 2 11.4002 -2.67953 -1.06785 37214.6 -3.22201 1.19176 0.685675 0.980168 0.0178606 1.16312 0.696432 1 0 -0.198554 -0.131586 0.0162443 -0.198554 -0.131586 0.0162443 0 0 0 1.97988e-06 -0.0829709 -0.035754 0.3 0.3
56 0 11.4502 13.5714 6.50493 37797.2 -0.910005 -0.968289 -0.927193 0.992214 0.00910923 -0.921864 -0.921864 1 0 0.236283 0.166419 0.0146937 0.236283 0.166419 0.0146937 0 0 0 -0.0401149 0.0513619 -0.0192589 0.3 0.3
56 1 11.4502 -6.16205 -10.0021 35523.6 -2.65723 0.816683 0.978185 0.992696 0.0100752 0.688519 1.15521 1 0 -0.375274 0.143546 0.00638082 -0.375274 0.143546 0.00638082 0 0 0 0.0216225 -0.053343 -0.0207359 0.3 0.3
56 2 11.4502 -2.5375 -0.960326 37498.4 -1.17557 1.18504 0.679302 0.982267 0.0137487 1.15521 0.688519 1 0 -0.208201 -0.141824 0.0143261 -0.208201 -0.141824 0.0143261 0 0 0 0.00626604 -0.0764717 -0.0277583 0.3 0.3
56 0 11.5003 13.4201 6.35317 37488.6 -1.37147 -0.960057 -0.920478 0.991505 0.00821143 -0.913538 -0.913538 1 0 0.24454 0.177255 0.0154336 0.24454 0.177255 0.0154336 0 0 0 -0.0382162 0.0511617 -0.0174094 0.3 0.3
56 1 11.5003 -6.07437 -9.76232 35584 -2.36423 0.808456 0.972284 0.993448 0.0105655 0.680192 1.14688 1 0 -0.383478 0.131386 0.00541855 -0.383478 0.131386 0.00541855 0 0 0 0.0212313 -0.0532677 -0.0217057 0.3 0.3
56 2 11.5003 -2.55901 -1.22919 36951.3 -3.20381 1.17767 0.671993 0.98468 0.0145772 1.14688 0.680192 1 0 -0.217617 -0.151341 0.00940602 -0.217617 -0.151341 0.00940602 0 0 0 5.93194e-05 -0.0892393 -0.0291871 0.3 0.3
56 0 11.5502 13.2489 6.45629 37350.7 -2.18602 -0.950944 -0.913071 0.990946 0.00901948 -0.904826 -0.904826 1 0 0.251871 0.187487 0.0154769 0.251871 0.187487 0.0154769 0 0 0 -0.0398063 0.0426508 -0.018896 0.3 0.3
56 1 11.5502 -5.86169 -9.5395 35638.9 -2.16396 0.799183 0.966671 0.994138 0.0104687 0.671481 1.13817 1 0 -0.389683 0.118962 0.0047743 -0.389683 0.118962 0.0047743 0 0 0 0.0256423 -0.0573438 -0.0216836 0.3 0.3
56 2 11.5502 -2.01141 -0.894897 38041 -0.239782 1.16898 0.664557 0.986354 0.00981825 1.13817 0.671481 1 0 -0.224673 -0.16052 0.0107903 -0.224673 -0.16052 0.0107903 0 0 0 0.0191875 -0.058224 -0.0202048 0.3 0.3
56 0 11.6002 13.2843 6.61404 37635.5 -2.42692 -0.941217 -0.904808 0.990259 0.00994005 -0.895712 -0.895712 1 0 0.258792 0.196895 0.0170733 0.258792 0.196895 0.0170733 0 0 0 -0.0373631 0.0424539 -0.0206817 0.3 0.3
56 1 11.6002 -5.72727 -9.23015 35300.8 -1.62264 0.789002 0.961349 0.995057 0.00953507 0.662367 1.12906 1 0 -0.397632 0.102753 0.00229846 -0.397632 0.102753 0.00229846 0 0 0 0.0286231 -0.055586 -0.0198755 0.3 0.3
56 2 11.6002 -2.21087 -1.44485 36968.8 -0.549387 1.15998 0.655904 0.988364 0.0074404 1.12906 0.662367 1 0 -0.235456 -0.171896 0.006144 -0.230946 -0.17322 0.006144 0 0 0 0.0180415 -0.0503125 -0.0153402 0.3 0.3
56 0 11.6502 12.979 6.96003 37493.3 1.5112 -0.930662 -0.895639 0.989614 0.003825 -0.886204 -0.886204 1 0 0.264867 0.205328 0.0177668 0.264867 0.205328 0.0177668 0 0 0 -0.0483729 0.0451366 -0.00874629 0.3 0.3
56 1 11.6502 -5.53963 -9.04186 35313.6 1.32636 0.778018 0.956292 0.996143 0.00395905 0.652859 1.11955 1 0 -0.402046 0.0882626 -3.15295e-05 -0.402046 0.0882626 -3.15295e-05 0 0 0 0.0296247 -0.0605984 -0.00882057 0.3 0.3
56 2 11.6502 -2.27694 -1.66655 36823.3 -0.328059 1.15065 0.646214 0.99075 0.0057333 1.11955 0.652859 1 0 -0.242087 -0.177912 0.00103826 -0.235126 -0.179956 0.00103826 0 0 0 -0.00422817 -0.075672 -0.0113148 0.3 0.3
56 0 11.7003 13.1365 6.80954 37733.5 -1.80506 -0.919728 -0.885971 0.988791 0.00551406 -0.876298 -0.876298 1 0 0.2709 0.213514 0.0198019 0.2709 0.213514 0.0198019 0 0 0 -0.0427463 0.0382055 -0.0118495 0.3 0.3
56 1 11.7003 -5.11197 -8.77893 35649 -2.9926 0.765738 0.951367 0.997067 0.00754545 0.642953 1.10964 1 0 -0.405827 0.0719771 -0.000510589 -0.405827 0.0719771 -0.000510589 0 0 0 0.0300167 -0.0507873 -0.0158601 0.3 0.3
56 2 11.7003 -1.62292 -1.19956 37331.7 -1.01836 1.14003 0.636501 0.992964 0.00562598 1.10964 0.642953 1 0 -0.248479 -0.185853 -0.00119391 -0.239802 -0.188401 -0.00119391 0 0 0 -0.00788139 -0.0823304 -0.010937 0.3 0.3
56 0 11.7503 12.9871 7.07676 37986.2 -0.990245 -0.908217 -0.875481 0.987624 0.00532 -0.866016 -0.866016 1 0 0.276521 0.22087 0.0231604 0.276521 0.22087 0.0231604 0 0 0 -0.0404926 0.0275127 -0.0112004 0.3 0.3
56 1 11.7503 -4.99468 -8.50821 35665.8 -1.47331 0.752624 0.946598 0.997855 0.00721484 0.632671 1.09936 1 0 -0.408632 0.0549862 -0.000932848 -0.407391 0.0553506 -0.000932848 0 0 0 0.0384538 -0.0544029 -0.0154842 0.3 0.3
56 2 11.7503 -1.8804 -1.3129 37639.5 1.07644 1.12909 0.626376 0.994777 0.00202815 1.09936 0.632671 1 0 -0.255274 -0.194038 -0.00175412 -0.244926 -0.197076 -0.00175412 0 0 0 -0.00852629 -0.0820896 -0.00370961 0.3 0.3
56 0 11.8003 13.1382 7.20141 37725.5 -2.01869 -0.896452 -0.864192 0.986421 0.00665097 -0.855358 -0.855358 1 0 0.282247 0.227406 0.0250293 0.282247 0.227406 0.0250293 0 0 0 -0.0448648 0.0394825 -0.0141939 0.3 0.3
56 1 11.8003 -4.68407 -8.32629 35311.5 -0.348453 0.738966 0.94195 0.998831 0.00530818 0.622012 1.0887 1 0 -0.411203 0.0370978 -0.0032436 -0.401444 0.0399632 -0.0032436 0 0 0 0.0336374 -0.0512508 -0.0114836 0.3 0.3
56 2 11.8003 -1.49808 -1.28909 37534.7 1.71135 1.11723 0.615921 0.996356 -0.00153929 1.0887 0.622012 1 0 -0.260816 -0.201957 -0.00278978 -0.249737 -0.20521 -0.00278978 0 0 0 -0.00441614 -0.0700984 0.00323533 0.3 0.3
56 0 11.8502 13.1444 7.18922 36918.3 -1.40566 -0.884389 -0.852377 0.985881 0.00666731 -0.844326 -0.844326 1 0 0.287985 0.233565 0.0224653 0.287985 0.233565 0.0224653 0 0 0 -0.0424038 0.0380928 -0.014148 0.3 0.3
56 1 11.8502 -4.22797 -8.14352 35425.6 -0.133606 0.724362 0.93733 0.999841 0.00360397 0.610981 1.07767 1 0 -0.411484 0.0198439 -0.00480384 -0.395375 0.0245741 -0.00480384 0 0 0 0.0351347 -0.0495768 -0.00808248 0.3 0.3
56 2 11.8502 -1.2337 -1.14397 37613.1 1.0699 1.10434 0.605349 0.997658 -0.00303769 1.07767 0.610981 1 0 -0.263346 -0.208441 -0.00317616 -0.253846 -0.21123 -0.00317616 0 0 0 0.0136795 -0.0488112 0.00574342 0.3 0.3
56 0 11.9003 13.014 7.37586 37535.1 -1.3788 -0.871816 -0.839871 0.985316 0.00672366 -0.832915 -0.832915 1 0 0.293464 0.239157 0.0233802 0.293464 0.239157 0.0233802 0 0 0 -0.0349395 0.0330306 -0.0140285 0.3 0.3
56 1 11.9003 -3.78739 -7.95826 35259.4 0.373762 0.709065 0.932617 1.00101 0.0016419 0.59957 1.06626 1 0 -0.41489 -0.00155377 -0.00727063 -0.388331 0.00624471 -0.00727063 0 0 0 0.0366869 -0.048438 -0.00417412 0.3 0.3
56 2 11.9003 -1.64151 -1.94063 36738.9 1.68493 1.09167 0.593323 0.999435 -0.00455158 1.06626 0.59957 1 0 -0.273127 -0.219312 -0.00821423 -0.260388 -0.223053 -0.00821423 0 0 0 -0.00760222 -0.0767355 0.00940178 0.3 0.3
56 0 11.9502 13.109 7.51447 37689.7 -3.30381 -0.858927 -0.826605 0.984644 0.00981373 -0.821149 -0.821149 1 0 0.298855 0.24391 0.024865 0.298855 0.24391 0.024865 0 0 0 -0.0346214 0.0420565 -0.0203633 0.3 0.3
56 1 11.9502 -3.59291 -7.69011 35221.5 0.40809 0.693062 0.927932 1.00233 0.000314523 0.587803 1.05449 1 0 -0.413708 -0.0196139 -0.00990367 -0.381728 -0.010224 -0.00990367 0 0 0 0.0399187 -0.0398391 -0.00142467 0.3 0.3
56 2 11.9502 -1.30062 -1.40888 37710.5 0.701832 1.07821 0.581318 1.00075 -0.00417441 1.05449 0.587803 1 0 -0.275333 -0.223988 -0.00765451 -0.264524 -0.227162 -0.00765451 0 0 0 -0.00783595 -0.0650199 0.00860816 0.3 0.3
56 0 12.0002 13.1576 7.40371 37638.1 -2.90057 -0.84575 -0.812961 0.983942 0.0112589 -0.809018 -0.809018 1 0 0.304285 0.248545 0.0259901 0.304285 0.248545 0.0259901 0 0 0 -0.0294272 0.0486818 -0.0232439 0.3 0.3
56 1 12.0002 -3.38206 -7.53508 35606.9 0.73683 0.676595 0.923096 1.00344 -0.00110962 0.575673 1.04236 1 0 -0.413348 -0.039026 -0.0103711 -0.374737 -0.027689 -0.0103711 0 0 0 0.0394094 -0.0361131 0.00150827 0.3 0.3
56 2 12.0002 -1.28884 -1.59741 37455.7 -0.104487 1.06428 0.568807 1.00194 -0.00247675 1.04236 0.575673 1 0 -0.278854 -0.229924 -0.00866407 -0.269078 -0.232795 -0.00866407 0 0 0 -0.012019 -0.0712799 0.00538528 0.3 0.3
56 0 12.0502 13.0377 7.50454 37598 -2.16871 -0.832105 -0.798873 0.983255 0.0110067 -0.796529 -0.796529 1 0 0.309408 0.252914 0.0268789 0.309408 0.252914 0.0268789 0 0 0 -0.0281985 0.0496713 -0.0227233 0.3 0.3
56 1 12.0502 -3.29222 -7.36624 35575.9 0.426251 0.659817 0.918061 1.00442 -0.00155403 0.563184 1.02987 1 0 -0.411971 -0.0576125 -0.0110354 -0.367797 -0.0446417 -0.0110354 0 0 0 0.0433988 -0.0312049 0.00243188 0.3 0.3
56 2 12.0502 -1.38333 -1.6031 37564.9 -0.102036 1.05006 0.555913 1.00291 -0.00143876 1.02987 0.563184 1 0 -0.281194 -0.234517 -0.00884958 -0.273127 -0.236885 -0.00884958 0 0 0 -0.00982876 -0.0720261 0.00323354 0.3 0.3
56 0 12.1003 13.0961 7.48336 37586.1 -4.83262 -0.81808 -0.784338 0.982594 0.0153525 -0.783685 -0.783685 1 0 0.314446 0.257084 0.0276672 0.314446 0.257084 0.0276672 0 0 0 -0.0249887 0.0415679 -0.0312348 0.3 0.3
56 1 12.1003 -2.84874 -7.05832 35523 1.07049 0.642599 0.912915 1.0053 -0.00298739 0.55034 1.01703 1 0 -0.414035 -0.080198 -0.0118699 -0.36106 -0.0646429 -0.0118699 0 0 0 0.0484453 -0.0331881 0.00517323 0.3 0.3
56 2 12.1003 -1.10197 -1.45024 37426.1 -0.240961 1.03536 0.542848 1.00378 -0.000502556 1.01703 0.55034 1 0 -0.289176 -0.245275 -0.00970364 -0.279193 -0.248206 -0.00970364 0 0 0 -0.0111581 -0.0647992 0.0013673 0.3 0.3
56 0 12.1503 13.0139 7.47202 37687.5 -2.81504 -0.803636 -0.769545 0.981876 0.0148383 -0.770508 -0.770508 1 0 0.319161 0.261207 0.0289688 0.319161 0.261207 0.0289688 0 0 0 -0.0217215 0.0477717 -0.0302069 0.3 0.3
56 1 12.1503 -2.94359 -6.95828 35545.9 1.55857 0.625268 0.907482 1.00609 -0.00464235 0.537163 1.00385 1 0 -0.412742 -0.0991315 -0.0124764 -0.355495 -0.0823222 -0.0124764 0 0 0 0.0495306 -0.0259373 0.00864585 0.3 0.3
56 2 12.1503 -1.12033 -1.40173 37633.5 0.189197 1.02019 0.529653 1.0044 -0.000770123 1.00385 0.537163 1 0 -0.290623 -0.250088 -0.00927255 -0.282861 -0.252367 -0.00927255 0 0 0 -6.52938e-05 -0.047542 0.00154223 0.3 0.3
56 0 12.2003 12.7353 7.70687 37620 -3.89244 -0.788564 -0.75424 0.98118 0.0162405 -0.756988 -0.756988 1 0 0.323298 0.264946 0.0298265 0.320292 0.263015 0.0298265 0 0 0 -0.0263791 0.0468283 -0.033112 0.3 0.3
56 1 12.2003 -2.86654 -6.75118 35395.9 1.76987 0.607959 0.901793 1.00692 -0.00614866 0.523642 0.990333 1 0 -0.413155 -0.119301 -0.0138425 -0.349717 -0.100673 -0.0138425 0 0 0 0.0521704 -0.0246388 0.0116596 0.3 0.3
56 2 12.2003 -1.50813 -1.81472 36991.1 -0.752229 1.00533 0.515601 1.00537 0.000834628 0.990333 0.523642 1 0 -0.29568 -0.256518 -0.0123596 -0.287395 -0.258951 -0.0123596 0 0 0 -0.0061833 -0.0635104 -0.00147369 0.3 0.3
56 0 12.2502 12.7123 7.78943 37927.6 -4.23019 -0.773255 -0.738608 0.98024 0.017812 -0.743146 -0.743146 1 0 0.327448 0.268549 0.0323651 0.318315 0.26268 0.0323651 0 0 0 -0.0216112 0.049791 -0.0361772 0.3 0.3
56 1 12.2502 -2.63557 -6.55693 35515.5 0.962913 0.59038 0.895837 1.00767 -0.00586084 0.5098 0.976491 1 0 -0.412752 -0.138655 -0.0144506 -0.344087 -0.118493 -0.0144506 0 0 0 0.0574947 -0.0259391 0.0109816 0.3 0.3
56 2 12.2502 -1.33134 -1.51609 37349.8 0.269693 0.990167 0.501488 1.00627 0.000173619 0.976491 0.5098 1 0 -0.298791 -0.261411 -0.0132713 -0.291226 -0.263632 -0.0132713 0 0 0 -0.00800969 -0.066691 -8.02466e-05 0.3 0.3
56 0 12.3002 12.4888 7.88403 37799.7 -4.44015 -0.75743 -0.722672 0.979235 0.0192464 -0.728968 -0.728968 1 0 0.331173 0.272084 0.0340992 0.316693 0.261643 0.0340992 0 0 0 -0.0182137 0.0454347 -0.0389206 0.3 0.3
56 1 12.3002 -2.73094 -6.44993 35556 2.56362 0.573038 0.889493 1.0083 -0.00823278 0.495623 0.962313 1 0 -0.414025 -0.158624 -0.0148059 -0.338406 -0.13642 -0.0148059 0 0 0 0.0578347 -0.0207266 0.015874 0.3 0.3
56 2 12.3002 -1.19809 -1.54238 37365.3 -1.22807 0.9746 0.487092 1.00711 0.00226167 0.962313 0.495623 1 0 -0.302998 -0.267607 -0.0141693 -0.295138 -0.269915 -0.0141693 0 0 0 -0.0116588 -0.0633758 -0.00415612 0.3 0.3
56 0 12.3503 12.2765 8.06299 37679.8 -3.54732 -0.741057 -0.706419 0.978279 0.0186836 -0.714463 -0.714463 1 0 0.334428 0.275543 0.0351815 0.315318 0.260033 0.0351815 0 0 0 -0.0172385 0.0453722 -0.0377716 0.3 0.3
56 1 12.3503 -2.60759 -6.3076 35500.2 1.1726 0.555767 0.882736 1.00889 -0.00754588 0.481118 0.947808 1 0 -0.416439 -0.178912 -0.0154085 -0.332715 -0.154328 -0.0154085 0 0 0 0.0618438 -0.0196499 0.014492 0.3 0.3
56 2 12.3503 -1.35377 -1.48759 37374.3 -0.084682 0.95903 0.472473 1.00789 0.00172406 0.947808 0.481118 1 0 -0.308583 -0.27481 -0.0149547 -0.299308 -0.277533 -0.0149547 0 0 0 -0.0130785 -0.0605578 -0.00305365 0.3 0.3
56 0 12.4003 12.283 8.15107 37635.5 -2.87901 -0.724507 -0.690003 0.977408 0.0171538 -0.699649 -0.699649 1 0 0.337749 0.279091 0.0359866 0.313857 0.258401 0.0359866 0 0 0 -0.0202202 0.0451756 -0.0347767 0.3 0.3
56 1 12.4003 -2.57303 -6.22407 35555.1 0.545325 0.538541 0.87549 1.00939 -0.00609537 0.466304 0.932994 1 0 -0.418246 -0.197684 -0.0156284 -0.327365 -0.170999 -0.0156284 0 0 0 0.069299 -0.0207737 0.0114787 0.3 0.3
56 2 12.4003 -1.02626 -1.22086 37767.6 -0.598873 0.942848 0.458031 1.00827 0.00195965 0.932994 0.466304 1 0 -0.312237 -0.281422 -0.0134861 -0.302509 -0.28337 -0.0134861 0 0 0 0.00667281 -0.033619 -0.00403205 0.3 0.3
56 0 12.4503 12.167 8.06125 37783.9 -4.74391 -0.707657 -0.673648 0.976483 0.0193494 -0.68453 -0.68453 1 0 0.340935 0.28312 0.0375455 0.312464 0.256494 0.0375455 0 0 0 -0.0140243 0.0429061 -0.039012 0.3 0.3
56 1 12.4503 -2.68993 -6.30587 35427.6 1.41629 0.521493 0.867518 1.00992 -0.00649804 0.451184 0.917875 1 0 -0.41866 -0.213529 -0.0165189 -0.322674 -0.185344 -0.0165189 0 0 0 0.0715304 -0.0174351 0.0123811 0.3 0.3
56 2 12.4503 -1.75066 -2.08098 36684.7 -1.40387 0.927368 0.442484 1.0093 0.00385639 0.917875 0.451184 1 0 -0.314244 -0.283315 -0.018089 -0.30324 -0.280024 -0.018089 0 0 0 -0.00933882 -0.0661649 -0.00740805 0.3 0.3
56 0 12.5002 12.0783 8.13636 37730.3 -4.69975 -0.690567 -0.657256 0.975582 0.0207401 -0.669132 -0.669132 1 0 0.344141 0.287513 0.0386985 0.310901 0.254682 0.0386985 0 0 0 -0.00848711 0.0395985 -0.0416598 0.3 0.3
56 1 12.5002 -2.33898 -6.18837 35506.3 1.04052 0.50462 0.858968 1.01038 -0.00606868 0.435786 0.902477 1 0 -0.427596 -0.236613 -0.0168829 -0.31668 -0.204045 -0.0168829 0 0 0 0.067647 -0.0122454 0.0117303 0.3 0.3
56 2 12.5002 -0.410416 -1.76734 37835.4 -2.05344 0.910743 0.427592 1.00976 0.00576863 0.902477 0.435786 1 0 -0.326271 -0.298289 -0.0159955 -0.303338 -0.277153 -0.0159955 0 0 0 0.00953685 -0.0357222 -0.0117097 0.3 0.3
56 0 12.5502 11.859 8.15071 37926.7 -4.20274 -0.673032 -0.640889 0.974533 0.0208255 -0.653423 -0.653423 1 0 0.346885 0.292243 0.0408971 0.309282 0.252724 0.0408971 0 0 0 -0.00673276 0.0360455 -0.0417823 0.3 0.3
56 1 12.5502 -2.53966 -6.18404 35477.4 1.24644 0.48783 0.849801 1.01083 -0.00627969 0.420077 0.886768 1 0 -0.429013 -0.250989 -0.0173913 -0.312433 -0.216758 -0.0173913 0 0 0 0.0712397 -0.0166347 0.0119751 0.3 0.3
56 2 12.5502 -1.18272 -1.98901 37032.6 -2.40077 0.894245 0.412169 1.01053 0.0078579 0.886768 0.420077 1 0 -0.326487 -0.300332 -0.0185708 -0.303375 -0.274152 -0.0185708 0 0 0 0.00558777 -0.0335512 -0.015812 0.3 0.3
56 0 12.6003 11.9775 8.04784 37622.4 -4.05435 -0.655532 -0.624777 0.973649 0.0206329 -0.637415 -0.637415 1 0 0.350092 0.297809 0.041307 0.307637 0.250628 0.041307 0 0 0 -0.00514914 0.0362577 -0.0413691 0.3 0.3
56 1 12.6003 -2.43192 -6.21379 35466.5 2.1359 0.471138 0.839953 1.01126 -0.00784549 0.404069 0.87076 1 0 -0.433219 -0.266832 -0.0179105 -0.307993 -0.230062 -0.0179105 0 0 0 0.0728312 -0.0163532 0.0151063 0.3 0.3
56 2 12.6003 -1.1717 -2.14374 36763 -0.926425 0.877947 0.396423 1.01172 0.00705497 0.87076 0.404069 1 0 -0.331303 -0.306086 -0.0223914 -0.301975 -0.27224 -0.0223914 0 0 0 -0.0168512 -0.0581708 -0.0136262 0.3 0.3
56 0 12.6502 11.8502 8.1707 37709.2 -2.60319 -0.637987 -0.608792 0.97282 0.0180809 -0.621146 -0.621146 1 0 0.353502 0.30387 0.0422006 0.30579 0.248662 0.0422006 0 0 0 -0.0040021 0.0344911 -0.0362382 0.3 0.3
56 1 12.6502 -2.51044 -6.23556 35642.4 1.20941 0.454613 0.829445 1.01152 -0.00739682 0.387801 0.854491 1 0 -0.436244 -0.280085 -0.0174052 -0.304134 -0.241294 -0.0174052 0 0 0 0.0703659 -0.0201153 0.0140957 0.3 0.3
56 2 12.6502 -0.348391 -1.39211 38089.5 -4.00216 0.860456 0.381495 1.01209 0.0112274 0.854491 0.387801 1 0 -0.331157 -0.310297 -0.0187583 -0.298227 -0.272294 -0.0187583 0 0 0 0.00311068 -0.0370349 -0.0225168 0.3 0.3
56 0 12.7002 11.6749 7.96547 37717.8 -6.27051 -0.620111 -0.593129 0.972043 0.0225181 -0.6046 -0.6046 1 0 0.356763 0.310894 0.0430244 0.30387 0.246554 0.0430244 0 0 0 0.00151539 0.0281531 -0.0450232 0.3 0.3
56 1 12.7002 -2.29759 -6.18495 35323.6 0.985023 0.43829 0.81838 1.01191 -0.00664033 0.371255 0.837946 1 0 -0.446465 -0.299245 -0.0186536 -0.299258 -0.256021 -0.0186536 0 0 0 0.073614 -0.0162786 0.0126907 0.3 0.3
56 2 12.7002 -0.51771 -2.34882 36961.1 -1.16064 0.843262 0.366018 1.01282 0.00959758 0.837946 0.371255 1 0 -0.343048 -0.325108 -0.0216319 -0.296012 -0.270825 -0.0216319 0 0 0 -0.00960598 -0.0591025 -0.0189201 0.3 0.3
56 0 12.7502 11.7452 7.94653 37581.3 -4.93601 -0.602245 -0.577695 0.971439 0.0232629 -0.587787 -0.587787 1 0 0.360263 0.318527 0.0430047 0.301793 0.244464 0.0430047 0 0 0 0.00677614 0.018698 -0.046469 0.3 0.3
56 1 12.7502 -2.41137 -6.26973 35616 1.34776 0.422051 0.806636 1.01215 -0.00685798 0.354442 0.821132 1 0 -0.45076 -0.311181 -0.018176 -0.295847 -0.265695 -0.018176 0 0 0 0.0753026 -0.0205335 0.012953 0.3 0.3
56 2 12.7502 -0.246068 -1.73786 37548.3 -1.91867 0.825489 0.350869 1.01328 0.00962422 0.821132 0.354442 1 0 -0.34358 -0.330098 -0.0208988 -0.292106 -0.270695 -0.0208988 0 0 0 -0.0105329 -0.0465674 -0.0190089 0.3 0.3
56 0 12.8002 11.6968 7.73217 37430.1 -4.54586 -0.584404 -0.562798 0.971112 0.0230266 -0.570715 -0.570715 1 0 0.364136 0.327407 0.0420824 0.299524 0.242439 0.0420824 0 0 0 -0.00418247 0.0328278 -0.0461322 0.3 0.3
56 1 12.8002 -2.40741 -6.25219 35433.6 0.616215 0.405993 0.794332 1.01242 -0.00565844 0.33737 0.80406 1 0 -0.457586 -0.324389 -0.0187521 -0.292306 -0.275858 -0.0187521 0 0 0 0.0723736 -0.0175704 0.0106887 0.3 0.3
56 2 12.8002 -0.0154875 -1.66149 37393.6 -2.35011 0.807321 0.336032 1.01368 0.0103124 0.80406 0.33737 1 0 -0.346266 -0.338448 -0.0211258 -0.287718 -0.27088 -0.0211258 0 0 0 -0.00873554 -0.0274407 -0.0205074 0.3 0.3
56 0 12.8502 11.4539 7.9011 37837.9 -4.60623 -0.56629 -0.54796 0.970658 0.0230376 -0.553388 -0.553388 1 0 0.367788 0.336626 0.0433479 0.296742 0.240893 0.0433479 0 0 0 -0.00249376 0.0215728 -0.0461088 0.3 0.3
56 1 12.8502 -2.48011 -6.22468 35579.3 -0.0653235 0.390015 0.781524 1.01258 -0.00373794 0.320043 0.786733 1 0 -0.462117 -0.334309 -0.0184304 -0.289494 -0.283549 -0.0184304 0 0 0 0.072251 -0.0167289 0.00687642 0.3 0.3
56 2 12.8502 -0.214603 -1.5728 37391.3 -1.53499 0.789217 0.321318 1.01401 0.00938017 0.786733 0.320043 1 0 -0.346128 -0.344073 -0.0212476 -0.282972 -0.271188 -0.0212476 0 0 0 0.00150806 -0.0111471 -0.0187693 0.3 0.3
56 0 12.9002 11.447 7.74059 37343.2 -3.90937 -0.548252 -0.533467 0.970562 0.0218116 -0.535828 -0.535828 1 0 0.371893 0.346759 0.0416921 0.292987 0.240588 0.0416921 0 0 0 -0.0106236 0.027396 -0.0437769 0.3 0.3
56 1 12.9002 -2.34262 -6.88564 35362.4 1.02064 0.374135 0.768035 1.01285 -0.00423366 0.302483 0.769173 1 0 -0.474388 -0.350644 -0.0193134 -0.289483 -0.281674 -0.0193134 0 0 0 0.0675305 -0.0145937 0.00797944 0.3 0.3
56 2 12.9002 0.0319826 -1.91471 36960.6 -0.915835 0.771356 0.30663 1.01464 0.00779259 0.769173 0.302483 1 0 -0.357113 -0.360454 -0.0236846 -0.279171 -0.270504 -0.0236846 0 0 0 0.00103466 -0.0140573 -0.015593 0.3 0.3
56 0 12.9502 11.4882 7.6272 37811.9 -6.71402 -0.530334 -0.519197 0.970332 0.0256881 -0.518029 -0.518029 1 0 0.376392 0.357459 0.0426847 0.289005 0.240298 0.0426847 0 0 0 -0.0158781 0.022004 -0.0515612 0.3 0.3
56 1 12.9502 -2.35703 -6.79395 35642.9 0.672008 0.358136 0.754207 1.01294 -0.00411604 0.284684 0.751374 1 0 -0.480848 -0.360796 -0.0185686 -0.289431 -0.280046 -0.0185686 0 0 0 0.0691688 -0.0195741 0.00756017 0.3 0.3
56 2 12.9502 -0.0611211 -1.67206 37166.9 -0.533971 0.753612 0.292074 1.01533 0.006091 0.751374 0.284684 1 0 -0.360141 -0.368901 -0.0248934 -0.274659 -0.270249 -0.0248934 0 0 0 -0.000292503 -0.0128473 -0.0121804 0.3 0.3
56 0 13.0003 11.2802 7.57986 37734.8 -6.08075 -0.512256 -0.505105 0.970092 0.0272888 -0.499996 -0.499996 1 0 0.380875 0.368717 0.0430706 0.284773 0.24002 0.0430706 0 0 0 -0.00666638 0.0169533 -0.0546432 0.3 0.3
56 1 13.0003 -2.43757 -7.19959 35583.3 1.58128 0.34222 0.739803 1.01295 -0.00547935 0.266651 0.733341 1 0 -0.488623 -0.371139 -0.0181898 -0.290331 -0.275224 -0.0181898 0 0 0 0.0618043 -0.0210817 0.0103129 0.3 0.3
56 2 13.0003 -0.105908 -1.66689 37283.4 0.175906 0.736144 0.277616 1.01596 0.00377418 0.733341 0.266651 1 0 -0.364554 -0.37843 -0.0255173 -0.270295 -0.269649 -0.0255173 0 0 0 -0.0026806 -0.0147574 -0.00752881 0.3 0.3
56 0 13.0502 11.4612 7.52283 37338.6 -4.24088 -0.494602 -0.491272 0.970189 0.0252016 -0.481751 -0.481751 1 0 0.386169 0.380509 0.0412507 0.280305 0.239798 0.0412507 0 0 0 -0.0123027 0.0217528 -0.0505463 0.3 0.3
56 1 13.0502 -2.50545 -7.14554 35401.7 0.508624 0.326274 0.725214 1.01305 -0.00454752 0.248406 0.715097 1 0 -0.493774 -0.378598 -0.0187613 -0.291365 -0.27007 -0.0187613 0 0 0 0.0608444 -0.0179335 0.00855389 0.3 0.3
56 2 13.0502 -0.184786 -1.58866 37249.3 -0.29134 0.718863 0.263161 1.01659 0.00297366 0.715097 0.248406 1 0 -0.365389 -0.384069 -0.0263307 -0.265702 -0.269025 -0.0263307 0 0 0 0.00167073 -0.0237063 -0.00596755 0.3 0.3
56 0 13.1002 11.2677 7.45802 37609.4 -5.91936 -0.476982 -0.477671 0.97031 0.0266924 -0.463297 -0.463297 1 0 0.392061 0.393233 0.0409586 0.275537 0.239574 0.0409586 0 0 0 -0.00596185 0.0068045 -0.0534121 0.3 0.3
56 1 13.1002 -2.11982 -7.58339 35594.3 0.84542 0.310097 0.710366 1.01304 -0.00453436 0.229952 0.696642 1 0 -0.508291 -0.395374 -0.0182034 -0.292634 -0.264421 -0.0182034 0 0 0 0.0580705 -0.0190021 0.00852107 0.3 0.3
56 2 13.1002 0.521894 -1.98481 37285.6 0.828718 0.701488 0.248847 1.01715 0.000652378 0.696642 0.229952 1 0 -0.383591 -0.407476 -0.0268574 -0.262117 -0.267288 -0.0268574 0 0 0 0.000174879 -0.0226351 -0.00130682 0.3 0.3
56 0 13.1503 11.2515 7.39544 37483.4 -3.69868 -0.45958 -0.464375 0.970582 0.0239542 -0.444625 -0.444625 1 0 0.398198 0.40635 0.039825 0.270529 0.239334 0.039825 0 0 0 -0.00530395 0.0077881 -0.0479342 0.3 0.3
56 1 13.1503 -2.46877 -7.59899 35621.6 1.58325 0.294017 0.695246 1.01292 -0.00570502 0.21128 0.67797 1 0 -0.513766 -0.40248 -0.0175156 -0.294094 -0.25834 -0.0175156 0 0 0 0.0526688 -0.0172809 0.0109593 0.3 0.3
56 2 13.1503 0.210303 -1.58971 37283.5 -0.238074 0.68408 0.234623 1.01767 0.000838127 0.67797 0.21128 1 0 -0.383705 -0.413004 -0.0273607 -0.256927 -0.266693 -0.0273607 0 0 0 -0.00103347 -0.0217581 -0.00166511 0.3 0.3
56 0 13.2002 11.1972 7.41383 37927.2 -5.03036 -0.442395 -0.451231 0.970589 0.0243063 -0.425782 -0.425782 1 0 0.404921 0.419944 0.0411445 0.265174 0.239143 0.0411445 0 0 0 -0.0112621 0.0184636 -0.0487242 0.3 0.3
56 1 13.2002 -2.2764 -7.69693 35635.3 1.75397 0.277736 0.680113 1.01271 -0.00679763 0.192437 0.659127 1 0 -0.521332 -0.411998 -0.0167193 -0.295849 -0.251692 -0.0167193 0 0 0 0.0479971 -0.0185491 0.0131546 0.3 0.3
56 2 13.2002 0.387665 -1.70683 37179.8 -0.764243 0.666673 0.220433 1.01824 0.00183898 0.659127 0.192437 1 0 -0.388822 -0.423588 -0.0283852 -0.251941 -0.265619 -0.0283852 0 0 0 -0.00257201 -0.0132233 -0.00366105 0.3 0.3
56 0 13.2502 11.1175 7.24281 37658.2 -3.838 -0.425419 -0.438499 0.970638 0.0226298 -0.406745 -0.406745 1 0 0.412148 0.434384 0.0408626 0.259496 0.238985 0.0408626 0 0 0 -0.00138661 0.000809618 -0.045264 0.3 0.3
56 1 13.2502 -2.44244 -7.77132 35272.6 1.62751 0.261496 0.664986 1.01273 -0.00731941 0.1734 0.64009 1 0 -0.527805 -0.420363 -0.0179175 -0.297947 -0.24445 -0.0179175 0 0 0 0.0498148 -0.0177428 0.014202 0.3 0.3
56 2 13.2502 0.248145 -1.58247 37043.9 -0.647681 0.649512 0.206381 1.01896 0.00230339 0.64009 0.1734 1 0 -0.392482 -0.432534 -0.0301153 -0.246806 -0.264415 -0.0301153 0 0 0 0.000388263 -0.00824744 -0.00460843 0.3 0.3
56 0 13.3003 11.1861 7.2187 37801.3 -2.08201 -0.408925 -0.426121 0.970583 0.0185546 -0.387497 -0.387497 1 0 0.420462 0.449695 0.0414552 0.253486 0.238921 0.0414552 0 0 0 -0.00292467 0.00949322 -0.0371257 0.3 0.3
56 1 13.3003 -2.36504 -8.08881 35342.3 1.89401 0.245298 0.649783 1.01286 -0.00810066 0.154152 0.620842 1 0 -0.540023 -0.434272 -0.0186443 -0.300346 -0.236653 -0.0186443 0 0 0 0.0489546 -0.0175111 0.0157782 0.3 0.3
56 2 13.3003 0.430048 -1.82378 37038 -1.04378 0.632628 0.192381 1.01978 0.00327203 0.620842 0.154152 1 0 -0.405419 -0.450373 -0.0318011 -0.242427 -0.262269 -0.0318011 0 0 0 0.000944628 -0.00146248 -0.00654476 0.3 0.3
56 0 13.3502 10.9956 7.17209 37590.4 -0.691068 -0.392744 -0.414206 0.970638 0.0135161 -0.368123 -0.368123 1 0 0.429288 0.465774 0.0408323 0.247003 0.239009 0.0408323 0 0 0 -0.00478743 0.00456332 -0.0270441 0.3 0.3
56 1 13.3502 -2.32698 -8.12976 35438.3 0.992224 0.22885 0.634635 1.013 -0.00715944 0.134778 0.601468 1 0 -0.546539 -0.443001 -0.0188954 -0.303253 -0.228061 -0.0188954 0 0 0 0.0504723 -0.0198234 0.0138239 0.3 0.3
56 2 13.3502 0.225012 -1.7577 37094.1 -0.997743 0.616164 0.178405 1.02064 0.00384576 0.601468 0.134778 1 0 -0.411551 -0.460734 -0.03317 -0.237717 -0.260118 -0.03317 0 0 0 -0.000568988 -0.000362116 -0.00769143 0.3 0.3
56 0 13.4002 11.0198 7.17294 37559.6 -0.0415075 -0.377049 -0.402626 0.970801 0.00909601 -0.348568 -0.348568 1 0 0.438983 0.482464 0.0400649 0.2401 0.239292 0.0400649 0 0 0 -0.0017778 -0.000936003 -0.0181914 0.3 0.3
56 1 13.4002 -2.51073 -8.54787 35485.5 -0.767768 0.212527 0.619236 1.01311 -0.00355289 0.115223 0.581914 1 0 -0.557745 -0.455777 -0.0189143 -0.306498 -0.218831 -0.0189143 0 0 0 0.0515268 -0.0161748 0.00669156 0.3 0.3
56 2 13.4002 0.162755 -1.83935 37034.3 -0.818001 0.600298 0.164589 1.02156 0.00392472 0.581914 0.115223 1 0 -0.42455 -0.477219 -0.0348371 -0.233757 -0.257032 -0.0348371 0 0 0 -0.00199456 0.00366661 -0.00785313 0.3 0.3
56 0 13.4502 10.9612 7.23613 37315.6 1.05084 -0.361862 -0.391279 0.971266 0.0043375 -0.328864 -0.328864 1 0 0.450006 0.500014 0.0379002 0.23271 0.239812 0.0379002 0 0 0 -0.00658568 -0.0122049 -0.00863504 0.3 0.3
56 1 13.4502 -2.55236 -8.59197 35518.4 1.79222 0.196182 0.603901 1.01317 -0.00541181 0.0955189 0.562209 1 0 -0.565813 -0.465562 -0.0187461 -0.310207 -0.208835 -0.0187461 0 0 0 0.053928 -0.0149 0.010426 0.3 0.3
56 2 13.4502 0.0999851 -1.82781 37251 -0.0335135 0.584845 0.150849 1.02235 0.002677 0.562209 0.0955189 1 0 -0.433743 -0.489324 -0.0352541 -0.229622 -0.253755 -0.0352541 0 0 0 -0.000680046 0.000669541 -0.00535423 0.3 0.3
56 0 13.5002 11.0084 7.31964 37657.7 2.00054 -0.347336 -0.380037 0.971673 -0.000457663 -0.309013 -0.309013 1 0 0.461758 0.517349 0.0376238 0.224817 0.240689 0.0376238 0 0 0 -0.0117763 -0.00533803 0.000946777 0.3 0.3
56 1 13.5002 -2.89585 -8.85492 35509.1 -0.919429 0.180053 0.588356 1.0132 -0.00208973 0.0756681 0.542359 1 0 -0.571936 -0.472678 -0.0186093 -0.314206 -0.198219 -0.0186093 0 0 0 0.0511028 -0.0126677 0.00385716 0.3 0.3
56 2 13.5002 -0.178565 -1.73468 37170.4 1.28613 0.570065 0.137297 1.02311 -0.000370276 0.542359 0.0756681 1 0 -0.441737 -0.499405 -0.0361076 -0.225638 -0.250013 -0.0361076 0 0 0 0.000761025 0.00364902 0.000741941 0.3 0.3
56 0 13.5503 10.8251 7.37047 37670.6 3.35731 -0.333246 -0.368914 0.972042 -0.0058674 -0.289024 -0.289024 1 0 0.474648 0.535284 0.037296 0.216266 0.241964 0.037296 0 0 0 -0.0110312 -0.00978644 0.0117892 0.3 0.3
56 1 13.5503 -2.72027 -9.24905 35666.5 0.241872 0.163877 0.572723 1.01306 -0.00185349 0.0556788 0.522369 1 0 -0.585156 -0.486821 -0.0175758 -0.318728 -0.186692 -0.0175758 0 0 0 0.0504361 -0.0130352 0.00337944 0.3 0.3
56 2 13.5503 -0.0325098 -2.05334 37068.4 1.94047 0.555731 0.123731 1.0239 -0.00347017 0.522369 0.0556788 1 0 -0.458031 -0.517005 -0.0374141 -0.222467 -0.245149 -0.0374141 0 0 0 0.00100045 -0.000642262 0.00694003 0.3 0.3
56 0 13.6002 10.898 7.44406 37611.9 3.01514 -0.319855 -0.357775 0.972432 -0.00894785 -0.26892 -0.26892 1 0 0.488536 0.553 0.0366464 0.206976 0.243809 0.0366464 0 0 0 -0.0152369 -0.0028255 0.017918 0.3 0.3
56 1 13.6002 -2.77752 -9.13114 35704.2 -1.95296 0.147625 0.557115 1.01275 0.00195692 0.0355752 0.502266 1 0 -0.591591 -0.49435 -0.0163207 -0.31832 -0.178979 -0.0163207 0 0 0 0.0483121 -0.0152385 -0.00428328 0.3 0.3
56 2 13.6002 -0.275365 -1.94722 37257.1 3.21334 0.541935 0.11026 1.02454 -0.00769699 0.502266 0.0355752 1 0 -0.467506 -0.527032 -0.0375935 -0.218942 -0.240174 -0.0375935 0 0 0 0.00325395 -0.00889745 0.0153798 0.3 0.3
56 0 13.6503 10.794 7.5648 37569.3 4.75821 -0.307046 -0.346514 0.972872 -0.0139746 -0.248683 -0.248683 1 0 0.503511 0.570606 0.0357757 0.196936 0.246232 0.0357757 0 0 0 -0.0266095 0.00882442 0.0278354 0.3 0.3
56 1 13.6503 -2.75615 -9.31404 35452.8 0.70484 0.131542 0.541332 1.01253 3.30798e-05 0.0153379 0.482028 1 0 -0.599386 -0.502656 -0.0164256 -0.31442 -0.173787 -0.0164256 0 0 0 0.0468917 -0.0176889 -0.000480997 0.3 0.3
56 2 13.6503 -0.151817 -2.12371 37176.6 4.10303 0.52834 0.0967105 1.02515 -0.0120222 0.482028 0.0153379 1 0 -0.478929 -0.538534 -0.0381979 -0.215529 -0.234554 -0.0381979 0 0 0 0.00530243 -0.0148348 0.0240064 0.3 0.3
56 0 13.7002 10.4998 7.55521 37923.6 4.53216 -0.294497 -0.335205 0.973045 -0.0169054 -0.228353 -0.228353 1 0 0.519033 0.588237 0.0368771 0.185892 0.249331 0.0368771 0 0 0 -0.0254849 0.0142905 0.0336339 0.3 0.3
56 1 13.7002 -2.35315 -9.55373 35619.9 -0.665271 0.115301 0.525638 1.01222 0.00108375 -0.00499264 0.461698 1 0 -0.614435 -0.518634 -0.0155358 -0.310551 -0.167932 -0.0155358 0 0 0 0.0425572 -0.0163227 -0.00251545 0.3 0.3
56 2 13.7002 0.155363 -2.61635 37223.3 4.88144 0.51494 0.0830488 1.02565 -0.016118 0.461698 -0.00499264 1 0 -0.503236 -0.562394 -0.0384335 -0.213054 -0.227507 -0.0384335 0 0 0 0.00706504 -0.0251877 0.0321513 0.3 0.3
56 0 13.7502 10.1418 7.55864 37774.1 4.22989 -0.281927 -0.323755 0.973145 -0.0182528 -0.207914 -0.207914 1 0 0.534385 0.605493 0.0370915 0.173733 0.253091 0.0370915 0 0 0 -0.0146233 -0.00200721 0.0365234 0.3 0.3
56 1 13.7502 -2.40178 -9.4918 35549.4 0.18718 0.0989638 0.509984 1.0119 0.000395379 -0.0254317 0.441259 1 0 -0.620343 -0.525704 -0.015069 -0.305489 -0.162343 -0.015069 0 0 0 0.0363696 -0.0143697 -0.00105225 0.3 0.3
56 2 13.7502 0.160893 -2.52622 37312.8 4.82097 0.501386 0.0691808 1.02599 -0.0187804 0.441259 -0.0254317 1 0 -0.51107 -0.569695 -0.0381117 -0.208973 -0.221056 -0.0381117 0 0 0 0.00445416 -0.0267519 0.0375069 0.3 0.3
56 0 13.8003 10.6318 7.87446 37725.1 5.04378 -0.269985 -0.311969 0.973222 -0.0205136 -0.187371 -0.187371 1 0 0.550848 0.622221 0.0371094 0.171209 0.252918 0.0371094 0 0 0 -0.0196016 -0.0133863 0.0411642 0.3 0.3
56 1 13.8003 -2.32855 -9.57628 35489.9 0.71121 0.0826957 0.494509 1.01163 -0.00099165 -0.0459742 0.420716 1 0 -0.628921 -0.53563 -0.0149095 -0.300207 -0.156273 -0.0149095 0 0 0 0.0371439 -0.0167832 0.00167197 0.3 0.3
56 2 13.8003 0.306393 -2.67232 37526.5 4.79992 0.48779 0.0552978 1.02601 -0.0205123 0.420716 -0.0459742 1 0 -0.524066 -0.582203 -0.0365378 -0.204874 -0.213835 -0.0365378 0 0 0 0.00185651 -0.0221836 0.0410095 0.3 0.3
56 0 13.8502 10.9439 7.82436 37406.7 3.65306 -0.258907 -0.300063 0.973552 -0.0197638 -0.166768 -0.166768 1 0 0.568636 0.638602 0.035374 0.16848 0.25345 0.035374 0 0 0 -0.0210814 -0.00814057 0.0396184 0.3 0.3
56 1 13.8502 -2.19166 -9.55651 35534.5 1.00924 0.0664729 0.479397 1.01135 -0.00240149 -0.0665767 0.400114 1 0 -0.637582 -0.54618 -0.0144984 -0.294362 -0.150083 -0.0144984 0 0 0 0.0358389 -0.0178784 0.00448354 0.3 0.3
56 2 13.8502 0.595428 -2.93781 37330 4.61015 0.473909 0.0411977 1.02595 -0.0213586 0.400114 -0.0665767 1 0 -0.536319 -0.594083 -0.0360018 -0.200243 -0.20623 -0.0360018 0 0 0 0.000984348 -0.0282453 0.0427109 0.3 0.3
56 0 13.9003 10.8266 7.84553 38073.8 3.39476 -0.248137 -0.287939 0.973496 -0.0187979 -0.146069 -0.146069 1 0 0.587122 0.654785 0.037384 0.165599 0.25475 0.037384 0 0 0 -0.0222513 -0.0115416 0.0377295 0.3 0.3
56 1 13.9003 -1.98581 -9.67922 35641.6 -0.181254 0.0501612 0.464543 1.01098 -0.00132562 -0.087276 0.379414 1 0 -0.647871 -0.558947 -0.0135161 -0.287922 -0.143543 -0.0135161 0 0 0 0.0320929 -0.0163851 0.00238873 0.3 0.3
56 2 13.9003 0.610486 -3.11701 37457.2 3.55514 0.460113 0.0270769 1.02568 -0.0201647 0.379414 -0.087276 1 0 -0.551925 -0.609137 -0.034629 -0.195503 -0.197805 -0.034629 0 0 0 0.000490868 -0.0220616 0.0403292 0.3 0.3
56 0 13.9502 11.0195 7.96503 37816.8 3.20581 -0.237962 -0.275417 0.973386 -0.017911 -0.125334 -0.125334 1 0 0.606298 0.669972 0.0378097 0.162331 0.257203 0.0378097 0 0 0 -0.0289152 -0.000762507 0.0358387 0.3 0.3
56 1 13.9502 -1.82924 -9.64405 35516.6 0.381976 0.0337603 0.450064 1.01065 -0.00156918 -0.108011 0.358679 1 0 -0.655475 -0.569818 -0.0132473 -0.28045 -0.137015 -0.0132473 0 0 0 0.032261 -0.0168843 0.00286649 0.3 0.3
56 2 13.9502 0.823852 -3.20171 37250.2 3.11603 0.446102 0.0129316 1.02544 -0.0186362 0.358679 -0.108011 1 0 -0.562251 -0.619234 -0.0343691 -0.18968 -0.189264 -0.0343691 0 0 0 0.000888514 -0.0240925 0.0372665 0.3 0.3
56 0 14.0003 11.5585 8.26801 37881 2.91692 -0.22862 -0.262669 0.973161 -0.0168197 -0.104513 -0.104513 1 0 0.626971 0.684855 0.0386977 0.165522 0.250149 0.0386977 0 0 0 -0.0357881 0.00178721 0.0336145 0.3 0.3
56 1 14.0003 -1.80737 -9.68228 35414.8 0.529085 0.0175324 0.435972 1.01043 -0.0019507 -0.128832 0.337858 1 0 -0.664777 -0.58275 -0.0135163 -0.272547 -0.130092 -0.0135163 0 0 0 0.0322692 -0.0140608 0.00367512 0.3 0.3
56 2 14.0003 0.887194 -3.50533 37108.6 3.0966 0.43216 -0.00132311 1.02531 -0.0175491 0.337858 -0.128832 1 0 -0.576265 -0.632718 -0.034811 -0.183798 -0.179787 -0.034811 0 0 0 -0.00456045 -0.0271255 0.0351652 0.3 0.3
56 0 14.0503 11.4161 8.6091 38239 -1.6895 -0.219021 -0.249561 0.972538 -0.00826791 -0.0836708 -0.0836708 1 0 0.64697 0.698888 0.0415663 0.17216 0.235851 0.0415663 0 0 0 -0.0248485 -0.0159656 0.0167362 0.3 0.3
56 1 14.0503 -1.68044 -9.71706 35529.3 0.000674918 0.0013737 0.42222 1.0102 -0.00129223 -0.149674 0.317016 1 0 -0.671677 -0.593741 -0.013151 -0.26362 -0.122818 -0.013151 0 0 0 0.0295708 -0.00927113 0.00244768 0.3 0.3
56 2 14.0503 0.999684 -3.60614 37385.7 1.71234 0.418178 -0.0155795 1.02503 -0.0145315 0.317016 -0.149674 1 0 -0.586152 -0.642138 -0.0336774 -0.176907 -0.169844 -0.0336774 0 0 0 -0.00742031 -0.0136693 0.0291156 0.3 0.3
56 0 14.1002 11.951 8.7153 37190.5 0.813312 -0.21083 -0.236093 0.97252 -0.00699618 -0.0627909 -0.0627909 1 0 0.669347 0.712292 0.0385582 0.163441 0.227729 0.0385582 0 0 0 -0.0358769 0.00651101 0.013878 0.3 0.3
56 1 14.1002 -1.4043 -9.8457 35562.6 0.507987 -0.0146808 0.408908 1.00995 -0.00174879 -0.170554 0.296136 1 0 -0.684769 -0.611496 -0.012654 -0.254497 -0.114936 -0.012654 0 0 0 0.0291248 -0.0122327 0.00331986 0.3 0.3
56 2 14.1002 1.20443 -3.98232 37306.6 0.629691 0.404314 -0.0297718 1.02473 -0.0107313 0.296136 -0.170554 1 0 -0.604909 -0.660338 -0.0330536 -0.17029 -0.15876 -0.0330536 0 0 0 -0.0124691 -0.017465 0.0215731 0.3 0.3
56 0 14.1502 11.314 8.88219 38009.1 -0.777189 -0.202451 -0.222308 0.972236 -0.00336483 -0.0418803 -0.0418803 1 0 0.691224 0.724981 0.0402899 0.154036 0.218759 0.0402899 0 0 0 -0.0259847 0.00521387 0.00666251 0.3 0.3
56 1 14.1502 -1.3431 -9.77143 35555.3 -0.0969708 -0.0306538 0.396037 1.00968 -0.00102196 -0.191465 0.275226 1 0 -0.691706 -0.623708 -0.0122036 -0.243932 -0.106948 -0.0122036 0 0 0 0.0270854 -0.0113975 0.00188978 0.3 0.3
56 2 14.1502 1.08383 -4.02383 37196 -0.161293 0.390675 -0.043889 1.02447 -0.00682985 0.275226 -0.191465 1 0 -0.614759 -0.669374 -0.0329879 -0.162479 -0.147415 -0.0329879 0 0 0 -0.0178805 -0.0208391 0.0138474 0.3 0.3
56 0 14.2002 11.7317 9.00479 37681.7 -1.81843 -0.194829 -0.20832 0.972071 0.000840447 -0.0209423 -0.0209423 1 0 0.714229 0.737164 0.0399275 0.144373 0.208849 0.0399275 0 0 0 -0.0188642 -0.00635441 -0.00162104 0.3 0.3
56 1 14.2002 -1.21505 -9.87298 35473.9 0.0603046 -0.0464219 0.383566 1.00947 -0.000797102 -0.212403 0.254288 1 0 -0.700898 -0.638504 -0.0122039 -0.232852 -0.0983497 -0.0122039 0 0 0 0.0246189 -0.0108371 0.00146094 0.3 0.3
56 2 14.2002 0.96433 -3.79444 37495 -2.14862 0.377126 -0.0576867 1.024 -0.000974145 0.254288 -0.212403 1 0 -0.627659 -0.68185 -0.031229 -0.162362 -0.14487 -0.031229 0 0 0 -0.0223323 -0.0101101 0.00206133 0.3 0.3
56 0 14.2503 11.5607 9.29091 37829.4 -1.32403 -0.187477 -0.194051 0.971861 0.00280837 4.59395e-06 4.59395e-06 1 0 0.737346 0.74852 0.0404461 0.13457 0.197762 0.0404461 0 0 0 -0.0153482 -0.014427 -0.00550634 0.3 0.3
56 1 14.2503 -1.05528 -9.82707 35599.6 -0.578773 -0.0620882 0.371598 1.00919 0.000466466 -0.23335 0.233341 1 0 -0.707919 -0.651812 -0.0114931 -0.220617 -0.0894363 -0.0114931 0 0 0 0.0182402 -0.0039175 -0.000968702 0.3 0.3
56 2 14.2503 0.575278 -3.50409 37257.4 -2.67469 0.363933 -0.0711087 1.02356 0.00382348 0.233341 -0.23335 1 0 -0.63736 -0.691163 -0.0308332 -0.165368 -0.146455 -0.0308332 0 0 0 -0.0306353 -0.00218307 -0.00761443 0.3 0.3
56 0 14.3003 11.716 9.53625 37538 -1.91981 -0.180697 -0.179581 0.97188 0.00506291 0.0209493 0.0209493 1 0 0.761824 0.759927 0.03927 0.125038 0.185498 0.03927 0 0 0 -0.0078312 -0.0181577 -0.0100552 0.3 0.3
56 1 14.3003 -0.947131 -9.86953 35439.9 0.997041 -0.077237 0.360324 1.00901 -0.00133668 -0.254295 0.212396 1 0 -0.721973 -0.672453 -0.011708 -0.208292 -0.0796337 -0.011708 0 0 0 0.0164075 -0.00216383 0.00265569 0.3 0.3
56 2 14.3003 0.37375 -3.44093 37077.8 -4.14481 0.351273 -0.0840016 1.02331 0.00945751 0.212396 -0.254295 1 0 -0.658569 -0.711976 -0.0313562 -0.171305 -0.149644 -0.0313562 0 0 0 -0.0369704 -0.0070016 -0.0187892 0.3 0.3
56 0 14.3503 11.9399 9.70477 37255.8 1.06946 -0.174821 -0.165276 0.972323 0.00152948 0.0418883 0.0418883 1 0 0.78711 0.770883 0.0365356 0.116417 0.171889 0.0365356 0 0 0 -0.0190156 0.0081503 -0.00313662 0.3 0.3
56 1 14.3503 -0.731408 -9.79841 35688.6 0.342816 -0.0922376 0.349657 1.00868 -0.00146983 -0.275234 0.191457 1 0 -0.729852 -0.6877 -0.0105121 -0.194713 -0.0701166 -0.0105121 0 0 0 0.0153957 -0.00343172 0.00291333 0.3 0.3
56 2 14.3503 0.290003 -2.5654 37242.1 -4.31774 0.33911 -0.0962447 1.02305 0.0134974 0.191457 -0.275234 1 0 -0.669724 -0.722995 -0.0309582 -0.168655 -0.164958 -0.0309582 0 0 0 -0.0322254 -0.00451467 -0.0269264 0.3 0.3
56 0 14.4003 11.4883 9.97184 38395.4 -3.86137 -0.168699 -0.150888 0.972112 0.00746686 0.0628007 0.0628007 1 0 0.811886 0.781606 0.0400983 0.1082 0.156967 0.0400983 0 0 0 0.00220553 -0.0246732 -0.0149622 0.3 0.3
56 1 14.4003 -0.933149 -9.56138 35632.4 0.373894 -0.106663 0.339711 1.0083 -0.00159606 -0.296146 0.170545 1 0 -0.740335 -0.705797 -0.00968628 -0.185791 -0.0658191 -0.00968628 0 0 0 0.0123285 -0.000569589 0.00318867 0.3 0.3
56 2 14.4003 1.09925 -1.33759 37144.8 -4.27264 0.327435 -0.107901 1.02288 0.0161703 0.170545 -0.296146 1 0 -0.68461 -0.737912 -0.0311652 -0.142828 -0.205224 -0.0311652 0 0 0 -0.0306826 -0.00964897 -0.0321981 0.3 0.3
56 0 14.4503 11.9852 10.1281 37577.8 -0.578489 -0.163444 -0.136776 0.972142 0.00591184 0.0836887 0.0836887 1 0 0.837884 0.792548 0.0388531 0.101486 0.140571 0.0388531 0 0 0 0.00485335 -0.026085 -0.0118881 0.3 0.3
56 1 14.4503 -0.983341 -9.23615 35794.8 0.352314 -0.120881 0.330324 1.00771 -0.00165082 -0.317034 0.149657 1 0 -0.748216 -0.721891 -0.00790968 -0.182224 -0.0687014 -0.00790968 0 0 0 0.00909066 -0.000130687 0.00330107 0.3 0.3
56 2 14.4503 1.43469 -0.199785 37268.2 -5.14851 0.316198 -0.118957 1.02266 0.019437 0.149657 -0.317034 1 0 -0.696209 -0.74982 -0.0306672 -0.115195 -0.252709 -0.0306672 0 0 0 -0.025408 -0.0138985 -0.0387039 0.3 0.3
56 0 14.5002 12.6166 10.5493 38088.8 -1.80846 -0.158973 -0.122917 0.97188 0.00689016 0.104527 0.104527 1 0 0.865092 0.803796 0.0406794 0.107498 0.117924 0.0406794 0 0 0 0.0105389 -0.0301544 -0.0139411 0.3 0.3
56 1 14.5002 -0.948551 -8.95442 35400 1.92375 -0.134628 0.321768 1.00734 -0.00426886 -0.337872 0.128818 1 0 -0.765849 -0.748347 -0.00835656 -0.180519 -0.0728406 -0.00835656 0 0 0 0.010689 0.00367484 0.00855751 0.3 0.3
56 2 14.5002 2.27497 0.61824 37465.4 -4.04496 0.305183 -0.129697 1.02226 0.0196567 0.128818 -0.337872 1 0 -0.722526 -0.776604 -0.0291361 -0.0856466 -0.308021 -0.0291361 0 0 0 -0.0165726 -0.00493917 -0.0392765 0.3 0.3
56 0 14.5503 14.1265 11.4278 38099.6 -0.720545 -0.155117 -0.10937 0.9714 0.00575145 0.125342 0.125342 1 0 0.892977 0.815207 0.0424385 0.148928 0.0787988 0.0424385 0 0 0 0.0151249 -0.0250473 -0.0116936 0.3 0.3
56 1 14.5503 -1.42382 -8.56011 35331.6 0.590142 -0.147657 0.313889 1.00715 -0.00382595 -0.358687 0.108003 1 0 -0.775013 -0.766268 -0.00911219 -0.179691 -0.07923 -0.00911219 0 0 0 0.0162805 0.00230047 0.0076709 0.3 0.3
56 2 14.5503 2.38031 2.08726 37058.7 -4.07668 0.294711 -0.140133 1.02206 0.0198954 0.108003 -0.358687 1 0 -0.733134 -0.787273 -0.0298537 -0.0546948 -0.370809 -0.0298537 0 0 0 -0.0104834 -0.0037051 -0.0397747 0.3 0.3
56 0 14.6002 13.7388 11.325 38155.6 -1.63273 -0.151721 -0.0963663 0.970697 0.00642078 0.146081 0.146081 1 0 0.921376 0.827272 0.0445417 0.157698 0.0544395 0.0445417 0 0 0 0.0276464 -0.0284836 -0.013238 0.3 0.3
56 1 14.6002 -1.30541 -8.32749 35414.9 1.42804 -0.160487 0.306501 1.00707 -0.00494827 -0.379426 0.0872644 1 0 -0.787047 -0.787552 -0.00945448 -0.181022 -0.0881624 -0.00945448 0 0 0 0.0252711 -0.00179038 0.00987476 0.3 0.3
56 2 14.6002 2.94966 3.27342 37338.2 -2.86496 0.284699 -0.150453 1.02175 0.0180401 0.0872644 -0.379426 1 0 -0.750783 -0.804398 -0.0289159 -0.0226501 -0.440386 -0.0289159 0 0 0 0.00399857 0.00801357 -0.0360665 0.3 0.3
56 0 14.6502 13.4938 11.2011 37655.6 -0.0529989 -0.148938 -0.0841565 0.970251 0.00440304 0.166769 0.166769 1 0 0.950514 0.840385 0.043874 0.149679 0.0378393 0.043874 0 0 0 0.0355218 -0.0105063 -0.00899425 0.3 0.3
56 1 14.6502 -2.54371 -8.95398 35410.5 0.250767 -0.172802 0.299238 1.00707 -0.00369476 -0.400114 0.0665761 1 0 -0.798975 -0.808069 -0.00989613 -0.208631 -0.0783274 -0.00989613 0 0 0 0.0296161 0.00131775 0.00740986 0.3 0.3
56 2 14.6502 3.24284 4.49295 37155.2 -2.68743 0.27533 -0.161045 1.02153 0.0165676 0.0665761 -0.400114 1 0 -0.76649 -0.818026 -0.0290737 0.00975244 -0.515846 -0.0290737 0 0 0 0.0222986 0.0137512 -0.0329862 0.3 0.3
56 0 14.7002 13.1839 11.312 37885.9 1.60115 -0.146212 -0.0728423 0.969797 0.000121389 0.187382 0.187382 1 0 0.979552 0.854823 0.0445574 0.142939 0.0213377 0.0445574 0 0 0 0.0388565 -0.0216863 -0.000664235 0.3 0.3
56 1 14.7002 -3.93405 -9.60745 35657.4 1.73885 -0.184697 0.292332 1.00693 -0.00538262 -0.420727 0.0459636 1 0 -0.814205 -0.83178 -0.00899296 -0.26212 -0.0519292 -0.00899296 0 0 0 0.0324187 -0.00199717 0.0107343 0.3 0.3
56 2 14.7002 3.40119 5.34658 37244.5 -1.46414 0.266932 -0.17237 1.02131 0.0136026 0.0459636 -0.420727 1 0 -0.787992 -0.834553 -0.0286886 0.0407662 -0.591208 -0.0286886 0 0 0 0.0333045 0.0200962 -0.0268765 0.3 0.3
56 0 14.7503 13.6321 11.3254 37621.6 1.01845 -0.144317 -0.0623857 0.969586 -0.00169615 0.207916 0.207916 1 0 1.00954 0.870256 0.0436337 0.138093 0.00731918 0.0436337 0 0 0 0.0433183 -0.0202964 0.00295359 0.3 0.3
56 1 14.7503 -5.20474 -10.2365 35685.2 1.03985 -0.196081 0.285338 1.00666 -0.00537428 -0.441261 0.0254292 1 0 -0.827396 -0.852436 -0.00798459 -0.320741 -0.0248581 -0.00798459 0 0 0 0.0316455 -0.00805855 0.0106225 0.3 0.3
56 2 14.7503 2.75416 3.86157 37695 -0.457234 0.259278 -0.18456 1.02068 0.0102002 0.0254292 -0.441261 1 0 -0.809242 -0.848091 -0.0258316 0.0453603 -0.597157 -0.0258316 0 0 0 0.0517587 0.0372217 -0.0194476 0.3 0.3
56 0 14.8002 13.2433 10.3382 37717 2.22803 -0.142289 -0.0530262 0.969485 -0.00495999 0.22835 0.22835 1 0 1.03911 0.887361 0.0432234 0.134916 0.0191442 0.0432234 0 0 0 0.046729 -0.0227473 0.00939177 0.3 0.3
56 1 14.8002 -6.19431 -10.6162 35830.3 1.47415 -0.207689 0.278522 1.00616 -0.00618065 -0.461695 0.00499507 1 0 -0.840934 -0.874118 -0.00614284 -0.389554 0.00250183 -0.00614284 0 0 0 0.03105 -0.023691 0.0119959 0.3 0.3
56 2 14.8002 1.25699 3.70313 37430.5 0.144899 0.252958 -0.198021 1.01998 0.0069881 0.00499507 -0.461695 1 0 -0.830354 -0.857064 -0.0244908 0.0231288 -0.606459 -0.0244908 0 0 0 0.0661922 0.045353 -0.0124857 0.3 0.3
56 0 14.8503 13.7465 9.75625 37938.4 1.4786 -0.140933 -0.0446934 0.969296 -0.00578231 0.248694 0.248694 1 0 1.06935 0.905747 0.0439344 0.134147 0.0351878 0.0439344 0 0 0 0.0385358 -0.0194273 0.011193 0.3 0.3
56 1 14.8503 -7.60313 -11.1304 35464.1 0.729071 -0.2194 0.271695 1.0058 -0.00550265 -0.482039 -0.0153488 1 0 -0.852693 -0.89418 -0.00632812 -0.465095 0.0295812 -0.00632812 0 0 0 0.0296833 -0.0393519 0.0104245 0.3 0.3
56 2 14.8503 0.178349 3.23793 37161.9 2.37456 0.248113 -0.213135 1.01944 0.00123428 -0.0153488 -0.482039 1 0 -0.853751 -0.863003 -0.0245251 -0.00418056 -0.613546 -0.0245251 0 0 0 0.073646 0.0568105 -0.000377777 0.3 0.3
56 0 14.9003 13.7795 9.66061 37706.7 2.52254 -0.139857 -0.0371786 0.969252 -0.00814212 0.268936 0.268936 1 0 1.08485 0.925249 0.0432629 0.135427 0.044313 0.0432629 0 0 0 0.0323946 -0.0260306 0.0158662 0.3 0.3
56 1 14.9003 -8.99434 -11.5464 35481.8 -1.08995 -0.231565 0.264915 1.00552 -0.00194506 -0.502281 -0.0355907 1 0 -0.865792 -0.916433 -0.00632567 -0.54977 0.0562812 -0.00632567 0 0 0 0.0216989 -0.0525426 0.00332148 0.3 0.3
56 2 14.9003 -0.980587 2.76658 36858.7 2.65822 0.24494 -0.229939 1.01928 -0.00357831 -0.0355907 -0.502281 1 0 -0.882468 -0.868549 -0.0262004 -0.0350715 -0.61973 -0.0262004 0 0 0 0.0771169 0.0372056 0.00859866 0.3 0.3
56 0 14.9503 14.163 9.69502 37969.8 2.679 -0.139393 -0.0304171 0.969172 -0.00924322 0.289051 0.289051 1 0 1.08244 0.946696 0.0440714 0.138058 0.0327702 0.0440714 0 0 0 0.0241398 -0.0126928 0.0183352 0.3 0.3
56 1 14.9503 -10.8124 -11.4156 35414.7 -0.302772 -0.244777 0.258203 1.00534 -0.000636603 -0.522396 -0.0557056 1 0 -0.876242 -0.936766 -0.00674377 -0.634132 0.0795215 -0.00674377 0 0 0 0.015391 -0.0768467 0.000682505 0.3 0.3
56 2 14.9503 -1.89983 3.52557 37369 3.47937 0.243052 -0.248485 1.01892 -0.0087816 -0.0557056 -0.522396 1 0 -0.910566 -0.871244 -0.025053 -0.0652576 -0.623039 -0.025053 0 0 0 0.076692 0.0296163 0.0187146 0.3 0.3
56 0 15.0003 14.0533 10.9134 37700.7 3.51206 -0.139051 -0.0242168 0.96909 -0.0123537 0.309035 0.309035 1 0 1.08003 0.96656 0.0432873 0.142195 0.0222914 0.0432873 0 0 0 0.0118417 -8.21209e-05 0.0247079 0.3 0.3
56 1 15.0003 -9.91201 -12.6716 35431 -2.26279 -0.259533 0.251773 1.0053 0.00322315 -0.54238 -0.0756893 1 0 -0.881217 -0.957065 -0.00709584 -0.728781 0.103154 -0.00709584 0 0 0 0.00585415 -0.0963524 -0.00673607 0.3 0.3
56 2 15.0003 -2.70518 -0.273972 37816.5 5.86462 0.24232 -0.268831 1.0182 -0.0151177 -0.0756893 -0.54238 1 0 -0.940734 -0.865151 -0.0215801 -0.105521 -0.61991 -0.0215801 0 0 0 0.0804502 0.0207274 0.0310969 0.3 0.3
56 0 15.0502 15.0775 9.90081 38114 2.21222 -0.138785 -0.018423 0.968847 -0.0119143 0.328867 0.328867 1 0 1.07729 0.987678 0.0448296 0.169942 0.0209431 0.0448296 0 0 0 0.0166765 0.00195746 0.0238463 0.3 0.3
56 1 15.0502 -9.29471 -10.3125 35201.8 -1.58133 -0.275971 0.245919 1.00551 0.00483702 -0.562212 -0.0955217 1 0 -0.883673 -0.977513 -0.00876579 -0.731686 0.0795797 -0.00876579 0 0 0 0.00118884 -0.117565 -0.00976079 0.3 0.3
56 2 15.0502 -3.83332 1.39681 37451.2 6.3214 0.242591 -0.290857 1.01737 -0.0209124 -0.0955217 -0.562212 1 0 -0.972048 -0.858561 -0.0201707 -0.142891 -0.615099 -0.0201707 0 0 0 0.0724643 -0.00158024 0.0417981 0.3 0.3
56 0 15.1002 15.4126 9.78971 37766.4 1.90578 -0.138263 -0.0129871 0.968736 -0.0111272 0.348572 0.348572 1 0 1.07443 1.00908 0.0443251 0.198429 0.0254132 0.0443251 0 0 0 0.0227185 -0.000501505 0.0222507 0.3 0.3
56 1 15.1002 -8.28047 -9.08613 34790.1 -2.75088 -0.294609 0.2407 1.00629 0.00813991 -0.581917 -0.115227 1 0 -0.883212 -0.999864 -0.0127196 -0.734564 0.0340062 -0.0127196 0 0 0 -0.0102568 -0.124297 -0.0156734 0.3 0.3
56 2 15.1002 -4.2532 0.279805 37728.1 7.62978 0.243133 -0.314469 1.01624 -0.0268849 -0.115227 -0.581917 1 0 -1.00393 -0.849377 -0.0170756 -0.180889 -0.607712 -0.0170756 0 0 0 0.060453 -0.0169437 0.0532905 0.3 0.3
56 0 15.1503 15.9932 9.54129 38155.3 4.01774 -0.137834 -0.00790642 0.968379 -0.0141127 0.36814 0.36814 1 0 1.07138 1.03066 0.0460523 0.22653 0.0358587 0.0460523 0 0 0 0.00800089 0.00145436 0.0282324 0.3 0.3
56 1 15.1503 -7.34064 -7.61081 34858.1 -2.24192 -0.315787 0.236375 1.00747 0.00901575 -0.601485 -0.134795 1 0 -0.876894 -1.02219 -0.0163132 -0.733259 -0.023194 -0.0163132 0 0 0 -0.0022855 -0.127843 -0.0179224 0.3 0.3
56 2 15.1503 -4.91516 -0.376895 37816.7 7.61084 0.243913 -0.339456 1.0148 -0.031073 -0.134795 -0.601485 1 0 -1.03546 -0.83711 -0.013523 -0.218796 -0.597316 -0.013523 0 0 0 0.0673366 -0.0388727 0.0608935 0.3 0.3
56 0 15.2003 16.4746 9.19024 37679.7 1.36006 -0.137318 -0.00297663 0.968261 -0.0116674 0.387529 0.387529 1 0 1.0682 1.05206 0.0450249 0.254379 0.0507332 0.0450249 0 0 0 0.00943695 0.00572226 0.0233627 0.3 0.3
56 1 15.2003 -6.81533 -6.20121 35071.6 -2.27413 -0.338911 0.23291 1.00877 0.0096855 -0.620874 -0.154183 1 0 -0.868395 -1.04712 -0.0188265 -0.730373 -0.0871547 -0.0188265 0 0 0 0.00201788 -0.118518 -0.0195251 0.3 0.3
56 2 15.2003 -5.1447 -1.1918 38270 8.61376 0.244202 -0.365885 1.01273 -0.03533 -0.154183 -0.620874 1 0 -1.06656 -0.822791 -0.00744696 -0.256912 -0.585055 -0.00744696 0 0 0 0.0658936 -0.0438174 0.0692856 0.3 0.3
56 0 15.2502 16.6107 7.41258 37937.9 1.41036 -0.136083 0.00194552 0.968093 -0.0101508 0.406718 0.406718 1 0 1.06477 1.06477 0.0455117 0.282207 0.108803 0.0455117 0 0 0 -0.00235584 0.0257774 0.0202733 0.3 0.3
56 1 15.2502 -6.01776 -4.85684 35259.5 -2.12903 -0.364159 0.230068 1.01004 0.00974462 -0.640063 -0.173373 1 0 -0.85264 -1.0636 -0.0203833 -0.722234 -0.156607 -0.0203833 0 0 0 0.0103954 -0.114083 -0.0201152 0.3 0.3
56 2 15.2502 -5.46468 -1.56553 37867 9.15498 0.243809 -0.393679 1.0105 -0.0392039 -0.173373 -0.640063 1 0 -1.06281 -0.801661 -0.00360614 -0.294347 -0.576021 -0.00360614 0 0 0 0.0537571 -0.065567 0.0767351 0.3 0.3
56 0 15.3002 16.7859 6.09946 38145.2 0.499389 -0.133886 0.0068129 0.967723 -0.00763034 0.425778 0.425778 1 0 1.06126 1.06126 0.0470347 0.310155 0.174125 0.0470347 0 0 0 -0.00637136 0.0267141 0.0151772 0.3 0.3
56 1 15.3002 -5.4301 -3.58548 35254 -1.64291 -0.391281 0.227765 1.01128 0.00884384 -0.659123 -0.192432 1 0 -0.836557 -1.06123 -0.0219648 -0.716532 -0.226433 -0.0219648 0 0 0 0.0210139 -0.111156 -0.0188854 0.3 0.3
56 2 15.3002 -5.46325 -2.22435 38399.9 8.93761 0.242484 -0.422739 1.00768 -0.0414228 -0.192432 -0.659123 1 0 -1.06084 -0.782696 0.00331812 -0.325133 -0.566672 0.00331812 0 0 0 0.054066 -0.073853 0.0809582 0.3 0.3
56 0 15.3502 17.4154 5.2749 37751.3 -0.0876745 -0.131313 0.0121179 0.967547 -0.00524398 0.444638 0.444638 1 0 1.05752 1.05752 0.046312 0.338217 0.238769 0.046312 0 0 0 -0.0296039 0.0449092 0.00982689 0.3 0.3
56 1 15.3502 -4.63422 -2.46706 34879.7 -0.829945 -0.420206 0.225838 1.0128 0.00666943 -0.677983 -0.211293 1 0 -0.815889 -1.05767 -0.0255457 -0.706068 -0.29385 -0.0255457 0 0 0 0.0388091 -0.10299 -0.0153597 0.3 0.3
56 2 15.3502 -4.73903 -2.91173 38370.6 9.81416 0.240076 -0.452743 1.00445 -0.0442948 -0.211293 -0.677983 1 0 -1.05789 -0.760793 0.00994191 -0.33305 -0.547962 0.00994191 0 0 0 0.050773 -0.0803204 0.0866782 0.3 0.3
56 0 15.4003 17.2414 4.2435 38577 -1.63201 -0.127306 0.0178532 0.966795 -0.000886838 0.463313 0.463313 1 0 1.05352 1.05352 0.0502476 0.367159 0.302088 0.0502476 0 0 0 -0.032899 0.0403973 0.00110961 0.3 0.3
56 1 15.4003 -3.7336 -3.70707 34962.7 -0.0833517 -0.450612 0.223888 1.01446 0.00389798 -0.696658 -0.229968 1 0 -0.791835 -1.05356 -0.0285386 -0.683439 -0.299648 -0.0285386 0 0 0 0.0579876 -0.0931959 -0.0105125 0.3 0.3
56 2 15.4003 -4.48979 -3.6768 38291.5 10.6785 0.236492 -0.483862 1.00095 -0.0472909 -0.229968 -0.696658 1 0 -1.05348 -0.735234 0.0161634 -0.341991 -0.526322 0.0161634 0 0 0 0.0303154 -0.08788 0.0933864 0.3 0.3
56 0 15.4503 17.6147 3.70038 37758.5 -2.56993 -0.122259 0.0247324 0.966333 0.0032992 0.481763 0.481763 1 0 1.04971 1.04971 0.0494417 0.397069 0.363343 0.0494417 0 0 0 -0.0549104 0.044995 -0.00783843 0.3 0.3
56 1 15.4503 -2.73317 -3.85873 35339.7 0.653011 -0.482574 0.221474 1.0159 0.00098725 -0.715108 -0.248418 1 0 -0.764373 -1.04907 -0.0294257 -0.657504 -0.305772 -0.0294257 0 0 0 0.0701821 -0.0810637 -0.00482467 0.3 0.3
56 2 15.4503 -4.17323 -4.08172 37786.5 9.01639 0.231524 -0.515551 0.997681 -0.0467704 -0.248418 -0.715108 1 0 -1.04865 -0.707896 0.0195431 -0.351167 -0.503097 0.0195431 0 0 0 0.0304281 -0.0900687 0.0923095 0.3 0.3
56 0 15.5002 17.8658 3.17908 38382.5 -0.340398 -0.116131 0.0327937 0.965528 0.00246504 0.499999 0.499999 1 0 1.04543 1.04543 0.0522898 0.428148 0.422068 0.0522898 0 0 0 -0.0699948 0.0408936 -0.0063661 0.3 0.3
56 1 15.5002 -1.73198 -4.03368 35342.8 0.418902 -0.515924 0.218362 1.01715 -0.000554927 -0.733344 -0.266654 1 0 -0.736853 -1.04724 -0.0302828 -0.631108 -0.311764 -0.0302828 0 0 0 0.0798868 -0.0738434 -0.00184097 0.3 0.3
56 2 15.5002 -3.69586 -5.02018 37853.2 10.8115 0.225106 -0.547998 0.994592 -0.0489593 -0.266654 -0.733344 1 0 -1.04907 -0.684154 0.0232064 -0.359659 -0.481726 0.0232064 0 0 0 0.0110502 -0.102801 0.0975205 0.3 0.3
56 0 15.5503 18.1067 2.98239 38109.7 -2.07512 -0.108816 0.0427575 0.964719 0.00472258 0.518037 0.518037 1 0 1.04103 1.04103 0.0534334 0.460604 0.47894 0.0534334 0 0 0 -0.0849163 0.0402393 -0.0111654 0.3 0.3
56 1 15.5503 -1.43335 -4.36051 35409.5 2.24879 -0.549817 0.214106 1.01818 -0.0043068 -0.751382 -0.284691 1 0 -0.703778 -1.04112 -0.0306307 -0.599836 -0.31819 -0.0306307 0 0 0 0.087662 -0.0535731 0.00627477 0.3 0.3
56 2 15.5503 -3.45492 -4.97941 37990.3 8.7078 0.21702 -0.580545 0.991484 -0.0468844 -0.284691 -0.751382 1 0 -1.04116 -0.651583 0.0274431 -0.369708 -0.454427 0.0274431 0 0 0 -0.00244198 -0.0978424 0.0940352 0.3 0.3
56 0 15.6003 18.2876 2.69206 38104.7 -3.6975 -0.100124 0.054925 0.963906 0.00860963 0.53585 0.53585 1 0 1.03649 1.03649 0.0545985 0.494555 0.534902 0.0545985 0 0 0 -0.100102 0.0505079 -0.0197772 0.3 0.3
56 1 15.6003 -0.551616 -4.61627 35136.6 2.74897 -0.584429 0.208642 1.01926 -0.00760362 -0.769195 -0.302505 1 0 -0.670299 -1.0362 -0.0323758 -0.567982 -0.324572 -0.0323758 0 0 0 0.083589 -0.0444702 0.0133644 0.3 0.3
56 2 15.6003 -3.12991 -5.27469 38073 5.86665 0.207254 -0.612959 0.988348 -0.0408956 -0.302505 -0.769195 1 0 -1.03543 -0.621032 0.0319239 -0.379092 -0.428314 0.0319239 0 0 0 -0.00609168 -0.0962916 0.082203 0.3 0.3
56 0 15.6503 18.5605 2.39966 38277.3 -2.1684 -0.0901551 0.0691841 0.962949 0.00879508 0.553395 0.553395 1 0 1.03177 1.03177 0.0566615 0.529442 0.589601 0.0566615 0 0 0 -0.119242 0.0466953 -0.0204143 0.3 0.3
56 1 15.6503 0.0677698 -4.81766 35041 2.10206 -0.619465 0.20195 1.02045 -0.00871846 -0.78674 -0.32005 1 0 -0.634046 -1.02968 -0.0344941 -0.533627 -0.331251 -0.0344941 0 0 0 0.090428 -0.033699 0.0159326 0.3 0.3
56 2 15.6503 -3.09742 -5.46009 38312.6 4.20199 0.196126 -0.645032 0.984996 -0.0339785 -0.32005 -0.78674 1 0 -1.02797 -0.588874 0.0375863 -0.38844 -0.401091 0.0375863 0 0 0 -0.0134275 -0.092599 0.0686668 0.3 0.3
56 0 15.7002 18.8727 2.58325 38277.8 -2.5989 -0.0789008 0.0863492 0.961892 0.00948365 0.570712 0.570712 1 0 1.02702 1.02702 0.0586385 0.56575 0.644138 0.0586385 0 0 0 -0.130906 0.0495849 -0.0222649 0.3 0.3
56 1 15.7002 0.730935 -5.14946 35167.6 3.23955 -0.654472 0.194033 1.02156 -0.0111153 -0.804058 -0.337367 1 0 -0.603638 -1.02934 -0.0358059 -0.504087 -0.336949 -0.0358059 0 0 0 0.0886944 -0.0200039 0.0213663 0.3 0.3
56 2 15.7002 -2.2925 -6.15283 38128.1 2.95996 0.183218 -0.67679 0.981774 -0.0274015 -0.337367 -0.804058 1 0 -1.03164 -0.567998 0.0418898 -0.395579 -0.381233 0.0418898 0 0 0 -0.0206838 -0.0939711 0.0558459 0.3 0.3
56 0 15.7502 19.1937 2.5199 38567.2 -2.07593 -0.0664043 0.10632 0.960511 0.00874787 0.587784 0.587784 1 0 1.02199 1.02199 0.0621852 0.60274 0.698468 0.0621852 0 0 0 -0.153245 0.0548122 -0.0217631 0.3 0.3
56 1 15.7502 0.829015 -5.36321 35437.2 2.51038 -0.689023 0.184794 1.0224 -0.011335 -0.821129 -0.354438 1 0 -0.566904 -1.02232 -0.0355924 -0.469263 -0.343216 -0.0355924 0 0 0 0.0822371 -0.00188427 0.0226122 0.3 0.3
56 2 15.7502 -2.57871 -5.88098 37886 -0.882414 0.168924 -0.707919 0.978761 -0.0164033 -0.354438 -0.821129 1 0 -1.02247 -0.534928 0.0448047 -0.404847 -0.353577 0.0448047 0 0 0 -0.0290883 -0.0985573 0.0342861 0.3 0.3
56 0 15.8002 19.502 2.93886 38498.6 -2.95143 -0.0526111 0.12997 0.958953 0.0106051 0.604598 0.604598 1 0 1.01685 1.01685 0.065259 0.640482 0.753671 0.065259 0 0 0 -0.158247 0.0386741 -0.0243479 0.3 0.3
56 1 15.8002 1.25025 -5.55948 35380.4 1.26513 -0.7231 0.174382 1.02307 -0.00953583 -0.837943 -0.371253 1 0 -0.531772 -1.01654 -0.0356421 -0.435808 -0.349092 -0.0356421 0 0 0 0.0794106 0.00506111 0.0192881 0.3 0.3
56 2 15.8002 -2.27606 -5.95013 37960.9 -2.57121 0.153087 -0.738161 0.975906 -0.00615266 -0.371253 -0.837943 1 0 -1.01634 -0.505969 0.0479798 -0.413132 -0.328851 0.0479798 0 0 0 -0.0394895 -0.0971375 0.014242 0.3 0.3
56 0 15.8502 19.958 3.27925 38773 -6.60582 -0.0376591 0.156828 0.957017 0.0174999 0.621149 0.621149 1 0 1.01153 1.01153 0.069854 0.678433 0.789516 0.069854 0 0 0 -0.157471 0.0405049 -0.0383137 0.3 0.3
56 1 15.8502 1.52299 -5.66794 35247.2 1.40347 -0.756593 0.162916 1.0237 -0.00859964 -0.854495 -0.387804 1 0 -0.495527 -1.00909 -0.0362934 -0.40147 -0.354907 -0.0362934 0 0 0 0.0786182 0.00787206 0.0175225 0.3 0.3
56 2 15.8502 -2.15911 -5.75334 37813.4 -4.59135 0.135673 -0.767265 0.973322 0.00407242 -0.387804 -0.854495 1 0 -1.00756 -0.475849 0.0500971 -0.421418 -0.303742 0.0500971 0 0 0 -0.0420289 -0.101522 -0.00602158 0.3 0.3
56 0 15.9003 19.3208 5.03229 38312.1 -6.56817 -0.0217146 0.187177 0.955201 0.0212119 0.637436 0.637436 1 0 1.00612 1.00612 0.0717919 0.682507 0.787655 0.0717919 0 0 0 -0.163968 0.0586554 -0.0474091 0.3 0.3
56 1 15.9003 1.31141 -5.99815 34875.8 1.08174 -0.788343 0.150517 1.02458 -0.00729937 -0.870781 -0.404091 1 0 -0.468091 -1.00795 -0.0388657 -0.374814 -0.359191 -0.0388657 0 0 0 0.0727958 0.0190195 0.0153018 0.3 0.3
56 2 15.9003 -1.51294 -5.9735 37877.3 -6.92519 0.116708 -0.795065 0.971002 0.0144248 -0.404091 -0.870781 1 0 -1.00905 -0.457771 0.0523223 -0.427455 -0.286998 0.0523223 0 0 0 -0.0408272 -0.0971599 -0.0269054 0.3 0.3
56 0 15.9502 18.3279 5.94415 38660.9 -4.61613 -0.0036593 0.220686 0.953175 0.0215193 0.65342 0.65342 1 0 1.00057 1.00057 0.0756943 0.682507 0.787655 0.0756943 0 0 0 -0.152693 0.0498302 -0.0469935 0.3 0.3
56 1 15.9502 1.69656 -5.87316 35225.2 2.63926 -0.819208 0.137493 1.02536 -0.00907013 -0.886765 -0.420074 1 0 -0.435641 -1.00079 -0.0393947 -0.344055 -0.363804 -0.0393947 0 0 0 0.0703135 0.0239253 0.0189945 0.3 0.3
56 2 15.9502 -1.33207 -5.21613 38148.6 -8.36122 0.0961575 -0.821551 0.968626 0.0237393 -0.420074 -0.886765 1 0 -1.00115 -0.432018 0.0558237 -0.431094 -0.278652 0.0558237 0 0 0 -0.043514 -0.0801811 -0.0457868 0.3 0.3
56 0 16.0003 18.4441 6.96543 37996.4 -6.99507 0.0155776 0.257724 0.951588 0.0246147 0.669141 0.669141 1 0 0.99485 0.99485 0.0757072 0.682507 0.787655 0.0757072 0 0 0 -0.160734 0.0648986 -0.0546484 0.3 0.3
56 1 16.0003 1.27731 -5.9652 35154.2 1.31123 -0.848259 0.123908 1.02612 -0.00793301 -0.902486 -0.435796 1 0 -0.407168 -0.994982 -0.0403652 -0.316949 -0.367492 -0.0403652 0 0 0 0.0634116 0.0364347 0.0170325 0.3 0.3
56 2 16.0003 -1.08616 -4.68353 37226.1 -9.79174 0.0743633 -0.846787 0.967057 0.0327883 -0.435796 -0.902486 1 0 -0.994652 -0.40934 0.0539512 -0.432126 -0.280117 0.0539512 0 0 0 -0.0567938 -0.0875719 -0.0631887 0.3 0.3
56 0 16.0502 18.1667 8.13037 38163.3 -6.20124 0.0365686 0.297629 0.950203 0.0264678 0.684548 0.684548 1 0 0.98895 0.966712 0.0766424 0.69064 0.775 0.0766424 0 0 0 -0.139954 0.0572751 -0.057109 0.3 0.3
56 1 16.0502 1.36327 -5.94107 35406.1 0.294748 -0.875946 0.109898 1.02663 -0.00547858 -0.917894 -0.451203 1 0 -0.378708 -0.987397 -0.039839 -0.290072 -0.370924 -0.039839 0 0 0 0.0652949 0.0413837 0.0123171 0.3 0.3
56 2 16.0502 -0.76054 -3.91399 37830.3 -10.49 0.0513108 -0.870212 0.965597 0.0396061 -0.451203 -0.917894 1 0 -0.986957 -0.388017 0.055419 -0.433015 -0.282195 0.055419 0 0 0 -0.0512143 -0.0839994 -0.0771762 0.3 0.3
56 0 16.1003 18.3902 9.61205 38511.2 -4.41055 0.0592458 0.339738 0.948711 0.024712 0.699671 0.699671 1 0 0.983015 0.914901 0.079262 0.71247 0.741032 0.079262 0 0 0 -0.128796 0.0502419 -0.0527879 0.3 0.3
56 1 16.1003 1.30384 -6.25508 35253 1.11351 -0.902026 0.0953225 1.02708 -0.00520436 -0.933016 -0.466325 1 0 -0.35731 -0.984627 -0.0401318 -0.269393 -0.373154 -0.0401318 0 0 0 0.066257 0.0454992 0.0119253 0.3 0.3
56 2 16.1003 -0.0941718 -3.83217 37746.7 -11.8062 0.0269692 -0.89216 0.964379 0.0462384 -0.466325 -0.933016 1 0 -0.985391 -0.374845 0.0560132 -0.433811 -0.285212 0.0560132 0 0 0 -0.0560495 -0.0678651 -0.0906963 0.3 0.3
56 0 16.1502 18.8152 11.0839 38105.6 -5.9953 0.0830287 0.384234 0.947525 0.0259977 0.714467 0.714467 1 0 0.976869 0.858266 0.0794038 0.736432 0.703746 0.0794038 0 0 0 -0.104418 0.058926 -0.0551749 0.3 0.3
56 1 16.1502 1.0632 -6.18668 35644.7 0.515128 -0.926497 0.0803276 1.02711 -0.00396757 -0.947812 -0.481122 1 0 -0.333205 -0.976968 -0.0381144 -0.24673 -0.375525 -0.0381144 0 0 0 0.06899 0.0499973 0.00966807 0.3 0.3
56 2 16.1502 -0.264484 -2.86885 37649.4 -12.5061 0.00194845 -0.912258 0.963434 0.0518077 -0.481122 -0.947812 1 0 -0.977 -0.357442 0.0559231 -0.434459 -0.288599 0.0559231 0 0 0 -0.0573439 -0.0557846 -0.102145 0.3 0.3
56 0 16.2003 18.554 12.2882 37956.9 -2.50484 0.108557 0.430458 0.946711 0.0213575 0.728978 0.728978 1 0 0.970612 0.798097 0.0786707 0.761969 0.66401 0.0786707 0 0 0 -0.0854873 0.0549676 -0.045125 0.3 0.3
56 1 16.2003 0.483824 -6.34243 35629.7 1.42462 -0.948791 0.0648461 1.02683 -0.00468891 -0.962323 -0.495633 1 0 -0.313692 -0.970686 -0.0361581 -0.228333 -0.377 -0.0361581 0 0 0 0.0706938 0.0511085 0.0111944 0.3 0.3
56 2 16.2003 -0.0366744 -2.42286 37566.3 -10.2964 -0.0236679 -0.930754 0.962803 0.0517276 -0.495633 -0.962323 1 0 -0.970626 -0.344295 0.0552253 -0.43502 -0.29285 0.0552253 0 0 0 -0.0472325 -0.0483549 -0.102418 0.3 0.3
56 0 16.2502 18.8029 13.3933 38033.9 -4.69356 0.135377 0.477959 0.946149 0.0218497 0.743133 0.743133 1 0 0.964197 0.734992 0.0782063 0.788795 0.622268 0.0782063 0 0 0 -0.065186 0.0608056 -0.0457295 0.3 0.3
56 1 16.2502 0.605121 -6.48597 35491.4 -0.415251 -0.969745 0.0488219 1.0264 -0.00217476 -0.976478 -0.509787 1 0 -0.294599 -0.963154 -0.0348339 -0.21052 -0.37837 -0.0348339 0 0 0 0.0682811 0.0500874 0.00606446 0.3 0.3
56 2 16.2502 -0.137019 -1.95121 37193.2 -9.1676 -0.0493946 -0.947825 0.96277 0.0499308 -0.509787 -0.976478 1 0 -0.962638 -0.331347 0.0522883 -0.435435 -0.297075 0.0522883 0 0 0 -0.0474844 -0.0482077 -0.0988155 0.3 0.3
56 0 16.3002 19.1404 14.1022 37755.2 -3.26015 0.163188 0.526022 0.946055 0.0200076 0.75699 0.75699 1 0 0.957769 0.670416 0.0759893 0.816287 0.57949 0.0759893 0 0 0 -0.0427426 0.061738 -0.0413661 0.3 0.3
56 1 16.3002 -0.0621775 -6.74677 35351.8 0.0487161 -0.988595 0.0322725 1.02597 -0.00121996 -0.990336 -0.523645 1 0 -0.281916 -0.958957 -0.0341767 -0.19848 -0.378649 -0.0341767 0 0 0 0.0675426 0.0524351 0.00421402 0.3 0.3
56 2 16.3002 0.367333 -1.60814 37595.1 -9.46377 -0.0755069 -0.963467 0.962865 0.0488826 -0.523645 -0.990336 1 0 -0.959749 -0.325425 0.0515059 -0.435772 -0.3021 0.0515059 0 0 0 -0.0290909 -0.0266209 -0.097436 0.3 0.3
56 0 16.3502 18.832 14.9486 37888.8 -4.13516 0.192828 0.574344 0.94623 0.0203247 0.770501 0.770501 1 0 0.951105 0.604573 0.0744042 0.844285 0.535924 0.0744042 0 0 0 -0.023008 0.0597948 -0.0413613 0.3 0.3
56 1 16.3502 -0.140584 -6.75357 35426.3 1.76224 -1.00596 0.0152692 1.02545 -0.00345636 -1.00385 -0.537156 1 0 -0.267351 -0.950939 -0.0330371 -0.185116 -0.378986 -0.0330371 0 0 0 0.0715928 0.0493477 0.00868686 0.3 0.3
56 2 16.3502 -0.0320401 -1.30911 36810.4 -7.08305 -0.101494 -0.978361 0.963788 0.0445117 -0.537156 -1.00385 1 0 -0.950845 -0.314171 0.0460923 -0.436057 -0.307546 0.0460923 0 0 0 -0.0291751 -0.0358182 -0.088554 0.3 0.3
56 0 16.4002 19.1955 15.6218 38150 -2.09118 0.223525 0.622482 0.946418 0.0169979 0.783692 0.783692 1 0 0.944353 0.53841 0.0740765 0.872403 0.492171 0.0740765 0 0 0 -0.0144494 0.0718502 -0.0345396 0.3 0.3
56 1 16.4002 -0.652919 -6.98018 35369.3 -2.7463 -1.02163 -0.00228121 1.02492 0.00249772 -1.01704 -0.550347 1 0 -0.256481 -0.944282 -0.0322197 -0.175152 -0.378626 -0.0322197 0 0 0 0.065865 0.0492386 -0.0033772 0.3 0.3
56 2 16.4002 0.168986 -0.948838 37196.6 -6.7114 -0.127582 -0.992391 0.965016 0.0408435 -0.550347 -1.01704 1 0 -0.944011 -0.305911 0.0428515 -0.436296 -0.313664 0.0428515 0 0 0 -0.0202539 -0.0325716 -0.0813948 0.3 0.3
56 0 16.4503 18.7769 16.2117 37954.1 0.729382 0.25587 0.669739 0.946809 0.0102741 0.796533 0.796533 1 0 0.937469 0.47302 0.072509 0.900132 0.449024 0.072509 0 0 0 0.000469853 0.0627541 -0.020544 0.3 0.3
56 1 16.4503 -0.89991 -7.07458 35361.9 0.110016 -1.03584 -0.0203476 1.02437 0.00168191 -1.02988 -0.563188 1 0 -0.245723 -0.935853 -0.0314168 -0.165515 -0.377991 -0.0314168 0 0 0 0.0709396 0.042062 -0.0018739 0.3 0.3
56 2 16.4503 0.166117 -0.651376 37157.7 -5.24817 -0.153831 -1.00584 0.96657 0.0359562 -0.563188 -1.02988 1 0 -0.935061 -0.295927 0.0391108 -0.436519 -0.320561 0.0391108 0 0 0 -0.0138524 -0.0408401 -0.0716617 0.3 0.3
56 0 16.5002 19.1714 16.8188 37666.9 -3.48215 0.289321 0.716361 0.947612 0.0128621 0.809016 0.809016 1 0 0.930544 0.408056 0.0693275 0.927654 0.406199 0.0693275 0 0 0 0.0125414 0.0733582 -0.0252825 0.3 0.3
56 1 16.5002 -1.17197 -7.45628 35471.2 -1.78834 -1.04871 -0.0388629 1.02374 0.00427089 -1.04236 -0.575671 1 0 -0.241353 -0.932155 -0.0300261 -0.161438 -0.376333 -0.0300261 0 0 0 0.0652528 0.0424066 -0.00716401 0.3 0.3
56 2 16.5002 0.765062 -0.56326 37225.6 -5.03421 -0.180275 -1.01866 0.968274 0.0323685 -0.575671 -1.04236 1 0 -0.925481 -0.293595 0.0357786 -0.436729 -0.328235 0.0357786 0 0 0 -0.00606039 -0.03934 -0.0646419 0.3 0.3
56 0 16.5502 17.7806 17.8379 37777.6 -1.39565 0.324496 0.761765 0.948647 0.0112394 0.821148 0.821148 1 0 0.92343 0.344381 0.0667219 0.92343 0.344381 0.0667219 0 0 0 0.0234207 0.084984 -0.0215054 0.3 0.3
56 1 16.5502 -1.67619 -7.32192 35682.5 1.00363 -1.06 -0.05764 1.02284 0.00139699 -1.05449 -0.587803 1 0 -0.234174 -0.923541 -0.0274681 -0.15525 -0.374612 -0.0274681 0 0 0 0.0647177 0.0421805 -0.00143048 0.3 0.3
56 2 16.5502 0.394238 -0.222743 37326 -3.28216 -0.206834 -1.0313 0.970072 0.0270225 -0.587803 -1.05449 1 0 -0.891336 -0.283114 0.0329091 -0.437027 -0.337295 0.0329091 0 0 0 -0.00137797 -0.0330091 -0.0540361 0.3 0.3
56 0 16.6002 17.0491 18.1981 37839.2 -2.67147 0.361495 0.805356 0.949827 0.0125247 0.83291 0.83291 1 0 0.916246 0.283088 0.0643359 0.916246 0.283088 0.0643359 0 0 0 0.0485731 0.0754999 -0.0232404 0.3 0.3
56 1 16.6002 -1.85587 -7.63607 35761.5 -3.0209 -1.07022 -0.0769125 1.02167 0.00600215 -1.06626 -0.599565 1 0 -0.229546 -0.916293 -0.0244904 -0.151339 -0.372351 -0.0244904 0 0 0 0.0559866 0.0353317 -0.0110215 0.3 0.3
56 2 16.6002 0.508709 -0.0325356 37182 -2.10098 -0.233434 -1.04375 0.97205 0.0214448 -0.599565 -1.06626 1 0 -0.858596 -0.274441 0.029236 -0.437457 -0.346801 0.029236 0 0 0 0.00803228 -0.0324618 -0.0430293 0.3 0.3
56 0 16.6503 16.8407 18.6262 37976.9 -1.33582 0.399645 0.847102 0.951015 0.0109909 0.844333 0.844333 1 0 0.908945 0.224237 0.0626464 0.908945 0.224237 0.0626464 0 0 0 0.0540849 0.0762253 -0.0199434 0.3 0.3
56 1 16.6503 -1.89755 -7.64562 35684.2 -1.21053 -1.07975 -0.0964111 1.02035 0.00609064 -1.07768 -0.610988 1 0 -0.225479 -0.909001 -0.0219058 -0.147951 -0.369782 -0.0219058 0 0 0 0.0514683 0.0312213 -0.0113832 0.3 0.3
56 2 16.6503 0.461563 -0.148795 37147.5 -1.39659 -0.260082 -1.05641 0.974194 0.0165715 -0.610988 -1.07768 1 0 -0.825402 -0.265018 0.0254287 -0.439168 -0.353274 0.0254287 0 0 0 0.0155632 -0.0235968 -0.0333315 0.3 0.3
56 0 16.7002 15.7911 18.9511 38088.2 0.106694 0.439307 0.886716 0.952114 0.00762801 0.855363 0.855363 1 0 0.901539 0.168239 0.0615402 0.89629 0.171612 0.0615402 0 0 0 0.0679116 0.0687531 -0.0129376 0.3 0.3
56 1 16.7002 -2.25709 -7.66218 35534 -0.994281 -1.08826 -0.115951 1.01904 0.00574246 -1.08871 -0.622018 1 0 -0.222018 -0.901259 -0.0201161 -0.14518 -0.366841 -0.0201161 0 0 0 0.0501391 0.0233852 -0.010903 0.3 0.3
56 2 16.7002 0.344185 -0.267584 37206.2 -1.04936 -0.286482 -1.0694 0.976404 0.0127802 -0.622018 -1.08871 1 0 -0.791758 -0.25417 0.0219917 -0.440311 -0.357364 0.0219917 0 0 0 0.0182819 -0.0165322 -0.0257141 0.3 0.3
56 0 16.7502 14.9654 19.1958 37838.9 -0.762921 0.479988 0.923876 0.953363 0.00678583 0.866025 0.866025 1 0 0.870326 0.115715 0.0590517 0.870326 0.115715 0.0590517 0 0 0 0.0784688 0.0616108 -0.0111694 0.3 0.3
56 1 16.7502 -2.28195 -7.83358 35461.9 -0.552582 -1.09618 -0.135629 1.0178 0.00475305 -1.09937 -0.632679 1 0 -0.21976 -0.89433 -0.0187197 -0.143447 -0.363559 -0.0187197 0 0 0 0.0504926 0.0157157 -0.0091126 0.3 0.3
56 2 16.7502 0.478458 -1.31797 37024.7 -0.651883 -0.312567 -1.08295 0.978813 0.00957212 -0.632679 -1.09937 1 0 -0.758598 -0.242313 0.0175936 -0.434554 -0.33746 0.0175936 0 0 0 0.0169608 -0.0208621 -0.0193232 0.3 0.3
56 0 16.8003 12.8872 19.2334 37978.1 0.261683 0.521733 0.958487 0.954595 0.00439982 0.876313 0.876313 1 0 0.809255 0.0667741 0.057412 0.809255 0.0667741 0.057412 0 0 0 0.0807336 0.0554047 -0.00657193 0.3 0.3
56 1 16.8003 -2.47361 -7.69093 35477 0.616481 -1.10337 -0.155102 1.01661 0.0021236 -1.10966 -0.642968 1 0 -0.217156 -0.886473 -0.0172795 -0.141477 -0.360113 -0.0172795 0 0 0 0.0441486 0.0104562 -0.00401744 0.3 0.3
56 2 16.8003 0.384695 -1.6403 37473.7 -0.161182 -0.338233 -1.09675 0.980982 0.00663774 -0.642968 -1.10966 1 0 -0.724578 -0.228466 0.0157836 -0.428345 -0.315448 0.0157836 0 0 0 0.0191861 -0.01477 -0.0134182 0.3 0.3
56 0 16.8502 11.6491 19.1205 37649.4 -0.256227 0.56419 0.990285 0.956101 0.00356228 0.886204 0.886204 1 0 0.746193 0.0218318 0.0539232 0.746193 0.0218318 0.0539232 0 0 0 0.098014 0.0388006 -0.00523122 0.3 0.3
56 1 16.8502 -2.28292 -7.79141 35684.5 1.90981 -1.11033 -0.174607 1.01527 -0.00171376 -1.11955 -0.652859 1 0 -0.213279 -0.877609 -0.0147421 -0.138395 -0.356779 -0.0147421 0 0 0 0.0486662 0.0128649 0.00374171 0.3 0.3
56 2 16.8502 0.192367 -2.18989 37142.6 0.620937 -0.363382 -1.11097 0.983273 0.00336427 -0.652859 -1.11955 1 0 -0.688809 -0.211285 0.0120919 -0.421219 -0.289857 0.0120919 0 0 0 0.00750974 -0.0209057 -0.00680747 0.3 0.3
56 0 16.9003 10.507 18.7749 37764.3 1.75183 0.606937 1.01892 0.957713 -0.000718986 0.895714 0.895714 1 0 0.681954 -0.0184108 0.0511448 0.681954 -0.0184108 0.0511448 0 0 0 0.101309 0.0176279 0.00233359 0.3 0.3
56 1 16.9003 -2.52501 -7.88258 35746.9 0.876336 -1.11674 -0.193866 1.01381 -0.00268542 -1.12906 -0.662369 1 0 -0.212645 -0.871701 -0.011977 -0.138046 -0.352851 -0.011977 0 0 0 0.0485879 0.00147752 0.00540834 0.3 0.3
56 2 16.9003 0.713634 -2.56736 37268.4 0.731242 -0.388368 -1.12528 0.985458 0.00103687 -0.662369 -1.12906 1 0 -0.657841 -0.198457 0.00936049 -0.415824 -0.269519 0.00936049 0 0 0 0.00557075 -0.021885 -0.00213484 0.3 0.3
56 0 16.9502 9.28407 18.5389 37531.4 2.80094 0.649756 1.04445 0.959614 -0.00553084 0.904827 0.904827 1 0 0.616797 -0.0541892 0.0470313 0.616797 -0.0541892 0.0470313 0 0 0 0.106978 -0.00332402 0.0108996 0.3 0.3
56 1 16.9502 -2.28278 -7.74181 35529.6 2.64799 -1.12307 -0.212885 1.01242 -0.00613267 -1.13817 -0.671482 1 0 -0.208656 -0.862988 -0.0104394 -0.134802 -0.349323 -0.0104394 0 0 0 0.0445232 0.00752248 0.012436 0.3 0.3
56 2 16.9502 0.370292 -3.14721 37215.4 1.55917 -0.412825 -1.13994 0.987642 -0.00187208 -0.671482 -1.13817 1 0 -0.622838 -0.180121 0.00638591 -0.408784 -0.242973 0.00638591 0 0 0 -0.00235628 -0.0269862 0.00377629 0.3 0.3
56 0 17.0003 8.69207 18.1413 38236.6 2.71101 0.691778 1.06689 0.961124 -0.00867825 0.913556 0.913556 1 0 0.55227 -0.0854284 0.0468882 0.55227 -0.0854284 0.0468882 0 0 0 0.111248 -0.0194638 0.0163006 0.3 0.3
56 1 17.0003 -2.50245 -7.8027 35614.9 2.17979 -1.12893 -0.231649 1.01102 -0.00770865 -1.1469 -0.680211 1 0 -0.206162 -0.85562 -0.00843089 -0.132814 -0.34547 -0.00843089 0 0 0 0.046089 0.00575486 0.0155543 0.3 0.3
56 2 17.0003 0.590678 -3.5012 37181.8 3.27405 -0.437042 -1.15462 0.989821 -0.0066789 -0.680211 -1.1469 1 0 -0.588825 -0.162324 0.00335395 -0.402148 -0.217137 0.00335395 0 0 0 -0.00652181 -0.0219141 0.0134302 0.3 0.3
56 0 17.0502 7.91301 17.6218 37837.1 2.35624 0.732797 1.08614 0.962685 -0.0106677 0.921864 0.921864 1 0 0.488633 -0.112055 0.044426 0.488633 -0.112055 0.044426 0 0 0 0.112779 -0.0469393 0.0187255 0.3 0.3
56 1 17.0502 -2.43573 -7.74656 35465.6 1.15404 -1.13459 -0.250241 1.00975 -0.00711241 -1.15521 -0.688519 1 0 -0.201462 -0.846402 -0.00733826 -0.128923 -0.341884 -0.00733826 0 0 0 0.0441046 -0.000712913 0.0142127 0.3 0.3
56 2 17.0502 0.522991 -3.84013 36860.9 2.97198 -0.460847 -1.16913 0.992268 -0.00937034 -0.688519 -1.15521 1 0 -0.553573 -0.142871 -0.00136421 -0.395075 -0.18941 -0.00136421 0 0 0 -0.0112842 -0.0234984 0.0188751 0.3 0.3
56 0 17.1002 7.24491 17.0102 37761.2 3.02034 0.772696 1.10223 0.964327 -0.012825 0.929777 0.929777 1 0 0.426186 -0.134017 0.0417346 0.426186 -0.134017 0.0417346 0 0 0 0.11224 -0.0561463 0.0225462 0.3 0.3
56 1 17.1002 -2.40292 -7.82421 35375.4 3.12985 -1.14004 -0.268512 1.00868 -0.00992329 -1.16312 -0.696432 1 0 -0.198888 -0.839655 -0.00680003 -0.126763 -0.338018 -0.00680003 0 0 0 0.0497202 0.00162787 0.0198935 0.3 0.3
56 2 17.1002 0.720396 -4.29525 36850.4 3.92092 -0.484294 -1.18351 0.99488 -0.0126762 -0.696432 -1.16312 1 0 -0.520354 -0.12506 -0.00595172 -0.388759 -0.1637 -0.00595172 0 0 0 -0.0213183 -0.0257879 0.0256315 0.3 0.3
56 0 17.1502 7.28902 16.3842 37813.4 5.13937 0.810191 1.11513 0.965974 -0.0184803 0.937281 0.937281 1 0 0.367102 -0.15129 0.0393953 0.367102 -0.15129 0.0393953 0 0 0 0.116309 -0.0843043 0.0321471 0.3 0.3
56 1 17.1502 -2.43475 -7.7878 35546.5 1.4338 -1.14527 -0.28658 1.00763 -0.00897794 -1.17063 -0.703936 1 0 -0.194492 -0.83139 -0.00539581 -0.123036 -0.334407 -0.00539581 0 0 0 0.0471284 0.00362174 0.0180465 0.3 0.3
56 2 17.1502 0.593068 -4.61613 36827.4 2.89307 -0.507222 -1.19759 0.99765 -0.0131854 -0.703936 -1.17063 1 0 -0.486013 -0.105757 -0.0106119 -0.382041 -0.136286 -0.0106119 0 0 0 -0.0272402 -0.0257979 0.0267276 0.3 0.3
56 0 17.2002 6.74266 15.7471 37885.9 3.71446 0.845887 1.12507 0.967559 -0.0191216 0.944376 0.944376 1 0 0.310236 -0.164383 0.0374907 0.310236 -0.164383 0.0374907 0 0 0 0.10236 -0.0881714 0.0338133 0.3 0.3
56 1 17.2002 -2.49794 -7.67675 35643.8 2.86839 -1.15016 -0.304304 1.00652 -0.0106916 -1.17772 -0.711031 1 0 -0.189615 -0.822757 -0.0035712 -0.118879 -0.330775 -0.0035712 0 0 0 0.0484311 0.00850115 0.021596 0.3 0.3
56 2 17.2002 0.686255 -4.8231 37063.4 1.63886 -0.52998 -1.21114 1.00034 -0.0114702 -0.711031 -1.17772 1 0 -0.450456 -0.0858581 -0.0139011 -0.375197 -0.107956 -0.0139011 0 0 0 -0.0359483 -0.018301 0.0232745 0.3 0.3
56 0 17.2502 6.83149 15.0456 37961.2 5.43091 0.878984 1.13209 0.969022 -0.022371 0.951053 0.951053 1 0 0.257027 -0.173256 0.0360545 0.257027 -0.173256 0.0360545 0 0 0 0.0899055 -0.0925646 0.040672 0.3 0.3
56 1 17.2502 -2.61988 -7.64534 35619.9 1.48493 -1.15467 -0.321846 1.00539 -0.0095935 -1.1844 -0.717708 1 0 -0.183849 -0.806268 -0.00193769 -0.114964 -0.32716 -0.00193769 0 0 0 0.048504 0.005374 0.0193234 0.3 0.3
56 2 17.2502 0.244753 -5.01054 37258.2 1.84767 -0.552069 -1.22405 1.00281 -0.0105912 -0.717708 -1.1844 1 0 -0.413653 -0.0646614 -0.0160704 -0.367933 -0.0780858 -0.0160704 0 0 0 -0.0451126 -0.0203729 0.021649 0.3 0.3
56 0 17.3003 6.85007 14.3635 38020 3.33933 0.909616 1.13646 0.970329 -0.0218329 0.957323 0.957323 1 0 0.207301 -0.17833 0.0350103 0.207301 -0.17833 0.0350103 0 0 0 0.0952222 -0.116066 0.0382559 0.3 0.3
56 1 17.3003 -2.63425 -7.9986 35494.5 2.56577 -1.15897 -0.339264 1.00438 -0.0105525 -1.19067 -0.723978 1 0 -0.181268 -0.781402 -0.00106433 -0.115357 -0.322977 -0.00106433 0 0 0 0.0493291 0.0120653 0.0214098 0.3 0.3
56 2 17.3003 0.885771 -5.29461 37026.5 0.0818076 -0.5737 -1.23613 1.00517 -0.00723056 -0.723978 -1.19067 1 0 -0.38409 -0.0513346 -0.0192833 -0.363353 -0.0574235 -0.0192833 0 0 0 -0.0504847 -0.0147285 0.0148381 0.3 0.3
56 0 17.3502 7.07388 13.7827 38211 8.31547 0.937142 1.13832 0.971333 -0.0287722 0.963162 0.963162 1 0 0.162027 -0.179977 0.0351098 0.162027 -0.179977 0.0351098 0 0 0 0.0802028 -0.111444 0.0532121 0.3 0.3
56 1 17.3502 -2.9559 -7.82146 35576.6 1.65364 -1.16266 -0.356568 1.00339 -0.00973884 -1.19651 -0.729817 1 0 -0.175471 -0.752459 0.000237355 -0.113172 -0.319159 0.000237355 0 0 0 0.0481399 0.012569 0.0197866 0.3 0.3
56 2 17.3502 0.520662 -5.04413 37191.4 0.0182583 -0.594689 -1.24705 1.00738 -0.00467478 -0.729817 -1.19651 1 0 -0.347811 -0.0321675 -0.0214148 -0.347811 -0.0321675 -0.0214148 0 0 0 -0.0601242 -0.0201067 0.00995895 0.3 0.3
56 0 17.4003 7.16678 13.3664 37495.6 4.1208 0.962069 1.13831 0.972715 -0.0265774 0.968586 0.968586 1 0 0.120427 -0.179179 0.0312941 0.120427 -0.179179 0.0312941 0 0 0 0.0707383 -0.114995 0.0492087 0.3 0.3
56 1 17.4003 -2.81322 -7.93626 35630.1 2.72624 -1.16622 -0.373843 1.00237 -0.0110095 -1.20193 -0.735241 1 0 -0.17008 -0.723744 0.00175055 -0.111359 -0.315334 0.00175055 0 0 0 0.0500884 0.0100949 0.0222795 0.3 0.3
56 2 17.4003 1.45079 -4.8947 37186.3 -0.70002 -0.615245 -1.2569 1.00943 -0.00181723 -0.735241 -1.20193 1 0 -0.313363 -0.0159297 -0.0234554 -0.313363 -0.0159297 -0.0234554 0 0 0 -0.0670804 -0.0197655 0.00429989 0.3 0.3
56 0 17.4502 7.91758 12.6061 38325.2 6.29635 0.983514 1.13613 0.973636 -0.028855 0.973578 0.973578 1 0 0.0839626 -0.175477 0.0323028 0.0839626 -0.175477 0.0323028 0 0 0 0.0677312 -0.119605 0.0537977 0.3 0.3
56 1 17.4502 -3.22068 -7.96701 35350 1.81202 -1.16906 -0.391018 1.0016 -0.0103912 -1.20692 -0.740233 1 0 -0.165019 -0.694323 0.00163908 -0.109954 -0.311335 0.00163908 0 0 0 0.0548389 0.0036354 0.0208904 0.3 0.3
56 2 17.4502 1.86653 -4.58091 37206 -2.16646 -0.635381 -1.26529 1.01131 0.00242973 -0.740233 -1.20692 1 0 -0.278797 -0.00132358 -0.0252129 -0.278797 -0.00132358 -0.0252129 0 0 0 -0.0622436 -0.0157101 -0.00437287 0.3 0.3
56 0 17.5003 7.88698 12.1661 37756.4 3.96703 1.00257 1.13238 0.974715 -0.0264864 0.97815 0.97815 1 0 0.0508058 -0.169863 0.0300041 0.0508058 -0.169863 0.0300041 0 0 0 0.063451 -0.12648 0.0490924 0.3 0.3
56 1 17.5003 -3.2334 -8.06351 35584.4 2.00127 -1.17156 -0.408119 1.00081 -0.0102411 -1.2115 -0.744805 1 0 -0.160366 -0.664845 0.00281767 -0.108956 -0.307279 0.00281767 0 0 0 0.0512292 0.00425872 0.0205984 0.3 0.3
56 2 17.5003 2.19784 -4.51193 36915.6 -2.27272 -0.654875 -1.27248 1.01327 0.00545559 -0.744805 -1.2115 1 0 -0.245461 0.0110854 -0.0284102 -0.245461 0.0110854 -0.0284102 0 0 0 -0.0686301 -0.0127621 -0.0104798 0.3 0.3
56 0 17.5503 8.81449 11.7263 38558.8 7.56829 1.01812 1.12713 0.975187 -0.03002 0.98229 0.98229 1 0 0.0228271 -0.162489 0.0323825 0.0228271 -0.162489 0.0323825 0 0 0 0.0404269 -0.108036 0.0579628 0.3 0.3
56 1 17.5503 -3.32646 -8.04892 35604.2 2.10124 -1.1737 -0.425111 1.00001 -0.0103319 -1.21563 -0.748944 1 0 -0.154948 -0.634178 0.00397785 -0.107371 -0.30327 0.00397785 0 0 0 0.0527984 0.00246848 0.0207366 0.3 0.3
56 2 17.5503 2.50467 -4.32223 37150.4 -2.63383 -0.673778 -1.27841 1.01508 0.00810603 -0.748944 -1.21563 1 0 -0.211388 0.0231188 -0.030117 -0.211388 0.0231188 -0.030117 0 0 0 -0.0708141 -0.0126861 -0.0157734 0.3 0.3
56 0 17.6002 8.60819 11.1707 37467.7 2.67841 1.03179 1.12066 0.976145 -0.0247503 0.985996 0.985996 1 0 -0.00272153 -0.153799 0.0286003 -0.00272153 -0.153799 0.0286003 0 0 0 0.0366794 -0.109664 0.0475751 0.3 0.3
56 1 17.6002 -3.42196 -8.17598 35328 1.12621 -1.17554 -0.442095 0.999452 -0.00875102 -1.21934 -0.75265 1 0 -0.149568 -0.603044 0.00355297 -0.105881 -0.299196 0.00355297 0 0 0 0.0513634 0.00268248 0.017577 0.3 0.3
56 2 17.6002 2.95795 -3.92791 37120.5 -2.30679 -0.692138 -1.28283 1.01677 0.00936448 -0.75265 -1.21934 1 0 -0.177864 0.0329412 -0.0319215 -0.177864 0.0329412 -0.0319215 0 0 0 -0.0721571 -0.0147919 -0.018208 0.3 0.3
56 0 17.6502 9.4821 10.7737 37950.8 3.32659 1.04267 1.1132 0.977019 -0.0222787 0.989271 0.989271 1 0 -0.0242928 -0.144204 0.0278044 -0.0242928 -0.144204 0.0278044 0 0 0 0.0335251 -0.109729 0.0427932 0.3 0.3
56 1 17.6502 -3.67484 -8.07617 35674.7 1.98191 -1.17681 -0.458883 0.998779 -0.00913566 -1.22262 -0.755925 1 0 -0.144011 -0.571119 0.00505854 -0.10431 -0.294991 0.00505854 0 0 0 0.0501645 0.0020381 0.0183285 0.3 0.3
56 2 17.6502 3.25128 -3.68208 37213.6 -2.6447 -0.709896 -1.28588 1.01828 0.0105727 -0.755925 -1.22262 1 0 -0.144211 0.0415878 -0.0330617 -0.144211 0.0415878 -0.0330617 0 0 0 -0.0676417 -0.00538116 -0.0209758 0.3 0.3
56 0 17.7003 10.25 10.5785 38298.1 2.98606 1.05067 1.10519 0.977546 -0.0201522 0.992117 0.992117 1 0 -0.041718 -0.134414 0.028803 -0.041718 -0.134414 0.028803 0 0 0 0.0327766 -0.114932 0.0384935 0.3 0.3
56 1 17.7003 -3.60931 -8.32365 35408.4 2.37676 -1.1779 -0.475598 0.998276 -0.0100644 -1.22546 -0.758772 1 0 -0.139007 -0.53955 0.00493888 -0.103234 -0.290746 0.00493888 0 0 0 0.0493209 -0.000278358 0.0201283 0.3 0.3
56 2 17.7003 3.64755 -3.43958 37009.9 -0.872483 -0.726727 -1.28772 1.01976 0.008478 -0.758772 -1.22546 1 0 -0.112907 0.0474044 -0.0351794 -0.112907 0.0474044 -0.0351794 0 0 0 -0.0634469 -0.000861509 -0.0169374 0.3 0.3
56 0 17.7502 10.4529 10.3072 38437.6 4.35939 1.05651 1.0967 0.977681 -0.0203568 0.994522 0.994522 1 0 -0.0562721 -0.124596 0.0305689 -0.0562721 -0.124596 0.0305689 0 0 0 0.0119326 -0.0956678 0.0401925 0.3 0.3
56 1 17.7502 -3.72916 -8.24827 35273 0.366071 -1.17873 -0.492234 0.998015 -0.00733873 -1.22787 -0.761176 1 0 -0.132678 -0.506341 0.00408587 -0.10109 -0.286644 0.00408587 0 0 0 0.0486011 -0.00164407 0.014642 0.3 0.3
56 2 17.7502 3.75208 -3.09909 36985.4 0.302517 -0.742642 -1.28828 1.02126 0.00507957 -0.761176 -1.22787 1 0 -0.0806613 0.0535513 -0.0372819 -0.0806613 0.0535513 -0.0372819 0 0 0 -0.0607093 0.0040737 -0.0102876 0.3 0.3
56 0 17.8002 11.2089 9.97536 38313.1 1.72318 1.05995 1.08778 0.977606 -0.0166159 0.996493 0.996493 1 0 -0.0674962 -0.114799 0.0317302 -0.0674962 -0.114799 0.0317302 0 0 0 0.0145297 -0.101639 0.0325381 0.3 0.3
56 1 17.8002 -3.75943 -8.17723 35262.6 1.1178 -1.17936 -0.508593 0.997962 -0.00676579 -1.22984 -0.763147 1 0 -0.126192 -0.473126 0.00312155 -0.0987867 -0.282517 0.00312155 0 0 0 0.0419463 -0.00229091 0.0134866 0.3 0.3
56 2 17.8002 4.14051 -2.95752 37118.5 -0.0826086 -0.757784 -1.28788 1.02264 0.00327483 -0.763147 -1.22984 1 0 -0.0494866 0.0583098 -0.0385441 -0.0494866 0.0583098 -0.0385441 0 0 0 -0.059343 0.0194373 -0.00712978 0.3 0.3
56 0 17.8502 11.5812 9.98209 38200.9 3.85764 1.0614 1.07883 0.977444 -0.0171365 0.998027 0.998027 1 0 -0.0760845 -0.105716 0.0323863 -0.0760845 -0.105716 0.0323863 0 0 0 -0.006014 -0.0836893 0.0345567 0.3 0.3
56 1 17.8502 -3.80738 -8.22283 35492.1 -0.130085 -1.17984 -0.52489 0.997883 -0.0043339 -1.23137 -0.764682 1 0 -0.119088 -0.439137 0.00335306 -0.0960136 -0.27865 0.00335306 0 0 0 0.0443633 -0.00631898 0.00852981 0.3 0.3
56 2 17.8502 3.90329 -2.61362 37348.9 1.00199 -0.771435 -1.28639 1.0237 0.000323241 -0.764682 -1.23137 1 0 -0.0199202 0.0621252 -0.0384405 -0.0199202 0.0621252 -0.0384405 0 0 0 -0.0569215 0.0254368 -0.00137098 0.3 0.3
56 0 17.9003 11.9943 9.91451 37931.8 1.8587 1.06111 1.07002 0.97744 -0.0144117 0.999123 0.999123 1 0 -0.082481 -0.0976208 0.0316054 -0.082481 -0.0976208 0.0316054 0 0 0 -0.00964527 -0.0817447 0.0292433 0.3 0.3
56 1 17.9003 -3.83589 -8.21625 35351.4 -0.375103 -1.18021 -0.540866 0.997923 -0.00232096 -1.23247 -0.765778 1 0 -0.111791 -0.405301 0.00270757 -0.0930549 -0.274985 0.00270757 0 0 0 0.0436594 -0.00886623 0.00444949 0.3 0.3
56 2 17.9003 4.13803 -2.45926 37272.2 1.10064 -0.783745 -1.28412 1.02455 -0.00173499 -0.765778 -1.23247 1 0 0.00756886 0.0648276 -0.0386708 0.00756886 0.0648276 -0.0386708 0 0 0 -0.0557198 0.0263607 0.00273699 0.3 0.3
56 0 17.9502 12.4972 10.1203 37894.9 4.2553 1.05902 1.06163 0.977584 -0.01645 0.99978 0.99978 1 0 -0.0865774 -0.0910162 0.0306584 -0.0865774 -0.0910162 0.0306584 0 0 0 -0.0212121 -0.0720678 0.0336895 0.3 0.3
56 1 17.9502 -3.8031 -8.16326 35415.8 -0.724023 -1.18054 -0.556744 0.997998 -0.000378999 -1.23313 -0.766435 1 0 -0.103466 -0.370539 0.00242823 -0.0892523 -0.271678 0.00242823 0 0 0 0.046046 -0.00991903 0.000529801 0.3 0.3
56 2 17.9502 4.02185 -2.19898 37405.7 0.133912 -0.794703 -1.28092 1.02512 -0.00154376 -0.766435 -1.23313 1 0 0.0340355 0.0672258 -0.0379782 0.0340355 0.0672258 -0.0379782 0 0 0 -0.0487042 0.033731 0.00226722 0.3 0.3
56 0 18.0002 12.6091 10.0034 37639.6 0.292166 1.05593 1.05358 0.978076 -0.0114636 1 1 1 0 -0.0897227 -0.0857198 0.0282374 -0.0897227 -0.0857198 0.0282374 0 0 0 -0.015309 -0.0679158 0.0234616 0.3 0.3
56 1 18.0002 -3.88057 -8.11891 35455 -2.39925 -1.18074 -0.57221 0.998072 0.00379367 -1.23335 -0.766655 1 0 -0.0948111 -0.335943 0.00233086 -0.0851541 -0.268777 0.00233086 0 0 0 0.0397177 0.000339484 -0.0075821 0.3 0.3
56 2 18.0002 3.99044 -1.93136 37155.5 -0.0715616 -0.804018 -1.27693 1.02565 -0.00099923 -0.766655 -1.23335 1 0 0.0581168 0.0686953 -0.0385741 0.0581168 0.0686953 -0.0385741 0 0 0 -0.0466931 0.0306595 0.00128326 0.3 0.3
56 0 18.0502 13.5008 10.3283 38509.7 3.30805 1.05092 1.04617 0.978085 -0.0129168 0.999781 0.999781 1 0 -0.0903435 -0.0822683 0.0306384 -0.0903435 -0.0822683 0.0306384 0 0 0 -0.0284935 -0.0575845 0.0266683 0.3 0.3
56 1 18.0502 -3.76798 -8.06685 35345.4 -2.4763 -1.18103 -0.587575 0.998242 0.00661051 -1.23313 -0.766435 1 0 -0.0851585 -0.300656 0.00160728 -0.0802391 -0.266441 0.00160728 0 0 0 0.040146 -0.00450153 -0.0133142 0.3 0.3
56 2 18.0502 3.82896 -1.86522 37340.8 0.620603 -0.811861 -1.27233 1.02597 -0.00183647 -0.766435 -1.23313 1 0 0.0806228 0.0700423 -0.0379771 0.0806228 0.0700423 -0.0379771 0 0 0 -0.0469479 0.0318625 0.00292627 0.3 0.3
56 0 18.1003 13.3297 10.4093 37837.8 0.466387 1.04534 1.03936 0.978331 -0.00930493 0.999122 0.999122 1 0 -0.0907499 -0.0805872 0.0291041 -0.0907499 -0.0805872 0.0291041 0 0 0 -0.0269107 -0.0528137 0.0193291 0.3 0.3
56 1 18.1003 -3.89926 -7.944 35581.3 -1.78955 -1.18106 -0.602605 0.998281 0.00738823 -1.23247 -0.765777 1 0 -0.0752055 -0.265206 0.00221284 -0.0751169 -0.26459 0.00221284 0 0 0 0.0425618 -0.00291224 -0.0148419 0.3 0.3
56 2 18.1003 3.67003 -1.54602 37239.5 -0.431638 -0.818104 -1.26693 1.02621 -0.000654477 -0.765777 -1.23247 1 0 0.101138 0.0707703 -0.0379037 0.101138 0.0707703 -0.0379037 0 0 0 -0.0438956 0.0364196 0.000509938 0.3 0.3
56 0 18.1502 13.8995 10.7477 38274.4 2.77508 1.03855 1.03327 0.978355 -0.0107596 0.998026 0.998026 1 0 -0.0898476 -0.0808604 0.0301848 -0.0898476 -0.0808604 0.0301848 0 0 0 -0.02835 -0.0435114 0.0221437 0.3 0.3
56 1 18.1502 -3.48759 -9.16261 35656.5 -3.5715 -1.18133 -0.61752 0.998158 0.010861 -1.23137 -0.764681 1 0 -0.064222 -0.229324 0.00319357 -0.064222 -0.229324 0.00319357 0 0 0 0.0431381 -0.0053358 -0.0218426 0.3 0.3
56 2 18.1502 3.49216 -1.47628 37445.5 -0.817787 -0.82282 -1.26098 1.02619 0.000813771 -0.764681 -1.23137 1 0 0.11957 0.0710675 -0.0365616 0.11957 0.0710675 -0.0365616 0 0 0 -0.0388283 0.0405354 -0.00241535 0.3 0.3
56 0 18.2003 13.9411 10.8738 37939.8 3.27475 1.03112 1.02758 0.978512 -0.0125144 0.996492 0.996492 1 0 -0.0885784 -0.0825563 0.0292959 -0.0885784 -0.0825563 0.0292959 0 0 0 -0.0356506 -0.035201 0.0256649 0.3 0.3
56 1 18.2003 -3.62401 -9.85822 35813.2 -2.55479 -1.18125 -0.63226 0.997774 0.0115275 -1.22984 -0.763147 1 0 -0.0527102 -0.192613 0.00505042 -0.0527102 -0.192613 0.00505042 0 0 0 0.0356695 -0.000431159 -0.0230669 0.3 0.3
56 2 18.2003 3.35219 -1.2928 37287.1 0.0740744 -0.825946 -1.25462 1.0261 0.000271509 -0.763147 -1.22984 1 0 0.136885 0.0722574 -0.0360924 0.136885 0.0722574 -0.0360924 0 0 0 -0.0357134 0.0467682 -0.00137862 0.3 0.3
56 0 18.2503 14.1744 11.182 37992.8 0.423713 1.02315 1.0226 0.978716 -0.00908862 0.994521 0.994521 1 0 -0.0871198 -0.0861799 0.0287819 -0.0871198 -0.0861799 0.0287819 0 0 0 -0.0183953 -0.0369513 0.0185213 0.3 0.3
56 1 18.2503 -3.22303 -10.1227 35809 -1.84965 -1.18133 -0.646561 0.99718 0.0107305 -1.22787 -0.761176 1 0 -0.0406678 -0.156395 0.00691715 -0.0406678 -0.156395 0.00691715 0 0 0 0.0291113 -0.00542941 -0.0215427 0.3 0.3
56 2 18.2503 2.81405 -1.26033 37157 -1.08109 -0.827207 -1.24785 1.02605 0.00185789 -0.761176 -1.22787 1 0 0.15072 0.0724447 -0.0362262 0.15072 0.0724447 -0.0362262 0 0 0 -0.0331033 0.0487732 -0.0045249 0.3 0.3
56 0 18.3002 14.3234 11.34 37918.4 1.32677 1.01476 1.01807 0.979026 -0.00820793 0.992114 0.992114 1 0 -0.0856685 -0.0912953 0.0278102 -0.0856685 -0.0912953 0.0278102 0 0 0 -0.0258187 -0.0268561 0.0167656 0.3 0.3
56 1 18.3002 -3.07467 -10.6398 35351 -2.08061 -1.18139 -0.660501 0.996813 0.0106337 -1.22546 -0.758769 1 0 -0.0279445 -0.120084 0.00628395 -0.0279445 -0.120084 0.00628395 0 0 0 0.0202535 -0.00270253 -0.0212963 0.3 0.3
56 2 18.3002 2.53692 -1.08343 37380 -0.250253 -0.826775 -1.24064 1.02583 0.00160094 -0.758769 -1.22546 1 0 0.162544 0.0727351 -0.0350553 0.162544 0.0727351 -0.0350553 0 0 0 -0.0258373 0.0499359 -0.00384841 0.3 0.3
56 0 18.3502 14.7341 11.4784 38203.4 0.828498 1.00567 1.01386 0.979175 -0.0067943 0.989272 0.989272 1 0 -0.0837634 -0.0976901 0.0284126 -0.0837634 -0.0976901 0.0284126 0 0 0 -0.0207608 -0.0340991 0.0139454 0.3 0.3
56 1 18.3502 -2.79094 -10.9786 35324.6 -2.5176 -1.18154 -0.673652 0.996637 0.0112854 -1.22262 -0.755927 1 0 -0.013754 -0.0837827 0.00559727 -0.013754 -0.0837827 0.00559727 0 0 0 0.0112255 -0.00242802 -0.0225853 0.3 0.3
56 2 18.3502 2.08194 -1.16577 37055.7 -1.04699 -0.82453 -1.23336 1.02576 0.00279225 -0.755927 -1.22262 1 0 0.172714 0.074347 -0.0357114 0.172714 0.074347 -0.0357114 0 0 0 -0.0221839 0.0417911 -0.0060497 0.3 0.3
56 0 18.4002 14.4057 11.8361 37933.4 0.663368 0.996802 1.01018 0.979441 -0.00568292 0.985996 0.985996 1 0 -0.0829317 -0.105667 0.0274478 -0.0829317 -0.105667 0.0274478 0 0 0 -0.0145831 -0.0190936 0.011506 0.3 0.3
56 1 18.4002 -2.50831 -11.197 35589.3 -0.67696 -1.18172 -0.685965 0.996386 0.00864697 -1.21934 -0.752651 1 0 0.000530969 -0.0488835 0.00630873 0.000530969 -0.0488835 0.00630873 0 0 0 0.00433536 -0.00267022 -0.0173 0.3 0.3
56 2 18.4002 1.80989 -1.14763 37290.5 -0.160368 -0.820759 -1.22593 1.02559 0.00209046 -0.752651 -1.21934 1 0 0.180121 0.075538 -0.0349681 0.180121 0.075538 -0.0349681 0 0 0 -0.02213 0.0343849 -0.00456232 0.3 0.3
56 0 18.4503 13.9686 12.2906 37899 1.07001 0.987732 1.00681 0.979793 -0.00555478 0.982284 0.982284 1 0 -0.0839874 -0.115473 0.0263557 -0.0839874 -0.115473 0.0263557 0 0 0 -0.00795282 -0.0317091 0.0112372 0.3 0.3
56 1 18.4503 -2.27011 -11.46 35386.8 -1.41289 -1.18188 -0.697297 0.996272 0.00811869 -1.21563 -0.748939 1 0 0.0158164 -0.0145922 0.00579113 0.0158164 -0.0145922 0.00579113 0 0 0 -0.00526231 0.00194509 -0.0162427 0.3 0.3
56 2 18.4503 1.41764 -1.17295 37273.5 -0.820652 -0.815462 -1.21845 1.02536 0.00275781 -0.748939 -1.21563 1 0 0.186338 0.0780484 -0.0343709 0.186338 0.0780484 -0.0343709 0 0 0 -0.019218 0.0271088 -0.00577691 0.3 0.3
56 0 18.5003 15.531 11.8666 38002 -0.722323 0.978641 1.00365 0.980201 -0.002504 0.978146 0.978146 1 0 -0.0826962 -0.125217 0.0258143 -0.0826962 -0.125217 0.0258143 0 0 0 -0.015261 -0.0111618 0.0050934 0.3 0.3
56 1 18.5003 -1.93453 -11.617 35634 -1.25763 -1.18207 -0.707454 0.996046 0.00750437 -1.21149 -0.744801 1 0 0.0320104 0.0185285 0.00667003 0.0320104 0.0185285 0.00667003 0 0 0 -0.00825659 0.0036842 -0.0150242 0.3 0.3
56 2 18.5003 1.23516 -1.20634 37155.5 -0.904362 -0.809019 -1.21095 1.02519 0.00336109 -0.744801 -1.21149 1 0 0.191338 0.0812519 -0.0343947 0.191338 0.0812519 -0.0343947 0 0 0 -0.0170697 0.0162556 -0.00686141 0.3 0.3
56 0 18.5502 14.5918 12.2723 38469.2 0.0973274 0.969311 1.00032 0.980184 -0.0018927 0.97358 0.97358 1 0 -0.0831659 -0.135886 0.0278307 -0.0831659 -0.135886 0.0278307 0 0 0 0.00576387 -0.0226429 0.00372039 0.3 0.3
56 1 18.5502 -1.75801 -11.7149 35836.5 -1.26985 -1.18214 -0.716394 0.995567 0.00708002 -1.20692 -0.740234 1 0 0.0482819 0.0498949 0.00860312 0.0482819 0.0498949 0.00860312 0 0 0 -0.0181361 0.00975821 -0.0142494 0.3 0.3
56 2 18.5502 1.15087 -1.36279 37239.9 -1.72152 -0.801735 -1.20356 1.02498 0.00509187 -0.740234 -1.20692 1 0 0.195032 0.0847675 -0.03391 0.195032 0.0847675 -0.03391 0 0 0 -0.0146842 0.0171129 -0.0103101 0.3 0.3
56 0 18.6002 14.4276 12.5184 37776.9 -1.81323 0.960531 0.997233 0.980466 0.00178353 0.968583 0.968583 1 0 -0.0852741 -0.147668 0.0259377 -0.0852741 -0.147668 0.0259377 0 0 0 -0.00516229 -0.00032588 -0.00356623 0.3 0.3
56 1 18.6002 -1.57381 -11.656 35817.4 -0.975163 -1.18194 -0.723838 0.994909 0.00632465 -1.20193 -0.735238 1 0 0.0649543 0.0795463 0.0104166 0.0649543 0.0795463 0.0104166 0 0 0 -0.0209539 0.00937708 -0.0127485 0.3 0.3
56 2 18.6002 0.847772 -1.36709 37336.6 -0.839685 -0.793464 -1.19613 1.02465 0.00477833 -0.735238 -1.20193 1 0 0.197809 0.0889702 -0.0328984 0.197809 0.0889702 -0.0328984 0 0 0 -0.0136707 0.0166188 -0.00967085 0.3 0.3
56 0 18.6502 14.0662 12.714 38040.1 -1.61542 0.951589 0.993886 0.98078 0.00387033 0.963162 0.963162 1 0 -0.0894034 -0.160342 0.0256854 -0.0894034 -0.160342 0.0256854 0 0 0 0.00558979 -0.013104 -0.00777749 0.3 0.3
56 1 18.6502 -1.26832 -11.542 35589.8 0.056338 -1.1816 -0.729711 0.994298 0.00403241 -1.19651 -0.729817 1 0 0.0812545 0.106412 0.0110107 0.0812545 0.106412 0.0110107 0 0 0 -0.030474 0.0136074 -0.00827333 0.3 0.3
56 2 18.6502 0.645526 -1.60456 37058.4 -1.91409 -0.784308 -1.1889 1.02448 0.00636189 -0.729817 -1.19651 1 0 0.198736 0.093166 -0.0334399 0.198736 0.093166 -0.0334399 0 0 0 -0.0141198 0.019358 -0.0128614 0.3 0.3
56 0 18.7002 15.3381 12.4783 37898.8 1.5211 0.942886 0.990529 0.981106 8.68712e-05 0.95732 0.95732 1 0 -0.0913973 -0.172391 0.0245469 -0.0913973 -0.172391 0.0245469 0 0 0 -0.00644391 -0.00826328 -0.000147121 0.3 0.3
56 1 18.7002 -1.24413 -11.6282 35458.2 -1.18167 -1.18068 -0.734009 0.993843 0.00453918 -1.19067 -0.723975 1 0 0.0999332 0.133966 0.0109132 0.0999332 0.133966 0.0109132 0 0 0 -0.0340694 0.021243 -0.00944214 0.3 0.3
56 2 18.7002 0.352401 -1.6199 37113 -1.52484 -0.774386 -1.18169 1.02438 0.00677616 -0.723975 -1.19067 1 0 0.203277 0.102314 -0.0335987 0.203277 0.102314 -0.0335987 0 0 0 -0.0133815 0.013867 -0.0136458 0.3 0.3
56 0 18.7503 14.0647 12.8514 37758.1 -1.48015 0.934406 0.986741 0.981702 0.00248625 0.951053 0.951053 1 0 -0.0960262 -0.184997 0.0226388 -0.0960262 -0.184997 0.0226388 0 0 0 0.0081976 -0.0150602 -0.00503442 0.3 0.3
56 1 18.7503 -1.12291 -11.3611 35649.8 0.14144 -1.17925 -0.736668 0.993338 0.00274189 -1.1844 -0.717708 1 0 0.115675 0.156653 0.0118526 0.115675 0.156653 0.0118526 0 0 0 -0.0306463 0.0218651 -0.00581983 0.3 0.3
56 2 18.7503 0.224537 -1.80878 36993.8 -2.11215 -0.763731 -1.17456 1.02443 0.00803123 -0.717708 -1.1844 1 0 0.202642 0.107679 -0.0344612 0.202642 0.107679 -0.0344612 0 0 0 -0.0125507 0.0122688 -0.0161402 0.3 0.3
56 0 18.8002 13.9986 13.0427 37794.1 -2.49737 0.926472 0.982945 0.982435 0.00583624 0.944377 0.944377 1 0 -0.102238 -0.198243 0.0209256 -0.102238 -0.198243 0.0209256 0 0 0 0.00746322 -0.0024493 -0.0116818 0.3 0.3
56 1 18.8002 -0.987525 -11.1641 35802.8 0.112587 -1.17729 -0.737608 0.992678 0.00155515 -1.17772 -0.711031 1 0 0.13184 0.177753 0.0135512 0.13184 0.177753 0.0135512 0 0 0 -0.0324709 0.0241584 -0.00350322 0.3 0.3
56 2 18.8002 0.0302887 -2.0161 37052.2 -1.82291 -0.752456 -1.16761 1.02455 0.00839015 -0.711031 -1.17772 1 0 0.202879 0.115272 -0.0349902 0.202879 0.115272 -0.0349902 0 0 0 -0.0118612 0.00960478 -0.0168379 0.3 0.3
56 0 18.8503 14.336 12.7728 38207.1 -2.0527 0.918221 0.978437 0.982924 0.00724566 0.937279 0.937279 1 0 -0.108555 -0.210923 0.0214628 -0.108555 -0.210923 0.0214628 0 0 0 0.0178271 -0.016377 -0.0146385 0.3 0.3
56 1 18.8503 -0.944922 -11.023 35821.5 0.517826 -1.17468 -0.736989 0.99188 0.000102006 -1.17062 -0.703934 1 0 0.146864 0.196169 0.0153243 0.146864 0.196169 0.0153243 0 0 0 -0.0275233 0.0279342 -0.000588521 0.3 0.3
56 2 18.8503 -0.0577797 -2.22402 37064.2 -1.65897 -0.74068 -1.16083 1.02473 0.00834349 -0.703934 -1.17062 1 0 0.202064 0.122948 -0.0354872 0.202064 0.122948 -0.0354872 0 0 0 -0.0119106 0.0112123 -0.0167545 0.3 0.3
56 0 18.9002 13.6939 13.1959 38011.1 -0.644378 0.910583 0.973799 0.983403 0.00591163 0.929777 0.929777 1 0 -0.11658 -0.224047 0.02084 -0.11658 -0.224047 0.02084 0 0 0 0.0117098 -0.0153424 -0.0119137 0.3 0.3
56 1 18.9002 -0.785751 -10.8877 35645.4 0.430398 -1.17146 -0.734814 0.991146 -0.00076362 -1.16312 -0.696432 1 0 0.164256 0.215326 0.0160949 0.164256 0.215326 0.0160949 0 0 0 -0.0294012 0.0337225 0.0010318 0.3 0.3
56 2 18.9002 -0.412453 -2.46454 36941.5 -0.789112 -0.728261 -1.15424 1.02504 0.00689338 -0.696432 -1.16312 1 0 0.204396 0.135182 -0.0366491 0.204396 0.135182 -0.0366491 0 0 0 -0.0150185 0.00441679 -0.0138205 0.3 0.3
56 0 18.9502 13.5647 13.3132 37862.3 -0.339485 0.903117 0.968801 0.983989 0.00449021 0.921862 0.921862 1 0 -0.125477 -0.23714 0.0194861 -0.125477 -0.23714 0.0194861 0 0 0 0.0117557 -0.0154569 -0.00907173 0.3 0.3
56 1 18.9502 -0.832903 -10.7003 35569.3 0.210692 -1.16753 -0.731231 0.99051 -0.000948961 -1.15521 -0.688517 1 0 0.178216 0.229874 0.0164619 0.178216 0.229874 0.0164619 0 0 0 -0.0255837 0.0396986 0.00139054 0.3 0.3
56 2 18.9502 -0.372431 -2.63562 37054.3 -0.400589 -0.71549 -1.14772 1.02537 0.00525057 -0.688517 -1.15521 1 0 0.20319 0.144612 -0.037168 0.20319 0.144612 -0.037168 0 0 0 -0.0151122 0.006115 -0.0105477 0.3 0.3
56 0 19.0003 13.7649 13.0622 37979.4 -3.43353 0.895393 0.963069 0.98455 0.00865011 0.91354 0.91354 1 0 -0.134622 -0.249672 0.0188247 -0.134622 -0.249672 0.0188247 0 0 0 0.0169371 -0.0217711 -0.0174865 0.3 0.3
56 1 19.0003 -1.13601 -10.5499 35505.7 -0.338946 -1.16244 -0.726306 0.990019 -0.000141104 -1.14689 -0.680195 1 0 0.192186 0.24413 0.016429 0.192186 0.24413 0.016429 0 0 0 -0.0235842 0.0409706 -0.000200933 0.3 0.3
56 2 19.0003 -0.529256 -2.88062 37149.8 0.487255 -0.702328 -1.14131 1.02563 0.00270484 -0.680195 -1.14689 1 0 0.203479 0.156372 -0.037173 0.203479 0.156372 -0.037173 0 0 0 -0.0243075 0.000442715 -0.00541546 0.3 0.3
56 0 19.0503 12.6878 13.7698 37977.5 -2.25627 0.888208 0.957037 0.985159 0.00951538 0.904825 0.904825 1 0 -0.146425 -0.263275 0.0181304 -0.146425 -0.263275 0.0181304 0 0 0 0.0145259 -0.0202289 -0.0191795 0.3 0.3
56 1 19.0503 -0.853228 -10.4359 35599.3 0.159488 -1.15687 -0.72021 0.989569 -0.000433425 -1.13817 -0.67148 1 0 0.205077 0.256135 0.0168552 0.205077 0.256135 0.0168552 0 0 0 -0.0208266 0.0450328 0.000398081 0.3 0.3
56 2 19.0503 -0.493699 -2.99538 37015.8 0.828578 -0.689004 -1.13482 1.02595 0.000474 -0.67148 -1.13817 1 0 0.203063 0.167572 -0.0379066 0.203063 0.167572 -0.0379066 0 0 0 -0.0251469 -0.00820948 -0.000844855 0.3 0.3
56 0 19.1002 13.9256 12.7942 37592.8 -2.46048 0.88091 0.950628 0.985963 0.0103926 0.895712 0.895712 1 0 -0.156274 -0.274794 0.0153179 -0.156274 -0.274794 0.0153179 0 0 0 0.01499 -0.0265686 -0.0209871 0.3 0.3
56 1 19.1002 -1.05792 -10.3861 35474.1 1.4058 -1.1503 -0.713109 0.989273 -0.00261051 -1.12906 -0.662367 1 0 0.21757 0.267718 0.0164985 0.21757 0.267718 0.0164985 0 0 0 -0.0121061 0.0448922 0.00495066 0.3 0.3
56 2 19.1002 -0.534302 -3.1713 37044.1 2.55901 -0.675496 -1.12822 1.02627 -0.00390692 -0.662367 -1.12906 1 0 0.203664 0.179919 -0.038414 0.203664 0.179919 -0.038414 0 0 0 -0.0299873 -0.0100943 0.00796619 0.3 0.3
56 0 19.1502 12.8766 13.5508 38083 -2.26959 0.873572 0.943639 0.986643 0.0106441 0.886202 0.886202 1 0 -0.167804 -0.286918 0.0153023 -0.167804 -0.286918 0.0153023 0 0 0 0.0211143 -0.0253083 -0.0215586 0.3 0.3
56 1 19.1502 -1.40559 -10.1654 35569.2 1.71694 -1.14241 -0.704877 0.989018 -0.00465496 -1.11955 -0.652857 1 0 0.22712 0.276682 0.0166394 0.22712 0.276682 0.0166394 0 0 0 -0.0101598 0.0522271 0.00904787 0.3 0.3
56 2 19.1502 -0.319449 -3.20376 37121.7 2.82472 -0.662122 -1.12131 1.02654 -0.00722354 -0.652857 -1.11955 1 0 0.203432 0.19068 -0.0384698 0.203432 0.19068 -0.0384698 0 0 0 -0.0320258 -0.020788 0.0147828 0.3 0.3
56 0 19.2003 13.0142 13.6091 37984.9 -2.66711 0.865994 0.936349 0.987279 0.0114444 0.876299 0.876299 1 0 -0.179573 -0.299177 0.0146307 -0.179573 -0.299177 0.0146307 0 0 0 0.0200723 -0.0362018 -0.0232575 0.3 0.3
56 1 19.2003 -1.22662 -10.1725 35564.9 1.25192 -1.13385 -0.695822 0.988815 -0.00522137 -1.10964 -0.642954 1 0 0.239265 0.28799 0.0166783 0.239265 0.28799 0.0166783 0 0 0 -0.00937405 0.0528549 0.0101988 0.3 0.3
56 2 19.2003 -0.14711 -3.39847 37198.1 3.56483 -0.649039 -1.11416 1.02668 -0.010661 -0.642954 -1.10964 1 0 0.208992 0.206319 -0.0380812 0.208992 0.206319 -0.0380812 0 0 0 -0.0330938 -0.0214846 0.0216821 0.3 0.3
56 0 19.2502 12.8405 13.5099 37928 -2.99983 0.85833 0.928468 0.987917 0.0124507 0.866025 0.866025 1 0 -0.191665 -0.310901 0.0137219 -0.191665 -0.310901 0.0137219 0 0 0 0.0281521 -0.0422818 -0.0255053 0.3 0.3
56 1 19.2502 -1.51484 -10.0409 35699.7 2.50724 -1.12422 -0.685913 0.988538 -0.00764162 -1.09937 -0.63268 1 0 0.246872 0.295128 0.0174304 0.246872 0.295128 0.0174304 0 0 0 -0.00517445 0.0510186 0.0151564 0.3 0.3
56 2 19.2502 -0.0466066 -3.40445 37415 4.39352 -0.636091 -1.10662 1.02654 -0.0144003 -0.63268 -1.09937 1 0 0.210531 0.217058 -0.0364405 0.210531 0.217058 -0.0364405 0 0 0 -0.0385744 -0.0152141 0.0291012 0.3 0.3
56 0 19.3002 12.7797 13.7356 38075.3 -0.598285 0.85026 0.920163 0.988423 0.00925796 0.855365 0.855365 1 0 -0.203726 -0.322561 0.0136794 -0.203726 -0.322561 0.0136794 0 0 0 0.0222094 -0.0433316 -0.019003 0.3 0.3
56 1 19.3002 -1.78273 -9.93249 35302 1.15913 -1.11348 -0.675186 0.988558 -0.00709292 -1.08871 -0.62202 1 0 0.254758 0.303026 0.0159206 0.254758 0.303026 0.0159206 0 0 0 -0.00859927 0.0514645 0.0139694 0.3 0.3
56 2 19.3002 0.233625 -3.40691 37271.6 5.2195 -0.623491 -1.09857 1.02629 -0.0182375 -0.62202 -1.08871 1 0 0.215251 0.229512 -0.0355669 0.215251 0.229512 -0.0355669 0 0 0 -0.0391987 -0.0155198 0.0367893 0.3 0.3
56 0 19.3502 12.8587 13.661 37800.1 -3.78443 0.841711 0.91131 0.989063 0.0122581 0.844327 0.844327 1 0 -0.215415 -0.333733 0.012112 -0.215415 -0.333733 0.012112 0 0 0 0.0289112 -0.0533397 -0.0252993 0.3 0.3
56 1 19.3502 -1.77906 -9.80793 35623.7 2.08199 -1.102 -0.663659 0.988523 -0.00818599 -1.07767 -0.610982 1 0 0.260491 0.308682 0.0162435 0.260491 0.308682 0.0162435 0 0 0 -0.00537442 0.0435409 0.0162591 0.3 0.3
56 2 19.3502 0.219929 -3.40882 37266.8 5.49224 -0.610874 -1.08998 1.02595 -0.0212635 -0.610982 -1.07767 1 0 0.218888 0.239992 -0.0346031 0.218888 0.239992 -0.0346031 0 0 0 -0.0437468 -0.0143074 0.0428545 0.3 0.3
56 0 19.4003 12.6486 13.8864 37965.1 -1.29637 0.832854 0.902099 0.989651 0.00991338 0.832915 0.832915 1 0 -0.227244 -0.344961 0.0115508 -0.227244 -0.344961 0.0115508 0 0 0 0.0400075 -0.0677893 -0.0211992 0.3 0.3
56 1 19.4003 -2.09219 -9.40023 35278.8 1.12989 -1.08969 -0.651255 0.988762 -0.00739607 -1.06626 -0.599569 1 0 0.268126 0.316167 0.0145309 0.265682 0.310815 0.0145309 0 0 0 -0.00848196 0.0434579 0.0146116 0.3 0.3
56 2 19.4003 0.437384 -3.38835 37322.3 6.82486 -0.598422 -1.08078 1.02548 -0.0255027 -0.599569 -1.06626 1 0 0.226648 0.253278 -0.0333 0.226648 0.253278 -0.0333 0 0 0 -0.0437606 -0.0114153 0.0512738 0.3 0.3
56 0 19.4502 13.032 13.7303 38356.1 -1.27484 0.822947 0.892125 0.989862 0.00876197 0.821151 0.821151 1 0 -0.237682 -0.355284 0.0131377 -0.237682 -0.355284 0.0131377 0 0 0 0.0295106 -0.0575712 -0.0183831 0.3 0.3
56 1 19.4502 -2.34311 -9.08346 35414.1 2.05601 -1.07652 -0.637947 0.989095 -0.0083507 -1.0545 -0.587806 1 0 0.272117 0.319922 0.0136021 0.267144 0.309032 0.0136021 0 0 0 -0.00587598 0.0377698 0.0165937 0.3 0.3
56 2 19.4502 0.571958 -3.19355 37476.3 7.71554 -0.586064 -1.07077 1.02476 -0.0297746 -0.587806 -1.0545 1 0 0.231767 0.262385 -0.0311093 0.231767 0.262385 -0.0311093 0 0 0 -0.0498887 -0.012814 0.0598974 0.3 0.3
56 0 19.5002 12.9132 13.5574 37946.7 -1.8662 0.812583 0.881657 0.990137 0.0086844 0.809017 0.809017 1 0 -0.24787 -0.365296 0.0124323 -0.245478 -0.356973 0.0124323 0 0 0 0.0352158 -0.0622334 -0.0184764 0.3 0.3
56 1 19.5002 -2.44218 -9.02248 35251.4 1.244 -1.0627 -0.624033 0.98966 -0.00757837 -1.04236 -0.575672 1 0 0.275126 0.322767 0.0116706 0.268105 0.307392 0.0116706 0 0 0 0.00282824 0.0309796 0.0152025 0.3 0.3
56 2 19.5002 0.852049 -3.13832 37405.5 7.9332 -0.57395 -1.06005 1.02392 -0.0331024 -0.575672 -1.04236 1 0 0.237372 0.270364 -0.0292851 0.237372 0.270364 -0.0292851 0 0 0 -0.0514583 -0.0066996 0.0664116 0.3 0.3
56 0 19.5502 13.4718 13.3421 37834.5 -1.42366 0.801386 0.87058 0.990535 0.00801534 0.79653 0.79653 1 0 -0.257234 -0.374864 0.0112582 -0.243881 -0.356935 0.0112582 0 0 0 0.0323005 -0.0634975 -0.017067 0.3 0.3
56 1 19.5502 -2.86118 -8.47421 35613.9 -0.343162 -1.0481 -0.609238 0.990081 -0.00447652 -1.02988 -0.563185 1 0 0.280851 0.328157 0.0117663 0.270311 0.305079 0.0117663 0 0 0 0.00282379 0.0405157 0.00901214 0.3 0.3
56 2 19.5502 0.86646 -2.91845 37709.8 9.25893 -0.561759 -1.04842 1.02271 -0.0375263 -0.563185 -1.02988 1 0 0.247456 0.281409 -0.0257439 0.247456 0.281409 -0.0257439 0 0 0 -0.0479878 -0.000681148 0.0751082 0.3 0.3
56 0 19.6002 13.7802 13.2482 38007.3 -1.47117 0.789318 0.858985 0.990878 0.00764697 0.783694 0.783694 1 0 -0.265516 -0.383948 0.0110607 -0.242221 -0.356846 0.0110607 0 0 0 0.0295827 -0.0660263 -0.0162812 0.3 0.3
56 1 19.6002 -3.0231 -8.48756 35377 -0.288886 -1.03282 -0.593895 0.990618 -0.00248547 -1.01704 -0.550349 1 0 0.282526 0.329727 0.0104548 0.270581 0.303571 0.0104548 0 0 0 0.00282515 0.0459739 0.00503721 0.3 0.3
56 2 19.6002 1.02013 -2.73018 37355.8 9.73615 -0.549561 -1.03592 1.02152 -0.0412771 -0.550349 -1.01704 1 0 0.253877 0.287306 -0.0241718 0.253877 0.287306 -0.0241718 0 0 0 -0.0489529 0.00209848 0.0825511 0.3 0.3
56 0 19.6503 13.785 13.1979 38006.6 -0.831507 0.776735 0.846976 0.991183 0.00624888 0.770509 0.770509 1 0 -0.273369 -0.392778 0.0108181 -0.241426 -0.355913 0.0108181 0 0 0 0.0343815 -0.0643707 -0.0136132 0.3 0.3
56 1 19.6503 -3.01312 -8.49517 35703.7 -0.532093 -1.0172 -0.578238 0.990947 -0.000623223 -1.00385 -0.537163 1 0 0.283495 0.330638 0.0110425 0.270485 0.30215 0.0110425 0 0 0 0.0151893 0.0400963 0.0015513 0.3 0.3
56 2 19.6503 1.07544 -2.51827 38022.1 9.48714 -0.537239 -1.02249 1.01971 -0.0433571 -0.537163 -1.00385 1 0 0.259201 0.290751 -0.01871 0.259201 0.290751 -0.01871 0 0 0 -0.046939 0.00216167 0.0867145 0.3 0.3
56 0 19.7002 14.2859 12.9853 37982.8 -2.56516 0.763246 0.8345 0.991476 0.00830683 0.756996 0.756996 1 0 -0.280298 -0.40143 0.010466 -0.240246 -0.355209 0.010466 0 0 0 0.029266 -0.0666461 -0.0176005 0.3 0.3
56 1 19.7002 -3.57128 -8.09757 35588.2 -1.08656 -1.00087 -0.562308 0.991216 0.00145138 -0.990341 -0.523651 1 0 0.290111 0.337934 0.010936 0.272627 0.299648 0.010936 0 0 0 0.0197478 0.0374715 -0.00253337 0.3 0.3
56 2 19.7002 1.24749 -2.16305 37954.7 9.6792 -0.524856 -1.00823 1.01762 -0.0449949 -0.523651 -0.990341 1 0 0.276732 0.305096 -0.0139551 0.277292 0.301198 -0.0139551 0 0 0 -0.0466265 0.00159672 0.0900075 0.3 0.3
56 0 19.7502 14.5578 12.8949 38158.6 -1.96562 0.748957 0.821611 0.991604 0.00874072 0.743146 0.743146 1 0 -0.286132 -0.409644 0.0111155 -0.238614 -0.354805 0.0111155 0 0 0 0.0255863 -0.0621086 -0.0182864 0.3 0.3
56 1 19.7502 -3.60941 -8.43552 35404.1 -1.93824 -0.984026 -0.5464 0.991594 0.00430075 -0.976491 -0.509801 1 0 0.288948 0.338359 0.00988106 0.270911 0.298863 0.00988106 0 0 0 0.0229501 0.0391107 -0.00815486 0.3 0.3
56 2 19.7502 1.34519 -1.89217 38039.7 8.20967 -0.512437 -0.992968 1.01509 -0.0436688 -0.509801 -0.976491 1 0 0.280838 0.304367 -0.00851502 0.281571 0.299269 -0.00851502 0 0 0 -0.0463355 0.000991127 0.087366 0.3 0.3
56 0 19.8003 14.8029 12.9396 38071.3 -1.50968 0.733946 0.808503 0.99168 0.0082274 0.72896 0.72896 1 0 -0.291289 -0.418035 0.0112706 -0.236468 -0.354769 0.0112706 0 0 0 0.0249252 -0.0609302 -0.0172235 0.3 0.3
56 1 19.8003 -3.80849 -8.38129 35440.4 -2.47931 -0.966819 -0.530614 0.992014 0.00705925 -0.962306 -0.495615 1 0 0.290802 0.342627 0.00908098 0.270228 0.297577 0.00908098 0 0 0 0.0256937 0.032917 -0.0136988 0.3 0.3
56 2 19.8003 1.07572 -1.56909 37994.6 5.34508 -0.499894 -0.976906 1.01231 -0.0380532 -0.495615 -0.962306 1 0 0.290407 0.307953 -0.00333862 0.28202 0.296818 -0.00333862 0 0 0 -0.0437079 0.003275 0.0760714 0.3 0.3
56 0 19.8502 15.1064 13.0365 37679.4 -2.87566 0.71832 0.795469 0.992046 0.0101724 0.714472 0.714472 1 0 -0.295735 -0.426889 0.00930128 -0.233651 -0.35524 0.00930128 0 0 0 0.0243082 -0.0596844 -0.0210813 0.3 0.3
56 1 19.8502 -4.16381 -8.41196 35356.3 -2.9208 -0.94896 -0.514843 0.992547 0.00962872 -0.947817 -0.481127 1 0 0.289386 0.344762 0.00778788 0.267643 0.297153 0.00778788 0 0 0 0.0204574 0.035062 -0.018903 0.3 0.3
56 2 19.8502 1.08721 -1.42786 37875.2 4.28129 -0.487223 -0.960087 1.0094 -0.0325056 -0.481127 -0.947817 1 0 0.29669 0.307185 0.00122057 0.281744 0.294087 0.00122057 0 0 0 -0.038092 0.00780519 0.0648862 0.3 0.3
56 0 19.9003 15.2619 12.961 37831.3 0.00816202 0.702043 0.782146 0.992499 0.00672034 0.699658 0.699658 1 0 -0.299545 -0.43572 0.0082413 -0.231421 -0.355115 0.0082413 0 0 0 0.0241937 -0.0496397 -0.0140465 0.3 0.3
56 1 19.9003 -4.0602 -8.39227 35572.5 -2.24439 -0.931184 -0.499358 0.992969 0.0101977 -0.933004 -0.466313 1 0 0.2935 0.352771 0.00771973 0.267398 0.295614 0.00771973 0 0 0 0.020628 0.0311131 -0.0200784 0.3 0.3
56 2 19.9003 0.917913 -1.00492 37814.8 1.6247 -0.474586 -0.942663 1.00653 -0.0244339 -0.466313 -0.933004 1 0 0.311152 0.31351 0.00532261 0.28127 0.291478 0.00532261 0 0 0 -0.0327001 0.00731454 0.0487599 0.3 0.3
56 0 19.9502 15.3103 12.9939 37906.9 -1.06211 0.685434 0.768709 0.992964 0.00601898 0.684545 0.684545 1 0 -0.30311 -0.444678 0.00752229 -0.229464 -0.354654 0.00752229 0 0 0 0.0324002 -0.0529656 -0.0129022 0.3 0.3
56 1 19.9502 -4.40109 -8.46808 35562.6 -1.94621 -0.912857 -0.4839 0.993327 0.0100874 -0.917891 -0.4512 1 0 0.292035 0.356182 0.00756052 0.264255 0.295351 0.00756052 0 0 0 0.0213527 0.0286716 -0.0198721 0.3 0.3
56 2 19.9502 0.913133 -0.998179 37942 -0.562307 -0.461641 -0.924616 1.0035 -0.0152783 -0.4512 -0.917891 1 0 0.316847 0.31053 0.0101023 0.281384 0.28774 0.0101023 0 0 0 -0.0282092 0.00535652 0.0304854 0.3 0.3
56 0 20.0003 15.4974 13.0769 38177.2 -1.77604 0.668474 0.755345 0.993209 0.00688946 0.66912 0.66912 1 0 -0.306616 -0.454297 0.0082859 -0.227455 -0.354159 0.0082859 0 0 0 0.0315878 -0.0464458 -0.0145182 0.3 0.3
56 1 20.0003 -4.48355 -8.428 35562.8 -2.54269 -0.894409 -0.468656 0.993623 0.0109773 -0.902466 -0.435775 1 0 0.295118 0.364711 0.00744561 0.26293 0.294229 0.00744561 0 0 0 0.0194819 0.0248384 -0.0217158 0.3 0.3
56 2 20.0003 0.769169 -0.597108 38087.2 -2.3375 -0.448714 -0.906228 1.00035 -0.00637681 -0.435775 -0.902466 1 0 0.332462 0.316861 0.0154301 0.281361 0.28402 0.0154301 0 0 0 -0.0209549 0.0058764 0.0126929 0.3 0.3
56 0 20.0503 15.5713 13.0069 38077.3 0.903544 0.65118 0.741702 0.99337 0.00301723 0.653416 0.653416 1 0 -0.309743 -0.463631 0.00847165 -0.225388 -0.35362 0.00847165 0 0 0 0.0352154 -0.036111 -0.00667235 0.3 0.3
56 1 20.0503 -4.2382 -8.70785 35592.3 -1.91905 -0.876284 -0.453849 0.993841 0.0105238 -0.886761 -0.420071 1 0 0.296131 0.371365 0.00752885 0.260578 0.293514 0.00752885 0 0 0 0.0240168 0.0145851 -0.0208748 0.3 0.3
56 2 20.0503 0.820109 -0.654138 38050.3 -4.74295 -0.435585 -0.887635 0.997082 0.00364172 -0.420071 -0.886761 1 0 0.340599 0.31571 0.020455 0.282446 0.278337 0.020455 0 0 0 -0.0144166 0.00536447 -0.00732234 0.3 0.3
56 0 20.1002 15.4262 13.1823 37897.4 0.0980073 0.63399 0.728117 0.993612 0.00175546 0.637424 0.637424 1 0 -0.313448 -0.473463 0.00773456 -0.223244 -0.353041 0.00773456 0 0 0 0.0348905 -0.0347066 -0.00411757 0.3 0.3
56 1 20.1002 -4.75705 -8.60244 35434.4 -2.99966 -0.857626 -0.439078 0.994133 0.0120365 -0.870769 -0.404079 1 0 0.296088 0.377932 0.00675642 0.257363 0.293135 0.00675642 0 0 0 0.0130466 0.0233539 -0.0239234 0.3 0.3
56 2 20.1002 0.873706 -0.626776 37874 -6.4509 -0.422396 -0.868984 0.993895 0.013214 -0.404079 -0.870769 1 0 0.349157 0.314983 0.0244111 0.283382 0.272711 0.0244111 0 0 0 -0.00980952 0.00541792 -0.0264557 0.3 0.3
56 0 20.1502 15.6728 13.0783 37908.6 -0.19797 0.61655 0.714348 0.993898 0.00140325 0.621149 0.621149 1 0 -0.317102 -0.483359 0.00711401 -0.220975 -0.352449 0.00711401 0 0 0 0.0377344 -0.0317472 -0.00340646 0.3 0.3
56 1 20.1502 -4.5441 -8.60145 35398.5 -0.350264 -0.839175 -0.424479 0.994503 0.00864184 -0.854495 -0.387804 1 0 0.299905 0.388296 0.00583986 0.255872 0.291877 0.00583986 0 0 0 0.0135777 0.0209684 -0.0171429 0.3 0.3
56 2 20.1502 0.642892 -0.518265 37855.8 -7.7177 -0.409036 -0.850472 0.990854 0.0216328 -0.387804 -0.854495 1 0 0.362622 0.319688 0.0281028 0.28316 0.268621 0.0281028 0 0 0 -0.00433986 0.00663314 -0.0432836 0.3 0.3
56 0 20.2002 15.4398 13.1139 37833.6 1.30553 0.599362 0.700399 0.994285 -0.00132945 0.6046 0.6046 1 0 -0.321453 -0.493215 0.00606437 -0.218588 -0.351832 0.00606437 0 0 0 0.038739 -0.0296417 0.00208544 0.3 0.3
56 1 20.2002 -4.5525 -8.70978 35512 -3.14293 -0.820855 -0.410044 0.994839 0.0110086 -0.837945 -0.371255 1 0 0.300976 0.395971 0.00554922 0.253083 0.291098 0.00554922 0 0 0 0.010585 0.019566 -0.0219155 0.3 0.3
56 2 20.2002 0.627269 -0.765136 37701.2 -10.329 -0.3954 -0.832305 0.988039 0.0316696 -0.371255 -0.837945 1 0 0.370511 0.319878 0.0307703 0.283261 0.263805 0.0307703 0 0 0 -0.00130057 0.00765305 -0.0633551 0.3 0.3
56 0 20.2503 15.2471 13.1398 37822.3 3.07595 0.582501 0.686153 0.994761 -0.00610711 0.587782 0.587782 1 0 -0.326669 -0.502876 0.00495763 -0.216059 -0.351191 0.00495763 0 0 0 0.0380008 -0.0281771 0.0116822 0.3 0.3
56 1 20.2503 -4.39506 -8.78413 35508.8 0.0366009 -0.802789 -0.395725 0.995155 0.00724332 -0.821127 -0.354436 1 0 0.302222 0.403586 0.0052173 0.250403 0.29012 0.0052173 0 0 0 0.0155415 0.00811127 -0.0144243 0.3 0.3
56 2 20.2503 0.550402 -0.98454 37670.7 -11.0755 -0.38149 -0.81466 0.985455 0.0396751 -0.354436 -0.821127 1 0 0.377531 0.320545 0.0331034 0.28279 0.259659 0.0331034 0 0 0 0.00483009 0.012822 -0.079342 0.3 0.3
56 0 20.3003 15.3969 13.2973 37907.7 2.76989 0.565596 0.671863 0.995233 -0.00877192 0.570703 0.570703 1 0 -0.332229 -0.512883 0.00431636 -0.213288 -0.350612 0.00431636 0 0 0 0.0389312 -0.0284824 0.0169946 0.3 0.3
56 1 20.3003 -4.41648 -8.50705 35367.7 0.394959 -0.785 -0.381413 0.995565 0.00420148 -0.804048 -0.337358 1 0 0.31129 0.418565 0.00413428 0.251366 0.287351 0.00413428 0 0 0 0.0134304 0.00517169 -0.00836847 0.3 0.3
56 2 20.3003 -0.168856 -0.873246 37270.2 -13.2798 -0.367067 -0.797717 0.983514 0.0484455 -0.337358 -0.804048 1 0 0.396736 0.335466 0.0329655 0.279227 0.259948 0.0329655 0 0 0 0.00587213 0.0214465 -0.0968719 0.3 0.3
56 0 20.3502 15.2963 13.184 38114.3 3.18549 0.548898 0.657246 0.995524 -0.0111922 0.553394 0.553394 1 0 -0.338243 -0.522436 0.00480877 -0.210286 -0.350047 0.00480877 0 0 0 0.0388604 -0.0227932 0.0219476 0.3 0.3
56 1 20.3502 -4.32956 -8.68261 35317.7 0.0355116 -0.767352 -0.367111 0.996098 0.00274669 -0.786739 -0.320049 1 0 0.312995 0.425959 0.00279979 0.249036 0.285907 0.00279979 0 0 0 0.00808138 0.00821933 -0.00546026 0.3 0.3
56 2 20.3502 -0.143875 -1.31954 37259.8 -12.4805 -0.352057 -0.781416 0.982028 0.0530629 -0.320049 -0.786739 1 0 0.40057 0.337106 0.0325881 0.277052 0.257726 0.0325881 0 0 0 -9.08803e-05 0.0163463 -0.10618 0.3 0.3
56 0 20.4003 15.5422 13.2765 37745 2.79688 0.531987 0.642521 0.995997 -0.012148 0.53582 0.53582 1 0 -0.344239 -0.532147 0.00323896 -0.207007 -0.349545 0.00323896 0 0 0 0.0346951 -0.0199754 0.0239549 0.3 0.3
56 1 20.4003 -4.13018 -8.59712 35560.6 -0.589626 -0.750143 -0.352819 0.996512 0.00281312 -0.769165 -0.302475 1 0 0.318465 0.436387 0.00281626 0.248614 0.283435 0.00281626 0 0 0 0.0112366 0.00368525 -0.00560565 0.3 0.3
56 2 20.4003 -0.463221 -1.4839 37243.4 -12.1752 -0.336566 -0.765815 0.980983 0.05566 -0.302475 -0.769165 1 0 0.408759 0.345108 0.0318459 0.273049 0.257893 0.0318459 0 0 0 0.00125425 0.00775784 -0.111373 0.3 0.3
56 0 20.4502 15.384 13.0678 38010.7 1.00526 0.515508 0.62754 0.996364 -0.00989827 0.518029 0.518029 1 0 -0.351182 -0.541635 0.00325445 -0.20353 -0.349011 0.00325445 0 0 0 0.0361359 -0.0265796 0.0193215 0.3 0.3
56 1 20.4502 -4.03467 -8.49251 35469.5 -0.116961 -0.733315 -0.338469 0.996917 0.00206386 -0.751374 -0.284684 1 0 0.324753 0.44689 0.00228696 0.248758 0.280485 0.00228696 0 0 0 0.00921801 4.56159e-05 -0.00412755 0.3 0.3
56 2 20.4502 -0.77442 -1.4833 37312.2 -12.5089 -0.320548 -0.750621 0.980261 0.0579535 -0.284684 -0.751374 1 0 0.416439 0.35419 0.0312504 0.268249 0.258953 0.0312504 0 0 0 0.00553714 0.0112033 -0.115943 0.3 0.3
56 0 20.5002 15.4597 13.011 38141.2 2.77598 0.49919 0.612256 0.996543 -0.0112295 0.500002 0.500002 1 0 -0.358655 -0.550867 0.00394238 -0.199802 -0.348471 0.00394238 0 0 0 0.0281264 -0.0233692 0.0221344 0.3 0.3
56 1 20.5002 -3.81985 -8.43546 35268.5 0.0364876 -0.716973 -0.324094 0.997483 0.00131403 -0.733347 -0.266657 1 0 0.332208 0.457688 0.000697502 0.249669 0.276953 0.000697502 0 0 0 0.00992519 -0.000285258 -0.0026295 0.3 0.3
56 2 20.5002 -1.10205 -1.70667 37098.4 -11.0303 -0.303964 -0.735963 0.980008 0.0569962 -0.266657 -0.733347 1 0 0.423208 0.364233 0.0292524 0.262541 0.260978 0.0292524 0 0 0 -0.0019361 0.00651253 -0.114061 0.3 0.3
56 0 20.5502 15.7011 12.9873 37918.6 0.963827 0.482836 0.596872 0.996766 -0.00914295 0.481753 0.481753 1 0 -0.366252 -0.560113 0.00341502 -0.195803 -0.347945 0.00341502 0 0 0 0.0276258 -0.0241426 0.0179557 0.3 0.3
56 1 20.5502 -3.34424 -8.38004 35319.9 1.19816 -0.701453 -0.309634 0.998124 -0.00117289 -0.715098 -0.248407 1 0 0.339578 0.46686 -0.000563477 0.251037 0.272981 -0.000563477 0 0 0 0.0159361 -0.0103102 0.00226374 0.3 0.3
56 2 20.5502 -1.24642 -1.99047 37043.3 -9.35794 -0.286996 -0.721878 0.980194 0.0535701 -0.248407 -0.715098 1 0 0.427567 0.373493 0.026803 0.256259 0.263401 0.026803 0 0 0 0.00228337 0.0064098 -0.107185 0.3 0.3
56 0 20.6002 14.6085 14.0289 37801.5 0.771764 0.466682 0.581671 0.997181 -0.00741263 0.463295 0.463295 1 0 -0.377298 -0.572423 0.00232298 -0.19195 -0.347486 0.00232298 0 0 0 0.0210314 -0.0265118 0.0145487 0.3 0.3
56 1 20.6002 -3.82779 -8.06746 34878.7 -1.24515 -0.685706 -0.294986 0.999201 0.00128019 -0.69664 -0.22995 1 0 0.350778 0.479927 -0.00428199 0.254028 0.268073 -0.00428199 0 0 0 0.0131944 -0.010706 -0.0026311 0.3 0.3
56 2 20.6002 -1.50649 -2.18343 36775.6 -7.52981 -0.269913 -0.708447 0.980972 0.0482735 -0.22995 -0.69664 1 0 0.437285 0.389419 0.0227426 0.24875 0.267324 0.0227426 0 0 0 -0.000161669 -0.00117262 -0.0965845 0.3 0.3
56 0 20.6502 17.4802 11.5201 37624.3 -0.486045 0.450684 0.56639 0.997701 -0.00422047 0.444642 0.444642 1 0 -0.383045 -0.579745 0.000264687 -0.187025 -0.346855 0.000264687 0 0 0 0.0277741 -0.02592 0.00808248 0.3 0.3
56 1 20.6502 -3.14236 -8.07333 35121.2 -1.78546 -0.670886 -0.280344 1.00041 0.00381794 -0.677988 -0.211297 1 0 0.36078 0.490232 -0.00659546 0.256975 0.26293 -0.00659546 0 0 0 0.0131933 -0.00961264 -0.00769957 0.3 0.3
56 2 20.6502 -1.65453 -2.0285 37290.7 -3.78781 -0.252496 -0.695109 0.981782 0.038567 -0.211297 -0.677988 1 0 0.443668 0.402735 0.0214389 0.243036 0.267961 0.0214389 0 0 0 -0.00994319 -0.0167912 -0.0770733 0.3 0.3
56 0 20.7003 15.3541 13.467 37907.2 1.37833 0.435005 0.55131 0.998238 -0.00506504 0.425767 0.425767 1 0 -0.392387 -0.590104 -0.000215705 -0.182357 -0.346187 -0.000215705 0 0 0 0.0182344 -0.0162651 0.00998259 0.3 0.3
56 1 20.7003 -3.11623 -7.87619 35398.9 0.567448 -0.656368 -0.265565 1.00148 0.00161223 -0.659113 -0.192422 1 0 0.372635 0.501644 -0.00745665 0.260948 0.257083 -0.00745665 0 0 0 0.0116918 -0.00342589 -0.00324455 0.3 0.3
56 2 20.7003 -1.47255 -2.17169 37566.6 -2.8828 -0.235318 -0.681968 0.982414 0.0305731 -0.192422 -0.659113 1 0 0.450368 0.416299 0.0214576 0.237147 0.268538 0.0214576 0 0 0 -0.0107901 -0.0289253 -0.061007 0.3 0.3
56 0 20.7502 16.0781 13.0758 38177.6 -0.211244 0.419205 0.536457 0.998509 -0.00299748 0.406738 0.406738 1 0 -0.401634 -0.600962 0.000734295 -0.179056 -0.344094 0.000734295 0 0 0 0.00538884 -0.0154264 0.00595359 0.3 0.3
56 1 20.7502 -2.60697 -7.79401 35700.1 -0.32319 -0.642691 -0.250787 1.0022 0.00161871 -0.640083 -0.173393 1 0 0.38503 0.512167 -0.0066601 0.265619 0.250693 -0.0066601 0 0 0 0.0180114 -0.000309427 -0.00324033 0.3 0.3
56 2 20.7502 -1.4448 -2.17378 38004.1 0.997668 -0.218423 -0.668853 0.98253 0.0187593 -0.173393 -0.640083 1 0 0.457077 0.429434 0.0238758 0.23079 0.269383 0.0238758 0 0 0 -0.0118455 -0.0286103 -0.0373559 0.3 0.3
56 0 20.8003 15.7796 13.1393 37642.3 1.38102 0.403899 0.52187 0.999037 -0.00433539 0.387511 0.387511 1 0 -0.411881 -0.612432 -0.00129439 -0.17666 -0.340972 -0.00129439 0 0 0 0.0130318 -0.0149695 0.00857369 0.3 0.3
56 1 20.8003 -2.68121 -7.71395 35563.2 -0.84191 -0.629171 -0.236056 1.00274 0.00244812 -0.620856 -0.154166 1 0 0.398005 0.523083 -0.00657481 0.270537 0.243968 -0.00657481 0 0 0 0.019319 -0.0073436 -0.00496745 0.3 0.3
56 2 20.8003 -1.30129 -2.23998 37711.8 1.76601 -0.202012 -0.655791 0.982496 0.00958472 -0.154166 -0.620856 1 0 0.465272 0.443323 0.0246796 0.224426 0.269994 0.0246796 0 0 0 -0.0118166 -0.0279293 -0.0190069 0.3 0.3
56 0 20.8502 15.9908 13.4538 37893 1.61874 0.3886 0.507889 0.999525 -0.0055696 0.368123 0.368123 1 0 -0.422219 -0.625009 -0.00177607 -0.173666 -0.338163 -0.00177607 0 0 0 0.00260502 -0.0144334 0.0111208 0.3 0.3
56 1 20.8502 -2.12491 -7.67591 35373 1.58761 -0.616353 -0.221394 1.0033 -0.00101922 -0.601468 -0.134778 1 0 0.410503 0.532445 -0.00739783 0.275585 0.237016 -0.00739783 0 0 0 0.0247226 -0.000706386 0.00202987 0.3 0.3
56 2 20.8502 -1.17318 -2.36281 37615.7 3.03741 -0.186037 -0.642754 0.982398 0.00132006 -0.134778 -0.601468 1 0 0.470483 0.453529 0.0251248 0.217729 0.270715 0.0251248 0 0 0 -0.015236 -0.0349529 -0.00237429 0.3 0.3
56 0 20.9002 15.9851 13.3389 37549.5 0.286217 0.373534 0.494144 1.00029 -0.00422496 0.348574 0.348574 1 0 -0.433166 -0.638202 -0.00423244 -0.170577 -0.335158 -0.00423244 0 0 0 0.008693 -0.0160571 0.0083805 0.3 0.3
56 1 20.9002 -2.34233 -7.39887 35639.1 -2.14979 -0.603539 -0.206888 1.00361 0.00282038 -0.581919 -0.115229 1 0 0.429886 0.548952 -0.00663188 0.283425 0.228572 -0.00663188 0 0 0 0.0260572 -0.00783822 -0.00574342 0.3 0.3
56 2 20.9002 -1.32031 -1.98772 37713.2 4.54177 -0.1707 -0.629528 0.982166 -0.00654784 -0.115229 -0.581919 1 0 0.489611 0.476243 0.0261421 0.211069 0.27109 0.0261421 0 0 0 -0.0157126 -0.0316482 0.0133465 0.3 0.3
56 0 20.9502 15.9149 13.4492 37912.6 -0.266563 0.358893 0.480848 1.00094 -0.0023702 0.328869 0.328869 1 0 -0.444806 -0.652129 -0.00459654 -0.167402 -0.331988 -0.00459654 0 0 0 0.00678959 -0.0121926 0.00469914 0.3 0.3
56 1 20.9502 -2.15958 -7.5416 35231.5 0.614693 -0.591052 -0.192514 1.00409 0.000930969 -0.562215 -0.095524 1 0 0.443152 0.559012 -0.00812387 0.283472 0.223484 -0.00812387 0 0 0 0.0242405 0.00678422 -0.00177985 0.3 0.3
56 2 20.9502 -1.03447 -2.25282 37579.7 4.7434 -0.155884 -0.616258 0.981939 -0.0121827 -0.095524 -0.562215 1 0 0.496716 0.485979 0.0264242 0.204312 0.271352 0.0264242 0 0 0 -0.0187601 -0.0363789 0.0247125 0.3 0.3
56 0 21.0003 16.404 13.5189 37981.5 -0.866816 0.343964 0.468006 1.00147 -0.00017355 0.309005 0.309005 1 0 -0.456094 -0.666966 -0.0046543 -0.163433 -0.329218 -0.0046543 0 0 0 0.00877528 -0.0246302 0.000239054 0.3 0.3
56 1 21.0003 -2.16971 -7.50995 35497.6 -1.44905 -0.578757 -0.178346 1.00445 0.00303524 -0.54235 -0.0756599 1 0 0.458307 0.570983 -0.00800126 0.283347 0.218294 -0.00800126 0 0 0 0.0216433 0.00452165 -0.00602192 0.3 0.3
56 2 21.0003 -0.977345 -2.10527 37450.5 4.93389 -0.141626 -0.602768 0.981824 -0.0163008 -0.0756599 -0.54235 1 0 0.508431 0.498998 0.026016 0.19842 0.271584 0.026016 0 0 0 -0.016987 -0.0386082 0.0329383 0.3 0.3
56 0 21.0502 16.0703 13.5401 37522.3 0.754898 0.329568 0.45545 1.00227 -0.00133503 0.289039 0.289039 1 0 -0.468264 -0.682264 -0.00721689 -0.15958 -0.326024 -0.00721689 0 0 0 -0.00339948 -0.0073849 0.00268264 0.3 0.3
56 1 21.0502 -2.21643 -7.41049 35508.2 0.215514 -0.566409 -0.164257 1.0047 0.00166608 -0.522385 -0.0556941 1 0 0.472014 0.581729 -0.00785995 0.283327 0.212791 -0.00785995 0 0 0 0.0227866 0.00459837 -0.00327999 0.3 0.3
56 2 21.0502 -0.563696 -2.17723 37557.2 6.28555 -0.128089 -0.589169 0.981706 -0.021317 -0.0556941 -0.522385 1 0 0.51806 0.508521 0.026196 0.196936 0.272006 0.026196 0 0 0 -0.0206201 -0.0351816 0.0430089 0.3 0.3
56 0 21.1002 16.3058 13.7716 37733.8 -0.798291 0.31527 0.443503 1.0031 0.00043099 0.268919 0.268919 1 0 -0.480771 -0.698768 -0.00848073 -0.155201 -0.323039 -0.00848073 0 0 0 0.000489329 -0.0109723 -0.000864677 0.3 0.3
56 1 21.1002 -2.14445 -7.37685 35630.2 -1.11915 -0.55432 -0.150485 1.00477 0.00298322 -0.502265 -0.0355742 1 0 0.491706 0.598561 -0.00699562 0.282991 0.207281 -0.00699562 0 0 0 0.0238551 0.00482735 -0.0059093 0.3 0.3
56 2 21.1002 -0.714194 -1.87296 37685.8 5.8931 -0.115028 -0.575314 0.981487 -0.0239777 -0.0355742 -0.502265 1 0 0.539028 0.528141 0.0270217 0.195623 0.272428 0.0270217 0 0 0 -0.0184978 -0.0340835 0.0482842 0.3 0.3
56 0 21.1502 16.1554 13.8214 37767.1 -0.428544 0.301479 0.432016 1.00392 0.00101077 0.248691 0.248691 1 0 -0.494087 -0.715999 -0.00961236 -0.15075 -0.319768 -0.00961236 0 0 0 -0.00398687 -0.00825092 -0.00200512 0.3 0.3
56 1 21.1502 -2.19053 -7.23949 35667.2 1.35779 -0.542092 -0.136716 1.00465 -0.000251809 -0.482037 -0.0153461 1 0 0.506601 0.610835 -0.00589035 0.282872 0.201407 -0.00589035 0 0 0 0.0254449 0.0055272 0.000573984 0.3 0.3
56 2 21.1502 -0.410784 -2.02197 37574.3 4.79283 -0.102577 -0.561461 0.981288 -0.0239135 -0.0153461 -0.482037 1 0 0.554092 0.54082 0.0271933 0.194701 0.272448 0.0271933 0 0 0 -0.0213168 -0.0305963 0.048166 0.3 0.3
56 0 21.2003 16.4199 13.7932 37973.8 -1.83443 0.287808 0.420894 1.00456 0.00372505 0.228337 0.228337 1 0 -0.507643 -0.733889 -0.00956476 -0.145951 -0.316474 -0.00956476 0 0 0 -0.000224547 -0.00926361 -0.00744916 0.3 0.3
56 1 21.2003 -2.22768 -7.3877 35364.4 -0.692439 -0.529808 -0.123401 1.00463 0.00100743 -0.461682 0.00500829 1 0 0.522876 0.625357 -0.00641375 0.282403 0.195499 -0.00641375 0 0 0 0.0228353 0.00795297 -0.00192419 0.3 0.3
56 2 21.2003 -0.350202 -1.86561 37572.9 4.75065 -0.0905383 -0.547331 0.981104 -0.0238441 0.00500829 -0.461682 1 0 0.569552 0.552727 0.0273729 0.194013 0.272358 0.0273729 0 0 0 -0.0169522 -0.0290985 0.0479462 0.3 0.3
56 0 21.2502 16.519 13.8613 37939.8 -1.3179 0.274323 0.41018 1.00508 0.0046823 0.207913 0.207913 1 0 -0.521446 -0.752402 -0.00968631 -0.140785 -0.313095 -0.00968631 0 0 0 -0.00300238 -0.00393287 -0.00935876 0.3 0.3
56 1 21.2502 -2.16846 -7.19521 35527.2 -0.0335942 -0.517557 -0.110173 1.00455 0.000725679 -0.441258 0.0254327 1 0 0.537827 0.638647 -0.00594118 0.281938 0.1893 -0.00594118 0 0 0 0.0228831 0.00500138 -0.00139423 0.3 0.3
56 2 21.2502 -0.277482 -1.91001 37798.5 4.4353 -0.0788497 -0.53316 0.98074 -0.0232363 0.0254327 -0.441258 1 0 0.585192 0.564146 0.0287823 0.193654 0.272147 0.0287823 0 0 0 -0.0173259 -0.0303143 0.0467465 0.3 0.3
56 0 21.3002 16.4214 13.9066 37901.1 -2.79092 0.261388 0.399938 1.00552 0.00777731 0.187382 0.187382 1 0 -0.536214 -0.771748 -0.00993178 -0.135571 -0.309382 -0.00993178 0 0 0 -0.00471911 -0.00483716 -0.0155434 0.3 0.3
56 1 21.3002 -2.22257 -7.13363 35375.7 1.31975 -0.50519 -0.0971137 1.00454 -0.00169969 -0.420727 0.0459634 1 0 0.553996 0.653641 -0.00635233 0.281525 0.182812 -0.00635233 0 0 0 0.0301837 0.00478708 0.00347203 0.3 0.3
56 2 21.3002 -0.0112131 -1.84363 37788.7 3.18948 -0.0677899 -0.518919 0.980253 -0.0207902 0.0459634 -0.420727 1 0 0.603331 0.576877 0.0300799 0.193676 0.271578 0.0300799 0 0 0 -0.0153357 -0.0264453 0.041791 0.3 0.3
56 0 21.3502 16.4113 13.7755 38045.9 -2.40096 0.248966 0.389878 1.00576 0.00904691 0.16677 0.16677 1 0 -0.551799 -0.791348 -0.00929862 -0.130493 -0.305135 -0.00929862 0 0 0 0.012547 -0.0428179 -0.0183672 0.3 0.3
56 1 21.3502 -2.35486 -7.26772 35539 -0.934045 -0.492828 -0.0843871 1.00446 0.000409096 -0.400115 0.0665752 1 0 0.569248 0.668272 -0.00582049 0.276802 0.178992 -0.00582049 0 0 0 0.0310746 0.00111207 -0.000801011 0.3 0.3
56 2 21.3502 -0.106761 -1.7928 37775.7 2.84983 -0.0569078 -0.504585 0.979679 -0.0186241 0.0665752 -0.400115 1 0 0.621658 0.589335 0.0313184 0.193888 0.271011 0.0313184 0 0 0 -0.01043 -0.0202831 0.0373585 0.3 0.3
56 0 21.4002 16.6003 14.0954 36746.6 -1.30526 0.236692 0.380429 1.00698 0.00829919 0.146083 0.146083 1 0 -0.56759 -0.811943 -0.0158622 -0.124858 -0.301004 -0.0158622 0 0 0 -0.000866298 -0.00244441 -0.0165975 0.3 0.3
56 1 21.4002 -2.45222 -7.36898 35415.6 0.00756402 -0.480562 -0.0719967 1.00442 0.000274287 -0.379429 0.087262 1 0 0.585681 0.684493 -0.00601252 0.269934 0.177611 -0.00601252 0 0 0 0.0324751 0.00244836 -0.000508888 0.3 0.3
56 2 21.4002 -0.085366 -1.98854 37137.2 0.467864 -0.0461817 -0.490545 0.979592 -0.013145 0.087262 -0.379429 1 0 0.640605 0.602649 0.0290027 0.194606 0.270483 0.0290027 0 0 0 -0.0158094 -0.0230097 0.0264752 0.3 0.3
56 0 21.4502 16.4427 13.9862 38160.2 -2.83339 0.225022 0.371276 1.00769 0.0102578 0.12533 0.12533 1 0 -0.584292 -0.832925 -0.0143244 -0.11934 -0.296341 -0.0143244 0 0 0 -0.00627524 0.00333898 -0.0205265 0.3 0.3
56 1 21.4502 -2.52088 -7.45967 35706.9 -0.0459245 -0.468315 -0.0598748 1.00416 0.00022605 -0.358675 0.108015 1 0 0.598718 0.697744 -0.00453912 0.262596 0.176337 -0.00453912 0 0 0 0.0328745 -0.00243668 -0.000492217 0.3 0.3
56 2 21.4502 0.176591 -1.91272 37561.9 1.01621 -0.0357896 -0.476343 0.979507 -0.0104039 0.108015 -0.358675 1 0 0.654401 0.609968 0.0291089 0.195583 0.269877 0.0291089 0 0 0 -0.0133861 -0.0232418 0.0209657 0.3 0.3
56 0 21.5003 16.4432 14.1035 37977.3 -2.44466 0.213861 0.362582 1.00822 0.0109125 0.104517 0.104517 1 0 -0.601894 -0.85472 -0.0141623 -0.113747 -0.291368 -0.0141623 0 0 0 -0.00476665 0.000877376 -0.0218276 0.3 0.3
56 1 21.5003 -2.83536 -7.45943 35480.1 -0.893587 -0.456061 -0.0481928 1.00394 0.00162664 -0.337862 0.128828 1 0 0.620105 0.720103 -0.00438671 0.254882 0.175033 -0.00438671 0 0 0 0.0324482 -0.00167936 -0.00328095 0.3 0.3
56 2 21.5003 -0.0360039 -1.38049 37540.7 -0.611192 -0.0253131 -0.462213 0.979474 -0.00594385 0.128828 -0.337862 1 0 0.683659 0.633015 0.0289036 0.202 0.261589 0.0289036 0 0 0 -0.015011 -0.0245008 0.0120729 0.3 0.3
56 0 21.5502 16.3994 14.1028 38053.3 -3.33548 0.203308 0.354305 1.00852 0.0128298 0.0836792 0.0836792 1 0 -0.620281 -0.876976 -0.0134055 -0.108219 -0.286026 -0.0134055 0 0 0 -0.00446153 0.00391591 -0.0256692 0.3 0.3
56 1 21.5502 -2.61747 -7.69133 35596.1 0.268841 -0.444134 -0.0369423 1.00363 0.000558828 -0.317024 0.149666 1 0 0.633105 0.734253 -0.00351165 0.246772 0.173865 -0.00351165 0 0 0 0.0339501 -0.010293 -0.00129258 0.3 0.3
56 2 21.5502 0.506538 -1.42384 37702.9 -0.649624 -0.0151007 -0.448149 0.979345 -0.00289003 0.149666 -0.317024 1 0 0.697745 0.640553 0.0295643 0.210536 0.250602 0.0295643 0 0 0 -0.011726 -0.0179919 0.00588589 0.3 0.3
56 0 21.6002 16.1272 14.1617 38177 -0.243134 0.193461 0.346239 1.00851 0.00894355 0.0627911 0.0627911 1 0 -0.6398 -0.899523 -0.0118755 -0.10298 -0.28 -0.0118755 0 0 0 -0.00932154 0.00661155 -0.0179184 0.3 0.3
56 1 21.6002 -2.77579 -7.70775 35412.8 0.90791 -0.432327 -0.0259874 1.00341 -0.0011928 -0.296136 0.170554 1 0 0.648905 0.751501 -0.00368227 0.238106 0.172956 -0.00368227 0 0 0 0.0335192 -0.012871 0.00217026 0.3 0.3
56 2 21.6002 0.712506 -1.22709 37163.7 -2.02998 -0.00511552 -0.434158 0.979619 0.00144498 0.170554 -0.296136 1 0 0.715552 0.651549 0.0271675 0.219788 0.238994 0.0271675 0 0 0 -0.00370364 -0.0195013 -0.00285399 0.3 0.3
56 0 21.6503 16.2852 14.4579 37491 -3.77847 0.184074 0.339005 1.00885 0.0122867 0.0418705 0.0418705 1 0 -0.659928 -0.92331 -0.0140892 -0.097364 -0.274076 -0.0140892 0 0 0 -0.00598336 -0.00311194 -0.0245648 0.3 0.3
56 1 21.6503 -2.81578 -7.87801 35471.1 0.105271 -0.4207 -0.0154519 1.00321 -0.000977725 -0.275216 0.191475 1 0 0.663138 0.767589 -0.00349552 0.229216 0.171922 -0.00349552 0 0 0 0.0308924 -0.0103878 0.00179524 0.3 0.3
56 2 21.6503 0.840645 -1.18983 37273.4 -1.34878 0.00492169 -0.420402 0.980107 0.00321634 0.191475 -0.275216 1 0 0.731418 0.661095 0.0254351 0.230353 0.226605 0.0254351 0 0 0 0.000516817 -0.00168466 -0.00643313 0.3 0.3
56 0 21.7002 16.1157 14.2533 37655.7 -1.69153 0.1753 0.331907 1.00929 0.010994 0.0209394 0.0209394 1 0 -0.681051 -0.947283 -0.0152055 -0.0920378 -0.267526 -0.0152055 0 0 0 -0.00760529 0.00883572 -0.0220224 0.3 0.3
56 1 21.7002 -2.81451 -7.83608 35510.1 0.947561 -0.409554 -0.00521278 1.003 -0.00231522 -0.254285 0.212406 1 0 0.684215 0.790209 -0.00313335 0.219718 0.171341 -0.00313335 0 0 0 0.0359686 -0.0159647 0.00434418 0.3 0.3
56 2 21.7002 0.876368 -0.893607 37254.1 -2.56684 0.0150423 -0.40696 0.980781 0.0064036 0.212406 -0.254285 1 0 0.756231 0.680262 0.0235127 0.2421 0.213378 0.0235127 0 0 0 0.00166873 -0.00500493 -0.0128115 0.3 0.3
56 0 21.7502 15.7931 14.4762 38102.1 0.439878 0.167284 0.325165 1.00943 0.00660769 1.39816e-06 1.39816e-06 1 0 -0.703237 -0.971635 -0.0139159 -0.0870082 -0.260469 -0.0139159 0 0 0 -0.0115961 0.00201429 -0.0132274 0.3 0.3
56 1 21.7502 -2.90914 -8.04792 35560.6 0.318711 -0.398661 0.00461691 1.00273 -0.00209616 -0.233347 0.233344 1 0 0.700666 0.808468 -0.00251001 0.209769 0.171075 -0.00251001 0 0 0 0.0314904 -0.0148072 0.0039598 0.3 0.3
56 2 21.7502 1.16162 -0.863434 37163.2 -3.21462 0.0252103 -0.393884 0.981695 0.00960878 0.233344 -0.233347 1 0 0.774966 0.694052 0.0210318 0.254993 0.19944 0.0210318 0 0 0 -0.000462738 -0.00922977 -0.0192159 0.3 0.3
56 0 21.8002 16.0363 14.6954 38097.8 -4.81951 0.159719 0.319324 1.00936 0.0124396 -0.0209405 -0.0209405 1 0 -0.725973 -0.997302 -0.0127116 -0.0816123 -0.25367 -0.0127116 0 0 0 7.69958e-05 -0.0280902 -0.0248834 0.3 0.3
56 1 21.8002 -2.88402 -8.15496 35474.5 1.23045 -0.388162 0.0140714 1.00251 -0.00348495 -0.212405 0.254286 1 0 0.717969 0.827545 -0.0023777 0.199707 0.170749 -0.0023777 0 0 0 0.0336533 -0.0137634 0.00673945 0.3 0.3
56 2 21.8002 1.43252 -0.769258 37067.9 -3.84099 0.0354664 -0.38117 0.982889 0.0128041 0.254286 -0.212405 1 0 0.791389 0.706296 0.0179821 0.269527 0.184687 0.0179821 0 0 0 0.00369508 -0.00156758 -0.0256118 0.3 0.3
56 0 21.8502 15.8667 14.6573 37229.1 -1.26092 0.152716 0.313866 1.00985 0.0103736 -0.0418786 -0.0418786 1 0 -0.749275 -1.02323 -0.0162544 -0.0762932 -0.246567 -0.0162544 0 0 0 -0.0137687 0.00430386 -0.0207778 0.3 0.3
56 1 21.8502 -2.92201 -8.23864 35561 0.863458 -0.378007 0.0232663 1.00223 -0.00380018 -0.191467 0.275224 1 0 0.733655 0.844864 -0.00174722 0.189187 0.170763 -0.00174722 0 0 0 0.0336008 -0.0134765 0.00737519 0.3 0.3
56 2 21.8502 1.66722 -0.73315 37206.4 -4.37932 0.0459743 -0.368894 0.984197 0.0158701 0.275224 -0.191467 1 0 0.804567 0.716469 0.0156521 0.285768 0.168997 0.0156521 0 0 0 0.00423138 0.00651615 -0.031728 0.3 0.3
56 0 21.9003 15.7835 14.6047 38192.9 -2.43031 0.1463 0.308711 1.00992 0.0109795 -0.0628086 -0.0628086 1 0 -0.774007 -1.0501 -0.0142522 -0.0712654 -0.239098 -0.0142522 0 0 0 -0.00884641 -0.00213612 -0.0219503 0.3 0.3
56 1 21.9003 -2.96678 -8.32283 35423.4 0.940954 -0.368365 0.0321078 1.00204 -0.00417674 -0.170537 0.296154 1 0 0.755938 0.868508 -0.00191513 0.178239 0.171261 -0.00191513 0 0 0 0.0367989 -0.0165134 0.00805132 0.3 0.3
56 2 21.9003 1.71618 -0.472034 37236.7 -4.21676 0.0568663 -0.357155 0.985542 0.0176405 0.296154 -0.170537 1 0 0.826813 0.737276 0.0134808 0.303954 0.152283 0.0134808 0 0 0 0.00876311 0.0212588 -0.0351921 0.3 0.3
56 0 21.9503 15.6208 14.9285 37888.8 -0.533579 0.140465 0.304202 1.00997 0.00821937 -0.0836916 -0.0836916 1 0 -0.798861 -1.07721 -0.0141729 -0.0661486 -0.231618 -0.0141729 0 0 0 -0.0152517 -0.00398096 -0.0164091 0.3 0.3
56 1 21.9503 -3.1825 -8.46801 35477.3 1.43298 -0.35882 0.0406464 1.00187 -0.00514569 -0.149654 0.317037 1 0 0.773119 0.887401 -0.00176758 0.167109 0.17179 -0.00176758 0 0 0 0.0360409 -0.00827883 0.010144 0.3 0.3
56 2 21.9503 1.81507 -0.518519 36806.4 -5.42127 0.0685329 -0.346122 0.98731 0.0208089 0.317037 -0.149654 1 0 0.840612 0.752151 0.00892549 0.324798 0.134366 0.00892549 0 0 0 0.0107772 0.0173977 -0.0415291 0.3 0.3
56 0 22.0002 15.3998 14.7805 37867.4 -2.2382 0.135227 0.300136 1.00998 0.00918108 -0.104527 -0.104527 1 0 -0.824715 -1.09713 -0.0140686 -0.0652068 -0.220614 -0.0140686 0 0 0 -0.0127221 0.00506131 -0.018395 0.3 0.3
56 1 22.0002 -3.17119 -8.60184 35513.3 0.387026 -0.349749 0.0487863 1.00169 -0.00413271 -0.128819 0.337872 1 0 0.794182 0.910046 -0.00145785 0.155809 0.172658 -0.00145785 0 0 0 0.0371922 -0.0110052 0.00806232 0.3 0.3
56 2 22.0002 2.02853 -0.405689 37046.7 -5.13104 0.0808544 -0.335867 0.989165 0.0224236 0.337872 -0.128819 1 0 0.856564 0.771617 0.00582474 0.348255 0.115312 0.00582474 0 0 0 0.00794105 0.0210609 -0.0447702 0.3 0.3
56 0 22.0503 15.0115 14.5292 37934.8 0.11289 0.130198 0.296464 1.00992 0.00593571 -0.125341 -0.125341 1 0 -0.850607 -1.09619 -0.0135578 -0.0745023 -0.200517 -0.0135578 0 0 0 -0.0111773 0.00153959 -0.0118803 0.3 0.3
56 1 22.0503 -3.39716 -8.77104 35459.3 0.45892 -0.340784 0.0565584 1.00155 -0.00356943 -0.108004 0.358687 1 0 0.811444 0.929335 -0.00146606 0.144289 0.173398 -0.00146606 0 0 0 0.0376072 -0.012655 0.00690229 0.3 0.3
56 2 22.0503 2.34386 -0.233556 37148.8 -5.84301 0.0940338 -0.326167 0.99104 0.0247358 0.358687 -0.108004 1 0 0.865261 0.786228 0.00320081 0.375347 0.094512 0.00320081 0 0 0 0.0102901 0.0288688 -0.049334 0.3 0.3
56 0 22.1002 14.6895 14.462 37830.5 -3.03437 0.12569 0.293485 1.00988 0.00901269 -0.146082 -0.146082 1 0 -0.877131 -1.09512 -0.0136191 -0.0842911 -0.180133 -0.0136191 0 0 0 -0.014809 0.000739839 -0.0180316 0.3 0.3
56 1 22.1002 -3.53106 -8.82516 35536.6 0.140243 -0.332051 0.064028 1.00137 -0.0026486 -0.0872635 0.379427 1 0 0.831145 0.951186 -0.00104395 0.132885 0.174028 -0.00104395 0 0 0 0.0360967 -0.012664 0.00506958 0.3 0.3
56 2 22.1002 2.64262 -0.130368 36833.5 -5.24919 0.107971 -0.317284 0.993174 0.0253045 0.379427 -0.0872635 1 0 0.876624 0.806184 -0.00112473 0.40564 0.0725256 -0.00112473 0 0 0 0.0137167 0.0345269 -0.0503863 0.3 0.3
56 0 22.1502 14.2419 14.2673 37876.4 2.11451 0.121565 0.290708 1.00981 0.00248954 -0.16677 -0.16677 1 0 -0.903959 -1.09379 -0.0133849 -0.0943655 -0.159468 -0.0133849 0 0 0 -0.0183894 -0.00398269 -0.00494269 0.3 0.3
56 1 22.1502 -3.55588 -8.97426 35495.9 0.408156 -0.323674 0.0711854 1.00121 -0.0024473 -0.0665754 0.400115 1 0 0.849785 0.971899 -0.000873946 0.121208 0.174982 -0.000873946 0 0 0 0.0352173 -0.00887619 0.0047391 0.3 0.3
56 2 22.1502 2.92895 -0.109501 36812.7 -5.59146 0.122999 -0.309363 0.995532 0.0261873 0.400115 -0.0665754 1 0 0.882942 0.824584 -0.00546598 0.439999 0.0488157 -0.00546598 0 0 0 0.00943758 0.0317635 -0.0522379 0.3 0.3
56 0 22.2002 14.1 14.266 38068.8 -1.04498 0.117643 0.288567 1.00955 0.00344312 -0.187381 -0.187381 1 0 -0.93101 -1.09247 -0.0120844 -0.104537 -0.138668 -0.0120844 0 0 0 -0.0193246 -0.0115103 -0.00677547 0.3 0.3
56 1 22.2002 -3.88695 -9.03769 35571.3 0.0968948 -0.315338 0.0780362 1.00099 -0.00185424 -0.0459646 0.420726 1 0 0.871223 0.99586 -0.000281863 0.109736 0.175352 -0.000281863 0 0 0 0.0373854 -0.0119577 0.00348565 0.3 0.3
56 2 22.2002 3.2427 0.28222 36955.1 -4.54943 0.139093 -0.30213 0.997899 0.0251348 0.420726 -0.0459646 1 0 0.892294 0.848999 -0.00893662 0.478803 0.0233251 -0.00893662 0 0 0 0.0136988 0.0423532 -0.0499973 0.3 0.3
56 0 22.2502 13.8319 14.1799 37733.8 0.251484 0.113905 0.286996 1.00944 0.00188067 -0.20791 -0.20791 1 0 -0.957876 -1.09079 -0.0126617 -0.114861 -0.117899 -0.0126617 0 0 0 -0.0233366 -0.00709894 -0.00367878 0.3 0.3
56 1 22.2502 -3.89161 -9.21868 35588.6 -0.530277 -0.307313 0.0844651 1.00071 -0.0004096 -0.0254348 0.441256 1 0 0.890045 1.0174 0.000388577 0.0986861 0.175141 0.000388577 0 0 0 0.0385904 -0.0136294 0.000556353 0.3 0.3
56 2 22.2502 2.97792 0.203746 36905.4 -3.95244 0.156323 -0.295597 1.00034 0.0234882 0.441256 -0.0254348 1 0 0.895332 0.870222 -0.0126551 0.500602 0.00588511 -0.0126551 0 0 0 0.0179846 0.0548955 -0.0465066 0.3 0.3
56 0 22.3002 13.7794 13.9922 38176.1 -2.28815 0.110209 0.286032 1.00905 0.00509451 -0.22835 -0.22835 1 0 -0.984534 -1.08898 -0.0106917 -0.125145 -0.097196 -0.0106917 0 0 0 -0.0201105 -0.0110928 -0.0100782 0.3 0.3
56 1 22.3002 -4.03131 -9.23712 35656.6 -0.711181 -0.299545 0.0906033 1.00033 0.000861305 -0.00499516 0.461695 1 0 0.909985 1.04011 0.0014379 0.0880602 0.174153 0.0014379 0 0 0 0.0396793 -0.0138671 -0.00199815 0.3 0.3
56 2 22.3002 1.66883 -0.445126 36765.9 -4.12607 0.174882 -0.290174 1.00292 0.0225949 0.461695 -0.00499516 1 0 0.896976 0.894198 -0.0170298 0.490259 0.00360994 -0.0170298 0 0 0 0.0167702 0.0539685 -0.044759 0.3 0.3
56 0 22.3502 13.4066 13.8003 37847.2 -0.454376 0.106778 0.285506 1.00873 0.00415602 -0.248691 -0.248691 1 0 -1.01127 -1.08697 -0.0106396 -0.135753 -0.0765709 -0.0106396 0 0 0 -0.0136567 -0.0123651 -0.00822798 0.3 0.3
56 1 22.3502 -3.9178 -9.35207 35638.7 -0.398543 -0.292312 0.0964317 0.999884 0.00116011 0.0153462 0.482037 1 0 0.927921 1.06043 0.0023879 0.0778806 0.172928 0.0023879 0 0 0 0.0385595 -0.0178201 -0.00266437 0.3 0.3
56 2 22.3502 0.993137 -0.773132 36877.6 -2.77027 0.194996 -0.285555 1.00553 0.0196615 0.482037 0.0153462 1 0 0.891862 0.915426 -0.0206891 0.477378 0.00783201 -0.0206891 0 0 0 0.0129463 0.0472653 -0.0390313 0.3 0.3
56 0 22.4003 13.6936 14.061 37818.4 1.05512 0.103155 0.285492 1.00848 0.00104701 -0.268928 -0.268928 1 0 -1.03742 -1.08488 -0.0106492 -0.13645 -0.0644865 -0.0106492 0 0 0 -0.0223789 -0.00904774 -0.00199293 0.3 0.3
56 1 22.4003 -4.15852 -9.38069 35593.8 -0.56943 -0.285346 0.101886 0.99943 0.00162258 0.0355825 0.502273 1 0 0.953156 1.08758 0.00308779 0.0683343 0.170477 0.00308779 0 0 0 0.0427337 -0.0196593 -0.0036662 0.3 0.3
56 2 22.4003 0.565267 -1.34169 37169.1 -2.60831 0.216196 -0.281575 1.00783 0.0175793 0.502273 0.0355825 1 0 0.895691 0.948528 -0.0225884 0.473898 0.0249295 -0.0225884 0 0 0 0.0166386 0.0490534 -0.0347641 0.3 0.3
56 0 22.4503 13.9087 14.3722 38112.4 0.582121 0.0995324 0.285976 1.00804 -0.000232925 -0.289042 -0.289042 1 0 -1.06308 -1.0825 -0.00904196 -0.127968 -0.0605522 -0.00904196 0 0 0 -0.017217 -0.0171098 0.000613181 0.3 0.3
56 1 22.4503 -4.11822 -9.47518 35501.2 -1.15703 -0.278749 0.10698 0.999042 0.0029335 0.0556968 0.522387 1 0 0.971053 1.08249 0.00328066 0.0595784 0.166969 0.00328066 0 0 0 0.0421604 -0.0206188 -0.00630336 0.3 0.3
56 2 22.4503 0.214297 -2.17521 36874.1 -1.28858 0.238567 -0.278427 1.01019 0.0138313 0.522387 0.0556968 1 0 0.884885 0.9704 -0.0260569 0.463594 0.0479027 -0.0260569 0 0 0 0.0123532 0.0333048 -0.0274621 0.3 0.3
56 0 22.5003 14.2366 14.4926 38058.6 -2.67127 0.0957864 0.287146 1.0075 0.00429409 -0.309022 -0.309022 1 0 -1.07997 -1.07997 -0.00779832 -0.119506 -0.0569167 -0.00779832 0 0 0 -0.00956916 -0.0188029 -0.00849872 0.3 0.3
56 1 22.5003 -4.08222 -9.49377 35559.7 -0.419393 -0.272585 0.111703 0.998659 0.00254005 0.0756763 0.542367 1 0 0.991605 1.07956 0.00379125 0.0520487 0.161883 0.00379125 0 0 0 0.0458747 -0.0225688 -0.00559955 0.3 0.3
56 2 22.5003 -0.0527274 -2.62088 36962.5 -0.789603 0.26164 -0.275759 1.01246 0.0104918 0.542367 0.0756763 1 0 0.876596 0.996801 -0.0287966 0.454492 0.0725206 -0.0287966 0 0 0 0.00566283 0.0198034 -0.0209291 0.3 0.3
56 0 22.5502 14.1584 14.3751 38047.8 0.905304 0.0921453 0.288389 1.00689 0.0013346 -0.328869 -0.328869 1 0 -1.07726 -1.07726 -0.0065756 -0.111301 -0.0534452 -0.0065756 0 0 0 -0.00995624 -0.00781877 -0.00263033 0.3 0.3
56 1 22.5502 -3.96308 -9.61841 35605.8 -0.48065 -0.26697 0.115947 0.998244 0.00242374 0.0955237 0.562214 1 0 1.01118 1.07494 0.00451592 0.0452032 0.156295 0.00451592 0 0 0 0.0466403 -0.020769 -0.00533351 0.3 0.3
56 2 22.5502 -0.152727 -3.22903 37019 0.398216 0.285144 -0.273546 1.01462 0.00627566 0.562214 0.0955237 1 0 0.864578 1.02098 -0.0311184 0.443664 0.0993054 -0.0311184 0 0 0 -2.04704e-05 0.0215106 -0.0125523 0.3 0.3
56 0 22.6003 14.2053 14.5131 38362.4 2.7069 0.0884453 0.289745 1.00594 -0.00354454 -0.348576 -0.348576 1 0 -1.07446 -1.07446 -0.00359302 -0.103007 -0.0500101 -0.00359302 0 0 0 -0.0149302 -0.0199114 0.0072383 0.3 0.3
56 1 22.6003 -4.16996 -9.56107 35661.3 -1.20209 -0.261592 0.119801 0.99777 0.00348885 0.115231 0.581921 1 0 1.03716 1.07656 0.0055077 0.0389389 0.149702 0.0055077 0 0 0 0.0483991 -0.0234579 -0.00754805 0.3 0.3
56 2 22.6003 -0.640105 -3.56885 36711.5 0.754689 0.309026 -0.271481 1.01686 0.00291482 0.581921 0.115231 1 0 0.861666 1.05515 -0.0349442 0.437032 0.125335 -0.0349442 0 0 0 -0.008164 0.0202373 -0.00591261 0.3 0.3
56 0 22.6503 14.6744 14.9269 37488 -2.77861 0.08443 0.292078 1.0055 0.00222462 -0.368133 -0.368133 1 0 -1.0714 -1.0714 -0.00552064 -0.0951462 -0.0470921 -0.00552064 0 0 0 -0.0070817 -0.00482349 -0.00443221 0.3 0.3
56 1 22.6503 -3.81766 -9.61741 35838.3 -1.50265 -0.256916 0.123131 0.997092 0.00471641 0.134788 0.601478 1 0 1.05775 1.07186 0.00746737 0.0350907 0.14054 0.00746737 0 0 0 0.0511818 -0.0235729 -0.01004 0.3 0.3
56 2 22.6503 -0.5192 -4.0345 36708.8 1.56651 0.333122 -0.26941 1.01921 -0.000639872 0.601478 0.134788 1 0 0.848281 1.07207 -0.0386197 0.428591 0.153082 -0.0386197 0 0 0 -0.0129163 0.00102947 0.00127312 0.3 0.3
56 0 22.7002 14.4009 14.4374 38098.2 -1.48731 0.0809184 0.2942 1.00491 0.00396036 -0.387514 -0.387514 1 0 -1.06818 -1.06818 -0.0038993 -0.0879592 -0.0443749 -0.0038993 0 0 0 -0.00360386 -0.0050875 -0.00791161 0.3 0.3
56 1 22.7002 -3.8274 -9.67541 35631.7 -1.02657 -0.252653 0.125916 0.996439 0.00469366 0.154168 0.620859 1 0 1.06816 1.06816 0.00824665 0.0319762 0.131486 0.00824665 0 0 0 0.0535943 -0.0269947 -0.0101152 0.3 0.3
56 2 22.7002 -0.30692 -4.23002 36669.8 1.99692 0.357229 -0.267157 1.02163 -0.00369827 0.620859 0.154168 1 0 0.836665 1.06849 -0.042408 0.429308 0.176507 -0.042408 0 0 0 -0.0166226 -0.0123629 0.0074997 0.3 0.3
56 0 22.7503 14.4983 14.6485 38362.6 0.558699 0.0775048 0.296512 1.004 0.00170526 -0.406749 -0.406749 1 0 -1.06479 -1.06479 -0.00102333 -0.0813372 -0.0419709 -0.00102333 0 0 0 -0.00511489 -0.000247488 -0.00340989 0.3 0.3
56 1 22.7503 -3.6882 -9.71734 35689.9 -0.778893 -0.248832 0.128119 0.99575 0.00436815 0.173404 0.640094 1 0 1.06484 1.06484 0.0093937 0.0303247 0.121348 0.0093937 0 0 0 0.0556467 -0.0215329 -0.0093395 0.3 0.3
56 2 22.7503 0.0625073 -4.57257 36962.5 3.26328 0.380893 -0.264743 1.02384 -0.0078749 0.640094 0.173404 1 0 0.825576 1.06493 -0.0444531 0.430303 0.199408 -0.0444531 0 0 0 -0.0236333 -0.0108588 0.0158796 0.3 0.3
56 0 22.8003 14.7362 14.4858 38442.1 -2.91688 0.0741198 0.298853 1.00277 0.00600483 -0.425789 -0.425789 1 0 -1.06125 -1.06125 0.00225861 -0.0751794 -0.0398032 0.00225861 0 0 0 -0.00371519 -0.00822717 -0.0119946 0.3 0.3
56 1 22.8003 -3.58928 -9.75438 35547.3 -0.619094 -0.245368 0.129703 0.995164 0.00379577 0.192444 0.659135 1 0 1.06141 1.06141 0.00970053 0.0299556 0.110173 0.00970053 0 0 0 0.055862 -0.0248785 -0.00829021 0.3 0.3
56 2 22.8003 0.22063 -4.69286 37126.8 3.60584 0.404147 -0.261827 1.02574 -0.0112068 0.659135 0.192444 1 0 0.814762 1.06128 -0.045498 0.431445 0.221935 -0.045498 0 0 0 -0.0311082 -0.0120057 0.022604 0.3 0.3
56 0 22.8502 14.6806 14.6161 37855.7 -1.49378 0.0709649 0.301427 1.0018 0.00649113 -0.444635 -0.444635 1 0 -1.05752 -1.05752 0.00230927 -0.069909 -0.0380977 0.00230927 0 0 0 -0.00240418 -0.00520694 -0.0129762 0.3 0.3
56 1 22.8502 -3.40087 -9.74975 35664.7 -1.72661 -0.242348 0.130683 0.994557 0.00531486 0.21129 0.677981 1 0 1.05681 1.05681 0.0106498 0.0313226 0.0981393 0.0106498 0 0 0 0.05724 -0.0228716 -0.0112896 0.3 0.3
56 2 22.8502 0.428591 -4.90243 37508.2 3.5299 0.426988 -0.258379 1.02702 -0.0133101 0.677981 0.21129 1 0 0.802677 1.05599 -0.0442458 0.431938 0.244184 -0.0442458 0 0 0 -0.0392271 -0.0114115 0.0268504 0.3 0.3
56 0 22.9002 14.6976 14.4912 38128.2 -2.81893 0.0680763 0.304009 1.00079 0.00902522 -0.463296 -0.463296 1 0 -1.05365 -1.05365 0.00397909 -0.0655712 -0.0368131 0.00397909 0 0 0 -0.00306589 -0.00178177 -0.018048 0.3 0.3
56 1 22.9002 -3.14642 -9.72363 35667.3 -0.425205 -0.239824 0.131148 0.993946 0.00421104 0.229951 0.696641 1 0 1.05371 1.05371 0.0115359 0.0339044 0.0860876 0.0115359 0 0 0 0.0551625 -0.0188031 -0.00894445 0.3 0.3
56 2 22.9002 0.633882 -4.97815 37580.5 4.20553 0.449297 -0.254255 1.02774 -0.0158507 0.696641 0.229951 1 0 0.793998 1.05351 -0.0424361 0.433963 0.265146 -0.0424361 0 0 0 -0.0396409 -0.0105461 0.0319184 0.3 0.3
56 0 22.9502 14.365 14.5665 37858.7 0.136811 0.0654649 0.306772 0.999844 0.00578253 -0.481757 -0.481757 1 0 -1.04954 -1.04954 0.00400666 -0.0625373 -0.0361461 0.00400666 0 0 0 -0.00586582 -0.00529307 -0.0115497 0.3 0.3
56 1 22.9502 -3.04576 -9.7493 35921.5 -1.63802 -0.237575 0.130998 0.993105 0.00542783 0.248412 0.715102 1 0 1.04676 1.04676 0.0138226 0.0381172 0.0734112 0.0138226 0 0 0 0.0561076 -0.0207706 -0.0114434 0.3 0.3
56 2 22.9502 0.835423 -5.09288 36935.8 3.56008 0.471275 -0.249272 1.02855 -0.0164432 0.715102 0.248412 1 0 0.779822 1.04532 -0.0439794 0.433455 0.286878 -0.0439794 0 0 0 -0.0409566 -0.0129406 0.0331606 0.3 0.3
56 0 23.0003 14.87 15.0674 38399 -0.589869 0.0628651 0.309723 0.998893 0.0048389 -0.50001 -0.50001 1 0 -1.04545 -1.04545 0.00702765 -0.0595757 -0.0357861 0.00702765 0 0 0 -0.0170517 -0.000379372 -0.00967496 0.3 0.3
56 1 23.0003 -2.69569 -9.72443 35822.9 -0.110144 -0.235821 0.130307 0.992205 0.00378257 0.266664 0.733355 1 0 1.04853 1.04853 0.0154553 0.0437837 0.0603589 0.0154553 0 0 0 0.055825 -0.0165893 -0.00803155 0.3 0.3
56 2 23.0003 0.697476 -5.09407 36606.5 2.14775 0.492815 -0.243603 1.02963 -0.0145101 0.733355 0.266664 1 0 0.779675 1.05076 -0.046978 0.439285 0.305408 -0.046978 0 0 0 -0.0473382 -0.0124805 0.0293254 0.3 0.3
56 0 23.0502 14.448 14.979 38086.5 -2.35405 0.0605589 0.313093 0.997863 0.00717428 -0.518025 -0.518025 1 0 -1.04103 -1.04103 0.00814176 -0.0581435 -0.0362834 0.00814176 0 0 0 -0.00891257 -0.0120958 -0.0142952 0.3 0.3
56 1 23.0502 -2.5022 -9.7039 35780.5 -1.76912 -0.234379 0.129043 0.991271 0.00530573 0.28468 0.75137 1 0 1.04128 1.04128 0.0168908 0.0512962 0.046938 0.0168908 0 0 0 0.0567421 -0.0223446 -0.0112506 0.3 0.3
56 2 23.0502 1.94162 -4.80873 36489.3 3.31344 0.513895 -0.236919 1.03105 -0.0152179 0.75137 0.28468 1 0 0.765231 1.04152 -0.0505786 0.461009 0.316198 -0.0505786 0 0 0 -0.0475976 -0.00625195 0.0305945 0.3 0.3
56 0 23.1002 14.5139 15.0329 38018.5 -1.62069 0.05838 0.316588 0.996935 0.00747804 -0.535825 -0.535825 1 0 -1.03649 -1.03649 0.00893047 -0.0575026 -0.0373186 0.00893047 0 0 0 -0.0104381 -0.00453089 -0.0149328 0.3 0.3
56 1 23.1002 -2.33192 -9.75616 35588.5 -1.22057 -0.233253 0.127321 0.990487 0.00555049 0.30248 0.76917 1 0 1.03618 1.03618 0.0172358 0.0575026 0.0373186 0.0172358 0 0 0 0.0523511 -0.0177237 -0.0115693 0.3 0.3
56 2 23.1002 2.69858 -4.56858 36488.1 2.55364 0.534731 -0.229392 1.03273 -0.0144005 0.76917 0.30248 1 0 0.75443 1.03588 -0.0541777 0.495485 0.321104 -0.0541777 0 0 0 -0.0549548 -0.00335211 0.0289051 0.3 0.3
56 0 23.1502 14.4894 15.3486 38129.6 -0.0447092 0.0561822 0.320427 0.996 0.00505944 -0.55338 -0.55338 1 0 -1.03179 -1.03179 0.0102797 -0.0575872 -0.0388187 0.0102797 0 0 0 -0.0168687 -0.00427128 -0.0100833 0.3 0.3
56 1 23.1502 -2.3624 -10.1705 35668.1 -0.796742 -0.232397 0.125131 0.98975 0.00492798 0.320035 0.786725 1 0 1.02907 1.02907 0.0180062 0.0575777 0.0389657 0.0180062 0 0 0 0.0533802 -0.0186506 -0.0103579 0.3 0.3
56 2 23.1502 2.82794 -4.70035 36875.9 0.934339 0.555391 -0.220886 1.03428 -0.0112452 0.786725 0.320035 1 0 0.74 1.02673 -0.0556265 0.513521 0.333612 -0.0556265 0 0 0 -0.0590562 0.00701303 0.0222936 0.3 0.3
56 0 23.2002 14.546 15.5593 38018.3 -0.938587 0.0538556 0.324621 0.995169 0.00490448 -0.570712 -0.570712 1 0 -1.02701 -1.02701 0.0109169 -0.0581732 -0.0411451 0.0109169 0 0 0 -0.0194375 0.00437355 -0.009852 0.3 0.3
56 1 23.2002 -2.29128 -10.3423 35693.3 -1.44036 -0.231777 0.122597 0.989058 0.00560279 0.337367 0.804058 1 0 1.0298 1.0298 0.0188072 0.0581732 0.0411451 0.0188072 0 0 0 0.0493053 -0.0195655 -0.011692 0.3 0.3
56 2 23.2002 2.53256 -4.28592 36970 -1.11372 0.576033 -0.211178 1.03559 -0.00577106 0.804058 0.337367 1 0 0.740088 1.03245 -0.0565272 0.532046 0.346364 -0.0565272 0 0 0 -0.0583902 0.0071927 0.0113371 0.3 0.3
56 0 23.2503 14.3276 15.7219 38313.7 -2.55177 0.0518679 0.329204 0.994169 0.00756023 -0.587795 -0.587795 1 0 -1.02199 -1.02199 0.0131593 -0.0596717 -0.0441183 0.0131593 0 0 0 -0.0170687 -0.00526881 -0.0150762 0.3 0.3
56 1 23.2503 -2.15486 -10.4776 35698.6 -1.26662 -0.231403 0.119767 0.988393 0.005793 0.35445 0.82114 1 0 1.02234 1.02234 0.019577 0.0596717 0.0441183 0.019577 0 0 0 0.0451752 -0.0189159 -0.0120169 0.3 0.3
56 2 23.2503 3.09702 -4.52031 36840.5 -2.1015 0.596933 -0.200477 1.03688 -0.000518736 0.82114 0.35445 1 0 0.723687 1.02253 -0.058038 0.550733 0.359229 -0.058038 0 0 0 -0.0612369 0.0159817 0.000548495 0.3 0.3
56 0 23.3003 14.3346 15.8759 37999.8 -0.937476 0.0499017 0.33401 0.993329 0.00660592 -0.604609 -0.604609 1 0 -1.01684 -1.01684 0.0135404 -0.0616764 -0.0476421 0.0135404 0 0 0 -0.00744858 -0.0100561 -0.0131747 0.3 0.3
56 1 23.3003 -1.93442 -10.608 35663.9 -0.222247 -0.231354 0.116753 0.987791 0.00423287 0.371264 0.837955 1 0 1.01637 1.01637 0.0200973 0.0616764 0.0476421 0.0200973 0 0 0 0.0391057 -0.0143086 -0.00874741 0.3 0.3
56 2 23.3003 3.14629 -4.38356 36905.1 -3.45606 0.618243 -0.188632 1.03803 0.00525988 0.837955 0.371264 1 0 0.709727 1.01622 -0.0590236 0.570141 0.372542 -0.0590236 0 0 0 -0.058109 0.0225097 -0.0111791 0.3 0.3
56 0 23.3502 14.2709 16.1221 38239.3 0.984459 0.047812 0.338983 0.992401 0.00275534 -0.621148 -0.621148 1 0 -1.01152 -1.01152 0.0152767 -0.0636749 -0.0513818 0.0152767 0 0 0 -0.0130826 -0.00311737 -0.00549043 0.3 0.3
56 1 23.3502 -2.0063 -10.6402 35848 -1.89345 -0.231336 0.113727 0.987086 0.00595099 0.387803 0.854493 1 0 1.01075 1.01075 0.0215945 0.0636749 0.0513818 0.0215945 0 0 0 0.0329032 -0.0150853 -0.0121522 0.3 0.3
56 2 23.3502 3.28181 -4.38425 36823.5 -4.34965 0.640075 -0.175723 1.03915 0.0107102 0.854493 0.387803 1 0 0.694382 1.00987 -0.0603574 0.590365 0.386441 -0.0603574 0 0 0 -0.056563 0.0199905 -0.0219959 0.3 0.3
56 0 23.4002 13.945 16.4202 38120.8 1.66687 0.0459038 0.344163 0.991527 -0.000911687 -0.637422 -0.637422 1 0 -1.00616 -1.00616 0.0162374 -0.0660797 -0.055526 0.0162374 0 0 0 -0.0122293 -0.00894633 0.00187813 0.3 0.3
56 1 23.4002 -1.69596 -10.6264 35735.2 -0.696376 -0.231695 0.1109 0.986417 0.00512535 0.404077 0.870767 1 0 1.00715 1.00715 0.0223756 0.0660797 0.055526 0.0223756 0 0 0 0.0278719 -0.0127263 -0.0104293 0.3 0.3
56 2 23.4002 3.13196 -4.23561 36863.2 -4.91553 0.662678 -0.161742 1.04016 0.0150321 0.870767 0.404077 1 0 0.681636 1.00788 -0.061323 0.611308 0.400901 -0.061323 0 0 0 -0.05654 0.0324462 -0.0309989 0.3 0.3
56 0 23.4502 14.16 16.5752 38072.8 -0.276233 0.0437171 0.349542 0.990738 -0.000159082 -0.653419 -0.653419 1 0 -1.00055 -1.00055 0.0169096 -0.0683252 -0.0597631 0.0169096 0 0 0 -0.00178998 -0.0145213 0.000331168 0.3 0.3
56 1 23.4502 -1.66524 -10.6828 35764.9 -0.735649 -0.23218 0.108218 0.985745 0.00463977 0.420074 0.886765 1 0 1.00072 1.00072 0.0233166 0.0683252 0.0597631 0.0233166 0 0 0 0.0246438 -0.0101544 -0.00940553 0.3 0.3
56 2 23.4502 3.1676 -4.52327 36593.3 -3.9116 0.686448 -0.147034 1.04133 0.0164687 0.886765 0.420074 1 0 0.661466 1.00093 -0.0636953 0.63302 0.416181 -0.0636953 0 0 0 -0.0671256 0.0221231 -0.0337023 0.3 0.3
56 0 23.5002 13.9351 16.7234 38257.8 2.17025 0.0415187 0.354918 0.989865 -0.00371772 -0.669129 -0.669129 1 0 -0.994834 -0.994834 0.0185526 -0.0703903 -0.0639261 0.0185526 0 0 0 -0.00627957 -0.00753103 0.00745919 0.3 0.3
56 1 23.5002 -1.65214 -10.6131 35745.9 -1.66032 -0.232718 0.105866 0.985098 0.00586259 0.435784 0.902474 1 0 0.994582 0.994582 0.0240976 0.0703903 0.0639261 0.0240976 0 0 0 0.0183311 -0.0089604 -0.011808 0.3 0.3
56 2 23.5002 3.44721 -4.2925 36833.3 -3.2904 0.711056 -0.131083 1.04238 0.0160871 0.902474 0.435784 1 0 0.639657 0.994246 -0.0645911 0.655808 0.432261 -0.0645911 0 0 0 -0.0658222 0.0375639 -0.0334355 0.3 0.3
52 0 23.5502 53.1753 -21.199 10000 1.69815 0.0388744 0.360297 0.989524 -0.00533571 -1 -1 0.3 0 1 1 -2.61061 1 1 -2.61061 0 0 0 -0.00742884 0.0113823 0.0106294 0.3 0.3
52 1 23.5502 -39.8073 28.3173 10000 -0.570066 -0.233413 0.103863 0.984524 0.0048528 0.766655 1.23335 0.3 0 -1 -1 -2.63888 -1 -1 -2.63888 0 0 0 0.0165186 -0.0086675 -0.00977765 0.3 0.3
52 2 23.5502 -41.3014 52.76 10000 -2.62588 0.736879 -0.114096 1.04289 0.0147607 1.23335 0.766655 0.3 0 -1 -1 -2.35607 -0.602554 -1.08928 -2.35607 0 0 0 -0.0575545 0.0524147 -0.0310539 0.3 0.3
52 0 23.6003 -6.44178 30.9533 15000 4.12693 0.0369752 0.365785 0.988081 -0.0104328 -1 -1 0.325013 0 -0.0275846 0.11861 -0.56 -0.0275846 0.11861 -0.56 0 0 0 -0.0139118 0.00322286 0.020844 0.3 0.3
52 1 23.6003 16.2536 -27.4412 15000 2.70692 -0.234552 0.101982 0.983618 -0.00154899 0.766655 1.23335 0.325013 0 -0.0325502 -0.0472465 -0.56 -0.0325502 -0.0472465 -0.56 0 0 0 0.0425864 -0.0278722 0.00250536 0.3 0.3
52 2 23.6003 22.0483 -30.4679 15000 2.2653 0.764488 -0.0967038 1.04334 0.00665483 1.23335 0.766655 0.325013 0 0.536709 0.33439 -0.56 0.536709 0.33439 -0.56 0 0 0 -0.0435947 -0.00729636 -0.0131539 0.3 0.3
52 0 23.6502 11.3771 21.877 20000 6.92325 0.036337 0.372707 0.982627 -0.0221779 -1 -1 0.350003 0 -1.68 -1.68 -0.56 -0.0819698 -0.0778186 -0.56 0 0 0 -0.126846 0.118388 0.036999 0.3 0.3
52 1 23.6502 2.03444 -14.1244 20000 2.27163 -0.237368 0.0982909 0.978016 -0.0152062 0.766655 1.23335 0.350003 0 1.68 1.68 -0.56 0.0819698 0.0778186 -0.56 0 0 0 0.214613 -0.198732 0.00926196 0.3 0.3
52 2 23.6502 41.4553 -50.6376 20000 1.36345 0.79165 -0.0796296 1.03897 -0.00483744 1.23335 0.766655 0.350003 0 1.68 1.68 -0.56 1.68 1.68 -0.56 0 0 0 0.157509 -0.176085 -0.00418955 0.3 0.3
52 0 23.7003 10.9356 19.2165 25000 4.47528 0.0377131 0.381886 0.969494 -0.0356384 -1 -1 0.375019 0 -0.69 -0.69 -0.56 -0.0999164 -0.0823512 -0.56 0 0 0 -0.254998 0.255069 0.0395806 0.3 0.3
52 1 23.7003 2.07876 -12.9889 25000 -2.60987 -0.243718 0.0920775 0.964465 -0.029637 0.766655 1.23335 0.375019 0 0.69 0.69 -0.56 0.0999164 0.0823512 -0.56 0 0 0 0.328076 -0.380052 -0.00249467 0.3 0.3
52 2 23.7003 -14.4692 10.6508 25000 -19.2586 0.816296 -0.0659783 1.02502 -0.020419 1.23335 0.766655 0.375019 0 0.69 0.69 -0.56 0.69 0.69 -0.56 0 0 0 0.521232 -0.406632 -0.0667574 0.3 0.3
52 0 23.7502 9.39328 20.3648 30000 6.72822 0.0414663 0.393312 0.948953 -0.0365029 -1 -1 0.400005 0 -0.6801 -0.6801 -0.56 -0.120004 -0.0926833 -0.56 0 0 0 -0.211457 0.235567 0.0488248 0.3 0.3
52 1 23.7502 4.20449 -14.1646 30000 3.0655 -0.254188 0.0832368 0.943241 -0.0255964 0.766655 1.23335 0.400005 0 0.6801 0.6801 -0.56 0.120004 0.0926833 -0.56 0 0 0 0.222961 -0.387356 0.00858173 0.3 0.3
52 2 23.7502 5.49573 -14.1846 30000 -20.084 0.835785 -0.0591816 0.999117 -0.049427 1.23335 0.766655 0.400005 0 0.675953 0.6801 -0.56 0.675953 0.6801 -0.56 0 0 0 0.757568 -0.544829 -0.111614 0.3 0.3
52 0 23.8002 7.73267 21.6913 35000 10.536 0.0476355 0.407092 0.92288 -0.0345741 -1 -1 0.425001 0 -0.680001 -0.680001 -0.56 -0.140497 -0.108181 -0.56 0 0 0 -0.0586895 0.0536442 0.0676416 0.3 0.3
52 1 23.8002 6.71749 -15.6225 35000 8.37859 -0.269199 0.07128 0.91842 -0.0189424 0.766655 1.23335 0.425001 0 0.680001 0.680001 -0.56 0.140497 0.108181 -0.56 0 0 0 0.0651041 -0.135257 0.0335828 0.3 0.3
52 2 23.8002 9.06372 -18.2017 35000 25.3736 0.849084 -0.0625346 0.960666 -0.0754297 1.23335 0.766655 0.425001 0 0.653246 0.680001 -0.56 0.653246 0.680001 -0.56 0 0 0 0.578769 -0.502207 0.00974978 0.3 0.3
52 0 23.8502 6.95313 22.5549 40000 8.24535 0.0554687 0.422746 0.890913 -0.0362399 -1 -1 0.450001 0 -0.68 -0.68 -0.56 -0.158766 -0.125672 -0.56 0 0 0 -0.00527328 -0.028825 0.0725795 0.3 0.3
52 1 23.8502 7.71685 -15.7219 39062 4.71576 -0.287402 0.0581065 0.888924 -0.0191212 0.766655 1.23335 0.450001 0 0.68 0.68 -0.56 0.158766 0.125672 -0.56 0 0 0 0.0298418 -0.00937292 0.0381096 0.3 0.3
52 2 23.8502 14.1519 -18.2439 40000 44.8092 0.856135 -0.0735307 0.911905 -0.0833615 1.23335 0.766655 0.450001 0 0.641258 0.68 -0.56 0.641258 0.68 -0.56 0 0 0 0.119055 -0.203822 0.155895 0.3 0.3
52 0 23.9002 7.26499 22.352 45000 4.90948 0.0636137 0.438579 0.855753 -0.0323897 -1 -1 0.475001 0 -0.68 -0.68 -0.436812 -0.173095 -0.141763 -0.436812 0 0 0 0.00395484 -0.0220629 0.0647513 0.3 0.3
52 1 23.9002 7.07392 -15.0526 44062 0.0333271 -0.306147 0.0459638 0.856135 -0.0128789 0.766655 1.23335 0.475001 0 0.68 0.68 -0.439266 0.173095 0.141763 -0.439266 0 0 0 -0.0457867 0.0108972 0.0255161 0.3 0.3
52 2 23.9002 14.0783 -18.0655 45000 16.3008 0.860345 -0.0878373 0.857228 -0.084145 1.23335 0.766655 0.475001 0 0.634101 0.68 -0.446275 0.634101 0.68 -0.446275 0 0 0 -0.18568 0.12079 0.158267 0.3 0.3
52 0 23.9503 9.08834 20.7503 48488.8 2.88481 0.0700703 0.453184 0.820873 -0.0281027 -1 -1 0.500033 0 -0.68 -0.68 -0.172059 -0.183168 -0.153 -0.172059 0 0 0 0.0728954 -0.0975067 0.0527587 0.3 0.3
52 1 23.9503 5.98361 -14.2725 45946.6 1.51509 -0.323368 0.0358247 0.826333 -0.0125935 0.766655 1.23335 0.500033 0 0.68 0.68 -0.183587 0.184221 0.154077 -0.183587 0 0 0 -0.072908 0.0870884 0.0220501 0.3 0.3
52 2 23.9503 11.1311 -15.7395 50000 11.9363 0.866446 -0.099234 0.800183 -0.0823764 1.23335 0.766655 0.500033 0 0.623729 0.68 -0.011869 0.623729 0.68 -0.011869 0 0 0 -0.232649 0.183712 0.145233 0.3 0.3
52 0 24.0003 8.84388 22.5451 49375.8 3.98085 0.0743222 0.466299 0.78777 -0.0261717 -1 -1 0.525021 0 -0.68 -0.68 -0.0599688 -0.191947 -0.163231 -0.0599688 0 0 0 0.0806072 -0.0992317 0.0484516 0.3 0.3
52 1 24.0003 5.25738 -12.8112 37247 2.06115 -0.338419 0.0292724 0.799754 -0.0132832 0.766655 1.23335 0.525021 0 0.68 0.68 -0.125814 0.191947 0.163231 -0.125814 0 0 0 -0.10007 0.100994 0.0215725 0.3 0.3
52 2 24.0003 8.64868 -13.0498 48146.6 16.3471 0.876072 -0.104413 0.744064 -0.0807817 1.23335 0.766655 0.525021 0 0.607364 0.68 0.101455 0.607364 0.68 0.101455 0 0 0 -0.267832 0.0897034 0.151273 0.3 0.3
52 0 24.0503 10.7925 19.9325 36490.4 5.68952 0.0756484 0.476831 0.759071 -0.0286769 -1 -1 0.550008 0 -0.68 -0.68 -0.024127 -0.196519 -0.168788 -0.024127 0 0 0 0.0954787 -0.131374 0.0512654 0.3 0.3
52 1 24.0503 3.45719 -11.2119 32217.6 0.266205 -0.349666 0.0271209 0.780246 -0.0107631 0.766655 1.23335 0.550008 0 0.68 0.68 -0.0997794 0.196519 0.168788 -0.0997794 0 0 0 -0.108501 0.116331 0.0152704 0.3 0.3
52 2 24.0503 6.96632 -10.4105 45216 6.3105 0.88845 -0.101683 0.690739 -0.0698738 1.23335 0.766655 0.550008 0 0.586323 0.68 0.194679 0.586323 0.68 0.194679 0 0 0 -0.323146 0.123091 0.121885 0.3 0.3
52 0 24.1002 11.6826 19.043 34005.5 9.31272 0.0728857 0.484495 0.736624 -0.0354752 -1 -1 0.575003 0 -0.68 -0.68 -0.00199097 -0.198178 -0.170769 -0.00199097 0 0 0 0.0837278 -0.14261 0.0652243 0.3 0.3
52 1 24.1002 2.21187 -9.4868 32212.9 2.07236 -0.357006 0.0298692 0.766734 -0.0119557 0.766655 1.23335 0.575003 0 0.68 0.68 -0.0760017 0.198351 0.170639 -0.0760017 0 0 0 -0.105875 0.130155 0.0170898 0.3 0.3
52 2 24.1002 5.16056 -7.08542 43109.3 6.22602 0.90354 -0.0891738 0.642178 -0.0612977 1.23335 0.766655 0.575003 0 0.56067 0.68 0.273187 0.56067 0.68 0.273187 0 0 0 -0.318299 0.14031 0.101986 0.3 0.3
52 0 24.1502 13.4425 18.9894 39005.5 3.44735 0.0666238 0.489141 0.717826 -0.0332632 -1 -1 0.600002 0 -0.68 -0.68 0.053571 -0.198128 -0.169624 0.053571 0 0 0 0.100377 -0.102989 0.061533 0.3 0.3
52 1 24.1502 1.11017 -9.07464 34855.6 1.69874 -0.360803 0.0364337 0.755092 -0.0095734 0.766655 1.23335 0.600002 0 0.68 0.68 -0.041231 0.198128 0.169624 -0.041231 0 0 0 -0.096433 0.124227 0.0132042 0.3 0.3
52 2 24.1502 4.25299 -6.15736 37646.4 4.83681 0.92246 -0.0674795 0.599019 -0.0507423 1.23335 0.766655 0.600002 0 0.532093 0.68 0.317206 0.532093 0.68 0.317206 0 0 0 -0.321797 0.116388 0.0841171 0.3 0.3
52 0 24.2002 14.76 17.5725 42765.8 2.72583 0.0574463 0.49099 0.700353 -0.0261407 -1 -1 0.625001 0 -0.68 -0.68 0.115155 -0.195571 -0.165352 0.115155 0 0 0 0.12029 -0.111637 0.045734 0.3 0.3
52 1 24.2002 0.355597 -6.97936 39855.6 0.384807 -0.361247 0.0461781 0.743237 -0.00878545 0.766655 1.23335 0.625001 0 0.68 0.68 0.0243939 0.195571 0.165352 0.0243939 0 0 0 -0.0782693 0.126678 0.0126532 0.3 0.3
52 2 24.2002 -1.16106 0.0458167 42646.4 1.81467 0.944316 -0.0369623 0.558711 -0.0394252 1.23335 0.766655 0.625001 0 0.49135 0.68 0.438914 0.49135 0.68 0.438914 0 0 0 -0.294513 0.119495 0.0621284 0.3 0.3
52 0 24.2503 13.8991 16.4149 39182.4 7.91905 0.0462109 0.489711 0.682752 -0.0300045 -1 -1 0.650008 0 -0.68 -0.68 0.153962 -0.191192 -0.159599 0.153962 0 0 0 0.0973802 -0.0656614 0.0569209 0.3 0.3
52 1 24.2503 -0.623262 -7.161 39394.3 2.67269 -0.358878 0.0585716 0.730192 -0.0102372 0.766655 1.23335 0.650008 0 0.68 0.68 0.0770297 0.190576 0.159101 0.0770297 0 0 0 -0.0565824 0.111048 0.0173689 0.3 0.3
52 2 24.2503 0.0451859 -1.27987 42233.7 -0.197989 0.969009 0.000926108 0.520331 -0.0270937 1.23335 0.766655 0.650008 0 0.449372 0.68 0.495954 0.449372 0.68 0.495954 0 0 0 -0.255316 0.109827 0.040609 0.3 0.3
52 0 24.3002 16.1626 15.5338 44182.4 1.59835 0.0333718 0.48588 0.666533 -0.0227066 -1 -1 0.674992 0 -0.68 -0.68 0.228319 -0.183284 -0.15011 0.228319 0 0 0 0.0887331 -0.0483219 0.0433294 0.3 0.3
52 1 24.3002 -1.75787 -6.12628 39307.3 1.07908 -0.353543 0.0731237 0.717616 -0.00848366 0.766655 1.23335 0.674992 0 0.68 0.68 0.12936 0.183284 0.15011 0.12936 0 0 0 -0.0347909 0.103519 0.0151903 0.3 0.3
52 2 24.3002 -2.83097 1.08659 47233.7 -1.37854 0.996727 0.0444685 0.483016 -0.0153526 1.23335 0.766655 0.674992 0 0.402251 0.68 0.583376 0.402251 0.68 0.583376 0 0 0 -0.193871 0.0847386 0.0226338 0.3 0.3
52 0 24.3502 16.4333 14.2076 40062.4 -2.74324 0.0187119 0.479617 0.651705 -0.0119678 -1 -1 0.699999 0 -0.68 -0.68 0.266726 -0.173411 -0.137352 0.266726 0 0 0 0.104441 -0.0812521 0.0197394 0.3 0.3
52 1 24.3502 -2.87045 -5.28476 37152.9 1.80526 -0.34522 0.0897804 0.707245 -0.0085057 0.766655 1.23335 0.699999 0 0.68 0.68 0.166718 0.173411 0.137352 0.166718 0 0 0 -0.0212909 0.0828629 0.0161445 0.3 0.3
52 2 24.3502 -4.11962 1.56614 45564.1 -6.3634 1.02698 0.092198 0.448122 0.000994906 1.23335 0.766655 0.699999 0 0.350816 0.68 0.652062 0.350816 0.68 0.652062 0 0 0 -0.150983 0.0546318 -0.00612934 0.3 0.3
52 0 24.4002 16.6209 12.862 39024 1.55583 0.0037525 0.47055 0.6406 -0.00959843 -1 -1 0.725001 0 -0.68 -0.68 0.298684 -0.159429 -0.121677 0.298684 0 0 0 0.0742382 -0.0233353 0.0183451 0.3 0.3
52 1 24.4002 -3.68229 -4.83171 35613.1 0.629476 -0.334646 0.107612 0.700259 -0.00640191 0.766655 1.23335 0.725001 0 0.68 0.68 0.194466 0.159429 0.121677 0.194466 0 0 0 0.00156999 0.0627359 0.0128595 0.3 0.3
52 2 24.4002 -5.50212 2.63564 43877.1 -7.29209 1.05912 0.143303 0.417414 0.0132893 1.23335 0.766655 0.725001 0 0.296189 0.68 0.708947 0.296189 0.68 0.708947 0 0 0 -0.115988 0.0306167 -0.028405 0.3 0.3
52 0 24.4505 16.7891 12.6622 39037.9 -2.00333 -0.0124937 0.459532 0.632074 -0.00307624 -1 -1 0.750113 0 -0.68 -0.68 0.328223 -0.143583 -0.103066 0.328223 0 0 0 0.0655145 -0.0204614 0.00548559 0.3 0.3
52 1 24.4505 -4.47897 -4.22154 35456 0.553557 -0.322172 0.126385 0.696349 -0.00501245 0.766655 1.23335 0.750113 0 0.68 0.68 0.219175 0.141589 0.100788 0.219175 0 0 0 0.0160724 0.0461892 0.0103992 0.3 0.3
52 2 24.4505 -6.64218 2.66186 41924.2 -7.74825 1.09279 0.196407 0.391997 0.0224024 1.23335 0.766655 0.750113 0 0.238946 0.68 0.750975 0.238946 0.68 0.750975 0 0 0 -0.0700286 0.00268819 -0.0449302 0.3 0.3
52 0 24.5002 19.7264 9.65455 41808.8 -0.407089 -0.0288753 0.446811 0.625608 -0.00113858 -1 -1 0.775001 0 -0.68 -0.68 0.370148 -0.11824 -0.0747789 0.370148 0 0 0 0.0417007 0.00187073 0.00231667 0.3 0.3
52 1 24.5002 -5.25079 -3.51409 36616.9 -0.154399 -0.30864 0.145402 0.694302 -0.00298523 0.766655 1.23335 0.775001 0 0.68 0.68 0.248776 0.11824 0.0747789 0.248776 0 0 0 0.0334214 0.0285374 0.00644886 0.3 0.3
52 2 24.5002 -7.98693 3.75443 41666.4 -9.32414 1.1268 0.250232 0.371359 0.0306042 1.23335 0.766655 0.775001 0 0.181121 0.68 0.77196 0.181121 0.68 0.77196 0 0 0 -0.0434148 -0.0166563 -0.0608729 0.3 0.3
52 0 24.5502 18.344 10.0156 39748.6 -3.07863 -0.0450935 0.432966 0.621125 0.00448245 -1 -1 0.799999 0 -0.68 -0.68 0.397844 -0.0882725 -0.0416104 0.397844 0 0 0 0.0325553 0.015253 -0.00871808 0.3 0.3
52 1 24.5502 -6.04963 -3.09943 37593.1 -0.936071 -0.294118 0.164305 0.69313 -0.000386993 0.766655 1.23335 0.799999 0 0.68 0.68 0.280464 0.0882725 0.0416104 0.280464 0 0 0 0.0464809 0.0173655 0.00117789 0.3 0.3
52 2 24.5502 -8.47737 2.68385 30493.1 -9.78643 1.16089 0.303701 0.354825 0.0367118 1.23335 0.766655 0.799999 0 0.123166 0.68 0.56 0.123166 0.68 0.56 0 0 0 -0.0128271 -0.0386467 -0.0732073 0.3 0.3
52 0 24.6002 19.2392 8.84665 39859 -1.19093 -0.0607245 0.418594 0.618908 0.00486001 -1 -1 0.825002 0 -0.68 -0.68 0.424617 -0.0498873 0.000177905 0.424617 0 0 0 -0.004059 0.029981 -0.00978202 0.3 0.3
52 1 24.6002 -6.74142 -2.48715 37861.5 -0.960265 -0.279371 0.182576 0.692741 0.00122791 0.766655 1.23335 0.825002 0 0.68 0.68 0.312081 0.0498873 -0.000177905 0.312081 0 0 0 0.0638555 0.00124235 -0.00241739 0.3 0.3
52 2 24.6002 -8.95432 2.59371 35493.1 -11.8039 1.19407 0.356245 0.341222 0.0438369 1.23335 0.766655 0.825002 0 0.0667702 0.68 0.56 0.0667702 0.68 0.56 0 0 0 0.0120147 -0.0674123 -0.0881586 0.3 0.3
52 0 24.6503 20.11 7.66911 39304.9 -2.54692 -0.0756822 0.404154 0.619288 0.00741266 -1 -1 0.850028 0 -0.68 -0.68 0.446129 -0.000981244 0.0542365 0.446129 0 0 0 -0.0110802 0.0341012 -0.0150168 0.3 0.3
52 1 24.6503 -7.73249 -1.66974 37515.1 -1.61248 -0.264579 0.199896 0.693505 0.00321837 0.766655 1.23335 0.850028 0 0.68 0.68 0.340232 0.000981244 -0.0542365 0.340232 0 0 0 0.0796827 -0.0138414 -0.00699378 0.3 0.3
52 2 24.6503 -9.21043 4.46772 40493.1 -12.0934 1.22603 0.407106 0.328033 0.0492399 1.23335 0.766655 0.850028 0 0.0124408 0.611233 0.56 0.0124408 0.611233 0.56 0 0 0 0.00962429 -0.0976331 -0.0991086 0.3 0.3
52 0 24.7002 20.723 6.38983 39139.9 -4.18041 -0.0890731 0.390331 0.622135 0.0116934 -1 -1 0.875 0 -0.68 -0.68 0.464769 0.0609452 0.122999 0.464769 0 0 0 -0.0309639 0.0346279 -0.0239299 0.3 0.3
52 1 24.7002 -8.89936 -0.667533 36726.7 -1.47307 -0.250093 0.215825 0.696071 0.00424937 0.766655 1.23335 0.875 0 0.68 0.68 0.362857 -0.0609452 -0.122999 0.362857 0 0 0 0.0912721 -0.023138 -0.0095649 0.3 0.3
52 2 24.7002 -9.14059 6.32725 43769.6 -12.5207 1.25595 0.456721 0.313888 0.0526953 1.23335 0.766655 0.875 0 -0.0384314 0.526887 0.56 -0.0384314 0.526887 0.56 0 0 0 0.04619 -0.0945569 -0.107771 0.3 0.3
52 0 24.7502 21.9612 4.90646 39949.5 -2.32944 -0.101232 0.377511 0.626518 0.011027 -1 -1 0.899999 0 -0.68 -0.68 0.485958 0.137295 0.212068 0.485958 0 0 0 -0.0597172 0.0550734 -0.023718 0.3 0.3
52 1 24.7502 -9.96013 0.482413 36251.6 -1.43055 -0.236497 0.229872 0.700667 0.00446376 0.766655 1.23335 0.899999 0 0.68 0.68 0.381031 -0.137295 -0.212068 0.381031 0 0 0 0.107778 -0.0408506 -0.0111462 0.3 0.3
52 2 24.7502 -9.38325 6.18906 43441.3 -9.56901 1.28411 0.503899 0.299363 0.0502243 1.23335 0.766655 0.899999 0 -0.0862981 0.446684 0.56 -0.0862981 0.446684 0.56 0 0 0 0.0768511 -0.080412 -0.10374 0.3 0.3
52 0 24.8003 23.0984 3.04005 39816.9 -5.43145 -0.111738 0.366495 0.63252 0.0154653 -1 -1 0.925013 0 -0.68 -0.68 0.504497 0.226636 0.326003 0.504497 0 0 0 -0.0833896 0.0705835 -0.0339238 0.3 0.3
52 1 24.8003 -11.2635 2.25388 36425.5 -1.74456 -0.224076 0.241846 0.706942 0.00448256 0.766655 1.23335 0.925013 0 0.68 0.68 0.398891 -0.226636 -0.326003 0.398891 0 0 0 0.130232 -0.0652789 -0.0132472 0.3 0.3
52 2 24.8003 -9.50101 6.43643 40976.6 -7.83302 1.31015 0.548315 0.287542 0.0453725 1.23335 0.766655 0.925013 0 -0.130576 0.371178 0.56 -0.130576 0.371178 0.56 0 0 0 0.0952285 -0.0900761 -0.0952664 0.3 0.3
52 0 24.8502 23.8469 0.82937 39985.7 -5.88889 -0.12003 0.357711 0.639865 0.0187726 -1 -1 0.950005 0 -0.68 -0.68 0.522449 0.320078 0.46419 0.522449 0 0 0 -0.109297 0.0844199 -0.0422577 0.3 0.3
52 1 24.8502 -12.3607 4.09482 36808.2 -1.42276 -0.21314 0.251184 0.714437 0.00370812 0.766655 1.23335 0.950005 0 0.68 0.68 0.417059 -0.320078 -0.46419 0.417059 0 0 0 0.151092 -0.0809646 -0.0135751 0.3 0.3
52 2 24.8502 -9.50103 5.87308 39597.9 -5.20363 1.33388 0.589122 0.279529 0.0374212 1.23335 0.766655 0.950005 0 -0.170911 0.301806 0.56 -0.170911 0.301806 0.56 0 0 0 0.111588 -0.102191 -0.0807869 0.3 0.3
52 0 24.9002 19.4053 -3.91105 39830.1 -4.91606 -0.125817 0.352055 0.648627 0.0185006 -1 -1 0.975002 0 -0.68 -0.68 0.538114 0.276174 0.707593 0.538114 0 0 0 -0.151552 0.0974159 -0.0445553 0.3 0.3
52 1 24.9002 -12.4484 5.7745 37228.7 -1.34386 -0.204039 0.257388 0.722735 0.00251666 0.766655 1.23335 0.975002 0 0.68 0.68 0.436867 -0.389309 -0.614114 0.436867 0 0 0 0.173083 -0.0975678 -0.0135297 0.3 0.3
52 2 24.9002 -9.30642 5.65535 39856.8 -3.29366 1.35474 0.626056 0.274579 0.0291632 1.23335 0.766655 0.975002 0 -0.206363 0.239018 0.56 -0.206363 0.239018 0.56 0 0 0 0.117391 -0.108434 -0.0648992 0.3 0.3
52 0 24.9502 17.9675 -3.47193 39834.6 -6.81097 -0.12898 0.350042 0.658695 0.0217922 -1 -1 1 0 -0.68 -0.68 0.552487 0.233559 0.859689 0.552487 0 0 0 -0.182135 0.0939302 -0.0524011 0.3 0.3
52 1 24.9502 -10.3489 6.04928 37715.6 -3.40948 -0.197574 0.260032 0.731445 0.00432779 0.766655 1.23335 1 0 0.68 0.68 0.457522 -0.397907 -0.734452 0.457522 0 0 0 0.208045 -0.111569 -0.0203758 0.3 0.3
52 2 24.9502 -8.90845 5.08362 40136.5 -3.5961 1.37268 0.65917 0.272071 0.0233383 1.23335 0.766655 1 0 -0.236876 0.182724 0.56 -0.236876 0.182724 0.56 0 0 0 0.127346 -0.131425 -0.055268 0.3 0.3
52 0 25.0002 18.385 2.58598 32632.5 -4.7933 -0.129676 0.35293 0.669683 0.021346 -1 -1 1 0 -0.68 -0.68 0.407502 0.231027 0.824693 0.407502 0 0 0 -0.233199 0.0674275 -0.050912 0.3 0.3
52 1 25.0002 -6.15766 3.53662 30059.6 -1.53237 -0.193755 0.2583 0.74075 0.00196355 0.766655 1.23335 1 0 0.68 0.68 0.31641 -0.304987 -0.774613 0.31641 0 0 0 0.241858 -0.121061 -0.0186924 0.3 0.3
52 2 25.0002 -8.38345 4.15529 40810.4 -2.70231 1.38751 0.687918 0.271057 0.0181946 1.23335 0.766655 1 0 -0.262082 0.133852 0.56 -0.262082 0.133852 0.56 0 0 0 0.129813 -0.142805 -0.0458585 0.3 0.3
52 0 25.0502 14.8144 7.57197 37632.5 -5.21034 -0.128297 0.360826 0.680788 0.0215606 -1 -1 1 0 -0.68 -0.68 0.391387 0.136294 0.712402 0.391387 0 0 0 -0.249245 0.0624606 -0.0513097 0.3 0.3
52 1 25.0502 -1.41283 -1.25367 34981 -0.630725 -0.192392 0.251495 0.75081 8.19464e-05 0.766655 1.23335 1 0 0.68 0.68 0.298671 -0.136294 -0.712402 0.298671 0 0 0 0.254661 -0.112267 -0.0145532 0.3 0.3
52 2 25.0502 -7.53925 3.20412 41266.5 -0.327816 1.39883 0.71234 0.270986 0.0116529 1.23335 0.766655 1 0 -0.281327 0.0923353 0.56 -0.281327 0.0923353 0.56 0 0 0 0.128411 -0.127543 -0.0316132 0.3 0.3
52 0 25.1002 10.4181 11.6376 40363.7 -6.81411 -0.125082 0.37354 0.690456 0.0254052 -1 -1 1 0 -0.68 -0.68 0.385012 -0.0328449 0.579141 0.385012 0 0 0 -0.222444 0.0516352 -0.0569168 0.3 0.3
52 1 25.1002 2.12057 -6.02303 36883.4 0.306761 -0.193643 0.240144 0.759731 -0.000109096 0.766655 1.23335 1 0 0.68 0.68 0.291734 0.0328449 -0.579141 0.291734 0 0 0 0.237759 -0.0745309 -0.00868634 0.3 0.3
52 2 25.1002 -6.85155 2.61817 40287.1 1.62049 1.40678 0.732848 0.273013 0.00369095 1.23335 0.766655 1 0 -0.294847 0.0574711 0.56 -0.294847 0.0574711 0.56 0 0 0 0.118522 -0.13948 -0.0157017 0.3 0.3
52 0 25.1502 8.79404 15.5602 40845.9 -4.1567 -0.12096 0.390746 0.698579 0.0255545 -1 -1 1 0 -0.68 -0.68 0.381383 -0.17555 0.434244 0.381383 0 0 0 -0.186005 0.00495501 -0.0517988 0.3 0.3
52 1 25.1502 3.86841 -9.55374 37930.5 1.39787 -0.196111 0.22475 0.7669 -0.00130021 0.766655 1.23335 1 0 0.68 0.68 0.290511 0.17555 -0.434244 0.290511 0 0 0 0.203769 -0.0366042 -0.00112835 0.3 0.3
52 2 25.1502 -6.07608 1.47912 40175.9 1.82473 1.41158 0.7492 0.276997 -0.00159832 1.23335 0.766655 1 0 -0.302998 0.0296733 0.56 -0.302998 0.0296733 0.56 0 0 0 0.0939935 -0.160919 -0.00437405 0.3 0.3
52 0 25.2003 7.77319 18.2604 40057.3 -5.36569 -0.116273 0.411648 0.706092 0.0268889 -1 -1 1 0 -0.68 -0.68 0.373946 -0.284262 0.304455 0.373946 0 0 0 -0.144097 -0.0209025 -0.0524184 0.3 0.3
52 1 25.2003 4.88097 -12.159 37043.8 1.68997 -0.198978 0.205907 0.773397 -0.00213679 0.766655 1.23335 1 0 0.68 0.68 0.284778 0.284262 -0.304455 0.284778 0 0 0 0.156186 0.00766466 0.00488646 0.3 0.3
52 2 25.2003 -4.83829 0.938696 40934.6 4.00094 1.41278 0.762225 0.281868 -0.00845173 1.23335 0.766655 1 0 -0.305039 0.00753099 0.56 -0.305039 0.00753099 0.56 0 0 0 0.100244 -0.129791 0.0104405 0.3 0.3
52 0 25.2502 7.48566 20.662 37830 -4.46476 -0.112273 0.436014 0.714924 0.0259829 -1 -1 1 0 -0.68 -0.68 0.354896 -0.369091 0.196887 0.354896 0 0 0 -0.103523 -0.0429331 -0.0498287 0.3 0.3
52 1 25.2502 5.45825 -13.9455 35584 0.77866 -0.201431 0.184555 0.780506 -0.00185765 0.766655 1.23335 1 0 0.68 0.68 0.271739 0.369091 -0.196887 0.271739 0 0 0 0.109934 0.0387274 0.00585275 0.3 0.3
52 2 25.2502 -4.16858 -0.0678484 39984.9 3.57894 1.41123 0.771668 0.28877 -0.0122161 1.23335 0.766655 1 0 -0.302407 -0.00852309 0.56 -0.302407 -0.00852309 0.56 0 0 0 0.0897601 -0.125047 0.018882 0.3 0.3
52 0 25.3002 7.4154 21.5197 37245 -6.36462 -0.109432 0.461989 0.725216 0.0281503 -1 -1 1 0 -0.68 -0.68 0.333236 -0.434455 0.111155 0.333236 0 0 0 -0.0646358 -0.0596389 -0.0544339 0.3 0.3
52 1 25.3002 5.56161 -14.9116 34366.8 1.87072 -0.20257 0.161895 0.789062 -0.00395181 0.766655 1.23335 1 0 0.68 0.68 0.252517 0.434455 -0.111155 0.252517 0 0 0 0.0698653 0.063621 0.0101366 0.3 0.3
52 2 25.3002 -3.1429 -0.931696 40297.1 3.12577 1.40691 0.777806 0.29706 -0.0137064 1.23335 0.766655 1 0 -0.295054 -0.0189573 0.56 -0.295054 -0.0189573 0.56 0 0 0 0.0828941 -0.107727 0.0230052 0.3 0.3
52 0 25.3502 7.80599 22.4307 37026.1 -6.37997 -0.108737 0.488901 0.73683 0.0287521 -1 -1 1 0 -0.68 -0.68 0.310358 -0.487874 0.041175 0.310358 0 0 0 -0.00020193 -0.0830226 -0.0575534 0.3 0.3
52 1 25.3502 4.54684 -15.8282 34522.1 1.40732 -0.201964 0.138958 0.79857 -0.00502697 0.766655 1.23335 1 0 0.68 0.68 0.234405 0.45846 -0.033339 0.234405 0 0 0 0.0311153 0.0887306 0.0114466 0.3 0.3
52 2 25.3502 -2.18789 -1.33817 39550.6 4.01403 1.40007 0.781519 0.307516 -0.0160759 1.23335 0.766655 1 0 -0.283437 -0.0252684 0.56 -0.283437 -0.0252684 0.56 0 0 0 0.066996 -0.104729 0.0287026 0.3 0.3
52 0 25.4002 7.36525 22.7882 37821.8 -1.38445 -0.109917 0.515386 0.748796 0.0207751 -1 -1 1 0 -0.68 -0.68 0.291855 -0.532076 -0.0174087 0.291855 0 0 0 0.0276732 -0.099584 -0.0429879 0.3 0.3
52 1 25.4002 2.19203 -16.5593 35637.8 0.806653 -0.198952 0.116571 0.807885 -0.00505553 0.766655 1.23335 1 0 0.68 0.68 0.222361 0.431015 0.0399708 0.222361 0 0 0 0.00391149 0.100327 0.0103202 0.3 0.3
52 2 25.4002 -1.31597 -2.21369 40316.1 3.47196 1.39106 0.782628 0.319001 -0.0166154 1.23335 0.766655 1 0 -0.268112 -0.0271552 0.56 -0.268112 -0.0271552 0.56 0 0 0 0.057388 -0.0895348 0.0307077 0.3 0.3
52 0 25.4502 7.89792 22.7254 38757.3 -3.13412 -0.114054 0.540338 0.760239 0.0176935 -1 -1 1 0 -0.68 -0.68 0.278476 -0.571123 -0.0688913 0.278476 0 0 0 0.0620156 -0.11694 -0.0390977 0.3 0.3
52 1 25.4502 1.09619 -16.5634 36411.7 1.49173 -0.193301 0.0955362 0.816414 -0.00661859 0.766655 1.23335 1 0 0.68 0.68 0.214511 0.407402 0.0980603 0.214511 0 0 0 -0.0270937 0.103169 0.0118572 0.3 0.3
52 2 25.4502 -0.401866 -2.44249 39769.4 4.24911 1.38001 0.782105 0.332226 -0.0181583 1.23335 0.766655 1 0 -0.249332 -0.0262661 0.56 -0.249332 -0.0262661 0.56 0 0 0 0.0424741 -0.0801748 0.0346522 0.3 0.3
52 0 25.5002 8.40807 23.0408 38237.5 -4.79896 -0.121241 0.563757 0.771679 0.0184452 -1 -1 1 0 -0.68 -0.68 0.262413 -0.606041 -0.116953 0.262413 0 0 0 0.0843448 -0.119929 -0.0420585 0.3 0.3
52 1 25.5002 0.164146 -16.6044 36483.3 1.06853 -0.185267 0.0763256 0.824164 -0.0067782 0.766655 1.23335 1 0 0.68 0.68 0.207365 0.386249 0.145824 0.207365 0 0 0 -0.0459207 0.0917071 0.0114669 0.3 0.3
52 2 25.5002 0.374132 -3.16718 40096.6 3.31904 1.36746 0.779749 0.346439 -0.0175937 1.23335 0.766655 1 0 -0.227997 -0.0222608 0.56 -0.227997 -0.0222608 0.56 0 0 0 0.0323851 -0.0646297 0.0341653 0.3 0.3
52 0 25.5502 8.65518 22.5647 39179.1 -3.90794 -0.131272 0.584381 0.782224 0.0164479 -1 -1 1 0 -0.68 -0.68 0.252189 -0.636972 -0.162955 0.252189 0 0 0 0.11016 -0.145389 -0.0410645 0.3 0.3
52 1 25.5502 -0.697073 -16.2275 36036.8 1.12306 -0.174955 0.0594736 0.831663 -0.00706993 0.766655 1.23335 1 0 0.68 0.68 0.198232 0.367174 0.185408 0.198232 0 0 0 -0.0639687 0.0865985 0.011388 0.3 0.3
52 2 25.5502 1.10108 -3.25853 39689.6 4.77387 1.35362 0.776468 0.3622 -0.019599 1.23335 0.766655 1 0 -0.204462 -0.0166817 0.56 -0.204462 -0.0166817 0.56 0 0 0 0.0178079 -0.0589555 0.0386941 0.3 0.3
52 0 25.6003 9.25339 22.6223 37374.3 -3.8558 -0.144473 0.602353 0.793579 0.0165727 -1 -1 1 0 -0.68 -0.68 0.232244 -0.66456 -0.209139 0.232244 0 0 0 0.120266 -0.115608 -0.0402302 0.3 0.3
52 1 25.6003 -1.34207 -15.8161 35517.9 3.05216 -0.162735 0.0454325 0.839283 -0.00994637 0.766655 1.23335 1 0 0.68 0.68 0.186807 0.349364 0.219474 0.186807 0 0 0 -0.0671414 0.0644949 0.0177479 0.3 0.3
52 2 25.6003 1.84261 -3.78674 39787.2 4.41679 1.33883 0.772106 0.37905 -0.020321 1.23335 0.766655 1 0 -0.179317 -0.00926654 0.56 -0.179317 -0.00926654 0.56 0 0 0 0.00630677 -0.0456641 0.0405115 0.3 0.3
52 0 25.6502 9.35422 22.1619 37982.5 -2.16864 -0.16028 0.616706 0.804877 0.0132571 -1 -1 1 0 -0.68 -0.68 0.216586 -0.688493 -0.256393 0.216586 0 0 0 0.131034 -0.113291 -0.0340556 0.3 0.3
52 1 25.6502 -2.18523 -15.4181 35047.5 1.16637 -0.148601 0.0342052 0.847368 -0.00899186 0.766655 1.23335 1 0 0.68 0.68 0.173191 0.332541 0.249257 0.173191 0 0 0 -0.076821 0.0593758 0.0157227 0.3 0.3
52 2 25.6502 2.34864 -3.89502 39673.5 4.65539 1.32343 0.767238 0.397173 -0.0212665 1.23335 0.766655 1 0 -0.153142 -0.00099119 0.56 -0.153142 -0.00099119 0.56 0 0 0 0.00114092 -0.0350929 0.0425226 0.3 0.3
52 0 25.7002 9.88259 22.2069 38111.4 -1.29416 -0.179089 0.627773 0.816039 0.00968072 -1 -1 1 0 -0.68 -0.68 0.201786 -0.708421 -0.306124 0.201786 0 0 0 0.136924 -0.110374 -0.0270126 0.3 0.3
52 1 25.7002 -2.50258 -15.0338 35466.9 1.69738 -0.133327 0.0257771 0.855421 -0.00869878 0.766655 1.23335 1 0 0.68 0.68 0.162187 0.316235 0.276311 0.162187 0 0 0 -0.066583 0.0381403 0.0161402 0.3 0.3
52 2 25.7002 2.67675 -4.11311 39698.1 4.88826 1.3079 0.761985 0.416456 -0.0222965 1.23335 0.766655 1 0 -0.12675 0.00793904 0.56 -0.12675 0.00793904 0.56 0 0 0 -0.00567315 -0.0165749 0.0446455 0.3 0.3
52 0 25.7502 10.1054 22.1944 38170.6 1.27035 -0.200547 0.635303 0.826947 0.00368961 -1 -1 1 0 -0.68 -0.68 0.18775 -0.723548 -0.358853 0.18775 0 0 0 0.133809 -0.0948027 -0.013761 0.3 0.3
52 1 25.7502 -2.9498 -14.6559 35643.5 1.83757 -0.117129 0.02014 0.863261 -0.00883384 0.766655 1.23335 1 0 0.68 0.68 0.1523 0.300214 0.301448 0.1523 0 0 0 -0.0638549 0.0247938 0.0168864 0.3 0.3
52 2 25.7502 3.06208 -4.15266 39276.9 4.70004 1.29246 0.756717 0.437235 -0.0226773 1.23335 0.766655 1 0 -0.100487 0.0168935 0.56 -0.100487 0.0168935 0.56 0 0 0 -0.0179727 -0.00790968 0.0454318 0.3 0.3
52 0 25.8002 10.1992 22.1253 38454.7 -0.147848 -0.223816 0.63921 0.837332 0.00109076 -1 -1 1 0 -0.68 -0.68 0.175791 -0.73279 -0.414166 0.175791 0 0 0 0.143564 -0.103959 -0.00967204 0.3 0.3
52 1 25.8002 -3.40407 -14.3619 35768 0.959064 -0.100277 0.0171076 0.870749 -0.00763932 0.766655 1.23335 1 0 0.68 0.68 0.143436 0.284432 0.325129 0.143436 0 0 0 -0.065344 0.0253663 0.0144591 0.3 0.3
52 2 25.8002 3.22066 -4.31944 39589.4 4.74067 1.27757 0.751456 0.458827 -0.0230146 1.23335 0.766655 1 0 -0.07519 0.0258372 0.56 -0.07519 0.0258372 0.56 0 0 0 -0.0204115 -0.0051655 0.0460885 0.3 0.3
52 0 25.8502 11.0064 22.2566 38163.6 1.71323 -0.249585 0.639556 0.847496 -0.00339589 -1 -1 1 0 -0.68 -0.68 0.162689 -0.735245 -0.473253 0.162689 0 0 0 0.146201 -0.103035 -0.000733042 0.3 0.3
52 1 25.8502 -3.64543 -14.1062 35717.5 0.823185 -0.0831018 0.0165216 0.877992 -0.00628159 0.766655 1.23335 1 0 0.68 0.68 0.13462 0.268454 0.34852 0.13462 0 0 0 -0.0596851 0.0062766 0.0123816 0.3 0.3
52 2 25.8502 3.19515 -4.51498 39469 4.23189 1.26355 0.746151 0.481527 -0.0224418 1.23335 0.766655 1 0 -0.0513433 0.0348565 0.56 -0.0513433 0.0348565 0.56 0 0 0 -0.0209789 0.00566269 0.0448305 0.3 0.3
52 0 25.9003 12.3571 22.4549 37564.5 -2.82194 -0.278052 0.636669 0.857914 0.00165566 -1 -1 1 0 -0.68 -0.68 0.146856 -0.729278 -0.536492 0.146856 0 0 0 0.152666 -0.0859099 -0.00989858 0.3 0.3
52 1 25.9003 -4.00076 -13.8591 35558 0.647526 -0.0657264 0.0183382 0.885105 -0.00528537 0.766655 1.23335 1 0 0.68 0.68 0.125315 0.25188 0.372561 0.125315 0 0 0 -0.0585072 0.00562513 0.0104107 0.3 0.3
52 2 25.9003 3.31935 -4.58443 39371.4 5.44728 1.2504 0.740976 0.505255 -0.0240985 1.23335 0.766655 1 0 -0.0289968 0.0436546 0.56 -0.0289968 0.0436546 0.56 0 0 0 -0.0247824 0.012643 0.0480498 0.3 0.3
52 0 25.9502 12.1013 22.1918 38073.5 4.37834 -0.307467 0.629563 0.867988 -0.00749099 -1 -1 1 0 -0.68 -0.68 0.13444 -0.713834 -0.600586 0.13444 0 0 0 0.151329 -0.0924802 0.00802529 0.3 0.3
52 1 25.9502 -4.00529 -13.71 35463.7 -0.446425 -0.0487623 0.022334 0.892151 -0.00258513 0.766655 1.23335 1 0 0.68 0.68 0.115858 0.235246 0.396687 0.115858 0 0 0 -0.055012 -0.00976588 0.00544097 0.3 0.3
52 2 25.9502 3.10577 -4.6092 39502.6 4.65403 1.23855 0.736087 0.529779 -0.0238654 1.23335 0.766655 1 0 -0.00884694 0.0519646 0.56 -0.00884694 0.0519646 0.56 0 0 0 -0.0272986 0.0143345 0.0475453 0.3 0.3
52 0 26.0002 13.5241 22.7555 37769.2 2.295 -0.338876 0.619239 0.87801 -0.00886573 -1 -1 1 0 -0.68 -0.68 0.120657 -0.687147 -0.666232 0.120657 0 0 0 0.154785 -0.0618998 0.0129917 0.3 0.3
52 1 26.0002 -4.32228 -13.6017 35279.3 0.0630819 -0.0321304 0.0283823 0.899199 -0.00168861 0.766655 1.23335 1 0 0.68 0.68 0.105776 0.217942 0.422208 0.105776 0 0 0 -0.0532953 -0.0173795 0.0038418 0.3 0.3
52 2 26.0002 3.18979 -4.80585 39084 4.77976 1.2278 0.731327 0.555295 -0.0239621 1.23335 0.766655 1 0 0.00942228 0.0600568 0.56 0.00942228 0.0600568 0.56 0 0 0 -0.0304157 0.0202286 0.0476291 0.3 0.3
52 0 26.0502 10.9152 21.4947 38960.4 0.640139 -0.371232 0.605003 0.887866 -0.00755487 -1 -1 1 0 -0.68 -0.68 0.114052 -0.68 -0.68 0.114052 0 0 0 0.162602 -0.0536721 0.0107911 0.3 0.3
52 1 26.0502 -3.74603 -12.513 35432.2 0.338767 -0.0160452 0.0364668 0.906135 -0.0016761 0.766655 1.23335 1 0 0.68 0.68 0.0968309 0.216145 0.420549 0.0968309 0 0 0 -0.0545901 -0.0123251 0.00369001 0.3 0.3
52 2 26.0502 2.99021 -4.79135 39537.3 5.08194 1.21826 0.726859 0.581506 -0.0244816 1.23335 0.766655 1 0 0.0256493 0.0676533 0.56 0.0256493 0.0676533 0.56 0 0 0 -0.0333216 0.0168204 0.0486963 0.3 0.3
52 0 26.1003 16.5917 18.0049 35895.1 1.31139 -0.404186 0.587063 0.897453 -0.00761456 -1 -1 1 0 -0.68 -0.68 0.090699 -0.68 -0.68 0.090699 0 0 0 0.168776 -0.0440134 0.0115637 0.3 0.3
52 1 26.1003 -3.6823 -12.0132 35530.8 -0.633509 -0.000624692 0.0463718 0.91278 0.000124484 0.766655 1.23335 1 0 0.68 0.68 0.0887605 0.214291 0.419759 0.0887605 0 0 0 -0.0465606 -0.0262136 0.00036135 0.3 0.3
52 2 26.1003 2.95574 -4.79825 36511.5 4.5354 1.20987 0.722805 0.608448 -0.0239236 1.23335 0.766655 1 0 0.0399021 0.0745441 0.505674 0.0399021 0.0745441 0.505674 0 0 0 -0.0349874 0.0155779 0.047588 0.3 0.3
52 0 26.1503 12.1609 18.6909 38021 1.66549 -0.437417 0.565566 0.907341 -0.00843511 -1 -1 1 0 -0.68 -0.68 0.0802647 -0.68 -0.68 0.0802647 0 0 0 0.154104 -0.0474586 0.0132606 0.3 0.3
52 1 26.1503 -3.46001 -11.5707 35459.5 -0.859303 0.0140773 0.058074 0.919267 0.00152376 0.766655 1.23335 1 0 0.68 0.68 0.0805879 0.212379 0.419914 0.0805879 0 0 0 -0.0338531 -0.0250765 -0.00262368 0.3 0.3
52 2 26.1503 2.74289 -4.79562 33043.6 4.26809 1.20264 0.719141 0.63583 -0.0231371 1.23335 0.766655 1 0 0.0521964 0.080774 0.372944 0.0521964 0.080774 0.372944 0 0 0 -0.0363656 0.0184587 0.0459523 0.3 0.3
52 0 26.2002 13.0955 17.5852 37856.7 1.98289 -0.47096 0.540901 0.916871 -0.00814609 -1 -1 1 0 -0.68 -0.68 0.0687173 -0.68 -0.68 0.0687173 0 0 0 0.132521 -0.0132454 0.0154496 0.3 0.3
52 1 26.2002 -3.29397 -11.3192 35565 0.967475 0.0281259 0.0712126 0.925462 -0.00052172 0.766655 1.23335 1 0 0.68 0.68 0.0733695 0.210439 0.420874 0.0733695 0 0 0 -0.0348322 -0.0247559 0.00147489 0.3 0.3
52 2 26.2002 2.63982 -4.71736 37345.8 5.92978 1.19649 0.715972 0.662947 -0.0253307 1.23335 0.766655 1 0 0.0626506 0.0861611 0.336255 0.0626506 0.0861611 0.336255 0 0 0 -0.0427923 0.0130247 0.0504008 0.3 0.3
52 0 26.2502 13.1784 16.7436 37080.6 0.900263 -0.504601 0.513311 0.926704 -0.0073817 -1 -1 1 0 -0.68 -0.68 0.0534547 -0.68 -0.68 0.0534547 0 0 0 0.121633 -0.0245422 0.0132975 0.3 0.3
52 1 26.2502 -3.06656 -11.1374 35440.5 -0.271053 0.0414211 0.0855437 0.931503 0.000126353 0.766655 1.23335 1 0 0.68 0.68 0.065765 0.208513 0.422534 0.065765 0 0 0 -0.0258514 -0.0254539 7.6298e-05 0.3 0.3
52 2 26.2502 2.49867 -4.52909 38789.7 5.18185 1.19133 0.713476 0.688547 -0.0255741 1.23335 0.766655 1 0 0.0714258 0.0904043 0.30852 0.0714258 0.0904043 0.30852 0 0 0 -0.0401497 0.0144652 0.0508749 0.3 0.3
52 0 26.3003 12.9296 16.1405 37493 0.815354 -0.537862 0.483275 0.936315 -0.00649739 -1 -1 1 0 -0.68 -0.68 0.0411335 -0.68 -0.68 0.0411335 0 0 0 0.111652 -0.0256358 0.0115835 0.3 0.3
52 1 26.3003 -2.95848 -10.8346 35371.6 -1.28648 0.0539728 0.101024 0.937394 0.00223411 0.766655 1.23335 1 0 0.68 0.68 0.0581718 0.206622 0.425053 0.0581718 0 0 0 -0.0246913 -0.0191167 -0.00423274 0.3 0.3
52 2 26.3003 2.26361 -4.60901 38784.8 3.84394 1.18724 0.711367 0.712588 -0.0234892 1.23335 0.766655 1 0 0.0783794 0.0939892 0.281964 0.0783794 0.0939892 0.281964 0 0 0 -0.0362404 0.0140253 0.0467373 0.3 0.3
52 0 26.3502 12.9454 15.7365 37159.6 1.87652 -0.570985 0.451317 0.945972 -0.00766791 -1 -1 1 0 -0.68 -0.68 0.0273225 -0.68 -0.68 0.0273225 0 0 0 0.0999283 -0.0276225 0.0139752 0.3 0.3
52 1 26.3502 -2.80434 -10.7275 35314.8 -0.654472 0.0658478 0.117428 0.943177 0.00254958 0.766655 1.23335 1 0 0.68 0.68 0.0505972 0.204825 0.428518 0.0505972 0 0 0 -0.0109134 -0.0177577 -0.00500255 0.3 0.3
52 2 26.3502 1.82734 -4.71799 37203.8 5.04985 1.18448 0.709454 0.73665 -0.0238192 1.23335 0.766655 1 0 0.0830694 0.0972421 0.248173 0.0830694 0.0972421 0.248173 0 0 0 -0.0492552 -0.0134295 0.0479893 0.3 0.3
52 0 26.4002 13.3353 15.1282 37333.3 -1.10111 -0.604088 0.417523 0.955443 -0.0036491 -1 -1 1 0 -0.67305 -0.68 0.0150242 -0.67305 -0.68 0.0150242 0 0 0 0.0998356 -0.0333279 0.00564315 0.3 0.3
52 1 26.4002 -2.75901 -10.6639 35351.8 -0.192768 0.0772987 0.134611 0.948808 0.00201834 0.766655 1.23335 1 0 0.68 0.68 0.0435273 0.203135 0.432447 0.0435273 0 0 0 -0.00928927 -0.0128324 -0.00397721 0.3 0.3
52 2 26.4002 1.7938 -4.34069 37406.7 1.84292 1.18244 0.708321 0.760347 -0.0189086 1.23335 0.766655 1 0 0.0865316 0.0991672 0.217115 0.0865316 0.0991672 0.217115 0 0 0 -0.0523123 -0.0113815 0.0381308 0.3 0.3
52 0 26.4502 12.4853 17.1378 38608.5 1.89631 -0.636751 0.382183 0.96455 -0.00572199 -1 -1 1 0 -0.623144 -0.68 0.0102618 -0.623144 -0.68 0.0102618 0 0 0 0.0875146 -0.0311453 0.0100926 0.3 0.3
52 1 26.4502 -2.55677 -10.7153 35574.5 -0.603805 0.0881746 0.15233 0.954088 0.0023459 0.766655 1.23335 1 0 0.68 0.68 0.0379744 0.201599 0.437019 0.0379744 0 0 0 -0.00384711 -0.0131115 -0.00466668 0.3 0.3
52 2 26.4502 1.55302 -4.45128 37307 2.09514 1.18121 0.707485 0.783746 -0.015965 1.23335 0.766655 1 0 0.0886348 0.100589 0.18645 0.0886348 0.100589 0.18645 0 0 0 -0.0575788 -0.0149003 0.0323747 0.3 0.3
52 0 26.5003 19.3002 10.9959 35830.5 -0.735552 -0.66955 0.345527 0.973057 -0.00283875 -1 -1 1 0 -0.561766 -0.68 -0.00960499 -0.561766 -0.68 -0.00960499 0 0 0 0.0859197 -0.0324924 0.00428665 0.3 0.3
52 1 26.5003 -2.62373 -10.5729 35417.1 0.128522 0.0987803 0.170586 0.959141 0.00134198 0.766655 1.23335 1 0 0.68 0.68 0.0318616 0.200252 0.442049 0.0318616 0 0 0 0.00107637 -0.00966305 -0.00268919 0.3 0.3
52 2 26.5003 1.19151 -4.17967 37299.7 0.7272 1.18089 0.707301 0.80638 -0.0118119 1.23335 0.766655 1 0 0.0891813 0.100902 0.157277 0.0891813 0.100902 0.157277 0 0 0 -0.0552328 -0.0149447 0.0240468 0.3 0.3
52 0 26.5503 15.9332 14.8899 37871.8 0.80996 -0.702146 0.307497 0.981606 -0.00358658 -1 -1 1 0 -0.506352 -0.68 -0.0169951 -0.506352 -0.68 -0.0169951 0 0 0 0.093699 -0.0346497 0.00555745 0.3 0.3
52 1 26.5503 -2.50483 -10.6839 35485.6 -1.35039 0.109024 0.189207 0.96394 0.00314311 0.766655 1.23335 1 0 0.68 0.68 0.0264791 0.199069 0.447273 0.0264791 0 0 0 0.00238723 -0.00594779 -0.00629336 0.3 0.3
52 2 26.5503 1.30758 -3.91731 37620.1 -1.68893 1.18078 0.707842 0.828271 -0.00521532 1.23335 0.766655 1 0 0.0893552 0.0999817 0.130936 0.0893552 0.0999817 0.130936 0 0 0 -0.0374971 0.00144535 0.0104054 0.3 0.3
52 0 26.6002 17.7827 13.6867 36636 -1.07045 -0.734715 0.268441 0.990521 -0.000811916 -1 -1 1 0 -0.450984 -0.68 -0.0313364 -0.450984 -0.68 -0.0313364 0 0 0 0.0947254 -0.0313684 0.000138929 0.3 0.3
52 1 26.6002 -2.40854 -10.7551 35317.1 -0.319789 0.118924 0.20808 0.96863 0.00262043 0.766655 1.23335 1 0 0.68 0.68 0.0204525 0.198165 0.452993 0.0204525 0 0 0 0.00568708 -0.00741047 -0.00526199 0.3 0.3
52 2 26.6002 0.615012 -3.86127 37162.7 -1.5045 1.18178 0.708825 0.849697 -0.00101951 1.23335 0.766655 1 0 0.0876553 0.0983101 0.103226 0.0876553 0.0983101 0.103226 0 0 0 -0.0328412 0.00689658 0.00192605 0.3 0.3
52 0 26.6502 18.3474 13.0964 36572.5 2.77137 -0.766814 0.227817 0.999663 -0.00476157 -1 -1 1 0 -0.396416 -0.68 -0.0452377 -0.396416 -0.68 -0.0452377 0 0 0 0.0780561 -0.00503149 0.00933399 0.3 0.3
52 1 26.6502 -2.4253 -10.7619 35324.5 -0.395557 0.128686 0.227294 0.973184 0.00240597 0.766655 1.23335 1 0 0.68 0.68 0.0147862 0.197477 0.458957 0.0147862 0 0 0 0.00514754 -0.0055416 -0.00482624 0.3 0.3
52 2 26.6502 0.602925 -3.61573 36734.4 -2.15689 1.18322 0.710376 0.870962 0.00297984 1.23335 0.766655 1 0 0.0852058 0.0956747 0.0744237 0.0852058 0.0956747 0.0744237 0 0 0 -0.0341881 -0.00282844 -0.00591222 0.3 0.3
52 0 26.7003 19.1481 13.0591 36830.4 0.101294 -0.79845 0.186509 1.00869 -0.00317347 -1 -1 1 0 -0.342636 -0.68 -0.0573072 -0.342636 -0.68 -0.0573072 0 0 0 0.0688686 0.00608396 0.00656032 0.3 0.3
52 1 26.7003 -2.25419 -10.9818 35442.3 -0.160283 0.138106 0.24651 0.977482 0.00187226 0.766655 1.23335 1 0 0.68 0.68 0.0100403 0.197062 0.465129 0.0100403 0 0 0 0.0056206 -0.00256438 -0.00375174 0.3 0.3
52 2 26.7003 0.298713 -3.42902 36732.2 -3.05162 1.18525 0.712412 0.891869 0.00705442 1.23335 0.766655 1 0 0.0817586 0.092212 0.0468605 0.0817586 0.092212 0.0468605 0 0 0 -0.0281169 0.000281926 -0.0141143 0.3 0.3
52 0 26.7503 19.4927 12.8186 37359.8 0.506014 -0.829 0.144534 1.01711 -0.00270247 -1 -1 1 0 -0.2907 -0.68 -0.0660403 -0.2907 -0.68 -0.0660403 0 0 0 0.0647196 0.0201246 0.00605953 0.3 0.3
52 1 26.7503 -2.3006 -11.0022 35253.7 0.871663 0.147538 0.265976 0.981716 -0.000213162 0.766655 1.23335 1 0 0.68 0.68 0.00447966 0.19686 0.471366 0.00447966 0 0 0 0.00744203 -0.00290253 0.000415527 0.3 0.3
52 2 26.7503 0.202688 -3.08224 36649.5 -1.78351 1.18763 0.71512 0.912493 0.00769564 1.23335 0.766655 1 0 0.0777094 0.0876083 0.0198283 0.0777094 0.0876083 0.0198283 0 0 0 -0.0237989 -0.0028411 -0.0153587 0.3 0.3
52 0 26.8002 19.7367 12.6298 37623.5 0.604564 -0.858096 0.102026 1.02475 -0.00243859 -1 -1 1 0 -0.241236 -0.68 -0.0728587 -0.241236 -0.68 -0.0728587 0 0 0 0.049052 0.0478838 0.00605491 0.3 0.3
52 1 26.8002 -2.11488 -11.102 35383.7 0.305772 0.156634 0.285473 0.985707 -0.000641611 0.766655 1.23335 1 0 0.68 0.68 -2.15117e-05 0.196967 0.478 -2.15117e-05 0 0 0 0.00836496 0.00232352 0.00129295 0.3 0.3
52 2 26.8002 -0.0645642 -3.22956 36539.1 -3.4579 1.19042 0.717794 0.932544 0.0109369 1.23335 0.766655 1 0 0.0729682 0.0830627 -0.00641799 0.0729682 0.0830627 -0.00641799 0 0 0 -0.0209398 -0.0134223 -0.0217355 0.3 0.3
52 0 26.8502 19.7728 12.6706 37576.9 0.363243 -0.885345 0.0593625 1.03173 -0.00208022 -1 -1 1 0 -0.194914 -0.68 -0.0793495 -0.194914 -0.68 -0.0793495 0 0 0 0.0351226 0.061729 0.00524757 0.3 0.3
52 1 26.8502 -2.10042 -11.2609 35392.6 -0.852489 0.165582 0.305083 0.9895 0.000984901 0.766655 1.23335 1 0 0.68 0.68 -0.00426713 0.197402 0.48497 -0.00426713 0 0 0 0.0125051 -0.00129216 -0.00197792 0.3 0.3
52 2 26.8502 -0.337679 -3.11073 36549.1 -2.0373 1.19371 0.720577 0.952224 0.0109654 1.23335 0.766655 1 0 0.0673733 0.0783324 -0.0315955 0.0673733 0.0783324 -0.0315955 0 0 0 -0.0318533 -0.0412448 -0.0212816 0.3 0.3
52 0 26.9002 19.8785 12.6718 37582.9 -0.339267 -0.910667 0.0167678 1.0381 -0.000602173 -1 -1 1 0 -0.151866 -0.68 -0.0851556 -0.151866 -0.68 -0.0851556 0 0 0 0.0332203 0.0698182 0.00236552 0.3 0.3
52 1 26.9002 -2.17165 -11.4142 35225.3 0.587118 0.174625 0.324719 0.993236 -0.000302158 0.766655 1.23335 1 0 0.68 0.68 -0.00918907 0.197891 0.491626 -0.00918907 0 0 0 0.0113616 0.00669267 0.00064235 0.3 0.3
52 2 26.9002 0.273113 -2.7195 37730.6 -4.89519 1.19623 0.723888 0.970385 0.0153279 1.23335 0.766655 1 0 0.0631017 0.072703 -0.04913 0.0631017 0.072703 -0.04913 0 0 0 -0.0155878 -0.017352 -0.0305238 0.3 0.3
52 0 26.9502 19.6789 12.6355 37138 -0.132561 -0.933679 -0.0257436 1.04427 -1.54726e-05 -1 -1 1 0 -0.112745 -0.68 -0.0928465 -0.112745 -0.68 -0.0928465 0 0 0 0.0285532 0.0771187 0.00113258 0.3 0.3
52 1 26.9502 -1.97004 -11.6313 35311.3 -0.373713 0.183426 0.344309 0.996813 0.000426473 0.766655 1.23335 1 0 0.68 0.68 -0.0133631 0.19887 0.498972 -0.0133631 0 0 0 0.0122262 0.00493229 -0.000822813 0.3 0.3
52 2 26.9502 -0.64349 -3.14655 36215.8 -3.65059 1.19962 0.726659 0.988536 0.0165171 1.23335 0.766655 1 0 0.0573301 0.0679928 -0.0741888 0.0573301 0.0679928 -0.0741888 0 0 0 -0.0265833 -0.0388967 -0.0325278 0.3 0.3
52 0 27.0002 19.6286 12.6323 37448.4 -1.50695 -0.954435 -0.0679496 1.04993 0.00271454 -1 -1 1 0 -0.0774603 -0.68 -0.0981982 -0.0774603 -0.68 -0.0981982 0 0 0 0.0298677 0.0789869 -0.00425365 0.3 0.3
52 1 27.0002 -1.98484 -11.6535 35226.9 0.721835 0.192156 0.363901 1.00027 -0.000906258 0.766655 1.23335 1 0 0.68 0.68 -0.0177687 0.200035 0.506205 -0.0177687 0 0 0 0.0151891 0.00423847 0.00184476 0.3 0.3
52 2 27.0002 -0.290623 -2.64134 36411.1 -4.71491 1.20268 0.72981 1.00599 0.0188634 1.23335 0.766655 1 0 0.0521316 0.0626362 -0.0963024 0.0521316 0.0626362 -0.0963024 0 0 0 -0.0225262 -0.0325865 -0.0373694 0.3 0.3
52 0 27.0503 19.3491 12.5743 37511.1 -1.53597 -0.972777 -0.109982 1.05508 0.00446916 -1 -1 1 0 -0.046279 -0.68 -0.102813 -0.046279 -0.68 -0.102813 0 0 0 0.0234011 0.0844655 -0.00795801 0.3 0.3
52 1 27.0503 -1.90384 -11.984 35580.1 -0.543937 0.200816 0.383401 1.00334 0.000320982 0.766655 1.23335 1 0 0.68 0.68 -0.0199855 0.201621 0.51384 -0.0199855 0 0 0 0.0176103 0.00647392 -0.000584986 0.3 0.3
52 2 27.0503 -0.744547 -2.9236 36425.7 -5.58543 1.20615 0.732594 1.02306 0.0219617 1.23335 0.766655 1 0 0.0462317 0.0579032 -0.117527 0.0462317 0.0579032 -0.117527 0 0 0 -0.026493 -0.030186 -0.043536 0.3 0.3
52 0 27.1002 19.0849 12.835 37410.6 -0.536526 -0.988784 -0.151396 1.05982 0.00395788 -1 -1 1 0 -0.019067 -0.68 -0.107507 -0.019067 -0.68 -0.107507 0 0 0 0.0198819 0.0833335 -0.00709413 0.3 0.3
52 1 27.1002 -1.99387 -12.0826 35393.8 0.616923 0.20965 0.40288 1.00621 -0.000790366 0.766655 1.23335 1 0 0.68 0.68 -0.0230672 0.203366 0.521341 -0.0230672 0 0 0 0.0163748 0.0104038 0.00166599 0.3 0.3
52 2 27.1002 -0.450069 -2.58972 36974.3 -6.75198 1.2092 0.735605 1.03904 0.0257788 1.23335 0.766655 1 0 0.0410435 0.0527855 -0.134608 0.0410435 0.0527855 -0.134608 0 0 0 -0.00624874 -0.0107732 -0.0515306 0.3 0.3
52 0 27.1503 18.7612 12.9528 37608.3 1.32671 -1.00267 -0.192555 1.06402 0.000421363 -1 -1 1 0 0.0045324 -0.68 -0.110626 0.0045324 -0.68 -0.110626 0 0 0 0.0116629 0.0927881 -0.000302165 0.3 0.3
52 1 27.1503 -1.88892 -12.2813 35432.7 0.736505 0.218533 0.422349 1.00886 -0.00174491 0.766655 1.23335 1 0 0.68 0.68 -0.0256355 0.205573 0.529192 -0.0256355 0 0 0 0.0172417 0.00897821 0.00356739 0.3 0.3
52 2 27.1503 -1.04641 -2.68597 36217.4 -5.2053 1.21281 0.738403 1.05472 0.0258571 1.23335 0.766655 1 0 0.0349131 0.0480285 -0.15492 0.0349131 0.0480285 -0.15492 0 0 0 -0.00174952 -0.0202389 -0.0517049 0.3 0.3
52 0 27.2002 18.1651 12.9924 37934.1 -0.774482 -1.014 -0.233288 1.06744 0.00162471 -1 -1 1 0 0.023794 -0.68 -0.111538 0.023794 -0.68 -0.111538 0 0 0 0.0105413 0.0892045 -0.00278223 0.3 0.3
52 1 27.2002 -1.88523 -12.5056 35315.7 0.27457 0.227518 0.441715 1.0114 -0.00160776 0.766655 1.23335 1 0 0.68 0.68 -0.0286362 0.208388 0.537687 -0.0286362 0 0 0 0.0199007 0.00782097 0.00329352 0.3 0.3
52 2 27.2002 -1.29697 -3.22032 35907.8 -5.28502 1.21678 0.740234 1.0702 0.0262857 1.23335 0.766655 1 0 0.0281619 0.0449156 -0.175655 0.0281619 0.0449156 -0.175655 0 0 0 -0.0202296 -0.0504246 -0.0520867 0.3 0.3
52 0 27.2502 18.211 12.9265 37363.3 -3.76667 -1.02349 -0.273591 1.0707 0.00756739 -1 -1 1 0 0.0399386 -0.68 -0.115238 0.0399386 -0.68 -0.115238 0 0 0 0.0181275 0.0799949 -0.0144222 0.3 0.3
52 1 27.2502 -2.01933 -12.6731 35310.5 0.176795 0.236853 0.46107 1.01382 -0.00131522 0.766655 1.23335 1 0 0.68 0.68 -0.0314432 0.211098 0.545544 -0.0314432 0 0 0 0.0177984 0.017238 0.00278406 0.3 0.3
52 2 27.2502 -0.479275 -2.34234 37076.3 -3.79401 1.21969 0.742894 1.08439 0.0236574 1.23335 0.766655 1 0 0.0232142 0.0403925 -0.188892 0.0232142 0.0403925 -0.188892 0 0 0 0.00314265 -0.023999 -0.0473603 0.3 0.3
52 0 27.3002 17.3287 13.3606 37962.5 2.62544 -1.03065 -0.313301 1.07321 0.000579742 -1 -1 1 0 0.0521079 -0.68 -0.115078 0.0521079 -0.68 -0.115078 0 0 0 0.00568358 0.097145 -0.000884574 0.3 0.3
52 1 27.3002 -1.95025 -12.8293 35143.8 -0.0904155 0.246292 0.480377 1.01626 -0.000704363 0.766655 1.23335 1 0 0.68 0.68 -0.0349834 0.214588 0.554202 -0.0349834 0 0 0 0.0172843 0.0173249 0.00155856 0.3 0.3
52 2 27.3002 -1.29451 -3.25144 35586.2 -3.65596 1.22313 0.744409 1.09861 0.0220598 1.23335 0.766655 1 0 0.0173739 0.0378186 -0.209497 0.0173739 0.0378186 -0.209497 0 0 0 -0.0143338 -0.0505787 -0.0437758 0.3 0.3
52 0 27.3502 16.9678 13.0968 36832.8 -2.39417 -1.03574 -0.352889 1.0761 0.00446313 -1 -1 1 0 0.0607659 -0.68 -0.120982 0.0607659 -0.68 -0.120982 0 0 0 0.0081849 0.0888192 -0.00857145 0.3 0.3
52 1 27.3502 -2.0187 -13.0167 35392.1 0.39031 0.25606 0.499734 1.01848 -0.00109869 0.766655 1.23335 1 0 0.68 0.68 -0.0369573 0.218062 0.56242 -0.0369573 0 0 0 0.0180374 0.0158277 0.00234028 0.3 0.3
52 2 27.3502 -0.485491 -2.52975 37053.3 -3.70808 1.22553 0.746498 1.11152 0.0207714 1.23335 0.766655 1 0 0.0132916 0.0342658 -0.220683 0.0132916 0.0342658 -0.220683 0 0 0 -0.00047723 -0.0166001 -0.0415433 0.3 0.3
52 0 27.4002 16.3075 13.3998 37863 -1.13607 -1.03866 -0.39186 1.0783 0.00482646 -1 -1 1 0 0.0657178 -0.68 -0.120622 0.0657178 -0.68 -0.120622 0 0 0 0.00424224 0.0746183 -0.00950135 0.3 0.3
52 1 27.4002 -1.95572 -13.2903 35540.8 0.110767 0.266009 0.518982 1.02037 -0.000882862 0.766655 1.23335 1 0 0.68 0.68 -0.0379952 0.222312 0.571255 -0.0379952 0 0 0 0.0201166 0.016257 0.0019294 0.3 0.3
52 2 27.4002 -1.13465 -3.27398 35983.6 -2.77955 1.22829 0.747618 1.12418 0.0185853 1.23335 0.766655 1 0 0.00858916 0.0323633 -0.237165 0.00858916 0.0323633 -0.237165 0 0 0 -0.0165758 -0.0261524 -0.0369605 0.3 0.3
52 0 27.4502 16.0421 13.4738 37997.1 -2.04406 -1.03996 -0.430309 1.07985 0.00681372 -1 -1 1 0 0.0679286 -0.68 -0.11951 0.0679286 -0.68 -0.11951 0 0 0 0.0134125 0.0717615 -0.0131552 0.3 0.3
52 1 27.4502 -1.90457 -13.5346 35500.9 0.735715 0.276176 0.538157 1.02203 -0.00178639 0.766655 1.23335 1 0 0.68 0.68 -0.0390851 0.226825 0.579847 -0.0390851 0 0 0 0.020848 0.0165269 0.00374539 0.3 0.3
52 2 27.4502 -1.0731 -2.67223 36536.1 -1.99282 1.23103 0.749181 1.13604 0.015658 1.23335 0.766655 1 0 0.00394368 0.0297058 -0.249368 0.00394368 0.0297058 -0.249368 0 0 0 -0.00815665 -0.0158108 -0.0312541 0.3 0.3
52 0 27.5003 15.4677 13.5962 37348.1 0.395854 -1.0397 -0.468393 1.08139 0.00385447 -1 -1 1 0 0.0674846 -0.68 -0.121677 0.0674846 -0.68 -0.121677 0 0 0 0.00732023 0.0690425 -0.0074608 0.3 0.3
52 1 27.5003 -1.99806 -13.6849 35562.9 0.203101 0.286655 0.557218 1.02339 -0.00151121 0.766655 1.23335 1 0 0.68 0.68 -0.0396137 0.231876 0.588591 -0.0396137 0 0 0 0.0174172 0.0175807 0.00317577 0.3 0.3
52 2 27.5003 -1.26417 -2.94133 36101.1 -1.3204 1.23388 0.750434 1.14734 0.0127128 1.23335 0.766655 1 0 -0.000902021 0.027576 -0.263058 -0.000902021 0.027576 -0.263058 0 0 0 -0.0109801 -0.0301926 -0.0252639 0.3 0.3
52 0 27.5503 14.8802 13.846 37633.2 -0.232837 -1.0379 -0.50591 1.08263 0.00292323 -1 -1 1 0 0.0644235 -0.68 -0.121842 0.0644235 -0.68 -0.121842 0 0 0 0.00315111 0.0633592 -0.00574954 0.3 0.3
52 1 27.5503 -1.83903 -13.9691 35409.2 -0.943201 0.297173 0.576193 1.02466 0.000579544 0.766655 1.23335 1 0 0.68 0.68 -0.0408275 0.237251 0.597182 -0.0408275 0 0 0 0.0142336 0.018376 -0.00102838 0.3 0.3
52 2 27.5503 -1.01204 -2.71699 36279.8 -0.953469 1.23634 0.751869 1.15805 0.0100396 1.23335 0.766655 1 0 -0.00509497 0.0251362 -0.274796 -0.00509497 0.0251362 -0.274796 0 0 0 -0.00516169 -0.0239561 -0.0200193 0.3 0.3
52 0 27.6002 14.2065 14.0418 37715.1 0.129969 -1.03454 -0.542847 1.08352 0.00180556 -1 -1 1 0 0.0587153 -0.68 -0.121423 0.0587153 -0.68 -0.121423 0 0 0 0.00748151 0.0566484 -0.00340063 0.3 0.3
52 1 27.6002 -1.90313 -13.9171 35328.3 -0.596457 0.307953 0.595488 1.02587 0.0013776 0.766655 1.23335 1 0 0.68 0.68 -0.0422994 0.243441 0.606183 -0.0422994 0 0 0 0.00862319 0.0190542 -0.00267319 0.3 0.3
52 2 27.6002 -1.14478 -3.02824 36270.7 -1.22931 1.23872 0.75287 1.16812 0.00877407 1.23335 0.766655 1 0 -0.00913451 0.0234336 -0.285743 -0.00913451 0.0234336 -0.285743 0 0 0 -0.00787438 -0.026792 -0.0174446 0.3 0.3
52 0 27.6503 13.7452 14.1514 37791.7 -0.276703 -1.02994 -0.579378 1.08406 0.00166908 -1 -1 1 0 0.0508948 -0.68 -0.120374 0.0508948 -0.68 -0.120374 0 0 0 0.0062338 0.0482039 -0.00318888 0.3 0.3
52 1 27.6503 -1.768 -14.2216 35437.7 -0.386287 0.318903 0.614886 1.02694 0.0015664 0.766655 1.23335 1 0 0.68 0.68 -0.0430318 0.250429 0.615364 -0.0430318 0 0 0 0.00794807 0.0153403 -0.00307195 0.3 0.3
52 2 27.6503 -1.42171 -3.01947 36059.8 0.191192 1.24137 0.753685 1.17783 0.00573327 1.23335 0.766655 1 0 -0.0136414 0.0220483 -0.29708 -0.0136414 0.0220483 -0.29708 0 0 0 -0.0206173 -0.0515407 -0.0109396 0.3 0.3
52 0 27.7002 13.5433 13.0851 37613.9 -0.339879 -1.02468 -0.615703 1.08444 0.00173832 -1 -1 1 0 0.0419538 -0.653306 -0.120117 0.0419538 -0.653306 -0.120117 0 0 0 0.010985 0.0398243 -0.00325861 0.3 0.3
52 1 27.7002 -1.83668 -14.1377 35320 -0.921919 0.330068 0.634541 1.02797 0.00256645 0.766655 1.23335 1 0 0.68 0.68 -0.0443234 0.257575 0.624208 -0.0443234 0 0 0 0.00309905 0.0161411 -0.00510807 0.3 0.3
52 2 27.7002 -0.649869 -2.49653 36537.3 0.042652 1.24289 0.755102 1.18647 0.00364467 1.23335 0.766655 1 0 -0.0162315 0.0196393 -0.304725 -0.0162315 0.0196393 -0.304725 0 0 0 -0.00657511 -0.0320515 -0.00718496 0.3 0.3
52 0 27.7503 13.3373 11.6904 37699.2 -2.3383 -1.0189 -0.651488 1.08459 0.00505786 -1 -1 1 0 0.032124 -0.59247 -0.119163 0.032124 -0.59247 -0.119163 0 0 0 0.0115402 0.0247769 -0.00997374 0.3 0.3
52 1 27.7503 -1.6643 -14.3496 35394.4 -1.08088 0.341436 0.654579 1.02889 0.00350895 0.766655 1.23335 1 0 0.68 0.68 -0.0450749 0.266287 0.633791 -0.0450749 0 0 0 0.00092017 0.0179685 -0.00700992 0.3 0.3
52 2 27.7503 -1.33418 -3.37601 36076.3 0.269596 1.24488 0.755488 1.1948 0.00223516 1.23335 0.766655 1 0 -0.0196053 0.0189835 -0.31429 -0.0196053 0.0189835 -0.31429 0 0 0 -0.0212705 -0.054857 -0.00388867 0.3 0.3
52 0 27.8003 12.6769 11.1198 37785.5 1.66085 -1.01235 -0.686518 1.08446 0.000490873 -1 -1 1 0 0.0209905 -0.532919 -0.117603 0.0209905 -0.532919 -0.117603 0 0 0 -0.00767342 0.0295584 -0.00109528 0.3 0.3
52 1 27.8003 -1.48745 -14.4487 35571.1 0.455889 0.352953 0.674959 1.02957 0.00156643 0.766655 1.23335 1 0 0.68 0.68 -0.0447613 0.27519 0.642932 -0.0447613 0 0 0 -0.000803027 0.0131697 -0.00313823 0.3 0.3
52 2 27.8003 -0.430766 -2.50219 36996.8 1.3414 1.24565 0.756702 1.20188 -0.000942245 1.23335 0.766655 1 0 -0.0209234 0.0169196 -0.317823 -0.0209234 0.0169196 -0.317823 0 0 0 -0.00147031 -0.0386303 0.00191324 0.3 0.3
52 0 27.8502 12.8596 9.94668 37581.9 -3.08602 -1.00588 -0.721218 1.08427 0.00545134 -1 -1 1 0 0.00999579 -0.473929 -0.117049 0.00999579 -0.473929 -0.117049 0 0 0 -0.0146967 0.011687 -0.0109891 0.3 0.3
52 1 27.8502 -1.52104 -14.4115 35659.4 -1.76949 0.364723 0.695737 1.02996 0.00396079 0.766655 1.23335 1 0 0.68 0.68 -0.0438841 0.285747 0.652568 -0.0438841 0 0 0 -0.00598651 0.015512 -0.0079683 0.3 0.3
52 2 27.8502 -1.06072 -3.2495 35660.2 1.12355 1.24679 0.757111 1.20894 -0.00217829 1.23335 0.766655 1 0 -0.0228509 0.0162241 -0.328098 -0.0228509 0.0162241 -0.328098 0 0 0 -0.0231721 -0.0553852 0.00500043 0.3 0.3
52 0 27.9002 12.4154 9.71594 37814.6 -1.34936 -0.99906 -0.754725 1.08381 0.00587361 -1 -1 1 0 -0.00159875 -0.416968 -0.115036 -0.00159875 -0.416968 -0.115036 0 0 0 -0.0289704 0.00522102 -0.0118242 0.3 0.3
52 1 27.9002 -1.44364 -14.6033 35622.8 -1.24687 0.37688 0.716961 1.03014 0.00468806 0.766655 1.23335 1 0 0.662616 0.68 -0.0430886 0.297098 0.662864 -0.0430886 0 0 0 -0.012433 0.0147589 -0.00946835 0.3 0.3
52 2 27.9002 -0.409606 -2.85854 36919.8 2.27973 1.24708 0.757757 1.21486 -0.0051943 1.23335 0.766655 1 0 -0.0233443 0.0151262 -0.330386 -0.0233443 0.0151262 -0.330386 0 0 0 -0.0216812 -0.0497374 0.0109318 0.3 0.3
52 0 27.9502 12.3162 9.24258 37680.2 -1.03284 -0.992292 -0.786971 1.08325 0.00562466 -1 -1 1 0 -0.0131039 -0.362149 -0.113723 -0.0131039 -0.362149 -0.113723 0 0 0 -0.0485075 0.00299991 -0.0113255 0.3 0.3
52 1 27.9502 -1.0647 -14.624 35833.4 -0.241316 0.389063 0.738673 1.02995 0.00347216 0.766655 1.23335 1 0 0.641907 0.68 -0.0409909 0.309884 0.67238 -0.0409909 0 0 0 -0.0180575 0.0188866 -0.00711546 0.3 0.3
52 2 27.9502 -0.469407 -2.91973 36645.4 2.3848 1.2471 0.758364 1.22002 -0.00731287 1.23335 0.766655 1 0 -0.0233881 0.0140935 -0.333807 -0.0233881 0.0140935 -0.333807 0 0 0 -0.0236888 -0.0513748 0.0152404 0.3 0.3
52 0 28.0003 12.2439 9.10017 38075.9 -0.543771 -0.98577 -0.81756 1.08224 0.00468958 -1 -1 1 0 -0.0241914 -0.310148 -0.110072 -0.0241914 -0.310148 -0.110072 0 0 0 -0.0597012 -0.000846303 -0.00935811 0.3 0.3
52 1 28.0003 -1.04836 -14.6023 35513.5 0.111044 0.401785 0.76102 1.02974 0.00207682 0.766655 1.23335 1 0 0.620279 0.68 -0.0406017 0.324199 0.680732 -0.0406017 0 0 0 -0.0217942 0.0189769 -0.00436088 0.3 0.3
52 2 28.0003 -0.425227 -2.92988 37033.3 2.6788 1.24693 0.758931 1.22414 -0.00927765 1.23335 0.766655 1 0 -0.0230859 0.0131308 -0.334233 -0.0230859 0.0131308 -0.334233 0 0 0 -0.0241133 -0.0461939 0.0191189 0.3 0.3
52 0 28.0503 12.308 8.74564 37869.2 -2.85263 -0.979694 -0.846425 1.08105 0.00813955 -1 -1 1 0 -0.0345203 -0.261078 -0.107559 -0.0345203 -0.261078 -0.107559 0 0 0 -0.0646982 -0.0172276 -0.0157309 0.3 0.3
52 1 28.0503 -0.857488 -14.3941 35629.6 0.0760558 0.414851 0.784006 1.0294 0.00118179 0.766655 1.23335 1 0 0.598066 0.68 -0.0394177 0.340167 0.687617 -0.0394177 0 0 0 -0.0286819 0.0207934 -0.00266217 0.3 0.3
52 2 28.0503 -0.328956 -2.93334 37064 1.94632 1.24652 0.759442 1.22726 -0.00937505 1.23335 0.766655 1 0 -0.0223953 0.0122625 -0.333877 -0.0223953 0.0122625 -0.333877 0 0 0 -0.02347 -0.0406562 0.0192327 0.3 0.3
52 0 28.1002 12.2809 8.87081 37903.1 -0.612751 -0.974105 -0.873165 1.07968 0.00665784 -1 -1 1 0 -0.044021 -0.215619 -0.104701 -0.044021 -0.215619 -0.104701 0 0 0 -0.0733746 -0.0216833 -0.0125296 0.3 0.3
52 1 28.1002 -0.550353 -14.2875 35378.8 0.239653 0.428307 0.80784 1.02915 0.000347441 0.766655 1.23335 1 0 0.575191 0.68 -0.0396105 0.358142 0.692756 -0.0396105 0 0 0 -0.0261195 0.0215135 -0.00097597 0.3 0.3
52 2 28.1002 -0.339197 -3.02953 37213.7 2.39507 1.24604 0.759781 1.22942 -0.0101927 1.23335 0.766655 1 0 -0.0215729 0.0116851 -0.331987 -0.0215729 0.0116851 -0.331987 0 0 0 -0.0175303 -0.0471213 0.0208053 0.3 0.3
52 0 28.1503 12.2969 9.1512 38052.2 -0.0825373 -0.969082 -0.897478 1.07803 0.00462777 -1 -1 1 0 -0.0525611 -0.174288 -0.100958 -0.0525611 -0.174288 -0.100958 0 0 0 -0.0759438 -0.0167449 -0.00862641 0.3 0.3
52 1 28.1503 -0.335727 -14.038 35294.7 0.61802 0.442259 0.83256 1.02906 -0.000924077 0.766655 1.23335 1 0 0.551473 0.68 -0.0401973 0.378018 0.69565 -0.0401973 0 0 0 -0.0322794 0.0271041 0.00141105 0.3 0.3
52 2 28.1503 -0.228723 -2.9801 36659 0.492071 1.24534 0.760099 1.2312 -0.00744159 1.23335 0.766655 1 0 -0.0203969 0.0111444 -0.332581 -0.0203969 0.0111444 -0.332581 0 0 0 -0.0228753 -0.0538119 0.0155053 0.3 0.3
52 0 28.2003 12.545 9.02452 37586.7 -0.091246 -0.96496 -0.919816 1.07655 0.00341584 -1 -1 1 0 -0.0595676 -0.136312 -0.0997823 -0.0595676 -0.136312 -0.0997823 0 0 0 -0.0821891 -0.0191304 -0.00605116 0.3 0.3
52 1 28.2003 -0.273052 -12.3139 35444.5 0.904466 0.456775 0.85813 1.02894 -0.00222287 0.766655 1.23335 1 0 0.526795 0.637866 -0.0399533 0.394525 0.65428 -0.0399533 0 0 0 -0.0294728 0.0327134 0.00396466 0.3 0.3
52 2 28.2003 0.0385025 -2.95519 36971.6 -0.0675218 1.24418 0.760421 1.23231 -0.00493768 1.23335 0.766655 1 0 -0.0184168 0.0105973 -0.330773 -0.0184168 0.0105973 -0.330773 0 0 0 -0.0142854 -0.0291802 0.0100851 0.3 0.3
52 0 28.2503 12.4812 9.201 38021.6 -0.799948 -0.961355 -0.93999 1.07482 0.00391504 -1 -1 1 0 -0.0656973 -0.102018 -0.0960754 -0.0656973 -0.102018 -0.0960754 0 0 0 -0.0740689 -0.0306847 -0.0066994 0.3 0.3
52 1 28.2503 -0.348046 -11.2136 35396.9 1.91001 0.472032 0.884403 1.02886 -0.00470826 0.766655 1.23335 1 0 0.500859 0.593201 -0.0400169 0.409413 0.607883 -0.0400169 0 0 0 -0.0248772 0.0343896 0.00899085 0.3 0.3
52 2 28.2503 -0.00420837 -3.0191 36615.1 -2.00595 1.24289 0.760639 1.23315 1.50278e-05 1.23335 0.766655 1 0 -0.0162283 0.0102265 -0.330604 -0.0162283 0.0102265 -0.330604 0 0 0 -0.0128514 -0.0182781 8.73967e-05 0.3 0.3
52 0 28.3003 12.8724 9.57208 37906.1 -1.18033 -0.958723 -0.957713 1.073 0.00477426 -1 -1 1 0 -0.0701708 -0.0718878 -0.0931243 -0.0701708 -0.0718878 -0.0931243 0 0 0 -0.083603 -0.0276541 -0.00840108 0.3 0.3
52 1 28.3003 -0.190814 -10.3291 35507.3 -0.323116 0.487742 0.911258 1.02871 -0.00251533 0.766655 1.23335 1 0 0.474151 0.547548 -0.0394446 0.422501 0.557864 -0.0394446 0 0 0 -0.00543989 0.0428668 0.00491522 0.3 0.3
52 2 28.3003 -0.510048 -3.19994 36357.1 -1.59547 1.24226 0.760552 1.23393 0.00281447 1.23335 0.766655 1 0 -0.0151552 0.0103753 -0.331395 -0.0151552 0.0103753 -0.331395 0 0 0 -0.0239162 -0.0307045 -0.00526279 0.3 0.3
52 0 28.3503 13.1119 9.64248 38126.4 -2.22727 -0.956947 -0.973332 1.07092 0.00707132 -1 -1 1 0 -0.0731904 -0.0453351 -0.0889046 -0.0731904 -0.0453351 -0.0889046 0 0 0 -0.0841568 -0.0264639 -0.0130423 0.3 0.3
52 1 28.3503 -0.421046 -9.63363 35549 1.19781 0.504359 0.938239 1.02847 -0.00352734 0.766655 1.23335 1 0 0.445903 0.50168 -0.0386396 0.432399 0.504933 -0.0386396 0 0 0 0.010546 0.0439532 0.00728829 0.3 0.3
52 2 28.3503 -0.0976721 -2.94318 36754.7 -3.3001 1.24129 0.760708 1.23426 0.00748726 1.23335 0.766655 1 0 -0.0135066 0.0101101 -0.3296 -0.0135066 0.0101101 -0.3296 0 0 0 -0.025375 -0.0287816 -0.0146122 0.3 0.3
52 0 28.4003 13.3014 9.97329 37927.9 -0.864856 -0.955965 -0.986804 1.06882 0.00630163 -1 -1 1 0 -0.07486 -0.0224326 -0.0858321 -0.07486 -0.0224326 -0.0858321 0 0 0 -0.0830248 -0.0249198 -0.0115801 0.3 0.3
52 1 28.4003 -1.57239 -8.89392 35606.8 1.38888 0.521839 0.96503 1.0281 -0.00442764 0.766655 1.23335 1 0 0.416187 0.456136 -0.0374962 0.416187 0.456136 -0.0374962 0 0 0 0.0287226 0.0432845 0.00948005 0.3 0.3
52 2 28.4003 -0.196136 -2.96731 36839.9 -5.74323 1.24035 0.760905 1.23414 0.0144713 1.23335 0.766655 1 0 -0.0119052 0.0097751 -0.32718 -0.0119052 0.0097751 -0.32718 0 0 0 -0.0196817 -0.0130933 -0.0288168 0.3 0.3
52 0 28.4503 13.6792 10.3186 38145.2 -2.58355 -0.955885 -0.998093 1.0665 0.00857315 -1 -1 1 0 -0.074995 -0.00324138 -0.0815069 -0.074995 -0.00324138 -0.0815069 0 0 0 -0.0738369 -0.0224033 -0.0163318 0.3 0.3
52 1 28.4503 -2.45677 -8.68299 35672.6 0.781727 0.540037 0.991253 1.02757 -0.00405427 0.766655 1.23335 1 0 0.38525 0.411557 -0.0359551 0.38525 0.411557 -0.0359551 0 0 0 0.0440292 0.0369685 0.00892599 0.3 0.3
52 2 28.4503 -0.814464 -2.94246 36390.3 -4.94075 1.24028 0.761128 1.234 0.017998 1.23335 0.766655 1 0 -0.011782 0.00939563 -0.326937 -0.011782 0.00939563 -0.326937 0 0 0 -0.0272691 -0.0240043 -0.0356765 0.3 0.3
52 0 28.5003 13.8142 10.5618 37802.9 -2.30526 -0.956403 -1.00745 1.06432 0.00963726 -1 -1 1 0 -0.0741143 0.012667 -0.0791614 -0.0741143 0.012667 -0.0791614 0 0 0 -0.0719578 -0.0197843 -0.0185761 0.3 0.3
52 1 28.5003 -3.22117 -8.61621 35494.4 0.747746 0.55901 1.01635 1.02707 -0.00372969 0.766655 1.23335 1 0 0.352996 0.368895 -0.0353743 0.352996 0.368895 -0.0353743 0 0 0 0.0583741 0.0334842 0.0084413 0.3 0.3
52 2 28.5003 -0.616653 -2.92763 36469 -5.59147 1.24026 0.761385 1.23373 0.0214696 1.23335 0.766655 1 0 -0.0117557 0.00895799 -0.32589 -0.0117557 0.00895799 -0.32589 0 0 0 -0.0253451 -0.0391142 -0.0424585 0.3 0.3
52 0 28.5503 14.04 11.037 37934.5 -0.763488 -0.957581 -1.01486 1.06214 0.00785598 -1 -1 1 0 -0.0721116 0.0252685 -0.0760543 -0.0721116 0.0252685 -0.0760543 0 0 0 -0.0710345 -0.0221949 -0.0149343 0.3 0.3
52 1 28.5503 -4.04728 -8.36311 35482.2 0.89516 0.578607 1.04011 1.02658 -0.00380019 0.766655 1.23335 1 0 0.319681 0.328505 -0.0348036 0.319681 0.328505 -0.0348036 0 0 0 0.0743481 0.0270062 0.0086108 0.3 0.3
52 2 28.5503 -0.488847 -2.79546 36677 -7.05773 1.24009 0.761834 1.23316 0.0261822 1.23335 0.766655 1 0 -0.0114711 0.0081955 -0.323528 -0.0114711 0.0081955 -0.323528 0 0 0 -0.0237548 -0.0511891 -0.0517832 0.3 0.3
52 0 28.6003 14.2702 11.4679 37693.8 -2.16022 -0.959319 -1.02037 1.06017 0.0088825 -1 -1 1 0 -0.0691585 0.0346252 -0.0743985 -0.0691585 0.0346252 -0.0743985 0 0 0 -0.068573 -0.0180264 -0.0171581 0.3 0.3
52 1 28.6003 -4.56959 -8.51535 35595.2 0.0574769 0.598544 1.06221 1.02602 -0.00262841 0.766655 1.23335 1 0 0.285788 0.290938 -0.0336082 0.285788 0.290938 -0.0336082 0 0 0 0.0942128 0.0140601 0.00592561 0.3 0.3
52 2 28.6003 -0.282882 -2.67368 37108.5 -8.23073 1.23955 0.762538 1.23193 0.0311276 1.23335 0.766655 1 0 -0.0105438 0.00699821 -0.318555 -0.0105438 0.00699821 -0.318555 0 0 0 -0.0200475 -0.028434 -0.0619897 0.3 0.3
52 0 28.6503 14.542 11.664 37897.6 -2.06415 -0.961619 -1.0244 1.0582 0.00939799 -1 -1 1 0 -0.0652476 0.04148 -0.0716531 -0.0652476 0.04148 -0.0716531 0 0 0 -0.0580174 -0.0167467 -0.0183189 0.3 0.3
52 1 28.6503 -5.28616 -8.74866 35474.5 -0.466848 0.61876 1.08224 1.0255 -0.00125005 0.766655 1.23335 1 0 0.251421 0.256881 -0.0331108 0.251421 0.256881 -0.0331108 0 0 0 0.106673 -0.00195312 0.00239938 0.3 0.3
52 2 28.6503 -0.485884 -2.83179 36912.5 -7.86113 1.23911 0.763079 1.23034 0.033898 1.23335 0.766655 1 0 -0.00980712 0.00607957 -0.314527 -0.00980712 0.00607957 -0.314527 0 0 0 -0.0176654 -0.0339299 -0.0675217 0.3 0.3
52 0 28.7003 14.7706 12.0583 37908.7 -2.64445 -0.964371 -1.02692 1.05625 0.0106809 -1 -1 1 0 -0.0605695 0.0457599 -0.0689841 -0.0605695 0.0457599 -0.0689841 0 0 0 -0.0457993 -0.0151457 -0.0210214 0.3 0.3
52 1 28.7003 -5.94747 -8.98421 35458.2 -1.14848 0.639084 1.10009 1.02503 0.0011619 0.766655 1.23335 1 0 0.21687 0.226526 -0.0326795 0.21687 0.226526 -0.0326795 0 0 0 0.108193 0.00221942 -0.00220703 0.3 0.3
52 2 28.7003 -0.423364 -2.71056 36732.7 -8.11119 1.23864 0.763712 1.22859 0.0361386 1.23335 0.766655 1 0 -0.00899305 0.00500286 -0.3112 -0.00899305 0.00500286 -0.3112 0 0 0 -0.0156784 -0.0367616 -0.0720192 0.3 0.3
52 0 28.7502 14.9589 12.3215 37796.3 -2.63418 -0.967452 -1.02818 1.05442 0.0114948 -1 -1 1 0 -0.0553318 0.0479095 -0.0670127 -0.0553318 0.0479095 -0.0670127 0 0 0 -0.0365053 -0.01098 -0.0227939 0.3 0.3
52 1 28.7502 -6.18677 -9.47478 35567.6 -0.862959 0.659005 1.11558 1.0245 0.00189334 0.766655 1.23335 1 0 0.183005 0.200207 -0.0316547 0.183005 0.200207 -0.0316547 0 0 0 0.116043 -0.00953822 -0.00434715 0.3 0.3
52 2 28.7502 -0.27975 -2.78216 36719.1 -7.77036 1.23794 0.764271 1.22666 0.0371046 1.23335 0.766655 1 0 -0.00780813 0.00405271 -0.307696 -0.00780813 0.00405271 -0.307696 0 0 0 -0.0192521 -0.0339611 -0.0739134 0.3 0.3
52 0 28.8003 15.0476 12.561 37811.5 -1.25975 -0.970759 -1.02851 1.05267 0.00973871 -1 -1 1 0 -0.0497095 0.0484639 -0.0650034 -0.0497095 0.0484639 -0.0650034 0 0 0 -0.0321833 -0.00541917 -0.0193931 0.3 0.3
52 1 28.8003 -6.72751 -9.78175 35524.8 -0.882769 0.678656 1.12888 1.02397 0.00246629 0.766655 1.23335 1 0 0.149598 0.177592 -0.0308996 0.149598 0.177592 -0.0308996 0 0 0 0.112533 -0.0159954 -0.00584154 0.3 0.3
52 2 28.8003 -0.189805 -2.65489 36717.2 -8.19605 1.23706 0.764965 1.22459 0.0383938 1.23335 0.766655 1 0 -0.00630665 0.00287275 -0.304057 -0.00630665 0.00287275 -0.304057 0 0 0 -0.0145867 -0.0301107 -0.0765975 0.3 0.3
52 0 28.8502 15.2174 12.8368 37733.1 -2.06647 -0.974259 -1.02795 1.05107 0.00992189 -1 -1 1 0 -0.0437601 0.0475104 -0.0635226 -0.0437601 0.0475104 -0.0635226 0 0 0 -0.0291134 -0.0019627 -0.0198177 0.3 0.3
52 1 28.8502 -6.94017 -10.4614 35676.6 -0.73983 0.697631 1.13966 1.0233 0.00232545 0.766655 1.23335 1 0 0.11734 0.159266 -0.0292863 0.11734 0.159266 -0.0292863 0 0 0 0.117662 -0.0289029 -0.00636193 0.3 0.3
52 2 28.8502 -0.124517 -2.63214 36453.2 -7.95311 1.23603 0.765723 1.2226 0.038917 1.23335 0.766655 1 0 -0.00455955 0.00158446 -0.301761 -0.00455955 0.00158446 -0.301761 0 0 0 -0.0152684 -0.038124 -0.0775791 0.3 0.3
52 0 28.9002 15.3871 12.8758 37609 -1.11766 -0.978 -1.02698 1.04971 0.00848142 -1 -1 1 0 -0.0374006 0.0458655 -0.0628006 -0.0374006 0.0458655 -0.0628006 0 0 0 -0.0259159 -0.0018862 -0.01694 0.3 0.3
52 1 28.9002 -7.28246 -10.7388 35379.9 -0.715267 0.715859 1.14841 1.02279 0.00229285 0.766655 1.23335 1 0 0.0863534 0.144393 -0.0293559 0.0863534 0.144393 -0.0293559 0 0 0 0.112887 -0.0359453 -0.00662502 0.3 0.3
52 2 28.9002 -0.118311 -2.67229 36420.5 -6.69739 1.23499 0.766415 1.22071 0.0371457 1.23335 0.766655 1 0 -0.00278935 0.000406933 -0.299525 -0.00278935 0.000406933 -0.299525 0 0 0 -0.0157596 -0.0344399 -0.0740505 0.3 0.3
52 0 28.9503 15.5386 12.994 37957.6 -1.72069 -0.981902 -1.02565 1.04825 0.00851318 -1 -1 1 0 -0.0307669 0.0436127 -0.06021 -0.0307669 0.0436127 -0.06021 0 0 0 -0.0148203 0.000276216 -0.0170291 0.3 0.3
52 1 28.9503 -7.45773 -11.4313 35866.4 -1.57478 0.7332 1.15487 1.02197 0.00379238 0.766655 1.23335 1 0 0.0568725 0.133402 -0.02666 0.0568725 0.133402 -0.02666 0 0 0 0.107611 -0.0384832 -0.00967004 0.3 0.3
52 2 28.9503 -0.144853 -2.73617 36347.9 -5.69829 1.23402 0.766964 1.21893 0.0344805 1.23335 0.766655 1 0 -0.00115473 -0.000525588 -0.297635 -0.00115473 -0.000525588 -0.297635 0 0 0 -0.0245956 -0.0530626 -0.0683514 0.3 0.3
52 0 29.0002 15.6794 13.0122 37611.9 -2.91796 -0.985827 -1.02409 1.04702 0.0105435 -1 -1 1 0 -0.0240937 0.0409521 -0.0596903 -0.0240937 0.0409521 -0.0596903 0 0 0 -0.00400622 -0.00445224 -0.0210786 0.3 0.3
52 1 29.0002 -7.42011 -11.9729 35745.2 -1.35959 0.749234 1.15926 1.02103 0.00424479 0.766655 1.23335 1 0 0.0296148 0.125953 -0.0247503 0.0296148 0.125953 -0.0247503 0 0 0 0.104705 -0.0472277 -0.0109788 0.3 0.3
52 2 29.0002 0.424269 -2.50417 37053.5 -4.80615 1.23239 0.767798 1.21663 0.0308917 1.23335 0.766655 1 0 0.00162591 -0.00194266 -0.29177 0.00162591 -0.00194266 -0.29177 0 0 0 -0.0148974 -0.0283084 -0.0615902 0.3 0.3
52 0 29.0502 15.7045 13.1699 38106.9 -0.977129 -0.989705 -1.02232 1.04555 0.00864349 -1 -1 1 0 -0.0175019 0.0379449 -0.0563934 -0.0175019 0.0379449 -0.0563934 0 0 0 -0.00745247 0.00685353 -0.017313 0.3 0.3
52 1 29.0502 -7.50092 -12.4033 35766.1 -1.91046 0.763995 1.16188 1.01997 0.00548515 0.766655 1.23335 1 0 0.00452095 0.121496 -0.022662 0.00452095 0.121496 -0.022662 0 0 0 0.100217 -0.0537075 -0.0136822 0.3 0.3
52 2 29.0502 0.0895623 -2.70735 36528.2 -2.92372 1.23105 0.768385 1.21439 0.0256459 1.23335 0.766655 1 0 0.00390295 -0.00294054 -0.288888 0.00390295 -0.00294054 -0.288888 0 0 0 -0.0257945 -0.0374524 -0.0508276 0.3 0.3
52 0 29.1003 15.8379 13.0885 37787.4 -1.29223 -0.993608 -1.02067 1.04418 0.00793185 -1 -1 1 0 -0.0108662 0.0351312 -0.055026 -0.0108662 0.0351312 -0.055026 0 0 0 0.00340275 0.00953871 -0.0158478 0.3 0.3
52 1 29.1003 -7.44362 -13.0991 35556.3 -2.15674 0.777393 1.16259 1.019 0.00666318 0.766655 1.23335 1 0 -0.0182542 0.120277 -0.0217324 -0.0182542 0.120277 -0.0217324 0 0 0 0.0986484 -0.0601069 -0.0163167 0.3 0.3
52 2 29.1003 0.295034 -2.57263 36733 -3.12022 1.2296 0.769056 1.21195 0.0223852 1.23335 0.766655 1 0 0.00636116 -0.00408281 -0.284599 0.00636116 -0.00408281 -0.284599 0 0 0 -0.0275943 -0.037551 -0.0442681 0.3 0.3
52 0 29.1502 15.8351 12.796 37361.7 -3.87697 -0.997203 -1.01936 1.04326 0.0117535 -1 -1 1 0 -0.00475471 0.0329048 -0.0559731 -0.00475471 0.0329048 -0.0559731 0 0 0 0.0118677 0.00367797 -0.0234863 0.3 0.3
52 1 29.1502 -7.33556 -13.5746 35538.6 -1.22646 0.789347 1.1618 1.01811 0.0061233 0.766655 1.23335 1 0 -0.0385762 0.121633 -0.0208823 -0.0385762 0.121633 -0.0208823 0 0 0 0.0863942 -0.0625076 -0.0149668 0.3 0.3
52 2 29.1502 0.300276 -2.47728 36541.2 -1.55146 1.22823 0.769846 1.20955 0.0176021 1.23335 0.766655 1 0 0.00868846 -0.00542479 -0.281377 0.00868846 -0.00542479 -0.281377 0 0 0 -0.0258102 -0.0413745 -0.0346824 0.3 0.3
52 0 29.2002 15.7141 13.2288 37976.6 1.70203 -1.00058 -1.01793 1.04216 0.00502586 -1 -1 1 0 0.000981259 0.0304817 -0.053506 0.000981259 0.0304817 -0.053506 0 0 0 0.00729282 0.0183557 -0.00998532 0.3 0.3
52 1 29.2002 -7.0032 -14.1147 35675.8 -2.03129 0.799566 1.1596 1.01716 0.00704572 0.766655 1.23335 1 0 -0.0559489 0.125373 -0.0193225 -0.0559489 0.125373 -0.0193225 0 0 0 0.0763612 -0.0690165 -0.0167476 0.3 0.3
52 2 29.2002 0.63265 -2.38741 37128.8 -0.0233419 1.22653 0.770783 1.20664 0.0116904 1.23335 0.766655 1 0 0.0115862 -0.00701736 -0.274769 0.0115862 -0.00701736 -0.274769 0 0 0 -0.0184272 -0.0202136 -0.0231973 0.3 0.3
52 0 29.2503 15.6659 12.8809 37721.2 -1.19317 -1.00361 -1.017 1.04117 0.00537311 -1 -1 1 0 0.00614533 0.028903 -0.0526733 0.00614533 0.028903 -0.0526733 0 0 0 0.0133328 0.0168288 -0.0106347 0.3 0.3
52 1 29.2503 -6.69081 -14.5825 35636.4 -1.17615 0.808092 1.15625 1.01623 0.00642156 0.766655 1.23335 1 0 -0.0704428 0.13106 -0.0180543 -0.0704428 0.13106 -0.0180543 0 0 0 0.0645931 -0.0688527 -0.0150829 0.3 0.3
52 2 29.2503 0.318628 -2.38033 36809.1 0.436031 1.22525 0.771732 1.20363 0.00703406 1.23335 0.766655 1 0 0.0137626 -0.00863172 -0.269995 0.0137626 -0.00863172 -0.269995 0 0 0 -0.0109099 -0.0106414 -0.0140106 0.3 0.3
52 0 29.3003 15.783 12.5431 37947.2 -1.50671 -1.0065 -1.01675 1.04006 0.00616193 -1 -1 1 0 0.0110539 0.0284748 -0.0505408 0.0110539 0.0284748 -0.0505408 0 0 0 0.0199123 0.0214721 -0.0121115 0.3 0.3
52 1 29.3003 -6.26525 -14.9424 35677.7 -1.13452 0.814806 1.1521 1.01527 0.00589978 0.766655 1.23335 1 0 -0.0818572 0.138121 -0.0165809 -0.0818572 0.138121 -0.0165809 0 0 0 0.0550354 -0.0735525 -0.0138375 0.3 0.3
52 2 29.3003 0.500955 -2.45881 36839 1.05924 1.22397 0.772533 1.20047 0.00296975 1.23335 0.766655 1 0 0.0159421 -0.00999336 -0.264881 0.0159421 -0.00999336 -0.264881 0 0 0 -0.00975127 -0.025082 -0.00581774 0.3 0.3
52 0 29.3503 15.3763 12.4624 37591.4 0.378942 -1.00869 -1.01703 1.03918 0.0034925 -1 -1 1 0 0.0147805 0.0289593 -0.0504643 0.0147805 0.0289593 -0.0504643 0 0 0 0.0151595 0.0226666 -0.00681385 0.3 0.3
52 1 29.3503 -5.98475 -15.1996 35650.2 -1.44921 0.819944 1.14744 1.01432 0.00625936 0.766655 1.23335 1 0 -0.0905912 0.146037 -0.0153038 -0.0905912 0.146037 -0.0153038 0 0 0 0.0438777 -0.069519 -0.0140554 0.3 0.3
52 2 29.3503 0.525309 -2.34936 37163.1 2.44719 1.22277 0.773378 1.19693 -0.00209917 1.23335 0.766655 1 0 0.0179806 -0.0114292 -0.257943 0.0179806 -0.0114292 -0.257943 0 0 0 -0.00990604 -0.0126911 0.00426134 0.3 0.3
52 0 29.4002 15.3939 12.1908 37777.2 -1.96502 -1.01043 -1.01784 1.03832 0.00569403 -1 -1 1 0 0.0177338 0.0303232 -0.0493116 0.0177338 0.0303232 -0.0493116 0 0 0 0.0273284 0.022202 -0.0110865 0.3 0.3
52 1 29.4002 -5.28047 -15.387 35661.5 -1.12214 0.82309 1.14258 1.01338 0.00596389 0.766655 1.23335 1 0 -0.0959398 0.154307 -0.0139951 -0.0959398 0.154307 -0.0139951 0 0 0 0.0360439 -0.0652631 -0.0131129 0.3 0.3
52 2 29.4002 0.289945 -2.51017 36678.6 3.20515 1.22203 0.773963 1.1935 -0.00661733 1.23335 0.766655 1 0 0.0192324 -0.0124238 -0.253714 0.0192324 -0.0124238 -0.253714 0 0 0 -0.0252362 -0.0207459 0.0134983 0.3 0.3
52 0 29.4503 15.1548 12.2846 37895.7 2.37581 -1.01173 -1.01895 1.03737 -0.000167604 -1 -1 1 0 0.0199413 0.032219 -0.0475944 0.0199413 0.032219 -0.0475944 0 0 0 0.0149742 0.0276359 0.000542179 0.3 0.3
52 1 29.4503 -5.04067 -15.6524 35657.8 -0.0196243 0.824907 1.13753 1.01244 0.00408411 0.766655 1.23335 1 0 -0.0990293 0.162894 -0.0127446 -0.0990293 0.162894 -0.0127446 0 0 0 0.0194361 -0.0645736 -0.00880065 0.3 0.3
52 2 29.4503 0.548433 -2.13654 37132.2 3.39331 1.22118 0.774929 1.18973 -0.0100365 1.23335 0.766655 1 0 0.0206808 -0.0140667 -0.2468 0.0206808 -0.0140667 -0.2468 0 0 0 -0.0254957 -0.0193935 0.0203231 0.3 0.3
52 0 29.5003 15.0414 11.6966 37897 -0.654317 -1.01255 -1.02093 1.03637 0.0011286 -1 -1 1 0 0.0213421 0.0355864 -0.0459127 0.0213421 0.0355864 -0.0459127 0 0 0 0.0309548 0.0283741 -0.00181848 0.3 0.3
52 1 29.5003 -4.29324 -15.6147 35580.9 -0.921213 0.824895 1.13277 1.01159 0.00429024 0.766655 1.23335 1 0 -0.0990083 0.170976 -0.0119658 -0.0990083 0.170976 -0.0119658 0 0 0 0.0128371 -0.0551078 -0.00893775 0.3 0.3
52 2 29.5003 0.436664 -2.26333 36946.2 3.43329 1.22053 0.77581 1.18589 -0.0122825 1.23335 0.766655 1 0 0.0217896 -0.0155645 -0.241052 0.0217896 -0.0155645 -0.241052 0 0 0 -0.0308168 -0.0271846 0.0249897 0.3 0.3
52 0 29.5503 14.6803 11.4521 37339.9 0.191854 -1.01263 -1.02356 1.03581 0.000384332 -1 -1 1 0 0.0214631 0.040045 -0.0473336 0.0214631 0.040045 -0.0473336 0 0 0 0.0189103 0.0209362 -0.000570772 0.3 0.3
52 1 29.5503 -4.05658 -15.6404 35622.7 -0.550743 0.823703 1.12838 1.01077 0.00381241 0.766655 1.23335 1 0 -0.0969816 0.178447 -0.0109849 -0.0969816 0.178447 -0.0109849 0 0 0 0.00574313 -0.0564659 -0.00779009 0.3 0.3
52 2 29.5503 0.547704 -2.01107 37463.4 2.25096 1.21982 0.776984 1.18151 -0.0120742 1.23335 0.766655 1 0 0.0229889 -0.0175602 -0.232316 0.0229889 -0.0175602 -0.232316 0 0 0 -0.0137383 -0.00123853 0.0241581 0.3 0.3
52 0 29.6002 14.451 11.3402 38031.6 1.05089 -1.01209 -1.02657 1.03498 -0.00141174 -1 -1 1 0 0.0205463 0.0451744 -0.0448459 0.0205463 0.0451744 -0.0448459 0 0 0 0.0232364 0.0256206 0.00312159 0.3 0.3
52 1 29.6002 -3.33405 -15.5214 35801.5 -1.00923 0.820928 1.12461 1.00983 0.00430256 0.766655 1.23335 1 0 -0.0922637 0.184848 -0.00907606 -0.0922637 0.184848 -0.00907606 0 0 0 -0.00206769 -0.0484567 -0.00855758 0.3 0.3
52 2 29.6002 -0.17426 -2.24983 36291.7 2.84712 1.22018 0.777894 1.17778 -0.0126764 1.23335 0.766655 1 0 0.0223805 -0.0191072 -0.230255 0.0223805 -0.0191072 -0.230255 0 0 0 -0.0268343 -0.0177935 0.0255955 0.3 0.3
52 0 29.6503 14.3564 11.0808 37879.9 2.03789 -1.01123 -1.03011 1.03411 -0.00433928 -1 -1 1 0 0.0190894 0.0511935 -0.0434034 0.0190894 0.0511935 -0.0434034 0 0 0 0.0143232 0.0271481 0.00887404 0.3 0.3
52 1 29.6503 -3.10442 -15.5625 35432.1 0.870073 0.817326 1.12134 1.00913 0.00144863 0.766655 1.23335 1 0 -0.0861415 0.190412 -0.00929138 -0.0861415 0.190412 -0.00929138 0 0 0 -0.00383625 -0.0445088 -0.00281261 0.3 0.3
52 2 29.6503 0.27298 -1.80555 37244.8 2.88297 1.22033 0.779265 1.1737 -0.0133487 1.23335 0.766655 1 0 0.0221304 -0.0214371 -0.222711 0.0221304 -0.0214371 -0.222711 0 0 0 -0.00872162 0.00627527 0.0266713 0.3 0.3
52 0 29.7003 14.0561 10.7922 37975.7 1.40961 -1.00984 -1.03414 1.03311 -0.00519351 -1 -1 1 0 0.0167317 0.0580445 -0.0413674 0.0167317 0.0580445 -0.0413674 0 0 0 0.0173154 0.0260883 0.0106142 0.3 0.3
52 1 29.7003 -2.5134 -15.3948 35674.4 0.400469 0.812663 1.11878 1.0084 0.000285785 0.766655 1.23335 1 0 -0.0782134 0.194768 -0.00812451 -0.0782134 0.194768 -0.00812451 0 0 0 -0.00183123 -0.0350224 -0.000539588 0.3 0.3
52 2 29.7003 -0.521781 -2.18833 36389.3 2.22169 1.22156 0.780239 1.17011 -0.0124555 1.23335 0.766655 1 0 0.0200303 -0.0230939 -0.220245 0.0200303 -0.0230939 -0.220245 0 0 0 -0.0235283 -0.0230089 0.0251858 0.3 0.3
52 0 29.7502 13.9702 10.0328 37436.3 -0.807427 -1.00806 -1.03913 1.03249 -0.00213554 -1 -1 1 0 0.0137018 0.0665149 -0.0423475 0.0137018 0.0665149 -0.0423475 0 0 0 0.0202464 0.01064 0.00437909 0.3 0.3
52 1 29.7502 -2.15285 -15.2472 35745.5 -0.193587 0.807168 1.11693 1.00761 0.000559054 0.766655 1.23335 1 0 -0.0688727 0.197898 -0.006679 -0.0688727 0.197898 -0.006679 0 0 0 -0.00796444 -0.0282731 -0.00100563 0.3 0.3
52 2 29.7502 -0.282408 -1.97163 37273.8 1.84442 1.22285 0.781309 1.16614 -0.0113327 1.23335 0.766655 1 0 0.0178453 -0.0249114 -0.212742 0.0178453 -0.0249114 -0.212742 0 0 0 -0.0202086 -0.0262902 0.0229348 0.3 0.3
52 0 29.8002 13.9573 10.0844 38062 1.90618 -1.00621 -1.0443 1.03159 -0.00456199 -1 -1 1 0 0.0105653 0.0753107 -0.0397718 0.0105653 0.0753107 -0.0397718 0 0 0 0.0207677 0.0136521 0.00926649 0.3 0.3
52 1 29.8002 -1.82677 -15.1425 35384.1 1.54093 0.801194 1.11576 1.00708 -0.00220047 0.766655 1.23335 1 0 -0.0587172 0.199895 -0.00728585 -0.0587172 0.199895 -0.00728585 0 0 0 -0.00490617 -0.0220003 0.0044552 0.3 0.3
52 2 29.8002 -0.4197 -1.89564 36926.8 1.66142 1.22432 0.782446 1.16222 -0.0103424 1.23335 0.766655 1 0 0.015336 -0.0268457 -0.207498 0.015336 -0.0268457 -0.207498 0 0 0 -0.0135613 -0.021512 0.0208328 0.3 0.3
52 0 29.8503 13.5574 9.81187 37762.1 2.7879 -1.00392 -1.04982 1.03078 -0.00767385 -1 -1 1 0 0.00666981 0.0846994 -0.0390456 0.00666981 0.0846994 -0.0390456 0 0 0 0.018523 0.0121526 0.0154614 0.3 0.3
52 1 29.8503 -1.42017 -14.9769 35743.2 1.03059 0.794694 1.11526 1.00645 -0.00316977 0.766655 1.23335 1 0 -0.0476664 0.200739 -0.00587237 -0.0476664 0.200739 -0.00587237 0 0 0 -0.00849016 -0.0137478 0.00639811 0.3 0.3
52 2 29.8503 -0.322327 -1.94181 37036.8 -0.185932 1.22567 0.78348 1.15826 -0.00664864 1.23335 0.766655 1 0 0.0130531 -0.028602 -0.201615 0.0130531 -0.028602 -0.201615 0 0 0 -0.0027079 -0.0112154 0.0133128 0.3 0.3
52 0 29.9002 13.607 9.477 37995.5 2.19563 -1.00164 -1.05572 1.02982 -0.00875791 -1 -1 1 0 0.00278631 0.0947227 -0.0369484 0.00278631 0.0947227 -0.0369484 0 0 0 0.0154739 0.0140032 0.0176253 0.3 0.3
52 1 29.9002 -1.30845 -14.7759 35318.5 1.57297 0.788129 1.11547 1.00613 -0.00474622 0.766655 1.23335 1 0 -0.0365065 0.200383 -0.00695409 -0.0365065 0.200383 -0.00695409 0 0 0 -0.00366332 -0.00803792 0.00950728 0.3 0.3
52 2 29.9002 -0.763549 -1.98388 36761.2 0.715363 1.22753 0.784366 1.15447 -0.0056428 1.23335 0.766655 1 0 0.00988535 -0.0301087 -0.197333 0.00988535 -0.0301087 -0.197333 0 0 0 0.00361184 -0.0141207 0.0112605 0.3 0.3
52 0 29.9502 13.422 9.08674 37746.9 2.64128 -0.999208 -1.06208 1.02897 -0.0102642 -1 -1 1 0 -0.00134715 0.105537 -0.036297 -0.00134715 0.105537 -0.036297 0 0 0 0.00808252 0.00644213 0.020555 0.3 0.3
52 1 29.9502 -0.944778 -14.6654 35577.5 1.96209 0.781355 1.11624 1.00581 -0.00643769 0.766655 1.23335 1 0 -0.02499 0.199082 -0.00655054 -0.02499 0.199082 -0.00655054 0 0 0 -0.00559655 -0.00125835 0.012879 0.3 0.3
52 2 29.9502 -0.9677 -2.4751 36740.3 -1.25491 1.22979 0.784432 1.15087 -0.00155504 1.23335 0.766655 1 0 0.0060438 -0.0302208 -0.193203 0.0060438 -0.0302208 -0.193203 0 0 0 -0.00947575 -0.0437326 0.0033181 0.3 0.3
52 0 30.0002 13.2769 8.74423 37729.8 1.22698 -0.996579 -1.06874 1.02821 -0.00888801 -1 -1 1 0 -0.00581501 0.116858 -0.0356997 -0.00581501 0.116858 -0.0356997 0 0 0 0.00872407 0.00218992 0.017786 0.3 0.3
52 1 30.0002 -1.00075 -14.3275 35300.6 1.39664 0.774852 1.1178 1.00576 -0.0066295 0.766655 1.23335 1 0 -0.0139352 0.196428 -0.00781775 -0.0139352 0.196428 -0.00781775 0 0 0 -0.00529147 0.00595033 0.0132435 0.3 0.3
52 2 30.0002 -0.522656 -2.16682 37157.4 -1.28949 1.2315 0.784563 1.14704 0.0011577 1.23335 0.766655 1 0 0.00314015 -0.0304436 -0.186834 0.00314015 -0.0304436 -0.186834 0 0 0 -0.0104961 -0.0369673 -0.0021218 0.3 0.3
52 0 30.0503 13.5602 8.35461 38068.9 0.806357 -0.994339 -1.07568 1.02724 -0.00728068 -1 -1 1 0 -0.00962362 0.128664 -0.0332587 -0.00962362 0.128664 -0.0332587 0 0 0 0.00718125 -0.00415717 0.0145467 0.3 0.3
52 1 30.0503 -0.847414 -14.2164 35624.4 2.19874 0.768634 1.11987 1.00564 -0.00808182 0.766655 1.23335 1 0 -0.003365 0.192908 -0.00726571 -0.003365 0.192908 -0.00726571 0 0 0 -0.0023297 0.00885759 0.0161537 0.3 0.3
52 2 30.0503 -0.501293 -2.06327 37135.9 -0.51886 1.23286 0.784811 1.14313 0.001559 1.23335 0.766655 1 0 0.000818121 -0.0308648 -0.180837 0.000818121 -0.0308648 -0.180837 0 0 0 0.00494504 -0.00978464 -0.00314223 0.3 0.3
52 0 30.1002 13.5753 8.21048 38124.1 2.50098 -0.992422 -1.08264 1.02606 -0.00902163 -1 -1 1 0 -0.0128826 0.140486 -0.0306052 -0.0128826 0.140486 -0.0306052 0 0 0 0.00529147 -0.00361759 0.018034 0.3 0.3
52 1 30.1002 -0.791328 -13.9683 35459.8 1.43336 0.762719 1.12252 1.00561 -0.00776985 0.766655 1.23335 1 0 0.00669017 0.188397 -0.00773981 0.00669017 0.188397 -0.00773981 0 0 0 0.000759547 0.0157726 0.0155463 0.3 0.3
52 2 30.1002 -1.20102 -2.82463 36299.1 -1.90748 1.23498 0.783997 1.13987 0.00436357 1.23335 0.766655 1 0 -0.00277436 -0.0294818 -0.179519 -0.00277436 -0.0294818 -0.179519 0 0 0 -0.0122476 -0.0436942 -0.0084618 0.3 0.3
52 0 30.1502 13.5082 7.73185 37652.6 1.05712 -0.990613 -1.08987 1.02514 -0.00779057 -1 -1 1 0 -0.0159577 0.152773 -0.0305567 -0.0159577 0.152773 -0.0305567 0 0 0 0.00454059 -0.0147086 0.0155484 0.3 0.3
52 1 30.1502 -0.938784 -13.7674 35461.5 2.42082 0.757489 1.12568 1.00566 -0.00928576 0.766655 1.23335 1 0 0.0155821 0.183025 -0.00817329 0.0155821 0.183025 -0.00817329 0 0 0 -0.0105895 0.0276742 0.0184273 0.3 0.3
52 2 30.1502 -0.43498 -2.14026 37442.2 -1.6151 1.2362 0.783746 1.13613 0.00543315 1.23335 0.766655 1 0 -0.00485158 -0.0290552 -0.171826 -0.00485158 -0.0290552 -0.171826 0 0 0 0.00895155 -0.0335714 -0.0110183 0.3 0.3
52 0 30.2002 13.6844 7.95894 38339.6 4.30695 -0.989307 -1.09667 1.02379 -0.0123378 -1 -1 1 0 -0.0181775 0.164345 -0.0266093 -0.0181775 0.164345 -0.0266093 0 0 0 -0.0112312 -0.00723503 0.0247174 0.3 0.3
52 1 30.2002 -0.792277 -13.5238 35673.4 2.05877 0.752602 1.12935 1.00559 -0.00958397 0.766655 1.23335 1 0 0.0238899 0.176788 -0.00745109 0.0238899 0.176788 -0.00745109 0 0 0 -0.00235563 0.0192894 0.0191464 0.3 0.3
52 2 30.2002 -0.665688 -2.74115 36822.2 -1.23016 1.23734 0.782837 1.1326 0.00566536 1.23335 0.766655 1 0 -0.00678593 -0.0275104 -0.167947 -0.00678593 -0.0275104 -0.167947 0 0 0 0.00713506 -0.0315971 -0.011445 0.3 0.3
52 0 30.2502 13.8276 7.47595 37890.4 1.93423 -0.988453 -1.10358 1.02255 -0.0114568 -1 -1 1 0 -0.0196305 0.176088 -0.025338 -0.0196305 0.176088 -0.025338 0 0 0 -0.00799701 -0.00262367 0.0229248 0.3 0.3
52 1 30.2502 -1.12898 -13.1894 35407.6 1.29358 0.748547 1.13364 1.00565 -0.00861191 0.766655 1.23335 1 0 0.0307837 0.169498 -0.00824978 0.0307837 0.169498 -0.00824978 0 0 0 -0.00943122 0.0321244 0.0170749 0.3 0.3
52 2 30.2502 -0.518025 -2.91568 36808.7 -2.25579 1.23813 0.781454 1.12922 0.00755725 1.23335 0.766655 1 0 -0.00812852 -0.0251583 -0.164037 -0.00812852 -0.0251583 -0.164037 0 0 0 0.00400989 -0.0185527 -0.0151525 0.3 0.3
52 0 30.3002 14.0127 7.30881 37841.4 2.95362 -0.988132 -1.11041 1.0214 -0.0125386 -1 -1 1 0 -0.0201755 0.187689 -0.024234 -0.0201755 0.187689 -0.024234 0 0 0 -0.0121775 -0.00795528 0.0251269 0.3 0.3
52 1 30.3002 -0.982991 -13.0246 35734.8 2.41829 0.7449 1.1383 1.00554 -0.0097453 0.766655 1.23335 1 0 0.0369831 0.161576 -0.00716479 0.0369831 0.161576 -0.00716479 0 0 0 -0.00420282 0.0237684 0.0194424 0.3 0.3
52 2 30.3002 -0.759749 -2.96377 36460 -0.493557 1.23907 0.779837 1.1263 0.00598765 1.23335 0.766655 1 0 -0.00974045 -0.0224092 -0.162202 -0.00974045 -0.0224092 -0.162202 0 0 0 -0.0128332 -0.0355056 -0.0117497 0.3 0.3
52 0 30.3502 14.1231 7.22594 37802.7 1.80742 -0.988208 -1.11688 1.02038 -0.0113659 -1 -1 1 0 -0.020047 0.198692 -0.0234013 -0.020047 0.198692 -0.0234013 0 0 0 -0.00964391 -0.00854103 0.0227739 0.3 0.3
52 1 30.3502 -1.32648 -12.6367 35558.9 1.58132 0.742086 1.14356 1.00544 -0.00911027 0.766655 1.23335 1 0 0.0417661 0.152629 -0.00712409 0.0417661 0.152629 -0.00712409 0 0 0 0.000944325 0.0204909 0.0182314 0.3 0.3
52 2 30.3502 -0.438013 -2.87361 36856.2 -1.17289 1.23958 0.778293 1.12339 0.00606856 1.23335 0.766655 1 0 -0.0105928 -0.0197851 -0.15824 -0.0105928 -0.0197851 -0.15824 0 0 0 -0.0162136 -0.0491472 -0.0117427 0.3 0.3
52 0 30.4002 14.3515 7.06206 38004.3 2.80468 -0.98881 -1.12309 1.01928 -0.0122418 -1 -1 1 0 -0.0190235 0.209246 -0.021516 -0.0190235 0.209246 -0.021516 0 0 0 -0.0112188 -0.00799569 0.0245297 0.3 0.3
52 1 30.4002 -1.32383 -12.3886 35578.6 1.30987 0.739758 1.14924 1.00533 -0.00828698 0.766655 1.23335 1 0 0.0457249 0.142984 -0.00690961 0.0457249 0.142984 -0.00690961 0 0 0 -0.00493852 0.0215733 0.0165219 0.3 0.3
52 2 30.4002 -0.146092 -2.81606 37394.3 -0.198143 1.23947 0.776924 1.12008 0.00428217 1.23335 0.766655 1 0 -0.0104141 -0.0174569 -0.151531 -0.0104141 -0.0174569 -0.151531 0 0 0 -0.00374821 -0.0391137 -0.00849271 0.3 0.3
52 0 30.4502 14.4177 6.96695 37841.8 2.68797 -0.989728 -1.12896 1.01829 -0.0126184 -1 -1 1 0 -0.0174619 0.219226 -0.0206325 -0.0174619 0.219226 -0.0206325 0 0 0 -0.0223761 -0.00663972 0.0253135 0.3 0.3
52 1 30.4502 -1.52971 -12.0083 35574.3 0.456268 0.738003 1.15545 1.00521 -0.00624587 0.766655 1.23335 1 0 0.0487084 0.13242 -0.00672231 0.0487084 0.13242 -0.00672231 0 0 0 0.00358096 0.0226033 0.0125331 0.3 0.3
52 2 30.4502 -0.316306 -3.00586 36948.4 0.589237 1.23935 0.775413 1.11685 0.00184859 1.23335 0.766655 1 0 -0.0102136 -0.0148897 -0.147438 -0.0102136 -0.0148897 -0.147438 0 0 0 -0.000216636 -0.0255586 -0.00369471 0.3 0.3
52 0 30.5002 14.7066 6.70395 38113.8 0.800355 -0.991112 -1.13456 1.01714 -0.00976204 -1 -1 1 0 -0.0151103 0.22876 -0.0182442 -0.0151103 0.22876 -0.0182442 0 0 0 -0.0165435 -0.00240722 0.019545 0.3 0.3
52 1 30.5002 -1.71421 -11.6884 35426.9 1.34125 0.736874 1.16212 1.00522 -0.0064066 0.766655 1.23335 1 0 0.0506275 0.121086 -0.00735309 0.0506275 0.121086 -0.00735309 0 0 0 0.000984375 0.0242281 0.0128262 0.3 0.3
52 2 30.5002 -0.344662 -3.44761 36470.8 0.480411 1.23926 0.773299 1.11409 0.000564735 1.23335 0.766655 1 0 -0.0100483 -0.0112954 -0.145929 -0.0100483 -0.0112954 -0.145929 0 0 0 -0.015735 -0.0339279 -0.00086271 0.3 0.3
52 0 30.5502 14.8485 6.81868 38133.9 2.49179 -0.992866 -1.13958 1.01586 -0.010665 -1 -1 1 0 -0.0121284 0.237279 -0.015842 -0.0121284 0.237279 -0.015842 0 0 0 -0.0233109 -0.000496527 0.0213377 0.3 0.3
52 1 30.5502 -1.89695 -11.3947 35527.7 0.855552 0.736333 1.16917 1.00524 -0.00568495 0.766655 1.23335 1 0 0.0515463 0.109104 -0.00740524 0.0515463 0.109104 -0.00740524 0 0 0 0.003441 0.0174877 0.0114005 0.3 0.3
52 2 30.5502 0.226991 -2.78408 36917.7 1.10421 1.23837 0.771952 1.11131 -0.00154264 1.23335 0.766655 1 0 -0.00854681 -0.00900471 -0.141958 -0.00854681 -0.00900471 -0.141958 0 0 0 -0.00543023 -0.0109677 0.00311512 0.3 0.3
52 0 30.6003 14.9989 6.40439 37810.8 0.155581 -0.994862 -1.14445 1.01478 -0.00733692 -1 -1 1 0 -0.00873467 0.245558 -0.0152503 -0.00873467 0.245558 -0.0152503 0 0 0 -0.0213943 -0.00668022 0.0147464 0.3 0.3
52 1 30.6003 -1.93917 -11.1819 35407.9 0.0943906 0.736115 1.17638 1.00537 -0.00392901 0.766655 1.23335 1 0 0.0519176 0.0968417 -0.00816355 0.0519176 0.0968417 -0.00816355 0 0 0 0.00746228 0.0162613 0.00791903 0.3 0.3
52 2 30.6003 -0.184414 -3.23089 36683.9 2.24128 1.23782 0.770338 1.10877 -0.00472812 1.23335 0.766655 1 0 -0.00759939 -0.00626166 -0.139542 -0.00759939 -0.00626166 -0.139542 0 0 0 -0.0100006 -0.0163134 0.00953828 0.3 0.3
52 0 30.6502 15.2452 6.85652 38339.3 2.33252 -0.997265 -1.14833 1.01337 -0.00882783 -1 -1 1 0 -0.00464923 0.252153 -0.0117 -0.00464923 0.252153 -0.0117 0 0 0 -0.0252846 0.00417889 0.0176045 0.3 0.3
52 1 30.6502 -2.19287 -10.8105 35550.7 0.634658 0.736434 1.18391 1.00546 -0.00365196 0.766655 1.23335 1 0 0.0513755 0.0840339 -0.00811338 0.0513755 0.0840339 -0.00811338 0 0 0 0.010492 0.0173062 0.0073951 0.3 0.3
52 2 30.6502 -0.0992356 -3.25495 37375.6 2.1052 1.23728 0.768677 1.10581 -0.00667759 1.23335 0.766655 1 0 -0.00668987 -0.00343816 -0.13332 -0.00668987 -0.00343816 -0.13332 0 0 0 -0.00441729 -0.00785597 0.0133728 0.3 0.3
52 0 30.7002 15.1921 6.51918 37876.1 0.571687 -0.999626 -1.1519 1.01215 -0.00687151 -1 -1 1 0 -0.000636441 0.258222 -0.0108817 -0.000636441 0.258222 -0.0108817 0 0 0 -0.028299 0.00703768 0.013645 0.3 0.3
52 1 30.7002 -2.35538 -10.7105 35656.3 0.278957 0.737203 1.19141 1.00544 -0.00288417 0.766655 1.23335 1 0 0.0500683 0.0712953 -0.0075147 0.0500683 0.0712953 -0.0075147 0 0 0 0.0102831 0.0182402 0.00586245 0.3 0.3
52 2 30.7002 0.0371073 -3.18396 37272.6 3.00735 1.23662 0.767165 1.10265 -0.00942763 1.23335 0.766655 1 0 -0.00556777 -0.000867266 -0.127883 -0.00556777 -0.000867266 -0.127883 0 0 0 -0.00804318 -0.0170202 0.0189248 0.3 0.3
52 0 30.7503 15.4406 6.52044 38100.5 1.01428 -1.00222 -1.155 1.01086 -0.00627659 -1 -1 1 0 0.00377041 0.263501 -0.0087406 0.00377041 0.263501 -0.0087406 0 0 0 -0.0241071 0.00641248 0.0124769 0.3 0.3
52 1 30.7503 -2.45449 -10.3567 35585.6 0.913292 0.738323 1.1991 1.00539 -0.00341375 0.766655 1.23335 1 0 0.0481637 0.0582186 -0.00730587 0.0481637 0.0582186 -0.00730587 0 0 0 0.0144213 0.0173949 0.00695339 0.3 0.3
52 2 30.7503 -0.164898 -3.51109 36837.3 1.93879 1.23623 0.76532 1.09969 -0.0092096 1.23335 0.766655 1 0 -0.00490407 0.00226954 -0.124811 -0.00490407 0.00226954 -0.124811 0 0 0 -0.0256191 -0.0509164 0.0190793 0.3 0.3
52 0 30.8002 15.5455 6.55585 37796.1 0.334107 -1.0049 -1.15752 1.0098 -0.0047334 -1 -1 1 0 0.00832753 0.267787 -0.00841828 0.00832753 0.267787 -0.00841828 0 0 0 -0.0211846 0.0030632 0.00943493 0.3 0.3
52 1 30.8002 -2.56883 -10.1151 35533.2 -1.01199 0.739652 1.20683 1.00536 -0.000552343 0.766655 1.23335 1 0 0.0459046 0.0450692 -0.00734656 0.0459046 0.0450692 -0.00734656 0 0 0 0.0182333 0.0179011 0.00126798 0.3 0.3
52 2 30.8002 0.404015 -3.03896 37528.9 3.4864 1.23517 0.764082 1.09631 -0.0119516 1.23335 0.766655 1 0 -0.00311036 0.00437443 -0.117876 -0.00311036 0.00437443 -0.117876 0 0 0 -0.0196479 -0.0433015 0.0243361 0.3 0.3
52 0 30.8503 15.6704 6.96588 38189.7 2.46297 -1.00774 -1.15909 1.00858 -0.00736183 -1 -1 1 0 0.0131503 0.270461 -0.00591246 0.0131503 0.270461 -0.00591246 0 0 0 -0.02847 0.0157204 0.0145019 0.3 0.3
52 1 30.8503 -3.08507 -10.0922 35121.2 0.523224 0.741792 1.21432 1.0057 -0.00118418 0.766655 1.23335 1 0 0.042266 0.0323493 -0.0096622 0.042266 0.0323493 -0.0096622 0 0 0 0.0280529 0.0158069 0.0025904 0.3 0.3
52 2 30.8503 0.697839 -3.02293 36940 2.76102 1.23349 0.76315 1.09312 -0.0126716 1.23335 0.766655 1 0 -0.000240755 0.00595737 -0.114419 -0.000240755 0.00595737 -0.114419 0 0 0 -0.00864272 -0.0192363 0.0254285 0.3 0.3
52 0 30.9002 15.5771 6.50544 37702 0.0908388 -1.01032 -1.16061 1.00768 -0.00503978 -1 -1 1 0 0.0175417 0.273031 -0.00628009 0.0175417 0.273031 -0.00628009 0 0 0 -0.0251136 0.00912148 0.00996595 0.3 0.3
52 1 30.9002 -3.06308 -9.93325 35416.5 -0.0940017 0.744152 1.22158 1.00606 -0.000597982 0.766655 1.23335 1 0 0.0382544 0.0199995 -0.0102833 0.0382544 0.0199995 -0.0102833 0 0 0 0.0280414 0.0153482 0.00141133 0.3 0.3
52 2 30.9002 0.165465 -3.63164 36585.2 2.259 1.23235 0.761575 1.09037 -0.0119743 1.23335 0.766655 1 0 0.00168366 0.00863506 -0.112861 0.00168366 0.00863506 -0.112861 0 0 0 -0.0270871 -0.0386342 0.0244792 0.3 0.3
52 0 30.9502 15.808 6.95761 38447.8 1.40712 -1.01302 -1.16127 1.00639 -0.00577604 -1 -1 1 0 0.0221371 0.274152 -0.00245911 0.0221371 0.274152 -0.00245911 0 0 0 -0.0290663 0.0150842 0.0113344 0.3 0.3
52 1 30.9502 -3.23274 -9.91743 35310.7 0.601627 0.746798 1.22843 1.00655 -0.00137954 0.766655 1.23335 1 0 0.033756 0.00836097 -0.0116038 0.033756 0.00836097 -0.0116038 0 0 0 0.0371898 0.010008 0.00294572 0.3 0.3
52 2 30.9502 0.914978 -2.97184 37617.4 1.86284 1.2304 0.760737 1.08712 -0.0112433 1.23335 0.766655 1 0 0.00501107 0.0100598 -0.105663 0.00501107 0.0100598 -0.105663 0 0 0 -0.0126547 -0.00699584 0.0225318 0.3 0.3
52 0 31.0003 15.709 6.78808 37953 1.81347 -1.01551 -1.16171 1.00524 -0.00690496 -1 -1 1 0 0.0263667 0.274905 -0.00160806 0.0263667 0.274905 -0.00160806 0 0 0 -0.0252551 0.0166201 0.0136017 0.3 0.3
52 1 31.0003 -3.3886 -9.66478 35424.4 -1.0239 0.749629 1.23512 1.00703 0.000846401 0.766655 1.23335 1 0 0.0289446 -0.00301187 -0.0122719 0.0289446 -0.00301187 -0.0122719 0 0 0 0.0394679 0.0123967 -0.00144849 0.3 0.3
52 2 31.0003 0.065197 -3.48169 36344.7 1.00791 1.2294 0.759531 1.0846 -0.00900326 1.23335 0.766655 1 0 0.00670892 0.0121108 -0.105873 0.00670892 0.0121108 -0.105873 0 0 0 -0.0293894 -0.025336 0.0183825 0.3 0.3
52 0 31.0502 15.8433 6.8052 37953.2 1.84622 -1.01799 -1.16191 1.0042 -0.00769058 -1 -1 1 0 0.0305763 0.275242 -0.000662745 0.0305763 0.275242 -0.000662745 0 0 0 -0.0187276 0.0174011 0.0152196 0.3 0.3
52 1 31.0502 -3.70024 -9.98975 35514.1 0.536158 0.752889 1.24095 1.00744 -0.000341632 0.766655 1.23335 1 0 0.0234014 -0.0129252 -0.0124588 0.0234014 -0.0129252 -0.0124588 0 0 0 0.0430455 0.00625054 0.000817976 0.3 0.3
52 2 31.0502 0.685483 -2.93296 37480.8 1.57723 1.22793 0.759018 1.08166 -0.00875615 1.23335 0.766655 1 0 0.00920767 0.0129831 -0.0995973 0.00920767 0.0129831 -0.0995973 0 0 0 -0.0139318 -0.000137367 0.0175139 0.3 0.3
52 0 31.1002 15.6868 6.86756 37931.9 1.35136 -1.0201 -1.16177 1.00327 -0.00740129 -1 -1 1 0 0.0341706 0.275001 7.90362e-05 0.0341706 0.275001 7.90362e-05 0 0 0 -0.0203164 0.0150839 0.0146507 0.3 0.3
52 1 31.1002 -3.80018 -9.8288 35556.5 -0.0406514 0.756345 1.24638 1.00775 -0.000125905 0.766655 1.23335 1 0 0.0175261 -0.0221669 -0.0123933 0.0175261 -0.0221669 -0.0123933 0 0 0 0.0403122 0.00782226 0.000409551 0.3 0.3
52 2 31.1002 -0.115571 -3.35204 36373.1 1.56488 1.2275 0.758238 1.0794 -0.00824119 1.23335 0.766655 1 0 0.00993317 0.014309 -0.0998655 0.00993317 0.014309 -0.0998655 0 0 0 -0.0312006 -0.0259873 0.0168914 0.3 0.3
52 0 31.1502 15.7543 6.78532 38143.2 0.970277 -1.02203 -1.16145 1.00225 -0.00652034 -1 -1 1 0 0.0374469 0.274457 0.00191697 0.0374469 0.274457 0.00191697 0 0 0 -0.00695341 0.0114208 0.0130014 0.3 0.3
52 1 31.1502 -3.85018 -10.0602 35551.6 -0.0506245 0.759807 1.25102 1.00798 -5.76661e-05 0.766655 1.23335 1 0 0.0116404 -0.030046 -0.0123131 0.0116404 -0.030046 -0.0123131 0 0 0 0.0472438 -0.000475761 0.000104124 0.3 0.3
52 2 31.1502 0.309273 -3.01172 37369.8 0.533934 1.2269 0.757889 1.07679 -0.00634407 1.23335 0.766655 1 0 0.0109637 0.0149024 -0.0944446 0.0109637 0.0149024 -0.0944446 0 0 0 -0.0257401 -0.0270348 0.0130384 0.3 0.3
52 0 31.2003 15.7961 6.71034 37997.2 0.898382 -1.0238 -1.16101 1.00132 -0.00584702 -1 -1 1 0 0.0404641 0.273724 0.00283666 0.0404641 0.273724 0.00283666 0 0 0 -0.00829242 0.0082627 0.0116601 0.3 0.3
52 1 31.2003 -4.18613 -9.9664 35198.6 -0.39808 0.76359 1.25521 1.00844 0.000768522 0.766655 1.23335 1 0 0.00520977 -0.0371646 -0.0141509 0.00520977 -0.0371646 -0.0141509 0 0 0 0.0396144 0.0138846 -0.00126233 0.3 0.3
52 2 31.2003 0.122639 -3.10859 36859.9 0.577861 1.22654 0.757599 1.07439 -0.00501851 1.23335 0.766655 1 0 0.0115635 0.0153946 -0.0922085 0.0115635 0.0153946 -0.0922085 0 0 0 -0.0295897 -0.0383168 0.010607 0.3 0.3
52 0 31.2502 15.7837 6.88953 38176.6 1.22307 -1.02539 -1.16019 1.00029 -0.0059524 -1 -1 1 0 0.0431626 0.272322 0.00473687 0.0431626 0.272322 0.00473687 0 0 0 -0.0150153 0.00738957 0.0118498 0.3 0.3
52 1 31.2502 -4.21376 -10.2607 35522.8 0.039871 0.76735 1.25852 1.0088 0.000356172 0.766655 1.23335 1 0 -0.00118189 -0.0428052 -0.0140931 -0.00118189 -0.0428052 -0.0140931 0 0 0 0.0430363 3.247e-05 -0.000711811 0.3 0.3
52 2 31.2502 0.534959 -2.60689 37603.9 1.59936 1.22574 0.758065 1.07155 -0.00617333 1.23335 0.766655 1 0 0.0129242 0.0146035 -0.0858459 0.0129242 0.0146035 -0.0858459 0 0 0 -0.00907381 -0.00912323 0.0123884 0.3 0.3
52 0 31.3002 16.008 6.75853 38192 1.69386 -1.02713 -1.15935 0.999189 -0.00680502 -1 -1 1 0 0.0461245 0.270891 0.00663441 0.0461245 0.270891 0.00663441 0 0 0 -0.0113261 0.0113481 0.0135463 0.3 0.3
52 1 31.3002 -4.45481 -10.3676 35395.8 -0.232485 0.771297 1.26115 1.00919 0.000764768 0.766655 1.23335 1 0 -0.00789132 -0.0472759 -0.0148113 -0.00789132 -0.0472759 -0.0148113 0 0 0 0.0398843 0.014054 -0.00124957 0.3 0.3
52 2 31.3002 0.125701 -3.13715 36984.4 0.879543 1.22538 0.758102 1.06888 -0.00558175 1.23335 0.766655 1 0 0.0135471 0.0145396 -0.0830852 0.0135471 0.0145396 -0.0830852 0 0 0 -0.00845092 -0.00631899 0.0111904 0.3 0.3
52 0 31.3503 15.9037 6.82291 37713 1.05182 -1.02868 -1.15829 0.998455 -0.00629492 -1 -1 1 0 0.0487489 0.269101 0.00583196 0.0487489 0.269101 0.00583196 0 0 0 -0.0128524 0.00840545 0.0125363 0.3 0.3
52 1 31.3503 -4.51874 -10.5762 35244.3 -0.147487 0.775221 1.26302 1.00973 0.000787225 0.766655 1.23335 1 0 -0.0145617 -0.0504457 -0.0163095 -0.0145617 -0.0504457 -0.0163095 0 0 0 0.0398528 0.0125469 -0.00132474 0.3 0.3
52 2 31.3503 -0.0986451 -3.19708 36827.1 0.471836 1.22551 0.757914 1.06648 -0.00439262 1.23335 0.766655 1 0 0.0133264 0.0148592 -0.081098 0.0133264 0.0148592 -0.081098 0 0 0 -0.0230333 -0.0212253 0.00903081 0.3 0.3
52 0 31.4003 16.0379 6.95745 37816.2 1.74299 -1.03026 -1.15694 0.997914 -0.00711821 -1 -1 1 0 0.0514342 0.266801 0.00562692 0.0514342 0.266801 0.00562692 0 0 0 -0.0137332 0.00961666 0.014171 0.3 0.3
52 1 31.4003 -4.70799 -10.6345 35226.6 0.033931 0.779238 1.26435 1.01039 0.00043497 0.766655 1.23335 1 0 -0.0213909 -0.0527035 -0.017871 -0.0213909 -0.0527035 -0.017871 0 0 0 0.0341527 0.00602004 -0.00076726 0.3 0.3
52 2 31.4003 0.395612 -2.67407 37235.8 -0.42515 1.22513 0.758371 1.06394 -0.00225994 1.23335 0.766655 1 0 0.0139595 0.0140816 -0.0769154 0.0139595 0.0140816 -0.0769154 0 0 0 -0.0145152 -0.00699372 0.00457079 0.3 0.3
52 0 31.4503 16.13 6.85519 37958.2 1.46714 -1.03188 -1.15556 0.997422 -0.00720625 -1 -1 1 0 0.054193 0.264448 0.00606487 0.054193 0.264448 0.00606487 0 0 0 -0.0154425 0.00982254 0.0143374 0.3 0.3
52 1 31.4503 -4.82566 -10.8185 35186.2 -0.712094 0.783195 1.26505 1.01119 0.00148011 0.766655 1.23335 1 0 -0.0281177 -0.053904 -0.0196442 -0.0281177 -0.053904 -0.0196442 0 0 0 0.0295021 0.0059235 -0.00287317 0.3 0.3
52 2 31.4503 -0.174534 -2.72509 36807.5 0.857412 1.22541 0.758989 1.06174 -0.0029255 1.23335 0.766655 1 0 0.0134955 0.0130311 -0.0753664 0.0134955 0.0130311 -0.0753664 0 0 0 -0.0114649 -0.00751397 0.00589423 0.3 0.3
52 0 31.5003 16.1773 6.95711 38239.4 1.08555 -1.03348 -1.15393 0.996743 -0.00661421 -1 -1 1 0 0.0569149 0.261689 0.00795847 0.0569149 0.261689 0.00795847 0 0 0 -0.00975179 0.0107335 0.0131765 0.3 0.3
52 1 31.5003 -4.98949 -10.8653 35163 -2.06058 0.787105 1.26532 1.01211 0.00443797 0.766655 1.23335 1 0 -0.0347659 -0.0543519 -0.0215443 -0.0347659 -0.0543519 -0.0215443 0 0 0 0.0261991 0.00696432 -0.00878555 0.3 0.3
52 2 31.5003 0.0189453 -2.87725 37247.2 -0.224548 1.22565 0.759471 1.05939 -0.00155219 1.23335 0.766655 1 0 0.0130895 0.0122125 -0.0713626 0.0130895 0.0122125 -0.0713626 0 0 0 -0.0124282 -0.0121169 0.0031798 0.3 0.3
52 0 31.5502 16.1778 6.77194 38021 1.44794 -1.03498 -1.15245 0.996119 -0.00681636 -1 -1 1 0 0.0594588 0.259165 0.00855262 0.0594588 0.259165 0.00855262 0 0 0 -0.00331647 0.0135776 0.0136106 0.3 0.3
52 1 31.5502 -5.04725 -10.9785 35166.5 0.793877 0.790955 1.26521 1.01311 0.00165546 0.766655 1.23335 1 0 -0.0413103 -0.0541721 -0.0234082 -0.0413103 -0.0541721 -0.0234082 0 0 0 0.0243483 0.00807265 -0.00321291 0.3 0.3
52 2 31.5502 -0.221613 -2.74331 37119.1 1.49948 1.22624 0.760076 1.05707 -0.00337291 1.23335 0.766655 1 0 0.0120771 0.0111842 -0.0682784 0.0120771 0.0111842 -0.0682784 0 0 0 -0.0228053 -0.0324711 0.00711746 0.3 0.3
52 0 31.6002 16.0768 7.0449 38094.8 2.47176 -1.03623 -1.15067 0.995469 -0.00869219 -1 -1 1 0 0.0615982 0.256143 0.00959499 0.0615982 0.256143 0.00959499 0 0 0 -0.00914446 0.0140761 0.0173209 0.3 0.3
52 1 31.6002 -4.96593 -10.9684 35415.5 -0.249202 0.794485 1.26493 1.01398 0.00152711 0.766655 1.23335 1 0 -0.0473106 -0.0536902 -0.0238681 -0.0473106 -0.0536902 -0.0238681 0 0 0 0.0228362 0.00725035 -0.00297164 0.3 0.3
52 2 31.6002 0.376682 -2.37575 37569.8 0.0744135 1.22611 0.761226 1.05436 -0.00247326 1.23335 0.766655 1 0 0.012304 0.00922935 -0.0626848 0.012304 0.00922935 -0.0626848 0 0 0 -0.0143028 -0.00497923 0.00498228 0.3 0.3
52 0 31.6502 16.1908 6.89348 37955 1.2885 -1.03745 -1.14894 0.994928 -0.00793949 -1 -1 1 0 0.0636601 0.253197 0.00980396 0.0636601 0.253197 0.00980396 0 0 0 -0.00390562 0.0175871 0.0158454 0.3 0.3
52 1 31.6502 -5.25391 -11.2197 35263.2 1.04942 0.798139 1.26423 1.01485 -0.000722578 0.766655 1.23335 1 0 -0.0535228 -0.0524992 -0.0251645 -0.0535228 -0.0524992 -0.0251645 0 0 0 0.0239604 0.00446889 0.0014988 0.3 0.3
52 2 31.6502 -0.487194 -2.73836 36492 0.229153 1.22691 0.762036 1.05237 -0.00186064 1.23335 0.766655 1 0 0.0109434 0.00785149 -0.0632621 0.0109434 0.00785149 -0.0632621 0 0 0 -0.0289335 -0.0254216 0.00408979 0.3 0.3
52 0 31.7002 16.1604 7.10056 37974.1 3.43582 -1.03857 -1.14704 0.994459 -0.0110532 -1 -1 1 0 0.0655685 0.249966 0.0101045 0.0655685 0.249966 0.0101045 0 0 0 -0.0126511 0.0142684 0.0220175 0.3 0.3
52 1 31.7002 -5.12937 -11.224 35409.2 -0.159093 0.801472 1.26334 1.01559 -0.000203164 0.766655 1.23335 1 0 -0.0591891 -0.0509843 -0.0255416 -0.0591891 -0.0509843 -0.0255416 0 0 0 0.0228168 0.0054561 0.000468605 0.3 0.3
52 2 31.7002 0.122827 -2.12405 37174.9 0.764503 1.22719 0.763565 1.05027 -0.0026325 1.23335 0.766655 1 0 0.0104708 0.00525193 -0.0599139 0.0104708 0.00525193 -0.0599139 0 0 0 -0.0104369 -0.00185335 0.00527476 0.3 0.3
52 0 31.7502 16.1091 6.86292 38066.3 0.583139 -1.03944 -1.14527 0.993975 -0.00832465 -1 -1 1 0 0.0670533 0.246952 0.0108554 0.0670533 0.246952 0.0108554 0 0 0 -0.00365303 0.0155777 0.0166216 0.3 0.3
52 1 31.7502 -5.19115 -11.4379 35262 0.962022 0.804627 1.26209 1.01635 -0.00180383 0.766655 1.23335 1 0 -0.0645525 -0.0488664 -0.0266982 -0.0645525 -0.0488664 -0.0266982 0 0 0 0.0272882 -0.00632557 0.00352171 0.3 0.3
52 2 31.7502 -0.451904 -2.22747 36521.7 1.14615 1.22809 0.765172 1.04873 -0.00366094 1.23335 0.766655 1 0 0.00893408 0.00252053 -0.0605225 0.00893408 0.00252053 -0.0605225 0 0 0 -0.00666668 -0.00539058 0.00733992 0.3 0.3
52 0 31.8002 16.08 6.94166 37809.1 0.827695 -1.04008 -1.14335 0.993713 -0.00692703 -1 -1 1 0 0.068128 0.243687 0.0101125 0.068128 0.243687 0.0101125 0 0 0 -0.00347418 0.0126896 0.0138324 0.3 0.3
52 1 31.8002 -5.45348 -11.3523 34844.3 -1.90343 0.807782 1.26078 1.01748 0.00205083 0.766655 1.23335 1 0 -0.0699164 -0.0466441 -0.03009 -0.0699164 -0.0466441 -0.03009 0 0 0 0.0155614 0.00785893 -0.00404067 0.3 0.3
52 2 31.8002 -0.66726 -2.67177 36774.1 1.04109 1.22952 0.766146 1.04739 -0.00404115 1.23335 0.766655 1 0 0.00649816 0.000864428 -0.0597082 0.00649816 0.000864428 -0.0597082 0 0 0 -0.0202827 -0.028446 0.00837206 0.3 0.3
52 0 31.8503 16.1828 7.10717 38542.6 3.36644 -1.04075 -1.14128 0.992985 -0.0102686 -1 -1 1 0 0.0692761 0.240171 0.0134562 0.0692761 0.240171 0.0134562 0 0 0 -0.0131382 0.0172593 0.0204254 0.3 0.3
52 1 31.8503 -5.40153 -11.603 34946.4 0.707854 0.810708 1.25917 1.01878 0.000207884 0.766655 1.23335 1 0 -0.0748898 -0.0438973 -0.0327802 -0.0748898 -0.0438973 -0.0327802 0 0 0 0.0138921 0.00829356 -0.000358173 0.3 0.3
52 2 31.8503 -0.0665281 -1.77281 37591.9 0.368986 1.23025 0.768045 1.04557 -0.00340254 1.23335 0.766655 1 0 0.00525932 -0.00236347 -0.0546222 0.00525932 -0.00236347 -0.0546222 0 0 0 -0.00480562 -0.00885863 0.00682647 0.3 0.3
52 0 31.9003 16.061 7.02885 37937 1.07946 -1.04117 -1.13918 0.992448 -0.0086656 -1 -1 1 0 0.069986 0.236598 0.0132587 0.069986 0.236598 0.0132587 0 0 0 -0.0183477 0.0128792 0.0172143 0.3 0.3
52 1 31.9003 -5.34112 -11.5375 35040.9 0.736658 0.813349 1.25758 1.02014 -0.00109602 0.766655 1.23335 1 0 -0.0793797 -0.0411912 -0.0349923 -0.0793797 -0.0411912 -0.0349923 0 0 0 0.0117756 0.00420262 0.00221683 0.3 0.3
52 2 31.9003 -0.578263 -2.37004 36872.3 0.645657 1.23142 0.769413 1.04399 -0.00332439 1.23335 0.766655 1 0 0.00327593 -0.00468875 -0.0536958 0.00327593 -0.00468875 -0.0536958 0 0 0 -0.00711243 -0.0152068 0.00670311 0.3 0.3
52 0 31.9502 16.1606 7.15632 38305.5 0.964226 -1.04155 -1.13682 0.991716 -0.00739991 -1 -1 1 0 0.0706353 0.232593 0.0152589 0.0706353 0.232593 0.0152589 0 0 0 -0.0183964 0.0119986 0.0146905 0.3 0.3
52 1 31.9502 -5.28141 -11.5601 35265.9 1.72467 0.8157 1.25605 1.02135 -0.00360966 0.766655 1.23335 1 0 -0.0833764 -0.0385903 -0.0359381 -0.0833764 -0.0385903 -0.0359381 0 0 0 0.0077488 0.00249492 0.00722905 0.3 0.3
52 2 31.9502 -0.42474 -2.19812 36765 -0.756117 1.23245 0.77076 1.04268 -0.000959707 1.23335 0.766655 1 0 0.00151809 -0.00697967 -0.0532135 0.00151809 -0.00697967 -0.0532135 0 0 0 -0.00309447 -0.0170361 0.00194585 0.3 0.3
52 0 32.0003 16.2009 7.18092 38084 1.48124 -1.04192 -1.13433 0.991042 -0.00740268 -1 -1 1 0 0.0712607 0.228367 0.0159108 0.0712607 0.228367 0.0159108 0 0 0 -0.0146409 0.0102249 0.0147312 0.3 0.3
52 1 32.0003 -5.18373 -11.5687 35492.4 0.330517 0.817622 1.25457 1.02224 -0.00297601 0.766655 1.23335 1 0 -0.0866439 -0.0360774 -0.0355837 -0.0866439 -0.0360774 -0.0355837 0 0 0 0.0175341 -0.00446669 0.00591312 0.3 0.3
52 2 32.0003 -0.40263 -2.04569 36752 -0.277223 1.23337 0.772242 1.0416 -0.000177367 1.23335 0.766655 1 0 -4.19498e-05 -0.00949817 -0.0528931 -4.19498e-05 -0.00949817 -0.0528931 0 0 0 -0.00111161 -0.0102683 0.000360446 0.3 0.3
52 0 32.0503 16.1524 7.30405 38127.9 0.725825 -1.04214 -1.13158 0.990371 -0.00615809 -1 -1 1 0 0.0716382 0.223684 0.0168352 0.0716382 0.223684 0.0168352 0 0 0 -0.0137447 0.0100796 0.0122474 0.3 0.3
52 1 32.0503 -5.57926 -11.6191 35203.8 0.264303 0.819745 1.25311 1.02311 -0.00239369 0.766655 1.23335 1 0 -0.090253 -0.0335959 -0.036744 -0.090253 -0.0335959 -0.036744 0 0 0 0.0110579 0.00777851 0.0048305 0.3 0.3
52 2 32.0503 -0.48787 -2.05719 36381.2 -0.0791013 1.23429 0.773653 1.04106 2.72699e-05 1.23335 0.766655 1 0 -0.00160726 -0.0118972 -0.0547264 -0.00160726 -0.0118972 -0.0547264 0 0 0 -0.00476279 -0.0145776 -1.98257e-05 0.3 0.3
52 0 32.1002 16.1876 7.46667 38010 -0.0142242 -1.04227 -1.12842 0.989814 -0.00409889 -1 -1 1 0 0.0718611 0.218314 0.0170455 0.0718611 0.218314 0.0170455 0 0 0 -0.0133206 0.0117049 0.00812016 0.3 0.3
52 1 32.1002 -5.11691 -11.5955 35381.5 2.51477 0.821273 1.25178 1.0238 -0.00578345 0.766655 1.23335 1 0 -0.0928504 -0.0313399 -0.0367312 -0.0928504 -0.0313399 -0.0367312 0 0 0 0.0116436 0.00577217 0.0116008 0.3 0.3
52 2 32.1002 -0.441269 -2.02985 36996.5 0.302398 1.23512 0.775034 1.04039 -0.000488308 1.23335 0.766655 1 0 -0.00301349 -0.0142454 -0.05321 -0.00301349 -0.0142454 -0.05321 0 0 0 -0.00235347 -0.0152349 0.000994573 0.3 0.3
52 0 32.1502 16.1677 7.69802 37860.2 1.51336 -1.04232 -1.12486 0.989481 -0.00526746 -1 -1 1 0 0.0719481 0.212266 0.0163924 0.0719481 0.212266 0.0163924 0 0 0 -0.0194143 0.0077376 0.0104604 0.3 0.3
52 1 32.1502 -5.60691 -11.7191 35160.8 -0.876013 0.823031 1.25034 1.02451 -0.00239123 0.766655 1.23335 1 0 -0.0958404 -0.0288849 -0.0378938 -0.0958404 -0.0288849 -0.0378938 0 0 0 0.0109088 0.00416921 0.00480528 0.3 0.3
52 2 32.1502 -0.518001 -1.85913 37005.6 0.91093 1.23598 0.776572 1.03966 -0.00184655 1.23335 0.766655 1 0 -0.00447829 -0.0168589 -0.0518586 -0.00447829 -0.0168589 -0.0518586 0 0 0 -0.00184644 -0.0109651 0.00370329 0.3 0.3
52 0 32.2003 16.1829 7.78943 38258 -0.841302 -1.04226 -1.12092 0.988984 -0.00214274 -1 -1 1 0 0.0718393 0.205569 0.0179061 0.0718393 0.205569 0.0179061 0 0 0 -0.0188128 0.0138473 0.00415552 0.3 0.3
52 1 32.2003 -5.45601 -11.5582 35094.8 -0.29435 0.824485 1.24911 1.02529 -0.00108966 0.766655 1.23335 1 0 -0.0983107 -0.026801 -0.039292 -0.0983107 -0.026801 -0.039292 0 0 0 0.00720532 0.00864245 0.00221049 0.3 0.3
52 2 32.2003 -0.446756 -2.16601 37250.8 0.0115542 1.23671 0.777662 1.03865 -0.0012324 1.23335 0.766655 1 0 -0.00571834 -0.0187119 -0.0491167 -0.00571834 -0.0187119 -0.0491167 0 0 0 -0.0039286 -0.017771 0.00249982 0.3 0.3
52 0 32.2502 16.2481 7.8583 37869.7 0.0208921 -1.04219 -1.11679 0.988719 -0.00146792 -1 -1 1 0 0.0717306 0.198548 0.0171202 0.0717306 0.198548 0.0171202 0 0 0 -0.0254503 0.0072499 0.00284384 0.3 0.3
52 1 32.2502 -5.38295 -11.438 35128.2 2.36623 0.82571 1.24825 1.02607 -0.00466121 0.766655 1.23335 1 0 -0.100394 -0.0253364 -0.0404313 -0.100394 -0.0253364 -0.0404313 0 0 0 0.0076728 -0.000110723 0.0093221 0.3 0.3
52 2 32.2502 -0.666739 -1.96358 37117.8 0.703491 1.23765 0.778783 1.03757 -0.00190775 1.23335 0.766655 1 0 -0.00731243 -0.0206187 -0.0471738 -0.00731243 -0.0206187 -0.0471738 0 0 0 -0.00923566 -0.0399225 0.00400068 0.3 0.3
52 0 32.3002 16.2589 8.24676 38180.1 -0.371978 -1.04209 -1.11207 0.988357 -0.000368198 -1 -1 1 0 0.0715537 0.190519 0.0181108 0.0715537 0.190519 0.0181108 0 0 0 -0.0236101 0.00677262 0.000656496 0.3 0.3
52 1 32.3002 -5.60493 -11.4845 35082 -1.4356 0.826926 1.24745 1.0269 -0.000704939 0.766655 1.23335 1 0 -0.102461 -0.0239709 -0.0417931 -0.102461 -0.0239709 -0.0417931 0 0 0 0.00894197 0.00524386 0.00143334 0.3 0.3
52 2 32.3002 -0.317699 -2.05894 37160.2 -0.449284 1.23813 0.779718 1.03637 -0.000417306 1.23335 0.766655 1 0 -0.00814008 -0.0222069 -0.0449137 -0.00814008 -0.0222069 -0.0449137 0 0 0 -0.0163602 -0.0410999 0.00117107 0.3 0.3
52 0 32.3502 16.1929 8.41473 37871.7 -0.393011 -1.04183 -1.10696 0.988206 0.000388476 -1 -1 1 0 0.0711174 0.181835 0.0172668 0.0711174 0.181835 0.0172668 0 0 0 -0.0229723 0.00832318 -0.000872616 0.3 0.3
52 1 32.3502 -5.64368 -11.583 35221.2 -0.291849 0.828059 1.24656 1.02763 2.69616e-05 0.766655 1.23335 1 0 -0.104387 -0.022467 -0.0423175 -0.104387 -0.022467 -0.0423175 0 0 0 0.0100341 0.0072005 -1.77984e-05 0.3 0.3
52 2 32.3502 -0.387282 -1.90144 37129.8 0.205962 1.23851 0.780741 1.03511 -0.000610694 1.23335 0.766655 1 0 -0.00878168 -0.0239466 -0.0428236 -0.00878168 -0.0239466 -0.0428236 0 0 0 -0.0141534 -0.0347333 0.00146743 0.3 0.3
52 0 32.4003 16.3233 8.73309 38013.7 0.400741 -1.0417 -1.10141 0.988092 -0.000441083 -1 -1 1 0 0.0708866 0.172404 0.0172424 0.0708866 0.172404 0.0172424 0 0 0 -0.0213578 0.0116096 0.000758248 0.3 0.3
52 1 32.4003 -5.6827 -11.4245 35356.8 -1.63669 0.82903 1.24586 1.02816 0.00275262 0.766655 1.23335 1 0 -0.106037 -0.0212689 -0.04205 -0.106037 -0.0212689 -0.04205 0 0 0 0.00771463 0.00402499 -0.00548977 0.3 0.3
52 2 32.4003 -0.0948684 -1.82094 37273.6 -0.912343 1.23838 0.781854 1.03366 0.00102692 1.23335 0.766655 1 0 -0.00855795 -0.025839 -0.0399143 -0.00855795 -0.025839 -0.0399143 0 0 0 0.0029826 -0.020578 -0.00208465 0.3 0.3
52 0 32.4502 16.226 8.81368 37708.9 -0.521948 -1.04142 -1.09571 0.988284 0.000594319 -1 -1 1 0 0.0704182 0.162708 0.0154369 0.0704182 0.162708 0.0154369 0 0 0 -0.0187231 0.00427937 -0.00122876 0.3 0.3
52 1 32.4502 -5.63215 -11.4662 35172 -1.07833 0.829733 1.24518 1.02867 0.00362675 0.766655 1.23335 1 0 -0.107233 -0.0201227 -0.0427425 -0.107233 -0.0201227 -0.0427425 0 0 0 0.00995761 0.00149486 -0.00724617 0.3 0.3
52 2 32.4502 -0.432773 -2.15355 36116.2 -0.928623 1.2385 0.782462 1.03309 0.0021841 1.23335 0.766655 1 0 -0.00876486 -0.0268725 -0.0434751 -0.00876486 -0.0268725 -0.0434751 0 0 0 0.00602412 -0.0329607 -0.00446811 0.3 0.3
52 0 32.5002 16.3517 8.99766 38187.4 -2.06169 -1.04117 -1.0897 0.9883 0.00384575 -1 -1 1 0 0.0699902 0.15249 0.016299 0.0699902 0.15249 0.016299 0 0 0 -0.00545236 0.00010972 -0.00769185 0.3 0.3
52 1 32.5002 -5.6599 -11.4148 34959 -1.04604 0.83027 1.24461 1.02935 0.00416625 0.766655 1.23335 1 0 -0.108145 -0.0191489 -0.0444947 -0.108145 -0.0191489 -0.0444947 0 0 0 0.0130262 0.00230887 -0.00831767 0.3 0.3
52 2 32.5002 -0.0714749 -2.05284 36557.1 -1.05391 1.23818 0.782975 1.0328 0.00318475 1.23335 0.766655 1 0 -0.00822701 -0.0277449 -0.0444679 -0.00822701 -0.0277449 -0.0444679 0 0 0 0.00728626 -0.033309 -0.00649181 0.3 0.3
52 0 32.5503 16.2308 9.29355 37840.7 0.155708 -1.04077 -1.08342 0.988502 0.00230406 -1 -1 1 0 0.0693152 0.141822 0.01509 0.0693152 0.141822 0.01509 0 0 0 -0.0136529 -0.000127898 -0.00460737 0.3 0.3
52 1 32.5503 -5.73457 -11.5756 35351.6 -0.834084 0.830758 1.24387 1.0298 0.00415826 0.766655 1.23335 1 0 -0.108975 -0.0178969 -0.0439775 -0.108975 -0.0178969 -0.0439775 0 0 0 0.0152918 -0.00112645 -0.0083254 0.3 0.3
52 2 32.5503 0.091666 -2.24238 36635.4 -0.0160663 1.23748 0.783126 1.0327 0.00214137 1.23335 0.766655 1 0 -0.00702831 -0.0280009 -0.0453089 -0.00702831 -0.0280009 -0.0453089 0 0 0 0.00691139 -0.0277897 -0.00437921 0.3 0.3
52 0 32.6003 16.3908 9.35617 38082.4 -0.662122 -1.04052 -1.07716 0.988627 0.00262955 -1 -1 1 0 0.0688894 0.131174 0.0152999 0.0688894 0.131174 0.0152999 0 0 0 -0.00800617 0.00530774 -0.00528042 0.3 0.3
52 1 32.6003 -5.73736 -11.6506 35246.1 -1.30465 0.831128 1.24298 1.03017 0.00495474 0.766655 1.23335 1 0 -0.109604 -0.016375 -0.04408 -0.109604 -0.016375 -0.04408 0 0 0 0.0196772 0.000252819 -0.0099075 0.3 0.3
52 2 32.6003 -0.0517921 -2.41344 36285.1 0.0440979 1.23683 0.782855 1.03309 0.0014897 1.23335 0.766655 1 0 -0.00591998 -0.0275402 -0.0482226 -0.00591998 -0.0275402 -0.0482226 0 0 0 -0.00857211 -0.0512184 -0.00276083 0.3 0.3
52 0 32.6502 16.4835 9.36485 37619.3 -1.77628 -1.04039 -1.07102 0.989105 0.00472296 -1 -1 1 0 0.0686567 0.120736 0.0128613 0.0686567 0.120736 0.0128613 0 0 0 -0.00754106 -0.00505027 -0.00942701 0.3 0.3
52 1 32.6502 -5.69845 -11.6 35338.7 -1.7494 0.831287 1.24211 1.03038 0.0062268 0.766655 1.23335 1 0 -0.109874 -0.014897 -0.0435554 -0.109874 -0.014897 -0.0435554 0 0 0 0.0186573 0.00369143 -0.0124198 0.3 0.3
52 2 32.6502 0.803759 -2.10566 37614.7 0.776424 1.23505 0.782831 1.03269 -0.000374964 1.23335 0.766655 1 0 -0.00288967 -0.0275001 -0.0437563 -0.00288967 -0.0275001 -0.0437563 0 0 0 0.00306659 -0.0221712 0.000715978 0.3 0.3
52 0 32.7002 16.6056 9.72241 38034.9 -1.4615 -1.04042 -1.06462 0.989487 0.00558521 -1 -1 1 0 0.0687202 0.10985 0.0128055 0.0687202 0.10985 0.0128055 0 0 0 -0.00863308 -0.0031903 -0.0111568 0.3 0.3
52 1 32.7002 -5.87127 -11.834 35155.9 -0.965138 0.831556 1.24094 1.03061 0.00575624 0.766655 1.23335 1 0 -0.110332 -0.0129148 -0.0439854 -0.110332 -0.0129148 -0.0439854 0 0 0 0.0201433 0.00164938 -0.0114965 0.3 0.3
52 2 32.7002 0.0407097 -2.61434 36921.9 3.02883 1.23395 0.782164 1.03231 -0.00520182 1.23335 0.766655 1 0 -0.0010305 -0.0263664 -0.0433505 -0.0010305 -0.0263664 -0.0433505 0 0 0 -0.0111677 -0.0312181 0.0105795 0.3 0.3
52 0 32.7503 16.7003 9.96257 37828.2 -0.111802 -1.04069 -1.0581 0.989995 0.00391476 -1 -1 1 0 0.069167 0.0987694 0.0114723 0.069167 0.0987694 0.0114723 0 0 0 -0.00793943 -0.00520676 -0.00780895 0.3 0.3
52 1 32.7503 -5.80021 -11.8351 35176.8 -0.960102 0.831715 1.23971 1.03082 0.00544201 0.766655 1.23335 1 0 -0.110602 -0.0108174 -0.0441963 -0.110602 -0.0108174 -0.0441963 0 0 0 0.0177081 0.00228807 -0.0108642 0.3 0.3
52 2 32.7503 0.55738 -2.34226 37170 3.10213 1.23245 0.781629 1.03169 -0.00861692 1.23335 0.766655 1 0 0.00153025 -0.0254568 -0.0412815 0.00153025 -0.0254568 -0.0412815 0 0 0 -0.011218 -0.0289479 0.0173985 0.3 0.3
52 0 32.8002 16.8849 9.86415 37938.8 -2.79284 -1.04118 -1.05177 0.990494 0.00726608 -1 -1 1 0 0.0699995 0.0880136 0.010809 0.0699995 0.0880136 0.010809 0 0 0 -0.00310181 -0.0102004 -0.0145167 0.3 0.3
52 1 32.8002 -5.73282 -11.8118 35354.4 -2.26485 0.831618 1.23849 1.03085 0.0074043 0.766655 1.23335 1 0 -0.110438 -0.00874723 -0.0433867 -0.110438 -0.00874723 -0.0433867 0 0 0 0.0166464 0.00167262 -0.0147953 0.3 0.3
52 2 32.8002 0.621651 -2.40318 37151.6 1.29097 1.23077 0.781051 1.0309 -0.00796087 1.23335 0.766655 1 0 0.00438101 -0.0244743 -0.0393267 0.00438101 -0.0244743 -0.0393267 0 0 0 0.00349347 -0.0124154 0.0159005 0.3 0.3
52 0 32.8502 16.8518 10.4689 37771.8 -0.470271 -1.04171 -1.045 0.991138 0.0056491 -1 -1 1 0 0.0709066 0.0764981 0.00919057 0.0709066 0.0764981 0.00919057 0 0 0 -0.0169678 -0.00599636 -0.0112478 0.3 0.3
52 1 32.8502 -5.68026 -12.0432 35329.3 -0.244192 0.831362 1.23704 1.03078 0.00533478 0.766655 1.23335 1 0 -0.110003 -0.00627868 -0.0427019 -0.110003 -0.00627868 -0.0427019 0 0 0 0.0166404 -0.00169013 -0.010684 0.3 0.3
52 2 32.8502 0.0315567 -2.84096 36042.4 2.98645 1.22995 0.779877 1.03094 -0.0101222 1.23335 0.766655 1 0 0.00577549 -0.0224771 -0.0434777 0.00577549 -0.0224771 -0.0434777 0 0 0 -0.018194 -0.0326375 0.0205453 0.3 0.3
52 0 32.9002 17.1806 10.4805 38039.2 -2.21027 -1.04263 -1.03822 0.991654 0.00745153 -1 -1 1 0 0.0724651 0.0649789 0.00909903 0.0724651 0.0649789 0.00909903 0 0 0 -0.0145092 -0.00476881 -0.014869 0.3 0.3
52 1 32.9002 -5.65619 -12.0502 35430.1 -2.09288 0.830902 1.23551 1.03051 0.00704143 0.766655 1.23335 1 0 -0.10922 -0.00368509 -0.0413786 -0.10922 -0.00368509 -0.0413786 0 0 0 0.0165939 -0.00234565 -0.0141029 0.3 0.3
52 2 32.9002 0.767954 -2.31195 37072.9 2.60552 1.22846 0.779213 1.03069 -0.0111833 1.23335 0.766655 1 0 0.00829713 -0.0213493 -0.0417296 0.00829713 -0.0213493 -0.0417296 0 0 0 -0.00341668 -0.01023 0.0223848 0.3 0.3
52 0 32.9502 17.262 11.0137 37743.9 -1.07112 -1.04376 -1.031 0.992336 0.00676727 -1 -1 1 0 0.0743901 0.0526964 0.00732026 0.0743901 0.0526964 0.00732026 0 0 0 -0.0214767 -0.00481725 -0.0134837 0.3 0.3
52 1 32.9502 -5.45475 -12.1062 35299.9 -0.099982 0.830117 1.23398 1.0302 0.00480803 0.766655 1.23335 1 0 -0.107887 -0.00107712 -0.0407405 -0.107887 -0.00107712 -0.0407405 0 0 0 0.0183587 -0.0131245 -0.00973718 0.3 0.3
52 2 32.9502 0.054534 -2.83447 35925.9 2.42584 1.22784 0.77805 1.03127 -0.0112915 1.23335 0.766655 1 0 0.00935743 -0.0193716 -0.0466772 0.00935743 -0.0193716 -0.0466772 0 0 0 -0.018904 -0.044338 0.0230091 0.3 0.3
52 0 33.0003 17.4475 11.0975 37875.8 -1.88103 -1.04515 -1.02373 0.993019 0.00764293 -1 -1 1 0 0.0767484 0.0403419 0.00636249 0.0767484 0.0403419 0.00636249 0 0 0 -0.0166219 -0.00272666 -0.0152639 0.3 0.3
52 1 33.0003 -5.6728 -12.1006 35071.2 -1.76554 0.829439 1.23248 1.03005 0.00618077 0.766655 1.23335 1 0 -0.106733 0.00146399 -0.0412977 -0.106733 0.00146399 -0.0412977 0 0 0 0.0154044 -0.00368206 -0.0123904 0.3 0.3
52 2 33.0003 0.638259 -2.49522 37049.4 2.47136 1.22674 0.777195 1.03149 -0.0116147 1.23335 0.766655 1 0 0.0112259 -0.0179176 -0.0451609 0.0112259 -0.0179176 -0.0451609 0 0 0 -0.0166517 -0.0415008 0.0235813 0.3 0.3
52 0 33.0503 17.5225 11.6576 37999.5 -1.18035 -1.04667 -1.01599 0.993598 0.00707797 -1 -1 1 0 0.0793322 0.0271853 0.00606739 0.0793322 0.0271853 0.00606739 0 0 0 -0.0190288 -0.00455262 -0.0141134 0.3 0.3
52 1 33.0503 -5.39154 -12.1282 35370.9 -0.808936 0.828416 1.23107 1.02975 0.00546709 0.766655 1.23335 1 0 -0.104993 0.00387316 -0.0401377 -0.104993 0.00387316 -0.0401377 0 0 0 0.00836798 -0.00722447 -0.0109646 0.3 0.3
52 2 33.0503 0.887369 -2.4625 37125.2 1.78914 1.2252 0.776534 1.0314 -0.010834 1.23335 0.766655 1 0 0.0138402 -0.0167953 -0.0435481 0.0138402 -0.0167953 -0.0435481 0 0 0 -0.00500352 -0.0119589 0.0216988 0.3 0.3
52 0 33.1002 17.6725 11.8518 38080.6 -2.73805 -1.04828 -1.00802 0.994024 0.00924971 -1 -1 1 0 0.082077 0.0136347 0.00623386 0.082077 0.0136347 0.00623386 0 0 0 -0.0169774 0.00415408 -0.0185357 0.3 0.3
52 1 33.1002 -5.41185 -12.0846 35413.4 -1.71889 0.827242 1.22979 1.0293 0.00651597 0.766655 1.23335 1 0 -0.102998 0.0060509 -0.0387977 -0.102998 0.0060509 -0.0387977 0 0 0 0.00250165 -0.00586291 -0.0130394 0.3 0.3
52 2 33.1002 0.526172 -2.65613 36422.6 2.29739 1.22404 0.775719 1.03168 -0.0110433 1.23335 0.766655 1 0 0.0158242 -0.0154092 -0.0457301 0.0158242 -0.0154092 -0.0457301 0 0 0 -0.00994722 -0.00728286 0.0221237 0.3 0.3
52 0 33.1502 17.6132 12.4672 37962.2 0.69994 -1.04989 -0.999635 0.994428 0.00497415 -1 -1 1 0 0.084808 -0.000621343 0.00578404 0.084808 -0.000621343 0.00578404 0 0 0 -0.0212524 0.00733162 -0.0100269 0.3 0.3
52 1 33.1502 -5.17713 -11.9373 35358.9 -2.81286 0.825594 1.22881 1.02879 0.00902996 0.766655 1.23335 1 0 -0.100196 0.00771652 -0.0377263 -0.100196 0.00771652 -0.0377263 0 0 0 0.00204544 -0.00637805 -0.0180668 0.3 0.3
52 2 33.1502 0.249252 -2.65461 36481.8 3.36379 1.22347 0.774892 1.03215 -0.0128445 1.23335 0.766655 1 0 0.0167811 -0.0140033 -0.0473869 0.0167811 -0.0140033 -0.0473869 0 0 0 -0.0248492 -0.0215621 0.0259612 0.3 0.3
52 0 33.2003 17.7015 12.457 37563.3 -2.78161 -1.0514 -0.991318 0.995149 0.00795432 -1 -1 1 0 0.0873872 -0.0147601 0.003189 0.0873872 -0.0147601 0.003189 0 0 0 -0.0191287 0.0060107 -0.0159671 0.3 0.3
52 1 33.2003 -5.28395 -11.8929 35323.1 -2.7719 0.823866 1.22804 1.02824 0.010654 0.766655 1.23335 1 0 -0.0972588 0.00901737 -0.0368026 -0.0972588 0.00901737 -0.0368026 0 0 0 -0.00454808 -0.00610109 -0.0212947 0.3 0.3
52 2 33.2003 0.728245 -2.18217 37481.9 2.99549 1.22252 0.774734 1.03192 -0.0136358 1.23335 0.766655 1 0 0.0184088 -0.013735 -0.043513 0.0184088 -0.013735 -0.043513 0 0 0 -0.0117117 -0.00414724 0.0272973 0.3 0.3
52 0 33.2503 17.8936 12.9955 38122.9 -3.47303 -1.05292 -0.982495 0.995618 0.0110895 -1 -1 1 0 0.0899597 -0.0297592 0.00378781 0.0899597 -0.0297592 0.00378781 0 0 0 -0.0137737 0.00538575 -0.0222171 0.3 0.3
52 1 33.2503 -5.01292 -11.8463 35322.7 -1.58131 0.821788 1.22751 1.02767 0.00973752 0.766655 1.23335 1 0 -0.0937264 0.00992405 -0.0358646 -0.0937264 0.00992405 -0.0358646 0 0 0 -0.00107047 -0.0119291 -0.0194693 0.3 0.3
52 2 33.2503 -0.00200321 -2.73244 36274.4 3.7558 1.22254 0.77411 1.0322 -0.0151066 1.23335 0.766655 1 0 0.0183645 -0.0126744 -0.0465125 0.0183645 -0.0126744 -0.0465125 0 0 0 -0.0254697 -0.0386756 0.0307151 0.3 0.3
52 0 33.3002 17.7931 13.6335 38086.8 0.611584 -1.05434 -0.973227 0.995941 0.00630582 -1 -1 1 0 0.0923813 -0.0455148 0.00406733 0.0923813 -0.0455148 0.00406733 0 0 0 -0.0190594 0.0161071 -0.0127662 0.3 0.3
52 1 33.3002 -4.79157 -11.5823 35368.1 -2.18704 0.819289 1.22748 1.02703 0.0101336 0.766655 1.23335 1 0 -0.0894787 0.00996925 -0.0346678 -0.0894787 0.00996925 -0.0346678 0 0 0 0.000226637 -0.0168095 -0.0202702 0.3 0.3
52 2 33.3002 0.750258 -2.09149 37509.4 3.18503 1.22188 0.774212 1.03177 -0.0155219 1.23335 0.766655 1 0 0.0194854 -0.0128473 -0.0422961 0.0194854 -0.0128473 -0.0422961 0 0 0 -0.00765329 -0.0124918 0.0310937 0.3 0.3
52 0 33.3503 17.6912 13.4769 37527.4 -3.25763 -1.05536 -0.964249 0.996624 0.0096497 -1 -1 1 0 0.0941081 -0.0607774 0.00131582 0.0941081 -0.0607774 0.00131582 0 0 0 -0.00984518 0.0141842 -0.0193702 0.3 0.3
52 1 33.3503 -4.86651 -11.4669 35048.7 -1.96031 0.816798 1.22784 1.02663 0.0100554 0.766655 1.23335 1 0 -0.0852435 0.00935338 -0.0352563 -0.0852435 0.00935338 -0.0352563 0 0 0 -0.0113236 -0.0112942 -0.0200479 0.3 0.3
52 2 33.3503 0.00733344 -2.53219 36215.6 4.18664 1.2221 0.774002 1.03193 -0.0171794 1.23335 0.766655 1 0 0.0191244 -0.0124897 -0.0455158 0.0191244 -0.0124897 -0.0455158 0 0 0 -0.0241102 -0.0262617 0.0346825 0.3 0.3
52 0 33.4003 17.5815 14.3082 37924.3 -0.620027 -1.05603 -0.954762 0.997221 0.00743062 -1 -1 1 0 0.095244 -0.0769038 0.000904276 0.095244 -0.0769038 0.000904276 0 0 0 -0.0136348 0.0173146 -0.0149803 0.3 0.3
52 1 33.4003 -4.50314 -11.3303 35604.9 -2.97159 0.813811 1.22856 1.02591 0.0116416 0.766655 1.23335 1 0 -0.0801663 0.00813501 -0.032706 -0.0801663 0.00813501 -0.032706 0 0 0 -0.0101739 -0.0025642 -0.0232711 0.3 0.3
52 2 33.4003 0.624648 -1.94201 37312.7 4.74393 1.22176 0.774492 1.03155 -0.0194667 1.23335 0.766655 1 0 0.0196983 -0.0133235 -0.0422894 0.0196983 -0.0133235 -0.0422894 0 0 0 -0.00814057 -0.000903223 0.0389398 0.3 0.3
52 0 33.4503 17.6679 14.414 37876.2 -1.6906 -1.05657 -0.94538 0.99781 0.00777542 -1 -1 1 0 0.0961659 -0.0928546 0.000119155 0.0961659 -0.0928546 0.000119155 0 0 0 -0.00781553 0.0179612 -0.0156219 0.3 0.3
52 1 33.4503 -4.18844 -10.875 35317.1 -0.316092 0.8104 1.2301 1.02523 0.00831101 0.766655 1.23335 1 0 -0.0743677 0.0055167 -0.0318879 -0.0743677 0.0055167 -0.0318879 0 0 0 -0.0156109 -0.00629362 -0.0165737 0.3 0.3
52 2 33.4503 -0.0360032 -2.44201 37008.8 4.29213 1.22221 0.774569 1.03106 -0.0201224 1.23335 0.766655 1 0 0.0189301 -0.0134536 -0.0410002 0.0189301 -0.0134536 -0.0410002 0 0 0 -0.00966344 -0.00349316 0.0402649 0.3 0.3
52 0 33.5002 17.5233 14.6483 38051.2 -2.92764 -1.05667 -0.936068 0.998233 0.0100926 -1 -1 1 0 0.0963438 -0.108684 0.000355552 0.0963438 -0.108684 0.000355552 0 0 0 0.00181281 0.0165647 -0.0201713 0.3 0.3
52 1 33.5002 -4.19652 -10.8673 35412.5 -0.657034 0.806982 1.23196 1.02447 0.00663873 0.766655 1.23335 1 0 -0.0685564 0.00235385 -0.0304461 -0.0685564 0.00235385 -0.0304461 0 0 0 -0.00850453 -0.00895673 -0.0132397 0.3 0.3
52 2 33.5002 -0.181562 -2.38318 36741 4.59632 1.22317 0.774584 1.03067 -0.0209719 1.23335 0.766655 1 0 0.0173038 -0.0134791 -0.0410309 0.0173038 -0.0134791 -0.0410309 0 0 0 -0.024267 -0.0175829 0.042165 0.3 0.3
52 0 33.5502 17.5328 14.8238 37974.6 -1.11134 -1.05662 -0.927079 0.998592 0.00859752 -1 -1 1 0 0.0962487 -0.123966 0.000177477 0.0962487 -0.123966 0.000177477 0 0 0 0.00613516 0.0144366 -0.0171515 0.3 0.3
52 1 33.5502 -3.83796 -10.4634 35320.7 1.60956 0.803317 1.23453 1.02373 0.00177041 0.766655 1.23335 1 0 -0.0623259 -0.00201967 -0.0295428 -0.0623259 -0.00201967 -0.0295428 0 0 0 -0.0160134 -0.0100102 -0.00346084 0.3 0.3
52 2 33.5502 -0.209937 -2.04433 37245.7 4.34407 1.22435 0.775031 1.02993 -0.0212477 1.23335 0.766655 1 0 0.015295 -0.0142398 -0.0381764 0.015295 -0.0142398 -0.0381764 0 0 0 -0.0218697 -0.00810681 0.0425901 0.3 0.3
52 0 33.6002 17.1279 15.3556 37899.1 -1.53406 -1.05587 -0.917974 0.998954 0.00828115 -1 -1 1 0 0.0949765 -0.139444 -0.000345971 0.0949765 -0.139444 -0.000345971 0 0 0 0.00199339 0.0153188 -0.0165477 0.3 0.3
52 1 33.6002 -3.5928 -10.3908 35516.8 -1.99421 0.799266 1.23738 1.02284 0.00446476 0.766655 1.23335 1 0 -0.0554393 -0.00685159 -0.0275377 -0.0554393 -0.00685159 -0.0275377 0 0 0 -0.012737 0.00417691 -0.00895634 0.3 0.3
52 2 33.6002 -0.462396 -2.11802 36601.2 4.70842 1.22596 0.775541 1.02948 -0.0219065 1.23335 0.766655 1 0 0.0125489 -0.0151064 -0.0389944 0.0125489 -0.0151064 -0.0389944 0 0 0 -0.0233521 -0.0228613 0.0440893 0.3 0.3
52 0 33.6503 17.3252 15.4527 37933.6 -0.949575 -1.05515 -0.909226 0.999281 0.00712232 -1 -1 1 0 0.0937488 -0.154316 -0.000628534 0.0937488 -0.154316 -0.000628534 0 0 0 0.00498768 0.0196986 -0.0141964 0.3 0.3
52 1 33.6503 -3.50847 -9.81845 35250.5 0.515204 0.795164 1.24106 1.02207 0.00211619 0.766655 1.23335 1 0 -0.0484663 -0.013109 -0.0270658 -0.0484663 -0.013109 -0.0270658 0 0 0 -0.0117856 0.00326718 -0.00425172 0.3 0.3
52 2 33.6503 -0.651398 -2.06482 37009 3.90029 1.22796 0.776149 1.02887 -0.0210071 1.23335 0.766655 1 0 0.00915639 -0.0161403 -0.0373853 0.00915639 -0.0161403 -0.0373853 0 0 0 -0.0284237 -0.0259792 0.0423942 0.3 0.3
52 0 33.7003 17.0809 15.3738 37666.5 -1.81127 -1.05403 -0.901192 0.99981 0.00779728 -1 -1 1 0 0.0918527 -0.167973 -0.00238057 0.0918527 -0.167973 -0.00238057 0 0 0 0.0152181 0.0122283 -0.0155024 0.3 0.3
52 1 33.7003 -3.30968 -9.77168 35485.1 0.0698104 0.790937 1.245 1.02119 0.00127372 0.766655 1.23335 1 0 -0.0412798 -0.019813 -0.0252436 -0.0412798 -0.019813 -0.0252436 0 0 0 -0.0109158 0.00973263 -0.00260063 0.3 0.3
52 2 33.7003 -0.857562 -1.85424 37623.7 4.41273 1.23032 0.777078 1.02763 -0.0213561 1.23335 0.766655 1 0 0.00513651 -0.0177195 -0.0324696 0.00513651 -0.0177195 -0.0324696 0 0 0 -0.0230786 -0.0218558 0.042973 0.3 0.3
52 0 33.7503 17.1918 15.5828 38026.9 -3.56156 -1.05276 -0.893446 1.00017 0.0111293 -1 -1 1 0 0.0896999 -0.181141 -0.00206787 0.0896999 -0.181141 -0.00206787 0 0 0 0.0209013 0.00597357 -0.022198 0.3 0.3
52 1 33.7503 -3.2432 -9.30328 35173.2 2.05089 0.786855 1.24958 1.0205 -0.00254413 0.766655 1.23335 1 0 -0.03434 -0.0275967 -0.0252394 -0.03434 -0.0275967 -0.0252394 0 0 0 -0.00091978 0.00446076 0.00508623 0.3 0.3
52 2 33.7503 -1.00334 -1.85924 37678 5.12978 1.23295 0.778095 1.02586 -0.0227718 1.23335 0.766655 1 0 0.000669575 -0.0194491 -0.027333 0.000669575 -0.0194491 -0.027333 0 0 0 -0.0178526 -0.0208458 0.0457378 0.3 0.3
52 0 33.8003 16.9476 15.9815 38011.7 -0.637609 -1.05121 -0.885855 1.00044 0.00851675 -1 -1 1 0 0.0870496 -0.194046 -0.00190955 0.0870496 -0.194046 -0.00190955 0 0 0 0.016205 0.0147551 -0.0169152 0.3 0.3
52 1 33.8003 -3.04989 -9.13776 35642.6 0.277146 0.782696 1.25447 1.01954 -0.00215893 0.766655 1.23335 1 0 -0.0272704 -0.0359096 -0.0225805 -0.0272704 -0.0359096 -0.0225805 0 0 0 -0.00163994 0.00615915 0.00431283 0.3 0.3
52 2 33.8003 -1.27301 -1.94024 37505.5 3.57447 1.23598 0.779014 1.02379 -0.0211248 1.23335 0.766655 1 0 -0.004487 -0.0210099 -0.0230014 -0.004487 -0.0210099 -0.0230014 0 0 0 -0.0121235 -0.0228919 0.0423951 0.3 0.3
52 0 33.8503 16.8439 15.9073 38007.2 -1.13831 -1.04945 -0.878939 1.00061 0.00758067 -1 -1 1 0 0.0840728 -0.205804 -0.0017178 0.0840728 -0.205804 -0.0017178 0 0 0 0.0108223 0.0164536 -0.0150732 0.3 0.3
52 1 33.8503 -2.80774 -8.8167 35381 0.963838 0.778398 1.2597 1.01863 -0.00303565 0.766655 1.23335 1 0 -0.0199641 -0.0448042 -0.0215141 -0.0199641 -0.0448042 -0.0215141 0 0 0 0.00206218 0.013259 0.00608511 0.3 0.3
52 2 33.8503 -1.16343 -1.70151 37318.6 3.91882 1.23886 0.780163 1.02166 -0.0206673 1.23335 0.766655 1 0 -0.00937405 -0.0229637 -0.0196305 -0.00937405 -0.0229637 -0.0196305 0 0 0 0.00719371 -0.00238432 0.0413293 0.3 0.3
52 0 33.9002 16.9105 15.7725 37690.5 -3.51299 -1.0476 -0.872742 1.00098 0.0109097 -1 -1 1 0 0.0809219 -0.216339 -0.00324116 0.0809219 -0.216339 -0.00324116 0 0 0 0.0211664 0.00516867 -0.0217664 0.3 0.3
52 1 33.9002 -2.74668 -8.5437 35448.2 1.90584 0.774174 1.26526 1.01768 -0.00520759 0.766655 1.23335 1 0 -0.0127819 -0.0542522 -0.0200078 -0.0127819 -0.0542522 -0.0200078 0 0 0 0.00316129 0.00154677 0.0104177 0.3 0.3
52 2 33.9002 -2.0153 -2.58472 36478.8 3.39681 1.24282 0.780145 1.02018 -0.0193224 1.23335 0.766655 1 0 -0.0161061 -0.0229326 -0.0209039 -0.0161061 -0.0229326 -0.0209039 0 0 0 -0.0102116 -0.0415096 0.0388679 0.3 0.3
52 0 33.9503 16.7764 16.1106 37950.5 -0.56503 -1.04567 -0.866899 1.00127 0.00826333 -1 -1 1 0 0.0776433 -0.226271 -0.00324209 0.0776433 -0.226271 -0.00324209 0 0 0 0.0184775 0.0133612 -0.0164045 0.3 0.3
52 1 33.9503 -2.63683 -8.47128 35072 0.710361 0.770022 1.27075 1.01704 -0.00463503 0.766655 1.23335 1 0 -0.00572411 -0.0635843 -0.0206423 -0.00572411 -0.0635843 -0.0206423 0 0 0 0.00978227 0.00941785 0.00931638 0.3 0.3
52 2 33.9503 -1.70418 -2.04344 37356.3 3.01388 1.24652 0.780378 1.01847 -0.017893 1.23335 0.766655 1 0 -0.0223931 -0.0233292 -0.017268 -0.0223931 -0.0233292 -0.017268 0 0 0 -0.00874493 -0.0402528 0.0359716 0.3 0.3
52 0 34.0002 16.7562 16.0096 37945.3 -3.74193 -1.04358 -0.86159 1.00152 0.0117179 -1 -1 1 0 0.0740881 -0.235297 -0.00333409 0.0740881 -0.235297 -0.00333409 0 0 0 0.0171026 0.00321666 -0.0234097 0.3 0.3
52 1 34.0002 -2.52566 -8.13636 35151.1 2.11468 0.765957 1.27646 1.01656 -0.00660857 0.766655 1.23335 1 0 0.00118594 -0.0732868 -0.0208198 0.00118594 -0.0732868 -0.0208198 0 0 0 0.012237 0.00694499 0.0132601 0.3 0.3
52 2 34.0002 -1.75619 -2.34865 37299.3 3.90754 1.25009 0.780226 1.01666 -0.0184207 1.23335 0.766655 1 0 -0.028474 -0.0230702 -0.0142765 -0.028474 -0.0230702 -0.0142765 0 0 0 -0.00841724 -0.0371501 0.0370066 0.3 0.3
52 0 34.0502 16.5911 16.3005 38185.1 0.358878 -1.04145 -0.85666 1.00151 0.00724324 -1 -1 1 0 0.0704679 -0.243678 -0.00205872 0.0704679 -0.243678 -0.00205872 0 0 0 0.0159623 0.0092244 -0.0144136 0.3 0.3
52 1 34.0502 -2.36441 -8.01848 35138.5 2.6203 0.761948 1.28212 1.01625 -0.00875662 0.766655 1.23335 1 0 0.00800156 -0.0829251 -0.0211774 0.00800156 -0.0829251 -0.0211774 0 0 0 0.0167346 0.00705856 0.0175732 0.3 0.3
52 2 34.0502 -1.88452 -2.42211 37378.2 2.78894 1.2536 0.779811 1.01472 -0.0169126 1.23335 0.766655 1 0 -0.0344367 -0.0223648 -0.0108716 -0.0344367 -0.0223648 -0.0108716 0 0 0 -0.00583189 -0.0454578 0.0339682 0.3 0.3
52 0 34.1003 16.6104 15.9392 37540.4 -2.09652 -1.03935 -0.852697 1.00186 0.00829669 -1 -1 1 0 0.0668983 -0.250415 -0.00437489 0.0668983 -0.250415 -0.00437489 0 0 0 0.0280464 -0.000593142 -0.0166035 0.3 0.3
52 1 34.1003 -2.20641 -7.9515 35349.3 2.01249 0.757921 1.28761 1.01589 -0.00922964 0.766655 1.23335 1 0 0.0148476 -0.0922503 -0.0204231 0.0148476 -0.0922503 -0.0204231 0 0 0 0.0330316 -0.00205808 0.0184281 0.3 0.3
52 2 34.1003 -1.8383 -2.7343 37514 2.8756 1.25687 0.778824 1.01254 -0.0159957 1.23335 0.766655 1 0 -0.0399838 -0.0206883 -0.00674108 -0.0399838 -0.0206883 -0.00674108 0 0 0 -0.00747081 -0.0570454 0.0322191 0.3 0.3
52 0 34.1502 16.4511 16.2622 38169.4 -2.76309 -1.03702 -0.848918 1.00193 0.0100883 -1 -1 1 0 0.0629376 -0.25684 -0.00303984 0.0629376 -0.25684 -0.00303984 0 0 0 0.0218995 -0.00826923 -0.020269 0.3 0.3
52 1 34.1502 -2.25935 -7.72318 34972.9 0.993189 0.754164 1.29298 1.01582 -0.00768846 0.766655 1.23335 1 0 0.0212351 -0.101378 -0.0218379 0.0212351 -0.101378 -0.0218379 0 0 0 0.0305969 0.0151346 0.0156109 0.3 0.3
52 2 34.1502 -1.73876 -2.64768 37704.5 3.8641 1.25966 0.77777 1.01008 -0.0170524 1.23335 0.766655 1 0 -0.0447413 -0.0188962 -0.00169811 -0.0447413 -0.0188962 -0.00169811 0 0 0 -0.00884488 -0.0512569 0.0343448 0.3 0.3
52 0 34.2003 16.5481 16.323 38178.3 -0.983158 -1.03489 -0.845518 1.00179 0.0084119 -1 -1 1 0 0.0593119 -0.262619 -0.00179939 0.0593119 -0.262619 -0.00179939 0 0 0 0.0107683 0.00700478 -0.0167866 0.3 0.3
52 1 34.2003 -2.09196 -7.8716 35865 1.61718 0.750436 1.29784 1.01521 -0.00778001 0.766655 1.23335 1 0 0.0275724 -0.109638 -0.0182429 0.0275724 -0.109638 -0.0182429 0 0 0 0.0283225 0.0166475 0.0157981 0.3 0.3
52 2 34.2003 -1.542 -2.83115 37364.9 2.21937 1.26187 0.776409 1.00764 -0.0149687 1.23335 0.766655 1 0 -0.0484895 -0.0165817 0.00143706 -0.0484895 -0.0165817 0.00143706 0 0 0 -0.0121312 -0.055892 0.0302899 0.3 0.3
52 0 34.2503 16.172 16.3722 38097.6 -0.799366 -1.03245 -0.842566 1.00154 0.00693203 -1 -1 1 0 0.0551601 -0.267637 -0.00094112 0.0551601 -0.267637 -0.00094112 0 0 0 0.0150885 0.00111576 -0.0138561 0.3 0.3
52 1 34.2503 -2.12023 -7.7658 35306 2.03792 0.746984 1.30234 1.01469 -0.0085919 0.766655 1.23335 1 0 0.0334399 -0.117298 -0.0179457 0.0334399 -0.117298 -0.0179457 0 0 0 0.0435005 0.00629522 0.0173251 0.3 0.3
52 2 34.2503 -1.69335 -3.07077 37320.8 3.0795 1.26389 0.774647 1.0053 -0.0149826 1.23335 0.766655 1 0 -0.0519334 -0.0135865 0.00432976 -0.0519334 -0.0135865 0.00432976 0 0 0 -0.014582 -0.065153 0.0304583 0.3 0.3
52 0 34.3003 16.2727 16.4985 38047.6 -0.368054 -1.03019 -0.839959 1.00125 0.00523506 -1 -1 1 0 0.0513242 -0.27207 -0.000293949 0.0513242 -0.27207 -0.000293949 0 0 0 0.00788669 0.00263267 -0.0104599 0.3 0.3
52 1 34.3003 -2.25464 -7.75963 35154.9 1.25665 0.743988 1.30644 1.01433 -0.0077299 0.766655 1.23335 1 0 0.0385336 -0.124264 -0.018305 0.0385336 -0.124264 -0.018305 0 0 0 0.0362608 0.0149922 0.0157348 0.3 0.3
52 2 34.3003 -1.4363 -3.04709 37377.2 3.45992 1.26535 0.772798 1.00297 -0.0157626 1.23335 0.766655 1 0 -0.0544104 -0.0104441 0.00742619 -0.0544104 -0.0104441 0.00742619 0 0 0 -0.0112732 -0.0541273 0.0318438 0.3 0.3
52 0 34.3502 16.2847 16.4944 37820.8 -0.405949 -1.02815 -0.837804 1.00112 0.00417412 -1 -1 1 0 0.0478612 -0.275732 -0.000879875 0.0478612 -0.275732 -0.000879875 0 0 0 0.00977687 0.00410538 -0.00832832 0.3 0.3
52 1 34.3502 -2.04944 -7.86495 35280.1 0.680115 0.741042 1.30993 1.01401 -0.00619779 0.766655 1.23335 1 0 0.0435421 -0.130198 -0.0179724 0.0435421 -0.130198 -0.0179724 0 0 0 0.0405679 0.017864 0.0127611 0.3 0.3
52 2 34.3502 -1.30136 -3.29909 37428.5 2.40119 1.26627 0.770628 1.00066 -0.014319 1.23335 0.766655 1 0 -0.0559764 -0.00675391 0.010639 -0.0559764 -0.00675391 0.010639 0 0 0 -0.0186563 -0.0625944 0.0292384 0.3 0.3
52 0 34.4002 16.2982 16.2862 37893.7 -3.45202 -1.02611 -0.83616 1.00103 0.00849541 -1 -1 1 0 0.0443796 -0.278527 -0.0010308 0.0443796 -0.278527 -0.0010308 0 0 0 0.0215223 -0.00665438 -0.0170637 0.3 0.3
52 1 34.4002 -2.20567 -7.91114 35212.6 1.24176 0.738502 1.31288 1.01377 -0.00614796 0.766655 1.23335 1 0 0.0478602 -0.135215 -0.0180851 0.0478602 -0.135215 -0.0180851 0 0 0 0.0407836 0.0170426 0.0126466 0.3 0.3
52 2 34.4002 -0.996138 -2.94942 37982.3 2.8292 1.26644 0.768884 0.99789 -0.0144273 1.23335 0.766655 1 0 -0.0562593 -0.00378997 0.0168052 -0.0562593 -0.00378997 0.0168052 0 0 0 -0.00377475 -0.0335261 0.0289229 0.3 0.3
52 0 34.4502 16.2438 16.4304 37671.9 -0.806719 -1.02413 -0.834807 1.00119 0.00699983 -1 -1 1 0 0.041023 -0.280829 -0.00247027 0.041023 -0.280829 -0.00247027 0 0 0 0.016511 -0.00821224 -0.0140682 0.3 0.3
52 1 34.4502 -2.12525 -8.05096 35501 0.870943 0.736154 1.31518 1.01335 -0.00551712 0.766655 1.23335 1 0 0.0518514 -0.139122 -0.016605 0.0518514 -0.139122 -0.016605 0 0 0 0.048153 0.0123912 0.0113361 0.3 0.3
52 2 34.4502 -1.43969 -3.82172 37243.1 3.43639 1.2669 0.766187 0.995441 -0.015094 1.23335 0.766655 1 0 -0.057049 0.000794816 0.0186568 -0.057049 0.000794816 0.0186568 0 0 0 -0.018618 -0.0570425 0.0307338 0.3 0.3
52 0 34.5002 16.346 16.4535 38254.2 -0.989335 -1.02244 -0.833771 1.00104 0.00632245 -1 -1 1 0 0.0381469 -0.282589 -0.00066412 0.0381469 -0.282589 -0.00066412 0 0 0 0.0174951 -0.0035809 -0.0126768 0.3 0.3
52 1 34.5002 -2.46669 -8.19058 35283.4 0.958684 0.734505 1.31683 1.01299 -0.00517449 0.766655 1.23335 1 0 0.0546542 -0.141924 -0.0163966 0.0546542 -0.141924 -0.0163966 0 0 0 0.0444339 0.0180621 0.0107534 0.3 0.3
52 2 34.5002 -0.490263 -3.04977 38050.6 2.8501 1.26604 0.764273 0.992524 -0.0149612 1.23335 0.766655 1 0 -0.0555867 0.00404896 0.0250638 -0.0555867 0.00404896 0.0250638 0 0 0 -0.0037815 -0.0330106 0.02999 0.3 0.3
52 0 34.5503 16.1545 16.5498 38048.8 -0.851658 -1.02069 -0.832946 1.00083 0.00564444 -1 -1 1 0 0.0351754 -0.283992 -0.000129912 0.0351754 -0.283992 -0.000129912 0 0 0 0.00991904 -3.73632e-05 -0.0112893 0.3 0.3
52 1 34.5503 -2.35745 -8.4533 35359.1 1.12668 0.733109 1.31767 1.0126 -0.00520275 0.766655 1.23335 1 0 0.0570286 -0.143355 -0.0157067 0.0570286 -0.143355 -0.0157067 0 0 0 0.0477839 0.0215715 0.0109246 0.3 0.3
52 2 34.5503 -0.889623 -3.79707 37214.1 2.08293 1.26523 0.761694 0.990013 -0.0133416 1.23335 0.766655 1 0 -0.0542074 0.00843261 0.0265186 -0.0542074 0.00843261 0.0265186 0 0 0 -0.0132346 -0.0370281 0.0269342 0.3 0.3
52 0 34.6003 16.2165 16.5526 37922 0.0405439 -1.01918 -0.832461 1.00068 0.00372221 -1 -1 1 0 0.0326069 -0.284817 -0.000207048 0.0326069 -0.284817 -0.000207048 0 0 0 0.00970642 0.0123875 -0.00738455 0.3 0.3
52 1 34.6003 -2.40736 -8.61416 35355.4 0.859023 0.731998 1.31782 1.0122 -0.00489554 0.766655 1.23335 1 0 0.0589167 -0.143606 -0.015065 0.0589167 -0.143606 -0.015065 0 0 0 0.0551271 0.0126318 0.0101433 0.3 0.3
52 2 34.6003 -0.781581 -3.60047 37246.5 3.10626 1.26424 0.759257 0.987778 -0.0136951 1.23335 0.766655 1 0 -0.0525292 0.0125759 0.0282189 -0.0525292 0.0125759 0.0282189 0 0 0 -0.0317792 -0.0573659 0.0283176 0.3 0.3
52 0 34.6503 16.1501 16.4664 37997.4 -2.16107 -1.01762 -0.832282 1.00051 0.006069 -1 -1 1 0 0.0299535 -0.285121 0.000162202 0.0299535 -0.285121 0.000162202 0 0 0 0.0120842 0.0039173 -0.0121147 0.3 0.3
52 1 34.6503 -2.63915 -8.77386 35110.4 0.435324 0.731405 1.31735 1.012 -0.00387425 0.766655 1.23335 1 0 0.059924 -0.14281 -0.0157897 0.059924 -0.14281 -0.0157897 0 0 0 0.0474477 0.0199145 0.00822364 0.3 0.3
52 2 34.6503 -0.0980968 -3.20766 38642.9 2.65072 1.26225 0.757529 0.984634 -0.0137383 1.23335 0.766655 1 0 -0.0491454 0.0155137 0.0373621 -0.0491454 0.0155137 0.0373621 0 0 0 -0.016509 -0.0287344 0.0277185 0.3 0.3
52 0 34.7002 16.2456 16.372 37790.5 -1.31114 -1.01624 -0.832494 1.0005 0.00623547 -1 -1 1 0 0.0276046 -0.28476 -0.000648921 0.0276046 -0.28476 -0.000648921 0 0 0 0.0144085 0.003405 -0.0124468 0.3 0.3
52 1 34.7002 -2.61527 -9.03579 35404.3 0.764753 0.731058 1.31618 1.0117 -0.00381392 0.766655 1.23335 1 0 0.0605152 -0.140826 -0.0148595 0.0605152 -0.140826 -0.0148595 0 0 0 0.0492703 0.0162852 0.00803171 0.3 0.3
52 2 34.7002 -0.63687 -3.85646 37271.7 2.69951 1.26066 0.755273 0.981972 -0.0133594 1.23335 0.766655 1 0 -0.0464434 0.0193492 0.0385647 -0.0464434 0.0193492 0.0385647 0 0 0 -0.0323906 -0.0461312 0.0274775 0.3 0.3
52 0 34.7502 16.2524 16.2516 37782.1 -1.32328 -1.01499 -0.833154 1.00062 0.00633017 -1 -1 1 0 0.0254785 -0.283639 -0.00148517 0.0254785 -0.283639 -0.00148517 0 0 0 0.018634 -0.00513346 -0.0127088 0.3 0.3
52 1 34.7502 -2.71853 -9.34179 35515.1 -1.30307 0.730933 1.31424 1.01123 -0.000320393 0.766655 1.23335 1 0 0.0607273 -0.137515 -0.0134027 0.0607273 -0.137515 -0.0134027 0 0 0 0.0423725 0.0173312 0.0010082 0.3 0.3
52 2 34.7502 0.134336 -3.18011 37989.3 1.07505 1.25812 0.753864 0.979039 -0.0108347 1.23335 0.766655 1 0 -0.042118 0.0217444 0.0439966 -0.042118 0.0217444 0.0439966 0 0 0 -0.0194797 -0.0231787 0.0218982 0.3 0.3
52 0 34.8002 16.1838 16.3126 38169.8 -2.63479 -1.01364 -0.833916 1.00052 0.00858545 -1 -1 1 0 0.0231917 -0.282344 -0.000205355 0.0231917 -0.282344 -0.000205355 0 0 0 0.020102 -0.00917285 -0.0172644 0.3 0.3
52 1 34.8002 -2.72706 -9.59137 35496.6 0.426343 0.730972 1.31161 1.01066 -0.00092053 0.766655 1.23335 1 0 0.0606612 -0.133049 -0.012045 0.0606612 -0.133049 -0.012045 0 0 0 0.0408812 0.012494 0.0020969 0.3 0.3
52 2 34.8002 -0.335599 -3.44394 37417.7 1.46793 1.25594 0.7525 0.976441 -0.00961964 1.23335 0.766655 1 0 -0.0384158 0.0240627 0.0459019 -0.0384158 0.0240627 0.0459019 0 0 0 -0.0202723 -0.023558 0.0194807 0.3 0.3
52 0 34.8503 16.217 16.4202 37851.1 1.081 -1.01258 -0.83488 1.00053 0.0039705 -1 -1 1 0 0.0213859 -0.280705 -0.000781093 0.0213859 -0.280705 -0.000781093 0 0 0 0.00408113 0.00964009 -0.00792146 0.3 0.3
52 1 34.8503 -2.60323 -9.67549 35461.8 0.409965 0.730947 1.30864 1.01002 -0.00126877 0.766655 1.23335 1 0 0.0607035 -0.127997 -0.0108583 0.0607035 -0.127997 -0.0108583 0 0 0 0.0370183 0.0121294 0.00276256 0.3 0.3
52 2 34.8503 0.0478366 -3.41294 37735.5 1.08632 1.25344 0.75131 0.973869 -0.0082554 1.23335 0.766655 1 0 -0.0341597 0.0260854 0.0495061 -0.0341597 0.0260854 0.0495061 0 0 0 -0.0155808 -0.0140138 0.0166211 0.3 0.3
52 0 34.9003 16.036 16.1081 38177.5 -2.06232 -1.01133 -0.836348 1.00032 0.00608657 -1 -1 1 0 0.0192543 -0.278208 0.000549525 0.0192543 -0.278208 0.000549525 0 0 0 0.012672 0.00263687 -0.0121568 0.3 0.3
52 1 34.9003 -2.59016 -10.0209 35398.2 1.3528 0.730963 1.30509 1.00939 -0.00320006 0.766655 1.23335 1 0 0.0606767 -0.121959 -0.0100057 0.0606767 -0.121959 -0.0100057 0 0 0 0.0431323 -0.00226706 0.00635272 0.3 0.3
52 2 34.9003 -0.395304 -3.54691 37313.7 1.22716 1.25151 0.750073 0.971693 -0.00729559 1.23335 0.766655 1 0 -0.0308797 0.0281882 0.0505013 -0.0308797 0.0281882 0.0505013 0 0 0 -0.0301946 -0.0380486 0.0151702 0.3 0.3
52 0 34.9502 16.0105 16.4084 37908 0.751449 -1.01017 -0.837807 1.0002 0.0028028 -1 -1 1 0 0.0172809 -0.275728 0.000317392 0.0172809 -0.275728 0.000317392 0 0 0 0.00479101 0.00506984 -0.0055935 0.3 0.3
52 1 34.9502 -2.87166 -10.0392 35201.8 -0.506373 0.731361 1.30135 1.00894 -0.0011982 0.766655 1.23335 1 0 0.0599988 -0.11561 -0.0102453 0.0599988 -0.11561 -0.0102453 0 0 0 0.0286357 0.0101225 0.00254163 0.3 0.3
52 2 34.9502 0.111146 -3.24116 37761.4 0.132163 1.24914 0.749316 0.969462 -0.00494065 1.23335 0.766655 1 0 -0.0268561 0.0294759 0.053882 -0.0268561 0.0294759 0.053882 0 0 0 -0.0323885 -0.0407735 0.0105451 0.3 0.3
52 0 35.0003 15.9747 16.3312 38019.2 -0.0158269 -1.00907 -0.839479 1.00004 0.00189738 -1 -1 1 0 0.0154272 -0.272885 0.000780337 0.0154272 -0.272885 0.000780337 0 0 0 0.00340885 0.00670787 -0.00378336 0.3 0.3
52 1 35.0003 -2.56915 -10.1331 35799.1 -0.35377 0.731471 1.29751 1.0081 -0.00028928 0.766655 1.23335 1 0 0.059812 -0.109088 -0.00716662 0.059812 -0.109088 -0.00716662 0 0 0 0.0293493 -0.00412588 0.000518072 0.3 0.3
52 2 35.0003 0.0299733 -3.36659 37729.2 -0.143222 1.24683 0.748632 0.967277 -0.00303736 1.23335 0.766655 1 0 -0.0229206 0.030638 0.0567655 -0.0229206 0.030638 0.0567655 0 0 0 -0.0275606 -0.0351359 0.0065605 0.3 0.3
52 0 35.0503 16.0279 16.2065 37955.8 -0.526367 -1.00813 -0.841439 0.999896 0.00216552 -1 -1 1 0 0.0138146 -0.269554 0.00085479 0.0138146 -0.269554 0.00085479 0 0 0 0.00853766 0.0127194 -0.00427688 0.3 0.3
52 1 35.0503 -2.75966 -10.2318 35478.3 0.0928068 0.731767 1.29361 1.00727 -0.000302287 0.766655 1.23335 1 0 0.0593092 -0.102448 -0.00600625 0.0593092 -0.102448 -0.00600625 0 0 0 0.0114554 0.00877191 0.000654833 0.3 0.3
52 2 35.0503 -0.0624893 -3.40566 37728 -1.16422 1.24471 0.747985 0.965134 -1.19929e-05 1.23335 0.766655 1 0 -0.0193125 0.0317382 0.0595167 -0.0193125 0.0317382 0.0595167 0 0 0 -0.0246337 -0.0374161 0.000484917 0.3 0.3
52 0 35.1003 15.7447 16.2105 37903.2 -1.06599 -1.00683 -0.843495 0.999818 0.00321473 -1 -1 1 0 0.0116118 -0.266059 0.000645958 0.0116118 -0.266059 0.000645958 0 0 0 0.0105809 0.00388153 -0.00640903 0.3 0.3
52 1 35.1003 -2.73475 -10.2653 35640.5 0.725027 0.732138 1.28976 1.00628 -0.00141211 0.766655 1.23335 1 0 0.058678 -0.0959077 -0.00383883 0.058678 -0.0959077 -0.00383883 0 0 0 0.0133848 0.00588787 0.00286371 0.3 0.3
52 2 35.1003 0.0132476 -3.41906 37540.4 -1.50834 1.24261 0.74738 0.963205 0.00264246 1.23335 0.766655 1 0 -0.0157563 0.0327668 0.0610804 -0.0157563 0.0327668 0.0610804 0 0 0 -0.0303162 -0.036168 -0.00473806 0.3 0.3
52 0 35.1502 16.0424 16.0822 37857.7 0.383695 -1.00595 -0.845868 0.99983 0.00150251 -1 -1 1 0 0.0101168 -0.262024 0.000178211 0.0101168 -0.262024 0.000178211 0 0 0 -7.30412e-05 0.00630364 -0.00300527 0.3 0.3
52 1 35.1502 -2.48197 -10.1289 35857.6 -1.18263 0.732128 1.28629 1.00499 0.0010112 0.766655 1.23335 1 0 0.0586961 -0.0899986 -0.000540359 0.0586961 -0.0899986 -0.000540359 0 0 0 0.00637154 0.00734056 -0.00199905 0.3 0.3
52 2 35.1502 -0.0698691 -3.47704 37641.1 -1.72914 1.24077 0.746766 0.961419 0.00467028 1.23335 0.766655 1 0 -0.01262 0.0338109 0.0630444 -0.01262 0.0338109 0.0630444 0 0 0 -0.0270436 -0.0341161 -0.00888143 0.3 0.3
52 0 35.2002 15.7437 16.3146 38483.9 -0.158963 -1.00486 -0.848064 0.99937 0.00127109 -1 -1 1 0 0.00825478 -0.258291 0.00317811 0.00825478 -0.258291 0.00317811 0 0 0 0.00616981 0.00285094 -0.00253341 0.3 0.3
52 1 35.2002 -2.56294 -10.2799 35534.1 1.08505 0.732161 1.28286 1.00375 -0.00113812 0.766655 1.23335 1 0 0.0586392 -0.0841802 0.000944664 0.0586392 -0.0841802 0.000944664 0 0 0 0.00966302 0.00180159 0.00228496 0.3 0.3
52 2 35.2002 0.0538287 -3.40148 37376.7 -0.959401 1.2389 0.746289 0.959959 0.00493994 1.23335 0.766655 1 0 -0.00944639 0.0346215 0.0633533 -0.00944639 0.0346215 0.0633533 0 0 0 -0.0323912 -0.0472142 -0.00911909 0.3 0.3
52 0 35.2503 16.0391 15.9666 37969 -0.965196 -1.0041 -0.85064 0.999006 0.00245929 -1 -1 1 0 0.00696629 -0.253913 0.00320907 0.00696629 -0.253913 0.00320907 0 0 0 0.0083381 0.00262384 -0.00490769 0.3 0.3
52 1 35.2503 -2.50329 -10.0694 35558.5 -0.207522 0.732115 1.2799 1.00252 -0.000410318 0.766655 1.23335 1 0 0.0587183 -0.0791403 0.0026264 0.0587183 -0.0791403 0.0026264 0 0 0 0.00678107 0.00282079 0.000830206 0.3 0.3
52 2 35.2503 0.132335 -3.2045 37933.6 -3.21554 1.23698 0.746189 0.958304 0.0084895 1.23335 0.766655 1 0 -0.00618242 0.0347923 0.0666386 -0.00618242 0.0347923 0.0666386 0 0 0 -0.0197263 -0.0176376 -0.0168067 0.3 0.3
52 0 35.3002 15.8915 16.0582 38052.2 -0.631895 -1.00329 -0.853208 0.99862 0.00268378 -1 -1 1 0 0.00558864 -0.249546 0.00386366 0.00558864 -0.249546 0.00386366 0 0 0 0.0041714 -0.00547378 -0.00537902 0.3 0.3
52 1 35.3002 -2.20981 -9.93976 35601.4 -0.109942 0.731637 1.27741 1.00127 -9.10627e-05 0.766655 1.23335 1 0 0.0595307 -0.0749141 0.00448065 0.0595307 -0.0749141 0.00448065 0 0 0 0.00662395 0.000841001 0.000184912 0.3 0.3
52 2 35.3002 -0.171127 -3.35939 37506.8 -2.50127 1.23554 0.746043 0.956908 0.00983409 1.23335 0.766655 1 0 -0.00372441 0.0350394 0.0672738 -0.00372441 0.0350394 0.0672738 0 0 0 -0.0179262 -0.0128499 -0.0195545 0.3 0.3
52 0 35.3503 15.9542 16.1866 38097.2 -0.611811 -1.00258 -0.855589 0.998183 0.00280845 -1 -1 1 0 0.00439378 -0.245499 0.0047268 0.00439378 -0.245499 0.0047268 0 0 0 0.00317513 -0.00513314 -0.00562508 0.3 0.3
52 1 35.3503 -2.41115 -10.1206 35722.7 -0.338992 0.731292 1.27499 0.999909 0.000501266 0.766655 1.23335 1 0 0.0601162 -0.0707877 0.00692706 0.0601162 -0.0707877 0.00692706 0 0 0 0.00699665 -0.000337767 -0.00100372 0.3 0.3
52 2 35.3503 -0.291925 -3.48541 37394 -2.28034 1.23452 0.745738 0.955829 0.0106035 1.23335 0.766655 1 0 -0.00200305 0.0355586 0.0672545 -0.00200305 0.0355586 0.0672545 0 0 0 -0.0291246 -0.0398497 -0.0206334 0.3 0.3
52 0 35.4002 15.928 16.0066 38293.6 -1.14738 -1.00188 -0.858089 0.99754 0.00375034 -1 -1 1 0 0.00319203 -0.241249 0.00665915 0.00319203 -0.241249 0.00665915 0 0 0 0.011436 -0.0127959 -0.00757414 0.3 0.3
52 1 35.4002 -2.12049 -9.7878 35871.5 -0.25369 0.730609 1.27315 0.998347 0.000762719 0.766655 1.23335 1 0 0.0612785 -0.0676621 0.0101298 0.0612785 -0.0676621 0.0101298 0 0 0 0.00534562 0.00409106 -0.00151451 0.3 0.3
52 2 35.4002 0.248064 -2.91205 38258.8 -3.06494 1.23299 0.746216 0.954261 0.0120296 1.23335 0.766655 1 0 0.000597632 0.034746 0.0718846 0.000597632 0.034746 0.0718846 0 0 0 -0.0164229 -0.011055 -0.0239702 0.3 0.3
52 0 35.4503 16.1766 16.0181 37654 -0.216767 -1.0016 -0.860638 0.997298 0.00288494 -1 -1 1 0 0.00271235 -0.236916 0.00499652 0.00271235 -0.236916 0.00499652 0 0 0 0.000713418 -0.00480726 -0.00577162 0.3 0.3
52 1 35.4503 -2.14832 -9.88486 35862.2 -0.136414 0.729884 1.27148 0.996643 0.0007418 0.766655 1.23335 1 0 0.0625107 -0.064829 0.01322 0.0625107 -0.064829 0.01322 0 0 0 0.00867352 0.00444082 -0.00146436 0.3 0.3
52 2 35.4503 -0.311117 -3.27119 37589.5 -2.4465 1.23211 0.746482 0.952936 0.0121032 1.23335 0.766655 1 0 0.00209425 0.0342933 0.0725074 0.00209425 0.0342933 0.0725074 0 0 0 -0.0149913 -0.00969387 -0.0241353 0.3 0.3
52 0 35.5002 15.8765 16.2086 38177.6 0.656848 -1.00117 -0.863012 0.996897 0.000828421 -1 -1 1 0 0.00199434 -0.23288 0.00634812 0.00199434 -0.23288 0.00634812 0 0 0 -0.00241113 -6.07897e-07 -0.00165684 0.3 0.3
52 1 35.5002 -2.0126 -9.62295 35777.7 -0.824872 0.728966 1.27032 0.994905 0.00187238 0.766655 1.23335 1 0 0.0640716 -0.062864 0.0158147 0.0640716 -0.062864 0.0158147 0 0 0 0.00349971 0.0102888 -0.00372681 0.3 0.3
52 2 35.5002 -0.103646 -3.25349 37680.9 -2.97319 1.23123 0.746726 0.951711 0.0130525 1.23335 0.766655 1 0 0.0036018 0.0338795 0.073723 0.0036018 0.0338795 0.073723 0 0 0 -0.0139211 -0.0152205 -0.0260013 0.3 0.3
52 0 35.5502 16.107 16.0833 37904.3 -0.786425 -1.00101 -0.865431 0.996638 0.00186292 -1 -1 1 0 0.00171102 -0.228767 0.00599942 0.00171102 -0.228767 0.00599942 0 0 0 0.00381629 0.00147746 -0.00372303 0.3 0.3
52 1 35.5502 -1.98181 -9.79585 35553.5 1.2259 0.728065 1.26919 0.993348 -0.000826719 0.766655 1.23335 1 0 0.065603 -0.060942 0.017118 0.065603 -0.060942 0.017118 0 0 0 0.0201238 -0.00630282 0.00159011 0.3 0.3
52 2 35.5502 -0.252569 -2.8937 37517.5 -2.07072 1.23064 0.747455 0.950736 0.0121534 1.23335 0.766655 1 0 0.00460414 0.0326402 0.0738598 0.00460414 0.0326402 0.0738598 0 0 0 -0.0134998 -0.00988771 -0.0242415 0.3 0.3
52 0 35.6003 16.0294 16.2421 37916.6 0.161516 -1.00088 -0.867661 0.996474 0.000968258 -1 -1 1 0 0.00149621 -0.224976 0.00576072 0.00149621 -0.224976 0.00576072 0 0 0 0.00222974 -0.00551874 -0.00194268 0.3 0.3
52 1 35.6003 -1.95529 -9.55015 35432.4 -1.16415 0.72713 1.26845 0.992037 0.00143363 0.766655 1.23335 1 0 0.0671916 -0.0596831 0.017696 0.0671916 -0.0596831 0.017696 0 0 0 0.0151028 0.00589171 -0.00282286 0.3 0.3
52 2 35.6003 -0.196874 -3.15138 37836.8 -1.42493 1.23013 0.748008 0.94969 0.010493 1.23335 0.766655 1 0 0.00547029 0.0316994 0.0756612 0.00547029 0.0316994 0.0756612 0 0 0 -0.0137037 -0.0115219 -0.0209083 0.3 0.3
52 0 35.6502 16.193 16.1892 38424.8 -1.23339 -1.00094 -0.869793 0.995949 0.00268785 -1 -1 1 0 0.00159348 -0.221351 0.00829622 0.00159348 -0.221351 0.00829622 0 0 0 0.00702446 -0.00869646 -0.00540634 0.3 0.3
52 1 35.6502 -1.72366 -9.43899 35572.4 0.677999 0.725971 1.26806 0.99082 -0.000151085 0.766655 1.23335 1 0 0.0691619 -0.0590069 0.0189351 0.0691619 -0.0590069 0.0189351 0 0 0 0.0139027 0.0109498 0.0003783 0.3 0.3
52 2 35.6502 -0.458628 -3.23211 37191.7 -1.31321 1.23007 0.748374 0.949184 0.00944789 1.23335 0.766655 1 0 0.00556918 0.0310769 0.073673 0.00556918 0.0310769 0.073673 0 0 0 -0.0283195 -0.0414545 -0.0183149 0.3 0.3
52 0 35.7002 16.2577 15.9921 37616.2 0.803864 -1.00126 -0.872251 0.995862 0.00046088 -1 -1 1 0 0.00214998 -0.217173 0.0062297 0.00214998 -0.217173 0.0062297 0 0 0 -0.00288903 -0.00213851 -0.000918672 0.3 0.3
52 1 35.7002 -1.91782 -9.70879 35739.2 1.05975 0.725118 1.26744 0.989553 -0.00183782 0.766655 1.23335 1 0 0.0706127 -0.0579583 0.0209436 0.0706127 -0.0579583 0.0209436 0 0 0 0.0245981 0.00962391 0.00379434 0.3 0.3
52 2 35.7002 0.0463609 -2.70051 38079.4 -2.201 1.2295 0.74942 0.948323 0.0098332 1.23335 0.766655 1 0 0.0065316 0.0292988 0.0766345 0.0065316 0.0292988 0.0766345 0 0 0 -0.014188 -0.0164261 -0.0195513 0.3 0.3
52 0 35.7503 16.3239 16.2917 38113.5 0.233304 -1.00181 -0.874416 0.995659 -8.25348e-05 -1 -1 1 0 0.00308381 -0.213493 0.00709371 0.00308381 -0.213493 0.00709371 0 0 0 0.00308098 -0.000634165 0.000164093 0.3 0.3
52 1 35.7503 -1.77644 -9.59259 36146.2 -1.11268 0.724189 1.26691 0.987923 0.000610353 0.766655 1.23335 1 0 0.0721917 -0.0570527 0.025076 0.0721917 -0.0570527 0.025076 0 0 0 0.0275006 0.00378682 -0.00116875 0.3 0.3
52 2 35.7503 -0.289594 -3.01654 37519.5 -1.01931 1.22926 0.750241 0.94773 0.00827675 1.23335 0.766655 1 0 0.0069519 0.0279032 0.0761521 0.0069519 0.0279032 0.0761521 0 0 0 -0.0122378 -0.0183748 -0.0164423 0.3 0.3
52 0 35.8002 16.3638 15.8833 37688.5 -1.86902 -1.00236 -0.876887 0.995762 0.0030596 -1 -1 1 0 0.00400468 -0.209293 0.0054182 0.00400468 -0.209293 0.0054182 0 0 0 -0.000930542 -0.00226525 -0.00611817 0.3 0.3
52 1 35.8002 -1.90006 -9.55314 35634.6 0.831373 0.723526 1.26646 0.986464 -0.000898019 0.766655 1.23335 1 0 0.0733183 -0.0563012 0.0262535 0.0733183 -0.0563012 0.0262535 0 0 0 0.0260882 0.0148772 0.00199031 0.3 0.3
52 2 35.8002 -0.593538 -3.06308 37263.3 0.24702 1.22959 0.750906 0.947554 0.00529474 1.23335 0.766655 1 0 0.00638609 0.0267728 0.074307 0.00638609 0.0267728 0.074307 0 0 0 -0.0227155 -0.0396656 -0.0101417 0.3 0.3
52 0 35.8502 16.6226 16.0543 38256.7 -0.867851 -1.00322 -0.879184 0.995601 0.00345081 -1 -1 1 0 0.00547718 -0.205387 0.0069617 0.00547718 -0.205387 0.0069617 0 0 0 0.0173652 -0.0080545 -0.00697188 0.3 0.3
52 1 35.8502 -1.78185 -9.57916 35631.9 0.52982 0.722882 1.26603 0.98513 -0.0015276 0.766655 1.23335 1 0 0.0744142 -0.0555563 0.0274837 0.0744142 -0.0555563 0.0274837 0 0 0 0.0315939 0.00239357 0.0030934 0.3 0.3
52 2 35.8502 -0.171334 -2.88214 37799.8 0.186304 1.22959 0.751742 0.947253 0.00332679 1.23335 0.766655 1 0 0.00638974 0.0253525 0.0753467 0.00638974 0.0253525 0.0753467 0 0 0 -0.0253715 -0.0409211 -0.00613631 0.3 0.3
52 0 35.9002 16.2659 16.2924 38040.2 1.1627 -1.00382 -0.881207 0.995446 0.000379817 -1 -1 1 0 0.00649329 -0.201948 0.00715256 0.00649329 -0.201948 0.00715256 0 0 0 -3.15521e-05 0.00440997 -0.000759705 0.3 0.3
52 1 35.9002 -1.85836 -9.7325 35674.3 0.216245 0.72242 1.26537 0.983874 -0.00137116 0.766655 1.23335 1 0 0.0751997 -0.0544453 0.0288312 0.0751997 -0.0544453 0.0288312 0 0 0 0.033964 0.00229923 0.00278177 0.3 0.3
52 2 35.9002 -0.168053 -2.87087 37664.2 0.618204 1.22948 0.752634 0.947009 0.00130063 1.23335 0.766655 1 0 0.00656402 0.0238356 0.0753979 0.00656402 0.0238356 0.0753979 0 0 0 -0.0249701 -0.0476717 -0.00200688 0.3 0.3
52 0 35.9503 16.5419 15.9924 37863.2 0.293917 -1.00471 -0.883549 0.995436 -0.000220585 -1 -1 1 0 0.00799943 -0.197966 0.0064348 0.00799943 -0.197966 0.0064348 0 0 0 0.00603652 0.00969339 0.000470434 0.3 0.3
52 1 35.9503 -2.02162 -9.79015 35409.6 0.650961 0.722336 1.26457 0.982939 -0.00190819 0.766655 1.23335 1 0 0.0753418 -0.0530778 0.0285788 0.0753418 -0.0530778 0.0285788 0 0 0 0.0312533 0.0128813 0.00401823 0.3 0.3
52 2 35.9503 0.0219447 -2.80291 38256.6 0.11141 1.22908 0.753605 0.946309 0.000551191 1.23335 0.766655 1 0 0.00725406 0.0221852 0.0786986 0.00725406 0.0221852 0.0786986 0 0 0 -0.0116388 -0.0220251 -0.000974288 0.3 0.3
52 0 36.0002 16.4334 16.2105 37900.6 0.861235 -1.00557 -0.885737 0.995506 -0.00159106 -1 -1 1 0 0.00946119 -0.194246 0.00594159 0.00946119 -0.194246 0.00594159 0 0 0 0.000210628 0.012399 0.00318348 0.3 0.3
52 1 36.0002 -1.97901 -9.82412 35861.2 -0.990713 0.722328 1.26364 0.981865 0.000443883 0.766655 1.23335 1 0 0.075355 -0.0515023 0.0307653 0.075355 -0.0515023 0.0307653 0 0 0 0.0308865 0.0171395 -0.000623187 0.3 0.3
52 2 36.0002 -0.264627 -3.01436 37501.8 0.113478 1.22896 0.75429 0.945915 0.00018051 1.23335 0.766655 1 0 0.00745024 0.0210198 0.0776866 0.00745024 0.0210198 0.0776866 0 0 0 -0.0107452 -0.0167515 -0.000271037 0.3 0.3
52 0 36.0502 16.5856 15.7249 38024 -2.82123 -1.00636 -0.888294 0.995538 0.00365191 -1 -1 1 0 0.0108159 -0.1899 0.00608817 0.0108159 -0.1899 0.00608817 0 0 0 0.0120793 0.00369455 -0.00728167 0.3 0.3
52 1 36.0502 -1.8818 -9.90046 35636.5 1.28666 0.722326 1.26258 0.98091 -0.00185837 0.766655 1.23335 1 0 0.0753597 -0.0497036 0.0314978 0.0753597 -0.0497036 0.0314978 0 0 0 0.039832 0.00787737 0.00387441 0.3 0.3
52 2 36.0502 -0.223882 -3.02062 37684.9 -0.225852 1.2289 0.754826 0.945585 0.000519725 1.23335 0.766655 1 0 0.00754913 0.0201093 0.0778298 0.00754913 0.0201093 0.0778298 0 0 0 -0.00888818 -0.0238193 -0.000933672 0.3 0.3
52 0 36.1002 16.6955 15.7486 37754.3 -1.02128 -1.00722 -0.8909 0.995781 0.00413376 -1 -1 1 0 0.0122811 -0.185469 0.00469338 0.0122811 -0.185469 0.00469338 0 0 0 0.00425941 0.00363103 -0.00825985 0.3 0.3
52 1 36.1002 -2.14233 -10.1914 35833.7 1.55167 0.722786 1.2611 0.979879 -0.00387471 0.766655 1.23335 1 0 0.074577 -0.0471746 0.0333139 0.074577 -0.0471746 0.0333139 0 0 0 0.0448967 0.000399757 0.00776038 0.3 0.3
52 2 36.1002 -0.133011 -3.02821 37761 -0.864128 1.22875 0.75526 0.945262 0.00180646 1.23335 0.766655 1 0 0.00781603 0.0193716 0.0782433 0.00781603 0.0193716 0.0782433 0 0 0 -0.0090627 -0.0231795 -0.00350817 0.3 0.3
52 0 36.1502 16.571 15.9821 38562.8 0.753494 -1.00801 -0.893289 0.995479 0.00150228 -1 -1 1 0 0.0136098 -0.181408 0.00783638 0.0136098 -0.181408 0.00783638 0 0 0 0.00437961 0.00153798 -0.0030012 0.3 0.3
52 1 36.1502 -2.01454 -10.2039 35630.9 0.7988 0.723268 1.25946 0.978989 -0.00387 0.766655 1.23335 1 0 0.0737578 -0.0443956 0.033879 0.0737578 -0.0443956 0.033879 0 0 0 0.0439332 0.0042886 0.00783612 0.3 0.3
52 2 36.1502 -0.112035 -3.07378 37747.4 -0.707812 1.22853 0.755566 0.944973 0.00239092 1.23335 0.766655 1 0 0.00818648 0.0188512 0.078487 0.00818648 0.0188512 0.078487 0 0 0 -0.0087053 -0.0199585 -0.00469524 0.3 0.3
52 0 36.2003 16.6379 15.5627 37888.6 -0.169836 -1.00882 -0.896158 0.995362 0.0012787 -1 -1 1 0 0.0149953 -0.176532 0.00708146 0.0149953 -0.176532 0.00708146 0 0 0 0.0137854 -0.0013436 -0.00256673 0.3 0.3
52 1 36.2003 -2.18227 -10.3065 35563.3 -0.249296 0.723975 1.25764 0.978266 -0.00219984 0.766655 1.23335 1 0 0.072555 -0.0413073 0.0340411 0.072555 -0.0413073 0.0340411 0 0 0 0.0466866 -0.000417503 0.00439114 0.3 0.3
52 2 36.2003 -0.269283 -3.23714 37287.9 -0.403896 1.22852 0.755577 0.945118 0.00248548 1.23335 0.766655 1 0 0.00820878 0.0188319 0.0761102 0.00820878 0.0188319 0.0761102 0 0 0 -0.0213724 -0.0464241 -0.00447638 0.3 0.3
52 0 36.2503 16.7043 15.5096 37809.6 -2.5568 -1.00953 -0.899049 0.995425 0.00510468 -1 -1 1 0 0.016196 -0.171616 0.00608971 0.016196 -0.171616 0.00608971 0 0 0 0.0121189 -0.00420292 -0.0102351 0.3 0.3
52 1 36.2503 -2.26691 -10.5235 35389.5 1.08284 0.724928 1.25552 0.977841 -0.00324271 0.766655 1.23335 1 0 0.0709357 -0.0376889 0.0331468 0.0709357 -0.0376889 0.0331468 0 0 0 0.0449384 0.00225118 0.00653767 0.3 0.3
52 2 36.2503 0.228559 -2.99516 37980.6 -3.02625 1.22785 0.755814 0.945001 0.00661015 1.23335 0.766655 1 0 0.00933595 0.0184289 0.0775829 0.00933595 0.0184289 0.0775829 0 0 0 -0.0118241 -0.024548 -0.0130765 0.3 0.3
52 0 36.3002 16.4926 15.8331 38295.3 2.00002 -1.01007 -0.901682 0.995212 9.41946e-05 -1 -1 1 0 0.017123 -0.16714 0.00776644 0.017123 -0.16714 0.00776644 0 0 0 0.00936608 0.00711345 -0.00015508 0.3 0.3
52 1 36.3002 -2.28857 -10.631 35784.7 -1.30165 0.725911 1.25316 0.977317 3.21472e-05 0.766655 1.23335 1 0 0.0692644 -0.0336832 0.034371 0.0692644 -0.0336832 0.034371 0 0 0 0.0409196 0.00401069 1.77615e-05 0.3 0.3
52 2 36.3002 -0.0670985 -3.2211 37280.5 -2.17857 1.22736 0.755805 0.945326 0.0080515 1.23335 0.766655 1 0 0.0101711 0.0184448 0.074921 0.0101711 0.0184448 0.074921 0 0 0 -0.0113027 -0.0219663 -0.0159803 0.3 0.3
52 0 36.3503 16.576 15.3908 37950.3 0.147672 -1.01064 -0.904797 0.995101 -0.000179693 -1 -1 1 0 0.0180947 -0.161845 0.00741199 0.0180947 -0.161845 0.00741199 0 0 0 0.00996879 0.00589683 0.000388784 0.3 0.3
52 1 36.3503 -2.3608 -10.6462 35463.2 0.276207 0.727015 1.25077 0.977024 -0.000437652 0.766655 1.23335 1 0 0.0673878 -0.0296289 0.0336332 0.0673878 -0.0296289 0.0336332 0 0 0 0.0447445 0.00252378 0.000931996 0.3 0.3
52 2 36.3503 -0.204426 -3.29902 37000.9 -2.46844 1.22712 0.755596 0.946222 0.00971017 1.23335 0.766655 1 0 0.0105801 0.0188001 0.0708052 0.0105801 0.0188001 0.0708052 0 0 0 -0.0237759 -0.0460751 -0.0188793 0.3 0.3
52 0 36.4002 16.4757 15.5116 38026 1.51885 -1.01115 -0.907963 0.99499 -0.0026535 -1 -1 1 0 0.0189566 -0.156462 0.00757423 0.0189566 -0.156462 0.00757423 0 0 0 0.00607954 0.00661393 0.00532716 0.3 0.3
52 1 36.4002 -2.41398 -10.8114 35695.6 -0.390042 0.728201 1.24822 0.976706 0.000342889 0.766655 1.23335 1 0 0.0653713 -0.0252884 0.0342013 0.0653713 -0.0252884 0.0342013 0 0 0 0.0395831 0.000227979 -0.000681399 0.3 0.3
52 2 36.4002 0.42595 -2.9999 37780 -4.25893 1.22609 0.755756 0.946906 0.0135039 1.23335 0.766655 1 0 0.0123359 0.0185283 0.0709218 0.0123359 0.0185283 0.0709218 0 0 0 -0.0176701 -0.0235811 -0.0268033 0.3 0.3
52 0 36.4502 16.834 14.9544 37667.2 -0.577087 -1.01202 -0.911787 0.995195 -0.000806976 -1 -1 1 0 0.0204395 -0.149961 0.00570216 0.0204395 -0.149961 0.00570216 0 0 0 0.0163396 0.00200141 0.00163036 0.3 0.3
52 1 36.4502 -2.53047 -11.0476 35620.9 0.398093 0.729582 1.24539 0.976453 -0.000478539 0.766655 1.23335 1 0 0.0630243 -0.0204699 0.034232 0.0630243 -0.0204699 0.034232 0 0 0 0.0407206 -0.00416995 0.000872365 0.3 0.3
52 2 36.4502 -0.0278612 -3.19792 37469 -4.23957 1.2254 0.755764 0.94773 0.0160864 1.23335 0.766655 1 0 0.0135021 0.0185147 0.0690547 0.0135021 0.0185147 0.0690547 0 0 0 -0.0207788 -0.0171397 -0.031999 0.3 0.3
52 0 36.5002 16.3883 15.2395 38537.5 1.09335 -1.01244 -0.915443 0.994886 -0.00236767 -1 -1 1 0 0.0211402 -0.143747 0.00870575 0.0211402 -0.143747 0.00870575 0 0 0 0.0163671 -0.000687682 0.00472987 0.3 0.3
52 1 36.5002 -2.5473 -11.0637 35533 -0.0906176 0.731025 1.24252 0.976331 -0.000198162 0.766655 1.23335 1 0 0.0605707 -0.0156011 0.033749 0.0605707 -0.0156011 0.033749 0 0 0 0.0357482 -0.00650477 0.000280109 0.3 0.3
52 2 36.5002 0.143295 -2.99304 37843.3 -3.86084 1.22463 0.756027 0.948329 0.0171595 1.23335 0.766655 1 0 0.0148231 0.018068 0.0693429 0.0148231 0.018068 0.0693429 0 0 0 -0.0154832 -0.0159391 -0.0341995 0.3 0.3
52 0 36.5503 16.6645 15.0315 38051.7 1.67185 -1.01312 -0.919335 0.994626 -0.00434645 -1 -1 1 0 0.0222956 -0.13713 0.0088205 0.0222956 -0.13713 0.0088205 0 0 0 0.00942912 0.00693498 0.00872577 0.3 0.3
52 1 36.5503 -2.50352 -11.1612 35484.5 -0.26623 0.732384 1.23962 0.976358 0.000295292 0.766655 1.23335 1 0 0.0582604 -0.0106652 0.0329587 0.0582604 -0.0106652 0.0329587 0 0 0 0.0327056 -0.00668747 -0.000700035 0.3 0.3
52 2 36.5503 0.116932 -3.24748 37744 -5.25575 1.22386 0.756029 0.948849 0.0202686 1.23335 0.766655 1 0 0.0161241 0.0180634 0.0690033 0.0161241 0.0180634 0.0690033 0 0 0 -0.0199211 -0.023551 -0.0403101 0.3 0.3
52 0 36.6002 16.7297 14.6562 37911.5 1.12301 -1.01395 -0.923739 0.994501 -0.00477903 -1 -1 1 0 0.0237162 -0.129643 0.00832208 0.0237162 -0.129643 0.00832208 0 0 0 0.00781427 0.000870715 0.00956157 0.3 0.3
52 1 36.6002 -2.45882 -11.1311 35487.3 0.0360788 0.733617 1.23687 0.97651 0.000114434 0.766655 1.23335 1 0 0.0561643 -0.00598382 0.0321271 0.0561643 -0.00598382 0.0321271 0 0 0 0.0312744 -0.00745836 -0.000345536 0.3 0.3
52 2 36.6002 0.230856 -2.90948 37633.1 -5.6647 1.22297 0.756428 0.949399 0.0229834 1.23335 0.766655 1 0 0.0176349 0.0173857 0.068103 0.0176349 0.0173857 0.068103 0 0 0 -0.0153773 -0.0257368 -0.0457781 0.3 0.3
52 0 36.6503 16.7784 14.4756 38502.9 -1.16701 -1.01474 -0.92831 0.993967 -0.00128922 -1 -1 1 0 0.0250521 -0.121874 0.0111163 0.0250521 -0.121874 0.0111163 0 0 0 0.016153 -0.0112902 0.00248738 0.3 0.3
52 1 36.6503 -2.57156 -11.2932 35575.3 -0.277805 0.734901 1.23408 0.976691 0.000518152 0.766655 1.23335 1 0 0.053981 -0.00124269 0.0317271 0.053981 -0.00124269 0.0317271 0 0 0 0.0255508 -0.0093278 -0.00115557 0.3 0.3
52 2 36.6503 -0.0308152 -3.12457 36982.5 -4.72456 1.22244 0.756648 0.950526 0.0235498 1.23335 0.766655 1 0 0.0185412 0.0170123 0.0636231 0.0185412 0.0170123 0.0636231 0 0 0 -0.0329165 -0.052251 -0.0462662 0.3 0.3
52 0 36.7002 17.0459 14.3709 37930 1.14648 -1.0159 -0.933019 0.993631 -0.00276303 -1 -1 1 0 0.0270248 -0.113868 0.0106004 0.0270248 -0.113868 0.0106004 0 0 0 0.00922594 -0.00983124 0.00548083 0.3 0.3
52 1 36.7002 -2.59595 -11.2692 35676.7 -1.59989 0.736122 1.23142 0.976816 0.00300018 0.766655 1.23335 1 0 0.0519058 0.00327573 0.031833 0.0519058 0.00327573 0.031833 0 0 0 0.020522 -0.0104298 -0.0061078 0.3 0.3
52 2 36.7002 0.751458 -2.60733 37901 -6.01775 1.22099 0.757592 0.9513 0.0255695 1.23335 0.766655 1 0 0.0209998 0.0154066 0.0643158 0.0209998 0.0154066 0.0643158 0 0 0 -0.0161926 -0.0293675 -0.050914 0.3 0.3
52 0 36.7502 16.9022 14.3986 38119 2.08576 -1.01705 -0.937713 0.993262 -0.00530426 -1 -1 1 0 0.028984 -0.105888 0.0112789 0.028984 -0.105888 0.0112789 0 0 0 0.00399192 -0.00321439 0.0106022 0.3 0.3
52 1 36.7502 -2.45793 -11.0969 35435.3 -1.19835 0.737056 1.22918 0.977112 0.00398421 0.766655 1.23335 1 0 0.0503173 0.00707796 0.0305649 0.0503173 0.00707796 0.0305649 0 0 0 0.0167807 -0.0113647 -0.0080642 0.3 0.3
52 2 36.7502 0.32462 -2.92985 37044.8 -5.29598 1.21984 0.758308 0.952575 0.0258926 1.23335 0.766655 1 0 0.0229658 0.0141902 0.0600048 0.0229658 0.0141902 0.0600048 0 0 0 -0.0166748 -0.024239 -0.0515944 0.3 0.3
52 0 36.8003 17.1163 14.077 38024.6 0.591097 -1.01841 -0.94265 0.992963 -0.00451995 -1 -1 1 0 0.0313048 -0.0974958 0.0113448 0.0313048 -0.0974958 0.0113448 0 0 0 0.00113456 -0.00422023 0.00903757 0.3 0.3
52 1 36.8003 -2.47486 -11.1056 35603.3 -1.10409 0.737857 1.22721 0.97739 0.0045072 0.766655 1.23335 1 0 0.0489567 0.0104281 0.030262 0.0489567 0.0104281 0.030262 0 0 0 0.0147017 -0.0057491 -0.00905697 0.3 0.3
52 2 36.8003 0.567485 -2.61873 37434.9 -4.57863 1.21851 0.759386 0.953881 0.0248564 1.23335 0.766655 1 0 0.0252191 0.0123564 0.0580437 0.0252191 0.0123564 0.0580437 0 0 0 -0.0126685 -0.00998746 -0.0496563 0.3 0.3
52 0 36.8502 17.0906 14.3023 38326.4 2.67063 -1.01988 -0.947318 0.992458 -0.0074607 -1 -1 1 0 0.0337884 -0.0895588 0.0130808 0.0337884 -0.0895588 0.0130808 0 0 0 -1.73508e-05 0.00319311 0.0149215 0.3 0.3
52 1 36.8502 -2.40892 -11.2149 35508.6 0.665099 0.738558 1.22534 0.977747 0.00188682 0.766655 1.23335 1 0 0.0477646 0.0136166 0.0293676 0.0477646 0.0136166 0.0293676 0 0 0 0.0149347 -0.00722087 -0.0038277 0.3 0.3
52 2 36.8502 0.493212 -2.85271 37375.3 -4.26431 1.2173 0.760225 0.955278 0.0236795 1.23335 0.766655 1 0 0.0272823 0.0109308 0.055616 0.0272823 0.0109308 0.055616 0 0 0 -0.00965817 -0.00842516 -0.0473237 0.3 0.3
52 0 36.9002 17.4684 13.6404 37860.4 -1.65839 -1.02162 -0.952387 0.99221 -0.00221216 -1 -1 1 0 0.0367591 -0.0809419 0.012147 0.0367591 -0.0809419 0.012147 0 0 0 0.00394779 -0.00860389 0.00440739 0.3 0.3
52 1 36.9002 -2.19103 -10.8978 35525.3 0.678865 0.738949 1.22406 0.978151 0.000121891 0.766655 1.23335 1 0 0.0470994 0.0157887 0.0285724 0.0470994 0.0157887 0.0285724 0 0 0 0.0111322 -0.00715496 -0.000283614 0.3 0.3
52 2 36.9002 0.446051 -2.89321 37277.8 -4.54742 1.21625 0.760886 0.956836 0.0233823 1.23335 0.766655 1 0 0.0290588 0.00980651 0.0526553 0.0290588 0.00980651 0.0526553 0 0 0 -0.0114114 -0.0113661 -0.0467055 0.3 0.3
52 0 36.9502 17.412 13.8572 37987.8 0.0941661 -1.0233 -0.957074 0.992039 -0.00162441 -1 -1 1 0 0.0396058 -0.0729739 0.0120002 0.0396058 -0.0729739 0.0120002 0 0 0 -0.0012667 -0.00703331 0.00325329 0.3 0.3
52 1 36.9502 -2.2234 -10.8531 35433.5 -0.771292 0.739214 1.22316 0.978672 0.00137904 0.766655 1.23335 1 0 0.0466493 0.0173145 0.0272495 0.0466493 0.0173145 0.0272495 0 0 0 0.00745731 0.000374417 -0.00275671 0.3 0.3
52 2 36.9502 0.379822 -2.5818 37273.5 -3.61439 1.21547 0.761865 0.958508 0.021611 1.23335 0.766655 1 0 0.0303826 0.00814251 0.0497096 0.0303826 0.00814251 0.0497096 0 0 0 -0.0127907 -0.00523262 -0.043193 0.3 0.3
55 0 37.0003 17.4495 13.7755 37961.1 0.424684 -1.02492 -0.961555 0.991967 -0.00178593 -1 -1 1 0 0.042363 -0.0653573 0.0116081 0.042363 -0.0653573 0.0116081 0 0 0 -0.00898987 -0.00287281 0.00358482 0.3 0.3
55 1 37.0003 -1.91085 -10.8136 35503.6 1.49775 0.739069 1.22256 0.979228 -0.00162325 0.766655 1.23335 1 0 0.0468958 0.0183276 0.026313 0.0468958 0.0183276 0.026313 0 0 0 0.0119239 -0.0118717 0.00317583 0.3 0.3
55 2 37.0003 0.306581 -2.73078 37153.4 -3.04605 1.21497 0.762718 0.960396 0.0194776 1.23335 0.766655 1 0 0.031243 0.00669301 0.0460715 0.031243 0.00669301 0.0460715 0 0 0 -0.0110869 -0.00562198 -0.0389272 0.3 0.3
55 0 37.0502 17.4633 13.9506 38109.8 3.01836 -1.02655 -0.965642 0.991618 -0.00624272 -0.999781 -0.999781 1 0 0.0491938 -0.0543258 0.0120046 0.0491938 -0.0543258 0.0120046 0 0 0 -0.0126023 0.00729625 0.0124399 0.3 0.3
55 1 37.0502 -2.05252 -10.4398 35382.9 0.0816405 0.738742 1.22245 0.979913 -0.00121963 0.766436 1.23313 1 0 0.0431215 0.014183 0.0246841 0.0431215 0.014183 0.0246841 0 0 0 0.0104153 -0.00905306 0.00239217 0.3 0.3
55 2 37.0502 0.0677631 -2.46697 37088.1 -2.02679 1.21478 0.763615 0.962462 0.0164018 1.23313 0.766436 1 0 0.0272218 0.000824022 0.0421575 0.0272218 0.000824022 0.0421575 0 0 0 -0.013229 -0.0101677 -0.0327389 0.3 0.3
55 0 37.1002 18.3312 12.891 38387.5 -2.30333 -1.02836 -0.969904 0.991462 -0.000318999 -0.999123 -0.999123 1 0 0.0619327 -0.0374397 0.0138884 0.0619327 -0.0374397 0.0138884 0 0 0 -0.00935847 0.00437509 0.000617533 0.3 0.3
55 1 37.1002 -2.35535 -10.1875 35329.5 0.598477 0.73844 1.22258 0.980749 -0.00181656 0.765778 1.23247 1 0 0.0342384 0.00457677 0.0227702 0.0342384 0.00457677 0.0227702 0 0 0 0.0175381 -0.00498897 0.00358953 0.3 0.3
55 2 37.1002 -0.213004 -2.23853 37146 -2.86607 1.21481 0.764451 0.964648 0.015724 1.23247 0.765778 1 0 0.0177908 -0.00997786 0.0385604 0.0177908 -0.00997786 0.0385604 0 0 0 -0.0120424 -0.0117112 -0.03138 0.3 0.3
55 0 37.1503 18.3302 12.9813 37780.6 0.0320126 -1.03013 -0.973884 0.991399 -0.00026683 -0.998026 -0.998026 1 0 0.0755207 -0.0200909 0.0123556 0.0755207 -0.0200909 0.0123556 0 0 0 -0.0112561 0.00272856 0.000518313 0.3 0.3
55 1 37.1503 -2.42059 -9.84142 35553.9 -0.234648 0.737958 1.22303 0.981509 -0.000853265 0.764681 1.23137 1 0 0.0244966 -0.0067483 0.0220947 0.0244966 -0.0067483 0.0220947 0 0 0 0.0193124 -0.0102456 0.00160769 0.3 0.3
55 2 37.1503 -0.366475 -1.91749 37209 -1.99869 1.21492 0.765398 0.966867 0.0138363 1.23137 0.764681 1 0 0.00704976 -0.0221362 0.0353208 0.00704976 -0.0221362 0.0353208 0 0 0 -0.0110538 -0.0181764 -0.0275746 0.3 0.3
55 0 37.2002 18.78 12.7766 38013.8 -1.92228 -1.03195 -0.977357 0.991367 0.00303442 -0.996493 -0.996493 1 0 0.08998 -0.00283003 0.0122432 0.08998 -0.00283003 0.0122432 0 0 0 -0.0117961 0.000743022 -0.00607334 0.3 0.3
55 1 37.2002 -2.57668 -9.73508 35509.9 -0.0379975 0.737371 1.22348 0.982255 -0.000524229 0.763148 1.22984 1 0 0.0142483 -0.0187583 0.0211299 0.0142483 -0.0187583 0.0211299 0 0 0 0.0223046 -0.00954021 0.000942135 0.3 0.3
55 2 37.2002 -0.611667 -1.828 37437.6 -1.88076 1.21517 0.766188 0.96891 0.0123673 1.22984 0.763148 1 0 -0.0045157 -0.0346262 0.0333932 -0.0045157 -0.0346262 0.0333932 0 0 0 -0.00856462 -0.0247316 -0.0246314 0.3 0.3
55 0 37.2503 18.6554 12.935 38081.4 2.3541 -1.03338 -0.980188 0.99132 -0.00196112 -0.994522 -0.994522 1 0 0.104517 0.0140853 0.0123902 0.104517 0.0140853 0.0123902 0 0 0 -0.0247008 0.0120292 0.00377404 0.3 0.3
55 1 37.2503 -2.42503 -9.3156 35622.6 0.0938156 0.736246 1.22418 0.982877 -0.000551935 0.761176 1.22787 1 0 0.00373242 -0.0323804 0.0208454 0.00373242 -0.0323804 0.0208454 0 0 0 0.0289819 -0.0112604 0.000940817 0.3 0.3
55 2 37.2503 -0.720506 -1.47198 37134.8 -1.20615 1.21529 0.767013 0.971022 0.0102682 1.22787 0.761176 1 0 -0.0174583 -0.0487583 0.0298879 -0.0174583 -0.0487583 0.0298879 0 0 0 -0.00395936 -0.0290472 -0.0204815 0.3 0.3
55 0 37.3002 19.1804 12.3658 37896.1 -1.99474 -1.03483 -0.98287 0.991426 0.00198219 -0.992116 -0.992116 1 0 0.119789 0.0314562 0.0114727 0.119789 0.0314562 0.0114727 0 0 0 -0.0291737 0.0113941 -0.00413109 0.3 0.3
55 1 37.3002 -2.71247 -9.19654 35303.5 1.81426 0.735122 1.22485 0.983684 -0.00351694 0.75877 1.22546 1 0 -0.00700453 -0.0461637 0.0188033 -0.00700453 -0.0461637 0.0188033 0 0 0 0.0415617 -0.0174846 0.00667227 0.3 0.3
55 2 37.3002 -0.731998 -1.37133 36995 -1.63727 1.21511 0.767676 0.973338 0.00956499 1.22546 0.75877 1 0 -0.0296293 -0.0623597 0.0257381 -0.0296293 -0.0623597 0.0257381 0 0 0 -0.00130125 -0.0312047 -0.0191123 0.3 0.3
55 0 37.3502 19.303 12.435 38223.2 -0.50638 -1.036 -0.984894 0.991365 0.00211752 -0.989273 -0.989273 1 0 0.135307 0.0484341 0.0123921 0.135307 0.0484341 0.0123921 0 0 0 -0.0284009 0.0145459 -0.00444215 0.3 0.3
55 1 37.3502 -2.8488 -9.11263 35505 0.451723 0.733882 1.22525 0.984446 -0.00311891 0.755928 1.22262 1 0 -0.0183566 -0.060314 0.0179717 -0.0183566 -0.060314 0.0179717 0 0 0 0.0416834 -0.0137228 0.00595328 0.3 0.3
55 2 37.3502 -0.896742 -1.12309 37143.7 -0.553169 1.21471 0.768235 0.975659 0.00728474 1.22262 0.755928 1 0 -0.0423682 -0.0767263 0.022493 -0.0423682 -0.0767263 0.022493 0 0 0 0.000776295 -0.0223934 -0.0145792 0.3 0.3
55 0 37.4002 19.3724 12.3567 37956 -0.973192 -1.03666 -0.986239 0.991419 0.00292404 -0.985997 -0.985997 1 0 0.150673 0.0649628 0.011742 0.150673 0.0649628 0.011742 0 0 0 -0.0355193 0.0201637 -0.00620746 0.3 0.3
55 1 37.4002 -2.73242 -8.80271 35339 1.92909 0.73219 1.22562 0.985323 -0.00542821 0.752652 1.21934 1 0 -0.0296087 -0.075068 0.0161731 -0.0296087 -0.075068 0.0161731 0 0 0 0.0476244 -0.0188555 0.010411 0.3 0.3
55 2 37.4002 -1.00059 -1.15043 37307.2 -0.581467 1.21403 0.768313 0.977836 0.00580301 1.21934 0.752652 1 0 -0.0552643 -0.0909251 0.0201888 -0.0552643 -0.0909251 0.0201888 0 0 0 0.00346955 -0.0242465 -0.011649 0.3 0.3
55 0 37.4503 19.6268 12.3029 38137.6 -1.01582 -1.03698 -0.986862 0.991395 0.00353375 -0.982286 -0.982286 1 0 0.166203 0.081002 0.0121658 0.166203 0.081002 0.0121658 0 0 0 -0.0410769 0.0220929 -0.00752328 0.3 0.3
55 1 37.4503 -3.04967 -8.90394 35444.5 0.682307 0.730434 1.22539 0.986184 -0.00480864 0.74894 1.21563 1 0 -0.0419391 -0.0899912 0.0150261 -0.0419391 -0.0899912 0.0150261 0 0 0 0.0520024 -0.0154949 0.00921787 0.3 0.3
55 2 37.4503 -1.59549 -1.07903 36715.9 0.646378 1.21368 0.767859 0.98038 0.00292401 1.21563 0.74894 1 0 -0.0701619 -0.105647 0.0147026 -0.0701619 -0.105647 0.0147026 0 0 0 -0.0089795 -0.0497208 -0.00562662 0.3 0.3
55 0 37.5003 19.6548 12.3119 38076.4 -1.07709 -1.03671 -0.986676 0.991372 0.00404982 -0.978146 -0.978146 1 0 0.181389 0.0963385 0.0121966 0.181389 0.0963385 0.0121966 0 0 0 -0.0391999 0.025736 -0.0086064 0.3 0.3
55 1 37.5003 -3.06881 -8.86952 35697.9 0.0697043 0.728329 1.22457 0.98682 -0.00345496 0.744801 1.21149 1 0 -0.0537367 -0.103968 0.0152802 -0.0537367 -0.103968 0.0152802 0 0 0 0.0569176 -0.018992 0.00637238 0.3 0.3
55 2 37.5003 -1.27829 -0.694532 37614.4 0.731128 1.21267 0.767359 0.982427 0.000597806 1.21149 0.744801 1 0 -0.0835738 -0.119926 0.0144057 -0.0835738 -0.119926 0.0144057 0 0 0 0.0061366 -0.0344007 -0.00130136 0.3 0.3
55 0 37.5503 19.6885 12.4111 38019 -1.35791 -1.03573 -0.985514 0.991396 0.00484551 -0.973577 -0.973577 1 0 0.19609 0.110719 0.0119259 0.19609 0.110719 0.0119259 0 0 0 -0.0406215 0.027993 -0.0102627 0.3 0.3
55 1 37.5503 -3.30902 -8.69382 35310.9 0.705913 0.726089 1.22331 0.98761 -0.00352703 0.740232 1.20692 1 0 -0.0665293 -0.118435 0.0133867 -0.0665293 -0.118435 0.0133867 0 0 0 0.0584405 -0.0156195 0.00660075 0.3 0.3
55 2 37.5503 -1.8136 -1.16389 36600.9 0.490233 1.21173 0.765708 0.984947 -0.000372262 1.20692 0.740232 1 0 -0.0989829 -0.134112 0.00841084 -0.0989829 -0.134112 0.00841084 0 0 0 -0.00040661 -0.0649788 0.000758132 0.3 0.3
55 0 37.6003 19.7682 12.368 38019.3 -1.59564 -1.03408 -0.983521 0.991457 0.00567558 -0.968582 -0.968582 1 0 0.21032 0.124365 0.0116577 0.21032 0.124365 0.0116577 0 0 0 -0.0518856 0.0309696 -0.0121601 0.3 0.3
55 1 37.6003 -3.41522 -8.76652 35339.1 0.999775 0.723621 1.22137 0.988479 -0.0041611 0.735237 1.20193 1 0 -0.0792839 -0.132084 0.0117804 -0.0792839 -0.132084 0.0117804 0 0 0 0.0599093 -0.0198161 0.00773259 0.3 0.3
55 2 37.6003 -1.62759 -0.689271 37384.1 1.03646 1.21018 0.763887 0.987131 -0.00207762 1.20193 0.735237 1 0 -0.113093 -0.147775 0.007092 -0.113093 -0.147775 0.007092 0 0 0 0.00630712 -0.0630785 0.00395833 0.3 0.3
55 0 37.6503 19.7744 12.5082 38080.5 -2.02386 -1.03165 -0.980486 0.991495 0.00696466 -0.963159 -0.963159 1 0 0.223896 0.136923 0.0117125 0.223896 0.136923 0.0117125 0 0 0 -0.0533241 0.0343969 -0.0148538 0.3 0.3
55 1 37.6503 -3.52818 -8.83441 35425.2 0.89508 0.720879 1.21865 0.989336 -0.00430391 0.729814 1.1965 1 0 -0.0922694 -0.145097 0.0106459 -0.0922694 -0.145097 0.0106459 0 0 0 0.0642698 -0.0147336 0.0081389 0.3 0.3
55 2 37.6503 -1.7049 -1.04613 37067.6 0.57057 1.20807 0.76105 0.989335 -0.00235075 1.1965 0.729814 1 0 -0.127092 -0.160523 0.0039171 -0.127092 -0.160523 0.0039171 0 0 0 0.00459046 -0.0710832 0.00454127 0.3 0.3
55 0 37.7002 19.715 12.8745 38091.7 -0.431538 -1.02842 -0.976218 0.991511 0.00513159 -0.957321 -0.957321 1 0 0.236776 0.148036 0.0118076 0.236776 0.148036 0.0118076 0 0 0 -0.0581405 0.0367575 -0.0113383 0.3 0.3
55 1 37.7002 -3.8243 -8.82165 35555.6 0.686047 0.718094 1.21523 0.990071 -0.00409676 0.723976 1.19067 1 0 -0.105541 -0.157292 0.0102391 -0.105541 -0.157292 0.0102391 0 0 0 0.0645034 -0.0150799 0.00771151 0.3 0.3
55 2 37.7002 -1.53408 -0.840887 37492.8 0.91444 1.20511 0.757715 0.991155 -0.0032409 1.19067 0.723976 1 0 -0.13984 -0.172649 0.00333396 -0.13984 -0.172649 0.00333396 0 0 0 0.016044 -0.0500567 0.0060824 0.3 0.3
55 0 37.7503 19.8788 12.8252 38098.1 -1.92986 -1.0246 -0.971063 0.991503 0.0065794 -0.951057 -0.951057 1 0 0.249367 0.158346 0.0119375 0.249367 0.158346 0.0119375 0 0 0 -0.0517185 0.0318985 -0.0139901 0.3 0.3
55 1 37.7503 -3.98529 -8.89602 35436.6 0.461103 0.715103 1.211 0.990805 -0.00357094 0.717711 1.1844 1 0 -0.120098 -0.169748 0.0091949 -0.120098 -0.169748 0.0091949 0 0 0 0.0665856 -0.0140034 0.00667964 0.3 0.3
55 2 37.7503 -1.93835 -1.00062 37002.3 0.542179 1.20192 0.753514 0.993071 -0.00309807 1.1844 0.717711 1 0 -0.15438 -0.185463 9.16468e-05 -0.15438 -0.185463 9.16468e-05 0 0 0 0.0150634 -0.0445018 0.00586262 0.3 0.3
55 0 37.8002 19.6584 13.3587 38023 -1.08659 -1.01983 -0.964483 0.991541 0.00593409 -0.944379 -0.944379 1 0 0.260941 0.166856 0.0116495 0.260941 0.166856 0.0116495 0 0 0 -0.0580547 0.0369601 -0.0129485 0.3 0.3
55 1 37.8002 -4.25341 -8.9255 35378.8 1.00932 0.712063 1.20605 0.991581 -0.00416319 0.711034 1.17772 1 0 -0.134341 -0.180744 0.00790531 -0.134341 -0.180744 0.00790531 0 0 0 0.0649764 -0.0158164 0.00781701 0.3 0.3
55 2 37.8002 -1.97368 -0.96262 36984.3 0.87228 1.1983 0.748656 0.995054 -0.00360595 1.17772 0.711034 1 0 -0.167749 -0.196733 -0.00300131 -0.167749 -0.196733 -0.00300131 0 0 0 0.0199196 -0.0400291 0.00681497 0.3 0.3
55 0 37.8503 19.7438 13.3752 38132.3 -1.8741 -1.01433 -0.956939 0.99152 0.00687174 -0.937279 -0.937279 1 0 0.271959 0.174388 0.0119793 0.271959 0.174388 0.0119793 0 0 0 -0.057438 0.039194 -0.014878 0.3 0.3
55 1 37.8503 -4.3004 -9.03409 35553.9 1.27333 0.70867 1.20028 0.992229 -0.00501907 0.703934 1.17062 1 0 -0.149343 -0.191715 0.00763361 -0.149343 -0.191715 0.00763361 0 0 0 0.0635451 -0.0185649 0.00945362 0.3 0.3
55 2 37.8503 -2.22537 -1.13458 36920.3 1.15851 1.19445 0.742909 0.997128 -0.0044485 1.17062 0.703934 1 0 -0.181803 -0.207563 -0.00636609 -0.181803 -0.207563 -0.00636609 0 0 0 0.0230407 -0.0431469 0.00840253 0.3 0.3
55 0 37.9002 19.5921 13.8396 38167.8 -0.494517 -1.00801 -0.948172 0.991425 0.00520777 -0.929779 -0.929779 1 0 0.28216 0.180443 0.0124764 0.28216 0.180443 0.0124764 0 0 0 -0.0541013 0.0422266 -0.0115644 0.3 0.3
55 1 37.9002 -4.6397 -8.96561 35328.3 0.180978 0.705209 1.19395 0.992977 -0.0036915 0.696433 1.16312 1 0 -0.163716 -0.201197 0.00610462 -0.163716 -0.201197 0.00610462 0 0 0 0.0620718 -0.0157035 0.00689926 0.3 0.3
55 2 37.9002 -2.09633 -1.18434 37037.1 0.51111 1.18995 0.736395 0.999171 -0.00393529 1.16312 0.696433 1 0 -0.194099 -0.216437 -0.00900818 -0.194099 -0.216437 -0.00900818 0 0 0 0.0240721 -0.0475112 0.0073014 0.3 0.3
55 0 37.9502 19.4902 13.9062 37793.8 -1.68702 -1.00078 -0.938529 0.991599 0.006062 -0.921866 -0.921866 1 0 0.291534 0.185705 0.0108957 0.291534 0.185705 0.0108957 0 0 0 -0.0584049 0.0410498 -0.0133311 0.3 0.3
55 1 37.9502 -4.89865 -9.05904 35307.6 0.288346 0.701606 1.18689 0.993799 -0.0030484 0.688521 1.15521 1 0 -0.179966 -0.211574 0.00455823 -0.179966 -0.211574 0.00455823 0 0 0 0.0609495 -0.0175648 0.00556441 0.3 0.3
55 2 37.9502 -2.33861 -1.55048 36815.1 1.12001 1.18509 0.728707 1.00134 -0.00446932 1.15521 0.688521 1 0 -0.208826 -0.226352 -0.0127861 -0.208826 -0.226352 -0.0127861 0 0 0 0.00929025 -0.0751843 0.00859568 0.3 0.3
55 0 38.0003 19.4539 14.2484 38051.1 -1.14678 -0.992794 -0.927848 0.991749 0.00577365 -0.913542 -0.913542 1 0 0.300183 0.189773 0.0108023 0.300183 0.189773 0.0108023 0 0 0 -0.0544806 0.0423937 -0.0127095 0.3 0.3
55 1 38.0003 -4.99687 -9.10692 35469.5 1.28587 0.697704 1.17918 0.994543 -0.00431622 0.680197 1.14689 1 0 -0.195167 -0.220294 0.00392234 -0.195167 -0.220294 0.00392234 0 0 0 0.0595021 -0.0214439 0.00799859 0.3 0.3
55 2 38.0003 -1.88916 -1.2625 37561.7 1.57676 1.17907 0.720644 1.00297 -0.00556432 1.14689 0.680197 1 0 -0.220046 -0.234097 -0.0122845 -0.220046 -0.234097 -0.0122845 0 0 0 0.00380146 -0.0774713 0.0109897 0.3 0.3
55 0 38.0503 18.9889 15.3469 38720 4.77867 -0.983934 -0.915588 0.991314 -0.00501124 -0.904823 -0.904823 1 0 0.30797 0.191781 0.0143335 0.30797 0.191781 0.0143335 0 0 0 -0.0703369 0.0733705 0.00745291 0.3 0.3
55 1 38.0503 -5.20236 -9.01047 35399.3 0.182174 0.693498 1.17102 0.995285 -0.00326909 0.671478 1.13817 1 0 -0.210962 -0.229376 0.00289278 -0.210962 -0.229376 0.00289278 0 0 0 0.0604232 -0.0199209 0.00593946 0.3 0.3
55 2 38.0503 -1.93138 -1.47753 37053.8 0.851823 1.17227 0.711822 1.00461 -0.00504433 1.13817 0.671478 1 0 -0.231421 -0.24204 -0.0146257 -0.231421 -0.24204 -0.0146257 0 0 0 -0.00171456 -0.0806199 0.0101661 0.3 0.3
55 0 38.1003 19.185 13.8248 36768.5 -7.21256 -0.974158 -0.904003 0.992132 0.00923702 -0.895712 -0.895712 1 0 0.314765 0.195502 0.00692439 0.314765 0.195502 0.00692439 0 0 0 -0.0351463 0.0365173 -0.0191221 0.3 0.3
55 1 38.1003 -5.39233 -9.13051 35337.8 0.235504 0.688992 1.16222 0.996072 -0.00275344 0.662367 1.12906 1 0 -0.225964 -0.237076 0.00157836 -0.225964 -0.237076 0.00157836 0 0 0 0.0570541 -0.0269962 0.00473925 0.3 0.3
55 2 38.1003 -1.81467 -1.3476 37361.1 1.03496 1.16461 0.702611 1.00594 -0.00515636 1.12906 0.662367 1 0 -0.240531 -0.248514 -0.0149626 -0.240531 -0.248514 -0.0149626 0 0 0 0.00254251 -0.0721974 0.0102277 0.3 0.3
55 0 38.1502 19.0535 15.0346 38388.5 -1.22698 -0.963555 -0.890887 0.992463 0.0079662 -0.886207 -0.886207 1 0 0.320799 0.197265 0.00889598 0.320799 0.197265 0.00889598 0 0 0 -0.0355644 0.0507907 -0.0168437 0.3 0.3
55 1 38.1502 -5.66565 -9.19305 35607 0.555029 0.684239 1.15279 0.996646 -0.00289101 0.652861 1.11955 1 0 -0.243432 -0.246594 0.00181154 -0.243432 -0.246594 0.00181154 0 0 0 0.0575179 -0.0270088 0.00500794 0.3 0.3
55 2 38.1502 -1.93433 -1.60303 37057.9 0.53861 1.15639 0.692615 1.00727 -0.00440485 1.11955 0.652861 1 0 -0.253538 -0.258493 -0.0169024 -0.253538 -0.258493 -0.0169024 0 0 0 0.00553478 -0.0674795 0.00862797 0.3 0.3
55 0 38.2002 18.5969 15.2213 37782.9 0.950218 -0.951897 -0.877085 0.993015 0.00315557 -0.876311 -0.876311 1 0 0.325568 0.198387 0.00701973 0.325568 0.198387 0.00701973 0 0 0 -0.053329 0.0654017 -0.00806171 0.3 0.3
55 1 38.2002 -5.74127 -9.12865 35377.8 -0.404526 0.67903 1.1429 0.99726 -0.00140176 0.642965 1.10966 1 0 -0.258424 -0.253637 0.000765176 -0.258424 -0.253637 0.000765176 0 0 0 0.0590862 -0.0275715 0.00199017 0.3 0.3
55 2 38.2002 -1.86417 -1.6942 37009.2 0.239159 1.14753 0.681915 1.00864 -0.00328409 1.10966 0.642965 1 0 -0.261615 -0.263443 -0.0189367 -0.261615 -0.263443 -0.0189367 0 0 0 0.000631183 -0.0731884 0.00654948 0.3 0.3
55 0 38.2503 18.5634 14.9449 38311.6 -3.18314 -0.939365 -0.863086 0.993251 0.00769164 -0.866022 -0.866022 1 0 0.329449 0.199775 0.00826801 0.329449 0.199775 0.00826801 0 0 0 -0.0274651 0.0437571 -0.0159896 0.3 0.3
55 1 38.2503 -5.95292 -9.22075 35372.3 0.374739 0.673463 1.13244 0.997891 -0.0017144 0.632676 1.09937 1 0 -0.274092 -0.260977 -0.000202396 -0.274092 -0.260977 -0.000202396 0 0 0 0.0568172 -0.0300564 0.00257641 0.3 0.3
55 2 38.2503 -1.80454 -1.69778 37009.8 0.754651 1.138 0.670682 1.01002 -0.00348859 1.09937 0.632676 1 0 -0.270336 -0.269268 -0.020882 -0.270336 -0.269268 -0.020882 0 0 0 0.00266057 -0.0749994 0.00688229 0.3 0.3
55 0 38.3002 18.3349 15.3036 37537.2 -0.0445815 -0.926076 -0.848599 0.993928 0.00496946 -0.855366 -0.855366 1 0 0.332561 0.20085 0.00511779 0.332561 0.20085 0.00511779 0 0 0 -0.0321621 0.0534051 -0.0108029 0.3 0.3
55 1 38.3002 -6.01894 -9.19136 35151.6 -0.393063 0.667377 1.12153 0.998729 -0.000625882 0.622021 1.08871 1 0 -0.288237 -0.266925 -0.00238319 -0.288237 -0.266925 -0.00238319 0 0 0 0.0584105 -0.0293014 0.000396372 0.3 0.3
55 2 38.3002 -1.79069 -1.79208 37217.1 0.367402 1.1279 0.658882 1.01121 -0.00296273 1.08871 0.622021 1 0 -0.277284 -0.273335 -0.0216024 -0.277284 -0.273335 -0.0216024 0 0 0 0.00330379 -0.0744903 0.00580649 0.3 0.3
55 0 38.3503 18.043 15.416 37994.4 -0.566653 -0.91191 -0.833748 0.994523 0.00429786 -0.844324 -0.844324 1 0 0.334814 0.201939 0.00469257 0.334814 0.201939 0.00469257 0 0 0 -0.0193423 0.0509835 -0.00909214 0.3 0.3
55 1 38.3503 -6.35431 -9.3182 35342.8 -0.257558 0.660998 1.11001 0.999539 -0.000147643 0.610978 1.07767 1 0 -0.305998 -0.275936 -0.00342571 -0.305998 -0.275936 -0.00342571 0 0 0 0.0548028 -0.0322831 -0.000589466 0.3 0.3
55 2 38.3503 -1.34587 -1.6961 37382.2 -0.324006 1.11662 0.64678 1.01209 -0.00165591 1.07767 0.610978 1 0 -0.287566 -0.282217 -0.0213503 -0.287566 -0.282217 -0.0213503 0 0 0 0.0186769 -0.0541155 0.00280769 0.3 0.3
55 0 38.4003 17.4513 15.8268 37695.3 2.98048 -0.896706 -0.818471 0.995335 -0.00244941 -0.832915 -0.832915 1 0 0.335752 0.202752 0.00246944 0.335752 0.202752 0.00246944 0 0 0 -0.036159 0.0560969 0.00388696 0.3 0.3
55 1 38.4003 -6.26684 -9.30714 35411 -0.663991 0.65394 1.098 1.00029 0.000762467 0.59957 1.06626 1 0 -0.319357 -0.280892 -0.00413104 -0.319357 -0.280892 -0.00413104 0 0 0 0.0581292 -0.0373756 -0.00261258 0.3 0.3
55 2 38.4003 -1.92859 -2.52486 36537 -1.82426 1.10541 0.63315 1.01347 0.00217842 1.06626 0.59957 1 0 -0.29305 -0.283573 -0.0257185 -0.29305 -0.283573 -0.0257185 0 0 0 -0.00293199 -0.0840201 -0.00423746 0.3 0.3
55 0 38.4503 17.3972 15.8656 38104.1 -0.507134 -0.880827 -0.802867 0.99595 -0.000759226 -0.821142 -0.821142 1 0 0.336093 0.20356 0.00259623 0.336093 0.20356 0.00259623 0 0 0 -0.028392 0.043446 0.000902067 0.3 0.3
55 1 38.4503 -6.54202 -9.3132 35472.7 -0.231835 0.646511 1.08558 1.00092 0.000655564 0.587797 1.05449 1 0 -0.334661 -0.287711 -0.00445786 -0.334661 -0.287711 -0.00445786 0 0 0 0.0617024 -0.038965 -0.00251465 0.3 0.3
55 2 38.4503 -1.1939 -1.90212 37307.5 -1.17349 1.09293 0.619657 1.01451 0.00345659 1.05449 0.587797 1 0 -0.300354 -0.289168 -0.0255317 -0.300354 -0.289168 -0.0255317 0 0 0 -0.00438894 -0.0856481 -0.00673149 0.3 0.3
55 0 38.5002 17.2135 15.7625 38036 0.640122 -0.864373 -0.787309 0.99648 -0.00169578 -0.80902 -0.80902 1 0 0.335949 0.20494 0.00227681 0.335949 0.20494 0.00227681 0 0 0 -0.0247283 0.0532758 0.00273412 0.3 0.3
55 1 38.5002 -6.44004 -9.60301 35448.4 -2.68533 0.638543 1.0727 1.00148 0.00484941 0.575675 1.04237 1 0 -0.348509 -0.293201 -0.00487 -0.342338 -0.285564 -0.00487 0 0 0 0.0553076 -0.0335101 -0.0106309 0.3 0.3
55 2 38.5002 -0.868426 -1.75651 37735.6 -0.721789 1.07926 0.606229 1.01494 0.00325205 1.04237 0.575675 1 0 -0.304186 -0.293401 -0.0230925 -0.304186 -0.293401 -0.0230925 0 0 0 0.0132377 -0.058427 -0.00689387 0.3 0.3
55 0 38.5503 16.904 15.9582 38253.9 0.563976 -0.847175 -0.771457 0.996742 -0.00212587 -0.796522 -0.796522 1 0 0.335071 0.206351 0.00325423 0.335071 0.206351 0.00325423 0 0 0 -0.0194241 0.0567223 0.00370261 0.3 0.3
55 1 38.5503 -6.31328 -9.91056 35203.2 0.324153 0.630068 1.0594 1.00218 0.00239947 0.563177 1.02987 1 0 -0.363165 -0.299661 -0.00657501 -0.347452 -0.280187 -0.00657501 0 0 0 0.0581738 -0.0416779 -0.00601482 0.3 0.3
55 2 38.5503 -1.36117 -2.69041 36608.9 -0.624085 1.06558 0.59135 1.01586 0.00342415 1.02987 0.563177 1 0 -0.310662 -0.297837 -0.0268268 -0.310662 -0.297837 -0.0268268 0 0 0 -0.00445519 -0.0793068 -0.00667696 0.3 0.3
55 0 38.6002 16.7638 15.7049 37781.7 -0.361926 -0.829429 -0.755809 0.997199 -0.000758852 -0.783698 -0.783698 1 0 0.333696 0.208542 0.00162983 0.333696 0.208542 0.00162983 0 0 0 -0.0115567 0.0439077 0.00126434 0.3 0.3
55 1 38.6002 -6.3361 -10.1047 35253.8 -2.1167 0.621093 1.04566 1.00294 0.00497726 0.550353 1.01704 1 0 -0.376417 -0.304811 -0.00791426 -0.35237 -0.274946 -0.00791426 0 0 0 0.058028 -0.0378864 -0.0110602 0.3 0.3
55 2 38.6002 -0.644776 -2.06826 37325.5 -0.230579 1.05072 0.576678 1.01649 0.00262558 1.01704 0.550353 1 0 -0.313461 -0.300964 -0.0262432 -0.313461 -0.300964 -0.0262432 0 0 0 -0.000892854 -0.0732877 -0.00522196 0.3 0.3
55 0 38.6503 16.3997 15.8943 38362.2 0.387333 -0.810896 -0.739914 0.997284 -0.00121682 -0.770505 -0.770505 1 0 0.331504 0.210834 0.00338041 0.331504 0.210834 0.00338041 0 0 0 -0.0137782 0.0434719 0.00213474 0.3 0.3
55 1 38.6503 -6.27238 -10.3593 35467.8 -1.11505 0.611533 1.03138 1.00356 0.00504218 0.537159 1.00385 1 0 -0.389132 -0.309501 -0.00806765 -0.357198 -0.269735 -0.00806765 0 0 0 0.0539159 -0.0371016 -0.0110903 0.3 0.3
55 2 38.6503 -0.662111 -2.2817 36713.2 0.112196 1.03523 0.56158 1.01745 0.00171348 1.00385 0.537159 1 0 -0.316041 -0.30421 -0.0292097 -0.316041 -0.30421 -0.0292097 0 0 0 -0.00837671 -0.077735 -0.00310384 0.3 0.3
55 0 38.7002 16.4347 15.5779 37691.8 0.400134 -0.792159 -0.724391 0.997674 -0.00148735 -0.756997 -0.756997 1 0 0.329363 0.214157 0.00130601 0.329363 0.214157 0.00130601 0 0 0 -0.00959883 0.0453393 0.00275786 0.3 0.3
55 1 38.7002 -6.45556 -10.4562 35364.5 -1.95134 0.601717 1.01678 1.00416 0.00652541 0.523652 0.990343 1 0 -0.40127 -0.31351 -0.00880047 -0.362039 -0.264505 -0.00880047 0 0 0 0.0498579 -0.0342463 -0.0139109 0.3 0.3
55 2 38.7002 -0.554135 -2.42356 37340.7 0.0879604 1.01933 0.546108 1.01809 0.00104205 0.990343 0.523652 1 0 -0.316821 -0.305723 -0.0284858 -0.314589 -0.304157 -0.0284858 0 0 0 -0.00876882 -0.0724937 -0.0017675 0.3 0.3
55 0 38.7502 15.9753 15.7108 37818.4 1.28545 -0.77275 -0.708822 0.998164 -0.00326982 -0.743149 -0.743149 1 0 0.326613 0.217934 0.000115417 0.326613 0.217934 0.000115417 0 0 0 -0.0176477 0.048219 0.00611624 0.3 0.3
55 1 38.7502 -6.40295 -10.5876 35451.2 -2.91865 0.591477 1.00205 1.00465 0.00913619 0.509804 0.976495 1 0 -0.416087 -0.320683 -0.00896434 -0.367028 -0.259159 -0.00896434 0 0 0 0.0484957 -0.0286997 -0.018976 0.3 0.3
55 2 38.7502 0.0484759 -2.56897 37074.9 0.56807 1.00271 0.530444 1.01871 -0.000144761 0.976495 0.509804 1 0 -0.322832 -0.313351 -0.0293336 -0.311885 -0.305709 -0.0293336 0 0 0 -0.0112173 -0.072418 0.000696066 0.3 0.3
55 0 38.8002 15.9024 15.6504 38065.1 0.328559 -0.75301 -0.693257 0.99853 -0.00268079 -0.728986 -0.728986 1 0 0.323637 0.222059 0.000229693 0.323637 0.222059 0.000229693 0 0 0 -0.00942927 0.0401497 0.00517341 0.3 0.3
55 1 38.8002 -6.44821 -10.7641 35518.9 -1.87921 0.580855 0.986995 1.00499 0.00906521 0.495641 0.962331 1 0 -0.427936 -0.325 -0.00871908 -0.371646 -0.254092 -0.00871908 0 0 0 0.0486139 -0.0319335 -0.0189148 0.3 0.3
55 2 38.8002 -0.0701457 -2.4769 37194.2 0.766182 0.985738 0.514606 1.01921 -0.00121982 0.962331 0.495641 1 0 -0.322976 -0.315425 -0.0293667 -0.309784 -0.306261 -0.0293667 0 0 0 -0.0158075 -0.072617 0.00301554 0.3 0.3
55 0 38.8502 15.6336 15.279 37550 0.66971 -0.732764 -0.678116 0.999253 -0.0029683 -0.714477 -0.714477 1 0 0.320287 0.227386 -0.0025652 0.320287 0.227386 -0.0025652 0 0 0 -0.0138103 0.0370528 0.00568187 0.3 0.3
55 1 38.8502 -6.42396 -10.767 35515.1 -2.25459 0.56978 0.971873 1.00522 0.00967326 0.481131 0.947822 1 0 -0.439756 -0.32994 -0.00844435 -0.376054 -0.249247 -0.00844435 0 0 0 0.0445535 -0.0346557 -0.0201267 0.3 0.3
55 2 38.8502 0.176053 -2.48084 37211.2 0.633849 0.968262 0.498619 1.01958 -0.00183012 0.947822 0.481131 1 0 -0.323722 -0.318702 -0.0292625 -0.307222 -0.307288 -0.0292625 0 0 0 -0.0146201 -0.0632552 0.00412473 0.3 0.3
55 0 38.9002 15.8227 15.3182 38150.3 0.561164 -0.712676 -0.66301 0.999714 -0.00294107 -0.699666 -0.699666 1 0 0.317569 0.233137 -0.00190433 0.317569 0.233137 -0.00190433 0 0 0 -0.0119893 0.0375079 0.00565842 0.3 0.3
55 1 38.9002 -6.40213 -10.924 35444.5 -0.548678 0.558346 0.956628 1.00541 0.00720397 0.46632 0.933011 1 0 -0.450824 -0.334531 -0.00849933 -0.380232 -0.244576 -0.00849933 0 0 0 0.0424199 -0.0381654 -0.0152236 0.3 0.3
55 2 38.9002 0.130963 -2.38693 36914.9 1.77531 0.950634 0.482621 1.0201 -0.00395956 0.933011 0.46632 1 0 -0.323349 -0.321099 -0.0307446 -0.30465 -0.308221 -0.0307446 0 0 0 -0.0235494 -0.0656933 0.00869779 0.3 0.3
55 0 38.9502 15.5024 15.0791 38024 0.324334 -0.692239 -0.648131 1.0001 -0.00250786 -0.684551 -0.684551 1 0 0.31474 0.239756 -0.00207497 0.31474 0.239756 -0.00207497 0 0 0 -0.00961856 0.0335688 0.00485503 0.3 0.3
55 1 38.9502 -6.26963 -11.0237 35316.8 -2.08523 0.546428 0.941445 1.00566 0.00815113 0.451206 0.917897 1 0 -0.464521 -0.342677 -0.00920123 -0.384457 -0.239931 -0.00920123 0 0 0 0.0398924 -0.0391766 -0.0170904 0.3 0.3
55 2 38.9502 0.538848 -2.36889 37344 1.07496 0.932786 0.466822 1.02035 -0.00439475 0.917897 0.451206 1 0 -0.328994 -0.330229 -0.0297272 -0.300776 -0.310868 -0.0297272 0 0 0 -0.022326 -0.0522905 0.00937697 0.3 0.3
55 0 39.0002 15.6269 14.7488 37999.3 -1.92551 -0.671746 -0.633491 1.00044 0.00152328 -0.669136 -0.669136 1 0 0.312096 0.247063 -0.00228408 0.312096 0.247063 -0.00228408 0 0 0 -0.00879497 0.030272 -0.00318007 0.3 0.3
55 1 39.0002 -6.20241 -10.9249 35294.5 -0.971711 0.534 0.926446 1.00598 0.00688781 0.435791 0.902481 1 0 -0.474774 -0.348559 -0.00998473 -0.387804 -0.236041 -0.00998473 0 0 0 0.0413192 -0.0411872 -0.0146327 0.3 0.3
55 2 39.0002 0.549508 -2.10333 37041 -0.292254 0.914614 0.451256 1.02065 -0.0025336 0.902481 0.435791 1 0 -0.32843 -0.334095 -0.0304335 -0.297276 -0.312792 -0.0304335 0 0 0 -0.0170977 -0.0243431 0.00527588 0.3 0.3
55 0 39.0503 15.3627 14.7782 37926 -0.239988 -0.65091 -0.618747 1.00079 0.0014115 -0.653412 -0.653412 1 0 0.309295 0.254618 -0.00285194 0.309295 0.254618 -0.00285194 0 0 0 -0.00784541 0.0246368 -0.00291988 0.3 0.3
55 1 39.0503 -6.08673 -11.1092 35577.1 -1.037 0.521028 0.911385 1.00611 0.00623087 0.420067 0.886758 1 0 -0.485254 -0.355486 -0.00919144 -0.390942 -0.232348 -0.00919144 0 0 0 0.0362577 -0.0410394 -0.0132107 0.3 0.3
55 2 39.0503 0.080304 -2.18764 37126.3 0.11248 0.897154 0.435671 1.0209 -0.00186203 0.886758 0.420067 1 0 -0.331133 -0.339987 -0.0305307 -0.293811 -0.314566 -0.0305307 0 0 0 -0.0203378 -0.0164327 0.00389149 0.3 0.3
55 0 39.1002 15.5183 14.2953 37841.6 0.252511 -0.630324 -0.604553 1.00121 0.000500173 -0.637435 -0.637435 1 0 0.307163 0.263352 -0.00384388 0.307163 0.263352 -0.00384388 0 0 0 -0.00834158 0.024456 -0.00110244 0.3 0.3
55 1 39.1002 -5.9917 -10.9783 35574.9 -1.02462 0.50753 0.896573 1.00609 0.00564969 0.40409 0.87078 1 0 -0.493857 -0.361857 -0.00844148 -0.39338 -0.229301 -0.00844148 0 0 0 0.0388994 -0.0470063 -0.0122192 0.3 0.3
55 2 39.1002 -0.194062 -2.08363 36860.8 1.86412 0.880472 0.420199 1.02135 -0.00425295 0.87078 0.40409 1 0 -0.333858 -0.344768 -0.0320998 -0.290827 -0.315581 -0.0320998 0 0 0 -0.0239094 -0.0269247 0.00882922 0.3 0.3
55 0 39.1502 15.4419 14.3072 37725.7 0.498726 -0.609787 -0.590371 1.0018 -0.000562999 -0.621152 -0.621152 1 0 0.305616 0.27261 -0.00545455 0.305616 0.27261 -0.00545455 0 0 0 -0.0131136 0.0309608 0.000923135 0.3 0.3
55 1 39.1502 -5.78443 -11.0977 35390.6 -0.831679 0.493471 0.881949 1.00611 0.00509702 0.387806 0.854497 1 0 -0.50592 -0.372957 -0.00865882 -0.39596 -0.226214 -0.00865882 0 0 0 0.0353347 -0.04113 -0.0109247 0.3 0.3
55 2 39.1502 0.222404 -1.83847 37321.7 0.22067 0.863947 0.40525 1.02153 -0.00324019 0.854497 0.387806 1 0 -0.343254 -0.356843 -0.0310293 -0.286468 -0.31848 -0.0310293 0 0 0 -0.0168215 -0.0183338 0.0066351 0.3 0.3
55 0 39.2003 15.0964 14.1649 37871.3 -0.169651 -0.588849 -0.576188 1.00238 -9.94763e-05 -0.604597 -0.604597 1 0 0.303601 0.282078 -0.00623758 0.303601 0.282078 -0.00623758 0 0 0 -0.0114749 0.0260884 4.92816e-05 0.3 0.3
55 1 39.2003 -5.66706 -10.925 35392.4 -0.202609 0.478819 0.867624 1.00615 0.00364826 0.371251 0.837942 1 0 -0.5131 -0.380695 -0.00879617 -0.397335 -0.224145 -0.00879617 0 0 0 0.0333623 -0.0394045 -0.00795642 0.3 0.3
55 2 39.2003 -0.110368 -1.65142 37446.5 1.37628 0.847884 0.390612 1.0214 -0.00450059 0.837942 0.371251 1 0 -0.347294 -0.363306 -0.0293198 -0.282931 -0.319995 -0.0293198 0 0 0 -0.00697682 -0.00327929 0.00901271 0.3 0.3
55 0 39.2503 15.3626 13.6196 37800.1 -1.08079 -0.56827 -0.562562 1.00302 0.00169733 -0.587778 -0.587778 1 0 0.302527 0.292824 -0.00744611 0.299815 0.291007 -0.00744611 0 0 0 -0.0118637 0.0292742 -0.00356875 0.3 0.3
55 1 39.2503 -5.44387 -11.029 35501.7 -0.530778 0.463526 0.853423 1.00611 0.00314247 0.354433 0.821123 1 0 -0.521377 -0.390828 -0.00832515 -0.398573 -0.222298 -0.00832515 0 0 0 0.0373577 -0.0420862 -0.00707377 0.3 0.3
55 2 39.2503 -0.451732 -2.00762 36809.7 1.21225 0.832745 0.375643 1.02157 -0.00501516 0.821123 0.354433 1 0 -0.355637 -0.371938 -0.0310815 -0.279681 -0.321074 -0.0310815 0 0 0 -0.00440362 -0.0085028 0.0100492 0.3 0.3
55 0 39.3002 15.0107 13.6364 38093.5 -2.46632 -0.547474 -0.54894 1.00345 0.00528956 -0.570716 -0.570716 1 0 0.301342 0.303835 -0.00698345 0.292977 0.29714 -0.00698345 0 0 0 -0.00297881 0.0140924 -0.0106004 0.3 0.3
55 1 39.3002 -5.44561 -10.9411 35222 -0.202235 0.447868 0.839471 1.00624 0.00226418 0.33737 0.804061 1 0 -0.528408 -0.40076 -0.0094231 -0.39942 -0.220832 -0.0094231 0 0 0 0.0420483 -0.0407746 -0.00538781 0.3 0.3
55 2 39.3002 -0.331373 -1.64333 36935.4 0.977052 0.817911 0.361025 1.02185 -0.00495892 0.804061 0.33737 1 0 -0.363557 -0.380225 -0.0319691 -0.276342 -0.3221 -0.0319691 0 0 0 -0.00338043 -0.0222844 0.00995617 0.3 0.3
55 0 39.3502 15.2472 13.6399 37898.9 -1.36091 -0.526999 -0.535436 1.00389 0.00575681 -0.553397 -0.553397 1 0 0.301004 0.315346 -0.00762047 0.28877 0.297977 -0.00762047 0 0 0 -0.00895541 0.0199212 -0.0116036 0.3 0.3
55 1 39.3502 -5.287 -10.9451 35299.2 -1.5153 0.431674 0.825667 1.00644 0.00395158 0.320051 0.786742 1 0 -0.535463 -0.411877 -0.0100328 -0.40004 -0.219606 -0.0100328 0 0 0 0.0423869 -0.034773 -0.00864329 0.3 0.3
55 2 39.3502 -0.346166 -1.71201 36961.5 2.07117 0.803442 0.34644 1.02219 -0.00676485 0.786742 0.320051 1 0 -0.373998 -0.390468 -0.0327696 -0.272776 -0.323374 -0.0327696 0 0 0 -0.00133951 -0.0215781 0.013545 0.3 0.3
55 0 39.4002 14.887 13.4575 37886.8 -0.515987 -0.506446 -0.522196 1.00432 0.00470342 -0.535828 -0.535828 1 0 0.300766 0.32754 -0.0082209 0.282036 0.300427 -0.0082209 0 0 0 -0.00525471 0.0170006 -0.00945192 0.3 0.3
55 1 39.4002 -5.18144 -11.0666 35518.9 1.25911 0.415068 0.811796 1.00651 0.000360218 0.302483 0.769173 1 0 -0.540835 -0.421899 -0.00946021 -0.400427 -0.218643 -0.00946021 0 0 0 0.0448272 -0.0362965 -0.0015345 0.3 0.3
55 2 39.4002 -0.341749 -1.70058 37287.9 2.0199 0.789122 0.331786 1.0223 -0.00790384 0.769173 0.302483 1 0 -0.382346 -0.398249 -0.0317516 -0.269565 -0.323908 -0.0317516 0 0 0 0.00492683 -0.0121887 0.0157782 0.3 0.3
55 0 39.4502 14.8306 13.4541 37959.4 -1.63473 -0.485969 -0.508994 1.00469 0.00583341 -0.518033 -0.518033 1 0 0.301002 0.340145 -0.00838513 0.275534 0.302498 -0.00838513 0 0 0 -0.0110861 0.0140108 -0.011745 0.3 0.3
55 1 39.4502 -5.1058 -11.1615 35343.3 -1.03457 0.398186 0.797977 1.00663 0.00179363 0.284688 0.751378 1 0 -0.549958 -0.436228 -0.00989914 -0.401735 -0.217124 -0.00989914 0 0 0 0.0478844 -0.0361268 -0.00445409 0.3 0.3
55 2 39.4502 -0.142877 -1.8948 37059 2.85543 0.77505 0.317 1.02243 -0.0100085 0.751378 0.284688 1 0 -0.398828 -0.413517 -0.0320404 -0.265224 -0.326004 -0.0320404 0 0 0 0.00199358 -0.0239923 0.0199948 0.3 0.3
55 0 39.5002 14.8268 13.2967 37780.9 -0.0217315 -0.46579 -0.496096 1.00515 0.00390299 -0.500006 -0.500006 1 0 0.301873 0.353394 -0.0095247 0.269313 0.304176 -0.0095247 0 0 0 -0.0165883 0.0116598 -0.00790312 0.3 0.3
55 1 39.5002 -5.19466 -11.1624 35471.2 -0.0526189 0.381128 0.78409 1.00668 0.00122508 0.266661 0.733351 1 0 -0.554847 -0.446509 -0.00956542 -0.402426 -0.216113 -0.00956542 0 0 0 0.0455902 -0.0304396 -0.00314512 0.3 0.3
55 2 39.5002 -0.259009 -1.63541 37151.5 2.16544 0.761071 0.30232 1.02247 -0.0102938 0.733351 0.266661 1 0 -0.407619 -0.421116 -0.0317063 -0.261937 -0.326309 -0.0317063 0 0 0 0.00280618 -0.0302165 0.020548 0.3 0.3
55 0 39.5502 14.7702 13.2593 38223.9 -0.848113 -0.445854 -0.48336 1.00529 0.00397215 -0.48176 -0.48176 1 0 0.30339 0.367149 -0.00813574 0.263497 0.305378 -0.00813574 0 0 0 -0.0191532 0.01576 -0.00809587 0.3 0.3
55 1 39.5502 -5.05983 -11.1839 35308.8 -0.272712 0.363729 0.770217 1.0068 0.00110492 0.248415 0.715106 1 0 -0.560281 -0.457938 -0.0101505 -0.403403 -0.215024 -0.0101505 0 0 0 0.0505921 -0.0314128 -0.00300568 0.3 0.3
55 2 39.5502 -0.235625 -1.93831 37396.1 3.74155 0.747262 0.287227 1.02224 -0.0130912 0.715106 0.248415 1 0 -0.418718 -0.430033 -0.0299954 -0.258562 -0.326594 -0.0299954 0 0 0 0.000805931 -0.0247054 0.0261752 0.3 0.3
55 0 39.6002 14.7105 13.526 37787.1 -0.58494 -0.426124 -0.470304 1.00558 0.00363678 -0.463301 -0.463301 1 0 0.305463 0.380569 -0.00922831 0.258412 0.305843 -0.00922831 0 0 0 -0.017437 0.00827893 -0.0073461 0.3 0.3
55 1 39.6002 -5.05546 -11.3639 35469.7 0.0890233 0.346091 0.756121 1.00684 0.000449132 0.229956 0.696646 1 0 -0.565246 -0.468923 -0.00979166 -0.404604 -0.213794 -0.00979166 0 0 0 0.0517534 -0.0311133 -0.00170403 0.3 0.3
55 2 39.6002 -0.141283 -1.57069 37439 4.58774 0.73348 0.272446 1.02176 -0.0163858 0.696646 0.229956 1 0 -0.429848 -0.439464 -0.0280289 -0.254764 -0.327319 -0.0280289 0 0 0 0.000568503 -0.0202798 0.032769 0.3 0.3
55 0 39.6502 14.9659 13.3652 38335.2 -5.20895 -0.406745 -0.457044 1.00547 0.0111298 -0.444657 -0.444657 1 0 0.308312 0.39382 -0.00712508 0.254189 0.305548 -0.00712508 0 0 0 -0.00145023 -0.020195 -0.0222465 0.3 0.3
55 1 39.6502 -5.18429 -11.4046 35283.2 -1.60483 0.328434 0.741988 1.00699 0.00288762 0.211312 0.678003 1 0 -0.572039 -0.481706 -0.0104982 -0.406695 -0.21204 -0.0104982 0 0 0 0.0527609 -0.0266135 -0.00648005 0.3 0.3
55 2 39.6502 -0.276546 -1.90963 37184.6 5.00013 0.720179 0.257343 1.02128 -0.0192796 0.678003 0.211312 1 0 -0.444634 -0.451186 -0.0274144 -0.25078 -0.328297 -0.0274144 0 0 0 0.00509852 -0.0238053 0.0385037 0.3 0.3
55 0 39.7003 14.8628 13.1971 37460.4 1.59896 -0.387724 -0.444191 1.00583 0.00472937 -0.425779 -0.425779 1 0 0.311779 0.407773 -0.00997013 0.250446 0.30497 -0.00997013 0 0 0 -0.0146102 0.0011407 -0.00946736 0.3 0.3
55 1 39.7003 -5.15477 -11.4681 35258.1 -0.116307 0.310524 0.727672 1.00723 0.00198084 0.192434 0.659124 1 0 -0.576038 -0.491817 -0.0112993 -0.408494 -0.210629 -0.0112993 0 0 0 0.0551814 -0.0266708 -0.00469964 0.3 0.3
55 2 39.7003 -0.273582 -1.94398 37288.2 5.82086 0.707032 0.241911 1.0207 -0.0225476 0.659124 0.192434 1 0 -0.456154 -0.458823 -0.0261142 -0.247474 -0.32804 -0.0261142 0 0 0 -7.1711e-05 -0.0297533 0.045105 0.3 0.3
55 0 39.7502 14.8299 13.6626 37855.8 -0.0804109 -0.369045 -0.430976 1.00618 0.00328041 -0.406741 -0.406741 1 0 0.316543 0.421826 -0.010401 0.247907 0.303126 -0.010401 0 0 0 -0.0188865 0.00269153 -0.00658655 0.3 0.3
55 1 39.7502 -5.11106 -11.7355 35254.7 0.643109 0.292563 0.713212 1.00754 0.000125094 0.173396 0.640087 1 0 -0.584533 -0.506261 -0.0121184 -0.412156 -0.208152 -0.0121184 0 0 0 0.0541538 -0.0278699 -0.00100517 0.3 0.3
55 2 39.7502 -0.0450194 -1.90647 37162.1 5.76934 0.694024 0.22652 1.02017 -0.0246262 0.640087 0.173396 1 0 -0.474141 -0.472757 -0.0255457 -0.242875 -0.329722 -0.0255457 0 0 0 -0.00140839 -0.0272578 0.0492812 0.3 0.3
55 0 39.8002 15.0148 13.7355 38074.4 0.309131 -0.350912 -0.417607 1.00635 0.00161834 -0.387519 -0.387519 1 0 0.321782 0.435164 -0.00975402 0.246437 0.300666 -0.00975402 0 0 0 -0.0223395 0.0108377 -0.00335798 0.3 0.3
55 1 39.8002 -5.18966 -11.7332 35295.7 -1.72549 0.274344 0.698535 1.00788 0.0028336 0.154174 0.620865 1 0 -0.588023 -0.515774 -0.0127237 -0.414713 -0.206398 -0.0127237 0 0 0 0.0544791 -0.0277428 -0.00642579 0.3 0.3
55 2 39.8002 -0.108245 -1.75637 37164.4 5.75833 0.681076 0.211171 1.01965 -0.0260319 0.620865 0.154174 1 0 -0.486012 -0.480547 -0.0249318 -0.23904 -0.33007 -0.0249318 0 0 0 0.00164617 -0.0263806 0.0520525 0.3 0.3
55 0 39.8502 14.8017 13.8529 38276.4 -1.18271 -0.332714 -0.403993 1.00621 0.00305842 -0.368128 -0.368128 1 0 0.327261 0.448434 -0.0079972 0.245678 0.297669 -0.0079972 0 0 0 -0.0211018 0.00592299 -0.00617971 0.3 0.3
55 1 39.8502 -5.15123 -11.8497 35432.8 -0.149769 0.255896 0.68376 1.00812 0.00196931 0.134783 0.601474 1 0 -0.593508 -0.527504 -0.0125712 -0.418526 -0.204137 -0.0125712 0 0 0 0.0557 -0.0302402 -0.00478306 0.3 0.3
55 2 39.8502 -0.263314 -2.18358 37186.5 5.34743 0.66862 0.195242 1.01914 -0.0262211 0.601474 0.134783 1 0 -0.501694 -0.490326 -0.0242163 -0.234981 -0.330715 -0.0242163 0 0 0 -0.00477065 -0.030169 0.0525263 0.3 0.3
55 0 39.9002 14.9981 14.0283 37928.2 -0.131046 -0.314861 -0.39013 1.00613 0.00225062 -0.348583 -0.348583 1 0 0.33335 0.461307 -0.00814323 0.246094 0.293938 -0.00814323 0 0 0 -0.0235794 0.00467055 -0.00455664 0.3 0.3
55 1 39.9002 -5.25231 -11.8722 35427.6 -1.38283 0.237277 0.668942 1.00829 0.0035134 0.115238 0.581929 1 0 -0.597939 -0.538395 -0.0124499 -0.422536 -0.201951 -0.0124499 0 0 0 0.0523348 -0.0292636 -0.00779595 0.3 0.3
55 2 39.9002 -0.419023 -1.95214 37290.9 5.18875 0.656733 0.179391 1.01854 -0.0260426 0.581929 0.115238 1 0 -0.518255 -0.500149 -0.0229435 -0.230784 -0.331641 -0.0229435 0 0 0 -0.0113321 -0.0375246 0.0523137 0.3 0.3
55 0 39.9502 15.1039 14.1936 38190.7 -0.292406 -0.2973 -0.376016 1.00583 0.00191831 -0.328874 -0.328874 1 0 0.340119 0.473937 -0.0067006 0.247722 0.289472 -0.0067006 0 0 0 -0.0240963 0.0146188 -0.00401313 0.3 0.3
55 1 39.9502 -5.31325 -12.2043 35553.8 -1.10241 0.218506 0.65376 1.00828 0.00407254 0.0955291 0.56222 1 0 -0.603926 -0.550485 -0.011585 -0.427966 -0.19919 -0.011585 0 0 0 0.0485758 -0.029698 -0.00886991 0.3 0.3
55 2 39.9502 -0.187443 -1.99216 37566.4 3.71019 0.644905 0.163418 1.01764 -0.0235166 0.56222 0.0955291 1 0 -0.535609 -0.510455 -0.020172 -0.226138 -0.333276 -0.020172 0 0 0 -0.0121924 -0.0347953 0.0472576 0.3 0.3
55 0 40.0002 14.8824 14.2898 37636.7 -0.218514 -0.279584 -0.361746 1.00587 0.00153746 -0.309028 -0.309028 1 0 0.346609 0.486284 -0.0083781 0.249132 0.285175 -0.0083781 0 0 0 -0.0261952 0.0250664 -0.00340376 0.3 0.3
55 1 40.0002 -5.19646 -11.8939 35282.4 -1.1522 0.19925 0.638875 1.00838 0.00448534 0.075683 0.542373 1 0 -0.606614 -0.560604 -0.0122066 -0.432761 -0.197302 -0.0122066 0 0 0 0.0462893 -0.0336893 -0.00975433 0.3 0.3
55 2 40.0002 -0.260379 -1.84697 37553.4 2.00443 0.633268 0.147498 1.01651 -0.019099 0.542373 0.075683 1 0 -0.550923 -0.518488 -0.0174908 -0.221497 -0.334713 -0.0174908 0 0 0 0.00311149 -0.0160242 0.0381768 0.3 0.3
55 0 40.0502 14.7172 14.3754 37908.5 -1.20507 -0.261762 -0.347177 1.0059 0.00305124 -0.289039 -0.289039 1 0 0.353028 0.498234 -0.00843113 0.245803 0.283024 -0.00843113 0 0 0 -0.0203017 0.0181313 -0.00628711 0.3 0.3
55 1 40.0502 -5.26445 -12.1317 35340.9 -1.04511 0.179672 0.623857 1.00849 0.00453875 0.0556934 0.522384 1 0 -0.609987 -0.571727 -0.012415 -0.438847 -0.195266 -0.012415 0 0 0 0.0461428 -0.0392115 -0.00998664 0.3 0.3
55 2 40.0502 -0.84515 -2.23912 36723.5 2.09541 0.622775 0.130997 1.01593 -0.016156 0.522384 0.0556934 1 0 -0.570012 -0.527362 -0.0193818 -0.216907 -0.336477 -0.0193818 0 0 0 -0.00624436 -0.0368877 0.0324343 0.3 0.3
55 0 40.1002 14.6508 14.5086 37526.5 0.376943 -0.244009 -0.332393 1.00628 0.00133425 -0.268925 -0.268925 1 0 0.359572 0.509825 -0.0107178 0.242164 0.280879 -0.0107178 0 0 0 -0.0237767 0.0219907 -0.00293031 0.3 0.3
55 1 40.1002 -5.00332 -11.9954 35122.8 0.950485 0.159436 0.60909 1.0088 0.00124818 0.03558 0.50227 1 0 -0.611647 -0.582686 -0.0138566 -0.445059 -0.193934 -0.0138566 0 0 0 0.0449028 -0.0435379 -0.00347539 0.3 0.3
55 2 40.1002 -0.310828 -1.82198 37398.3 -0.760085 0.612027 0.114691 1.01516 -0.0095541 0.50227 0.03558 1 0 -0.587126 -0.535028 -0.0173856 -0.211804 -0.339008 -0.0173856 0 0 0 0.00737998 -0.0158131 0.0190509 0.3 0.3
55 0 40.1502 14.5212 14.5568 37934.4 -0.83609 -0.226179 -0.31746 1.00658 0.00222969 -0.248696 -0.248696 1 0 0.366081 0.521259 -0.010689 0.238695 0.278511 -0.010689 0 0 0 -0.0237279 0.0233854 -0.00473748 0.3 0.3
55 1 40.1502 -5.02074 -12.1769 35370.1 -1.61302 0.138661 0.594287 1.00904 0.00329789 0.0153507 0.482041 1 0 -0.614841 -0.596032 -0.0138838 -0.453404 -0.192594 -0.0138838 0 0 0 0.0452133 -0.0478975 -0.00768256 0.3 0.3
55 2 40.1502 -0.971869 -2.36711 36636 -0.688851 0.602477 0.0976264 1.01495 -0.00518412 0.482041 0.0153507 1 0 -0.610697 -0.545825 -0.0198648 -0.206271 -0.343242 -0.0198648 0 0 0 -0.00374531 -0.0357069 0.0104368 0.3 0.3
55 0 40.2002 14.5032 14.5081 38052.5 -1.04394 -0.208396 -0.302544 1.00672 0.00323409 -0.228362 -0.228362 1 0 0.372594 0.532647 -0.0101222 0.235006 0.276192 -0.0101222 0 0 0 -0.0188742 0.0179685 -0.00663832 0.3 0.3
55 1 40.2002 -5.09146 -12.0098 35425.6 -1.182 0.117387 0.579666 1.0092 0.00409306 -0.00498311 0.461707 1 0 -0.614702 -0.607203 -0.0136642 -0.461571 -0.192526 -0.0136642 0 0 0 0.041505 -0.0419967 -0.0090615 0.3 0.3
55 2 40.2002 -0.683346 -2.14954 37232.7 -2.76998 0.592997 0.0803194 1.01464 0.00115389 0.461707 -0.00498311 1 0 -0.629842 -0.551664 -0.0189367 -0.201228 -0.346895 -0.0189367 0 0 0 -0.00142374 -0.036913 -0.0022819 0.3 0.3
55 0 40.2503 14.23 14.8234 37840.2 2.18789 -0.19055 -0.287398 1.00693 -0.00163899 -0.207903 -0.207903 1 0 0.379046 0.543687 -0.0107183 0.231222 0.273924 -0.0107183 0 0 0 -0.0247363 0.0323412 0.00287861 0.3 0.3
55 1 40.2503 -5.02413 -11.8412 35142.1 -0.591102 0.0954549 0.565363 1.00953 0.00361635 -0.0254425 0.441248 1 0 -0.61375 -0.619219 -0.015001 -0.470973 -0.193514 -0.015001 0 0 0 0.036575 -0.0423145 -0.00800958 0.3 0.3
55 2 40.2503 -0.850907 -2.17959 37333.3 -4.27909 0.583945 0.0626047 1.01419 0.00792713 0.441248 -0.0254425 1 0 -0.650555 -0.55765 -0.0176619 -0.195862 -0.35217 -0.0176619 0 0 0 -0.00269872 -0.0378873 -0.0158062 0.3 0.3
55 0 40.3003 14.0048 14.7136 38096.3 -0.0299306 -0.17251 -0.27237 1.00694 -0.00107813 -0.187378 -0.187378 1 0 0.385078 0.55484 -0.00980779 0.227055 0.271974 -0.00980779 0 0 0 -0.0207946 0.0326198 0.00181746 0.3 0.3
55 1 40.3003 -5.03 -11.6842 35477.9 -1.32075 0.072847 0.551338 1.00969 0.00451661 -0.0459669 0.420724 1 0 -0.610496 -0.630556 -0.0143883 -0.481142 -0.19629 -0.0143883 0 0 0 0.0344154 -0.0415174 -0.00975114 0.3 0.3
55 2 40.3003 -0.684545 -2.05449 37440.3 -6.90477 0.574856 0.0446143 1.01355 0.0168291 0.420724 -0.0459669 1 0 -0.668751 -0.560714 -0.0157843 -0.190604 -0.357915 -0.0157843 0 0 0 0.00643157 -0.0137059 -0.0337048 0.3 0.3
55 0 40.3503 13.7852 14.6396 38132.8 -1.5783 -0.154062 -0.257409 1.00679 0.00201421 -0.166764 -0.166764 1 0 0.390534 0.566224 -0.00872181 0.222855 0.270358 -0.00872181 0 0 0 -0.00591885 0.00183769 -0.00403388 0.3 0.3
55 1 40.3503 -5.05393 -11.6847 35398.4 1.46477 0.0497751 0.537604 1.0098 0.000463294 -0.0665815 0.400109 1 0 -0.61212 -0.648055 -0.0142829 -0.497243 -0.200007 -0.0142829 0 0 0 0.0330245 -0.0451523 -0.00167271 0.3 0.3
55 2 40.3503 -1.07341 -2.21776 36821.1 -6.86639 0.56677 0.0261082 1.0133 0.0225773 0.400109 -0.0665815 1 0 -0.699605 -0.573854 -0.0173418 -0.183349 -0.370801 -0.0173418 0 0 0 0.00599337 -0.0232567 -0.0452314 0.3 0.3
55 0 40.4003 14.0122 14.6046 37542.4 -0.818257 -0.135906 -0.242526 1.007 0.00271442 -0.146076 -0.146076 1 0 0.396266 0.577519 -0.0108721 0.218583 0.26926 -0.0108721 0 0 0 -0.00307121 -0.00761718 -0.00541719 0.3 0.3
55 1 40.4003 -5.03275 -11.2547 35584.8 -0.368847 0.0258807 0.524235 1.0097 0.000782128 -0.087269 0.379422 1 0 -0.605959 -0.659788 -0.0130725 -0.510558 -0.207653 -0.0130725 0 0 0 0.0329798 -0.0472873 -0.00234488 0.3 0.3
55 2 40.4003 -0.927056 -1.88895 37092.8 -7.38668 0.558757 0.00730978 1.01309 0.0273431 0.379422 -0.087269 1 0 -0.718644 -0.574557 -0.0172983 -0.178632 -0.380341 -0.0172983 0 0 0 0.00458641 -0.0345809 -0.0547807 0.3 0.3
55 0 40.4503 14.296 14.5844 37341.2 2.28825 -0.118676 -0.227927 1.00766 -0.00208604 -0.125325 -0.125325 1 0 0.403545 0.589272 -0.0140195 0.214515 0.268772 -0.0140195 0 0 0 -0.0158035 0.0197767 0.00401614 0.3 0.3
55 1 40.4503 -5.32747 -10.8864 35325.6 0.217563 0.00162452 0.51136 1.00966 4.0316e-05 -0.108021 0.35867 1 0 -0.601238 -0.674415 -0.0132975 -0.526956 -0.21793 -0.0132975 0 0 0 0.0338285 -0.0447424 -0.000837646 0.3 0.3
55 2 40.4503 -0.724873 -1.61616 37039 -7.32749 0.550682 -0.0116553 1.01299 0.0304681 0.35867 -0.108021 1 0 -0.741128 -0.578528 -0.0176853 -0.173672 -0.395181 -0.0176853 0 0 0 -0.000338158 -0.036082 -0.0609495 0.3 0.3
55 0 40.5002 13.5059 14.6075 38078.4 0.323004 -0.100835 -0.213371 1.00803 -0.0019085 -0.104532 -0.104532 1 0 0.409484 0.600795 -0.0131145 0.210089 0.269495 -0.0131145 0 0 0 -0.0112017 0.0113641 0.00375348 0.3 0.3
55 1 40.5002 -5.23883 -10.4844 35458 0.723391 -0.0234934 0.498782 1.00953 -0.00139254 -0.128813 0.337878 1 0 -0.592551 -0.687046 -0.0126895 -0.543274 -0.23331 -0.0126895 0 0 0 0.0359456 -0.0509828 0.00186983 0.3 0.3
55 2 40.5002 -0.691239 -1.1641 37310.8 -6.81683 0.542545 -0.0306299 1.01274 0.0316621 0.337878 -0.128813 1 0 -0.759652 -0.578628 -0.0165655 -0.169865 -0.411109 -0.0165655 0 0 0 0.00181659 -0.0361802 -0.0633781 0.3 0.3
55 0 40.5503 13.6623 14.3513 38112.2 0.161827 -0.0831579 -0.199139 1.00818 -0.00151555 -0.0836704 -0.0836704 1 0 0.416226 0.613395 -0.0122005 0.205668 0.271687 -0.0122005 0 0 0 -0.00942891 -0.00268883 0.00304381 0.3 0.3
55 1 40.5503 -5.34705 -10.0887 35153 0.75706 -0.049307 0.486516 1.0096 -0.00238796 -0.149675 0.317016 1 0 -0.590079 -0.707605 -0.0137947 -0.567675 -0.253814 -0.0137947 0 0 0 0.038058 -0.0537017 0.00375626 0.3 0.3
55 2 40.5503 -0.253186 -0.838651 37226.6 -5.45165 0.534132 -0.04968 1.01245 0.0301999 0.317016 -0.149675 1 0 -0.790563 -0.591456 -0.0159943 -0.164922 -0.439975 -0.0159943 0 0 0 0.00232891 -0.0334412 -0.0604563 0.3 0.3
55 0 40.6002 14.037 14.3045 38216.1 -0.27046 -0.0662102 -0.184958 1.00805 -0.000560949 -0.0627982 -0.0627982 1 0 0.423484 0.625354 -0.010627 0.202019 0.27558 -0.010627 0 0 0 -0.0051001 -0.0024737 0.00112821 0.3 0.3
55 1 40.6002 -5.43886 -9.33051 35218.1 -0.785132 -0.0759448 0.474508 1.00976 -0.000448151 -0.170547 0.296143 1 0 -0.578657 -0.721052 -0.0144855 -0.585149 -0.281235 -0.0144855 0 0 0 0.0402722 -0.0500787 -0.000111971 0.3 0.3
55 2 40.6002 -0.509278 -0.196816 37194.9 -4.31166 0.525699 -0.0687319 1.01216 0.0273113 0.296143 -0.170547 1 0 -0.808073 -0.590914 -0.0155477 -0.164899 -0.464622 -0.0155477 0 0 0 0.00421409 -0.02048 -0.0546755 0.3 0.3
55 0 40.6503 13.5672 13.9214 38048.1 -1.46956 -0.0488527 -0.171025 1.00784 0.00207191 -0.0418722 -0.0418722 1 0 0.430096 0.637789 -0.00991963 0.198979 0.282229 -0.00991963 0 0 0 0.00071781 -0.0130473 -0.0041486 0.3 0.3
55 1 40.6503 -5.6098 -8.52782 35364.5 0.0610211 -0.103243 0.462727 1.00988 -0.000734191 -0.191473 0.275217 1 0 -0.568176 -0.736951 -0.0144094 -0.604217 -0.317007 -0.0144094 0 0 0 0.0475776 -0.0563228 0.00012892 0.3 0.3
55 2 40.6503 -0.594947 0.385671 37034.7 -3.19689 0.517312 -0.08789 1.01199 0.0234997 0.275217 -0.191473 1 0 -0.829602 -0.594132 -0.0159817 -0.167457 -0.496903 -0.0159817 0 0 0 0.01193 -0.0156983 -0.0470997 0.3 0.3
55 0 40.7002 14.2265 13.6631 37636.9 1.15385 -0.0325086 -0.157386 1.00791 -0.000544418 -0.0209446 -0.0209446 1 0 0.438242 0.650535 -0.0113994 0.19819 0.292182 -0.0113994 0 0 0 -0.000873405 -0.00874467 0.00109267 0.3 0.3
55 1 40.7002 -5.49894 -7.69499 35235.3 1.25632 -0.13131 0.450999 1.01008 -0.00303315 -0.212401 0.25429 1 0 -0.554055 -0.750607 -0.0150881 -0.617445 -0.360269 -0.0150881 0 0 0 0.0576966 -0.0613404 0.00430107 0.3 0.3
55 2 40.7002 -0.990135 0.943506 37121.8 -1.29961 0.509104 -0.10736 1.01186 0.0177163 0.25429 -0.212401 1 0 -0.847523 -0.592907 -0.015913 -0.176141 -0.530894 -0.015913 0 0 0 0.0184978 -0.0206635 -0.035629 0.3 0.3
55 0 40.7502 14.0884 13.3405 37532.4 0.656476 -0.0163533 -0.143907 1.00827 -0.00143691 -2.13719e-05 -2.13719e-05 1 0 0.44662 0.663461 -0.0133816 0.200419 0.307112 -0.0133816 0 0 0 -0.00836596 -0.00912162 0.00291203 0.3 0.3
55 1 40.7502 -5.26902 -6.87624 35436.3 1.44693 -0.160141 0.439057 1.01015 -0.0048913 -0.233324 0.233367 1 0 -0.544883 -0.770145 -0.014608 -0.632786 -0.413755 -0.014608 0 0 0 0.0666008 -0.0637072 0.00767006 0.3 0.3
55 2 40.7502 -1.26579 1.61787 37084.5 -0.323089 0.501023 -0.127199 1.01178 0.012339 0.233367 -0.233324 1 0 -0.877052 -0.602447 -0.0160946 -0.191597 -0.580313 -0.0160946 0 0 0 0.0290634 -0.0164983 -0.0249218 0.3 0.3
55 0 40.8002 14.3389 12.7343 38165.5 -1.61971 -0.000271314 -0.130473 1.00832 0.00177495 0.0209345 0.0209345 1 0 0.454899 0.676242 -0.0118897 0.207739 0.329639 -0.0118897 0 0 0 -0.00823004 -0.0220355 -0.00345946 0.3 0.3
55 1 40.8002 -4.89165 -5.83201 35477.6 0.530472 -0.18989 0.426683 1.01011 -0.00473249 -0.25428 0.212411 1 0 -0.528698 -0.783498 -0.0139223 -0.633811 -0.474646 -0.0139223 0 0 0 0.0801415 -0.0647219 0.00688182 0.3 0.3
55 2 40.8002 -1.92578 2.11386 37215.7 -0.237188 0.492856 -0.147841 1.01163 0.00842727 0.212411 -0.25428 1 0 -0.896246 -0.600435 -0.0155529 -0.218117 -0.624318 -0.0155529 0 0 0 0.0396654 -0.0275888 -0.0174069 0.3 0.3
55 0 40.8502 15.1236 11.999 37970 1.06976 0.0150761 -0.117097 1.00831 -0.000538527 0.0418681 0.0418681 1 0 0.464235 0.688929 -0.011626 0.22413 0.363788 -0.011626 0 0 0 -0.0183636 -0.0196403 0.0012575 0.3 0.3
55 1 40.8502 -4.36214 -4.88227 35340.8 0.00990933 -0.220364 0.413628 1.01008 -0.00372513 -0.275213 0.191477 1 0 -0.512325 -0.796739 -0.0139626 -0.625417 -0.541807 -0.0139626 0 0 0 0.0924943 -0.0613317 0.00462242 0.3 0.3
55 2 40.8502 -2.87826 2.6587 37279.6 1.18081 0.484686 -0.169328 1.01138 0.0034288 0.191477 -0.275213 1 0 -0.917531 -0.599081 -0.0146842 -0.258454 -0.672386 -0.0146842 0 0 0 0.0504824 -0.0322077 -0.0076739 0.3 0.3
55 0 40.9002 15.8699 10.8416 37766.6 -0.434255 0.0302318 -0.10344 1.00843 0.000382825 0.0627799 0.0627799 1 0 0.473636 0.700877 -0.012388 0.256612 0.418817 -0.012388 0 0 0 -0.0186769 -0.0165979 -0.000610703 0.3 0.3
55 1 40.9002 -3.44584 -4.03611 35357.4 0.0823049 -0.251714 0.399516 1.01004 -0.00312038 -0.296125 0.170565 1 0 -0.492842 -0.806559 -0.0138519 -0.601745 -0.61229 -0.0138519 0 0 0 0.107286 -0.0539696 0.00335347 0.3 0.3
55 2 40.9002 -3.99131 2.9258 37482.5 0.607014 0.476191 -0.192027 1.01087 0.00108692 0.170565 -0.296125 1 0 -0.936779 -0.594182 -0.0126706 -0.315945 -0.717508 -0.0126706 0 0 0 0.0604284 -0.0299755 -0.00308111 0.3 0.3
55 0 40.9502 17.6426 8.5405 37895.2 -0.66335 0.0451156 -0.0894681 1.00852 0.00135897 0.0836576 0.0836576 1 0 0.483355 0.712147 -0.0123809 0.32115 0.514515 -0.0123809 0 0 0 -0.0270347 -0.00756165 -0.00261599 0.3 0.3
55 1 40.9502 -2.6151 -3.41123 35045.3 1.43444 -0.283331 0.383933 1.01026 -0.00490387 -0.317003 0.149688 1 0 -0.475934 -0.816909 -0.015469 -0.567265 -0.68527 -0.015469 0 0 0 0.119935 -0.0469478 0.0070089 0.3 0.3
55 2 40.9502 -5.64898 2.94426 37299.3 1.30784 0.467471 -0.216131 1.01032 -0.00182717 0.149688 -0.317003 1 0 -0.959108 -0.590358 -0.0116881 -0.394661 -0.759634 -0.0116881 0 0 0 0.0704928 -0.0388394 0.00228761 0.3 0.3
55 0 41.0002 21.3317 3.41346 38051.9 0.474897 0.0600171 -0.0753179 1.00846 0.000101684 0.104524 0.104524 1 0 0.492722 0.722792 -0.0115335 0.462164 0.709293 -0.0115335 0 0 0 -0.046002 -0.00210676 -0.000154955 0.3 0.3
55 1 41.0002 -1.30519 -2.89474 35256.1 0.24522 -0.315444 0.366648 1.0105 -0.00387256 -0.337869 0.128821 1 0 -0.453856 -0.820037 -0.0158736 -0.511982 -0.751615 -0.0158736 0 0 0 0.135495 -0.0336003 0.005484 0.3 0.3
55 2 41.0002 -7.48983 2.44073 37206 1.12849 0.458301 -0.241965 1.0098 -0.00374878 0.128821 -0.337869 1 0 -0.975048 -0.57797 -0.0111415 -0.491816 -0.780161 -0.0111415 0 0 0 0.08018 -0.0549279 0.00530264 0.3 0.3
55 0 41.0502 19.8312 6.97788 37831.1 -0.807268 0.0751483 -0.0600974 1.00847 0.00116954 0.125327 0.125327 1 0 0.501529 0.731446 -0.0119203 0.501529 0.731446 -0.0119203 0 0 0 -0.0694321 0.01292 -0.00278925 0.3 0.3
55 1 41.0502 0.407178 -2.83213 35668.7 0.959485 -0.347974 0.347141 1.0104 -0.00443683 -0.358673 0.108018 1 0 -0.435332 -0.823654 -0.0140609 -0.444649 -0.814686 -0.0140609 0 0 0 0.156032 -0.0262368 0.00685036 0.3 0.3
55 2 41.0502 -9.45841 1.44139 37429.3 0.230942 0.448258 -0.26952 1.00912 -0.00377169 0.108018 -0.358673 1 0 -0.996282 -0.569434 -0.00935603 -0.612026 -0.785113 -0.00935603 0 0 0 0.0894647 -0.0725189 0.00430837 0.3 0.3
55 0 41.1003 19.1639 7.61754 37853.9 -3.79823 0.0908617 -0.043221 1.00851 0.00603839 0.146087 0.146087 1 0 0.508997 0.736937 -0.0121087 0.508997 0.736937 -0.0121087 0 0 0 -0.0995422 0.0488104 -0.0145273 0.3 0.3
55 1 41.1003 -0.55906 -4.62013 35280.7 2.06243 -0.379721 0.325151 1.01038 -0.00609289 -0.379432 0.0872582 1 0 -0.414648 -0.819557 -0.0144446 -0.414648 -0.819557 -0.0144446 0 0 0 0.168121 -0.00931316 0.0114445 0.3 0.3
55 2 41.1003 -11.3435 -0.424647 37414.6 0.300584 0.436903 -0.299084 1.00833 -0.00412686 0.0872582 -0.379432 1 0 -1.00953 -0.551728 -0.00769719 -0.74237 -0.749268 -0.00769719 0 0 0 0.0929957 -0.0944447 0.00387398 0.3 0.3
55 0 41.1503 18.7191 8.04047 38011 -1.80572 0.107717 -0.024711 1.00844 0.00698261 0.166794 0.166794 1 0 0.514286 0.739415 -0.0114334 0.514286 0.739415 -0.0114334 0 0 0 -0.088027 0.0391119 -0.0157043 0.3 0.3
55 1 41.1503 -0.375919 -5.98264 35504.3 0.238798 -0.411125 0.300277 1.01021 -0.00381449 -0.400139 0.0665517 1 0 -0.39537 -0.811381 -0.0134448 -0.39537 -0.811381 -0.0134448 0 0 0 0.175903 0.00867635 0.00842375 0.3 0.3
55 2 41.1503 -12.799 -3.04946 37353.6 -1.10941 0.423632 -0.330727 1.0075 -0.00237627 0.0665517 -0.400139 1 0 -1.02085 -0.531809 -0.00636208 -0.874124 -0.673934 -0.00636208 0 0 0 0.0920996 -0.127528 -0.0011175 0.3 0.3
55 0 41.2002 18.4184 8.92752 37685.1 -2.28634 0.125676 -0.00400719 1.00856 0.00780955 0.187377 0.187377 1 0 0.517274 0.737736 -0.0125905 0.517274 0.737736 -0.0125905 0 0 0 -0.0976202 0.0501348 -0.0180923 0.3 0.3
55 1 41.2002 -0.624214 -7.16327 35501.4 1.37593 -0.441381 0.272548 1.00993 -0.00416796 -0.420722 0.0459685 1 0 -0.376027 -0.796332 -0.012493 -0.376027 -0.796332 -0.012493 0 0 0 0.175188 0.0209271 0.0102063 0.3 0.3
55 2 41.2002 -10.2472 -4.6468 37545.4 -1.17203 0.40781 -0.36432 1.00647 -0.000720598 0.0459685 -0.420722 1 0 -1.02559 -0.506342 -0.00394686 -0.899189 -0.601139 -0.00394686 0 0 0 0.086933 -0.140245 -0.00466367 0.3 0.3
55 0 41.2502 17.6599 9.49689 37935.2 -0.231158 0.145313 0.018465 1.0086 0.00538488 0.207905 0.207905 1 0 0.51723 0.732871 -0.0122851 0.51723 0.732871 -0.0122851 0 0 0 -0.0951545 0.0432402 -0.0128437 0.3 0.3
55 1 41.2502 -0.747135 -8.37585 35469.5 0.820878 -0.470431 0.242047 1.00958 -0.00366436 -0.44125 0.0254401 1 0 -0.362858 -0.780696 -0.0116872 -0.362858 -0.780696 -0.0116872 0 0 0 0.161715 0.0270298 0.0095439 0.3 0.3
55 2 41.2502 -8.25557 -4.36542 37394.8 -1.09742 0.388932 -0.399591 1.00545 0.000739715 0.0254401 -0.44125 1 0 -1.03166 -0.484548 -0.00244224 -0.890131 -0.590222 -0.00244224 0 0 0 0.0612475 -0.171533 -0.00675312 0.3 0.3
55 0 41.3002 17.54 10.3984 38119 -4.71783 0.166081 0.0432985 1.00845 0.0111625 0.228343 0.228343 1 0 0.514832 0.723561 -0.0110243 0.514832 0.723561 -0.0110243 0 0 0 -0.0872692 0.0444745 -0.0242945 0.3 0.3
55 1 41.3002 -0.878182 -9.50281 35204.7 1.17644 -0.498308 0.208957 1.00941 -0.00411168 -0.461688 0.00500255 1 0 -0.346552 -0.755529 -0.0123208 -0.346552 -0.755529 -0.0123208 0 0 0 0.154684 0.0262688 0.0102846 0.3 0.3
55 2 41.3002 -6.9077 -4.8528 37733.8 -1.23944 0.366631 -0.435949 1.0041 0.00252522 0.00500255 -0.461688 1 0 -1.02362 -0.452611 0.000988774 -0.872016 -0.56565 0.000988774 0 0 0 0.0390183 -0.182076 -0.00863485 0.3 0.3
55 0 41.3503 18.4026 8.87868 38269.5 -0.674453 0.188342 0.0698176 1.00805 0.0129924 0.248698 0.248698 1 0 0.513518 0.716182 -0.00892416 0.513518 0.716182 -0.00892416 0 0 0 -0.0845645 0.0500397 -0.0281345 0.3 0.3
55 1 41.3503 -3.22253 -7.98878 35404.3 0.249506 -0.524528 0.173675 1.00914 -0.00280834 -0.482043 -0.0153525 1 0 -0.339001 -0.734406 -0.0117998 -0.339001 -0.734406 -0.0117998 0 0 0 0.140415 0.0292025 0.00768492 0.3 0.3
55 2 41.3503 -5.5677 -5.36008 38059.6 0.565035 0.340863 -0.472784 1.00224 0.000867444 -0.0153525 -0.482043 1 0 -1.01207 -0.42224 0.00615544 -0.854256 -0.540127 0.00615544 0 0 0 0.0234278 -0.180691 -0.00386459 0.3 0.3
55 0 41.4003 14.1077 14.5579 37943.3 -2.4678 0.211915 0.0977107 1.00759 0.00922885 0.268918 0.268918 1 0 0.501709 0.695856 -0.00860601 0.501709 0.695856 -0.00860601 0 0 0 -0.0839203 0.0487041 -0.0205249 0.3 0.3
55 1 41.4003 0.83213 -15.0692 35309.5 1.47915 -0.549119 0.136583 1.00904 -0.00411983 -0.502264 -0.0355732 1 0 -0.323755 -0.696076 -0.0118781 -0.323755 -0.696076 -0.0118781 0 0 0 0.136778 0.0263365 0.0100637 0.3 0.3
55 2 41.4003 -4.02466 -5.97668 38186 -0.610855 0.311279 -0.509936 0.999853 0.00209557 -0.0355732 -0.502264 1 0 -0.991513 -0.388821 0.0120331 -0.832844 -0.508047 0.0120331 0 0 0 0.00494052 -0.166305 -0.00461745 0.3 0.3
55 0 41.4502 16.2388 11.6914 38004.7 -0.732286 0.236795 0.127118 1.00715 0.00742541 0.289025 0.289025 1 0 0.491329 0.677779 -0.00783967 0.491329 0.677779 -0.00783967 0 0 0 -0.0710218 0.0358127 -0.0161351 0.3 0.3
55 1 41.4502 -2.33302 -11.7208 35657.6 0.848942 -0.572708 0.0979433 1.00863 -0.00421388 -0.52237 -0.0556798 1 0 -0.318613 -0.665347 -0.0100152 -0.318613 -0.665347 -0.0100152 0 0 0 0.120177 0.0182617 0.00954205 0.3 0.3
55 2 41.4502 -2.9618 -6.45475 37268.8 0.190131 0.278951 -0.546737 0.997904 0.00153201 -0.0556798 -0.52237 1 0 -0.97474 -0.364443 0.0127815 -0.817145 -0.483737 0.0127815 0 0 0 -0.00743122 -0.163989 -0.00246369 0.3 0.3
55 0 41.5002 15.4507 13.186 37394.9 -1.23476 0.26237 0.157886 1.00723 0.00711146 0.309009 0.309009 1 0 0.479273 0.656897 -0.0104933 0.479273 0.656897 -0.0104933 0 0 0 -0.0466234 0.0276205 -0.0148723 0.3 0.3
55 1 41.5002 -2.34095 -13.2864 35142.9 0.59464 -0.594688 0.0582484 1.00847 -0.00351248 -0.542355 -0.0756642 1 0 -0.310946 -0.627565 -0.0110664 -0.310946 -0.627565 -0.0110664 0 0 0 0.0794932 0.0329807 0.00834317 0.3 0.3
55 2 41.5002 -1.82286 -6.68121 37443.8 -1.11958 0.243603 -0.583012 0.996073 0.0033938 -0.0756642 -0.542355 1 0 -0.942885 -0.331014 0.0146525 -0.792055 -0.446393 0.0146525 0 0 0 -0.0197031 -0.144879 -0.00537596 0.3 0.3
55 0 41.5503 14.2844 13.8189 37779 0.93711 0.289435 0.189448 1.00736 0.00308308 0.328878 0.328878 1 0 0.46434 0.634317 -0.0109437 0.46434 0.634317 -0.0109437 0 0 0 -0.0532641 0.0230304 -0.00678229 0.3 0.3
55 1 41.5503 -2.44503 -14.1059 35010.2 0.632225 -0.615523 0.0179158 1.00861 -0.00352794 -0.562223 -0.095533 1 0 -0.306505 -0.589978 -0.0127425 -0.306505 -0.589978 -0.0127425 0 0 0 0.0817975 0.014827 0.00766876 0.3 0.3
55 2 41.5503 -0.819805 -7.02327 37339.3 -0.52264 0.20579 -0.618485 0.994473 0.00368343 -0.095533 -0.562223 1 0 -0.90934 -0.301446 0.0157263 -0.768212 -0.4108 0.0157263 0 0 0 -0.0340405 -0.120599 -0.00532605 0.3 0.3
55 0 41.6003 14.731 14.2863 37518.4 -4.0249 0.316306 0.221695 1.00778 0.00884734 0.348572 0.348572 1 0 0.449247 0.610086 -0.013014 0.449247 0.610086 -0.013014 0 0 0 -0.0237582 0.0203266 -0.0179386 0.3 0.3
55 1 41.6003 -2.75808 -14.4405 34857.2 0.633567 -0.63516 -0.0221733 1.00912 -0.00337514 -0.581917 -0.115227 1 0 -0.303373 -0.552077 -0.0153143 -0.303373 -0.552077 -0.0153143 0 0 0 0.0563236 0.0167061 0.00722381 0.3 0.3
55 2 41.6003 -0.102683 -7.17652 37300.1 -0.0281276 0.166222 -0.652728 0.993108 0.00284268 -0.115227 -0.581917 1 0 -0.871406 -0.272564 0.0164491 -0.743002 -0.373596 0.0164491 0 0 0 -0.0384686 -0.106759 -0.00363888 0.3 0.3
55 0 41.6502 13.611 14.6015 37552.7 -0.382951 0.344272 0.254033 1.0084 0.00657094 0.368118 0.368118 1 0 0.43195 0.585355 -0.0148772 0.43195 0.585355 -0.0148772 0 0 0 -0.0124619 0.0152897 -0.0132379 0.3 0.3
55 1 41.6502 -3.01627 -15.1773 34840.9 -0.124751 -0.653831 -0.0622469 1.00994 -0.00213894 -0.601464 -0.134773 1 0 -0.302609 -0.514928 -0.018022 -0.302609 -0.514928 -0.018022 0 0 0 0.0483471 0.00515315 0.00440375 0.3 0.3
55 2 41.6502 0.700257 -7.54952 37132.3 0.276306 0.125344 -0.685838 0.992104 0.00226492 -0.134773 -0.601464 1 0 -0.834454 -0.248819 0.0160882 -0.720211 -0.34025 0.0160882 0 0 0 -0.0552854 -0.1094 -0.00151045 0.3 0.3
55 0 41.7002 13.3941 14.99 37861.2 3.2665 0.372221 0.2861 1.00892 -0.00105128 0.387509 0.387509 1 0 0.414182 0.560588 -0.0150813 0.414182 0.560588 -0.0150813 0 0 0 -0.0067322 0.0135838 0.00205689 0.3 0.3
55 1 41.7002 -3.53157 -15.2549 35142.8 1.59306 -0.671153 -0.101424 1.01075 -0.00406879 -0.620854 -0.154163 1 0 -0.303014 -0.478179 -0.0191231 -0.303014 -0.478179 -0.0191231 0 0 0 0.0245836 0.00846656 0.00824236 0.3 0.3
55 2 41.7002 1.47954 -7.37819 37763.8 0.408545 0.0831495 -0.717159 0.990847 0.000944512 -0.154163 -0.620854 1 0 -0.792249 -0.225098 0.0191081 -0.695074 -0.304422 0.0191081 0 0 0 -0.0552247 -0.0811726 0.000351865 0.3 0.3
55 0 41.7502 12.8363 15.2842 37519.7 2.02727 0.400377 0.317748 1.00966 -0.00407589 0.40673 0.40673 1 0 0.395596 0.536065 -0.0172462 0.395596 0.536065 -0.0172462 0 0 0 0.00749881 -0.00581549 0.00813009 0.3 0.3
55 1 41.7502 -3.18335 -15.5483 35745 -1.10212 -0.688456 -0.139716 1.01105 -0.000903797 -0.640075 -0.173384 1 0 -0.302456 -0.441941 -0.0169543 -0.302456 -0.441941 -0.0169543 0 0 0 0.0173286 0.00108561 0.00181707 0.3 0.3
55 2 41.7502 1.8714 -7.74289 37048.2 0.542672 0.0403625 -0.747195 0.99005 0.000227473 -0.173384 -0.640075 1 0 -0.747948 -0.202474 0.0179108 -0.66883 -0.26842 0.0179108 0 0 0 -0.0703967 -0.0709678 0.00204451 0.3 0.3
55 0 41.8002 13.0575 15.4931 37478.1 0.510596 0.427822 0.348908 1.0106 -0.00359589 0.425774 0.425774 1 0 0.377739 0.511894 -0.0195446 0.377739 0.511894 -0.0195446 0 0 0 0.0154819 -0.00916633 0.00712113 0.3 0.3
55 1 41.8002 -3.64521 -15.5245 35354.3 -0.452138 -0.705039 -0.176634 1.01129 0.000144136 -0.65912 -0.192429 1 0 -0.302422 -0.407336 -0.0169926 -0.302422 -0.407336 -0.0169926 0 0 0 0.00596454 -0.00456328 -0.000301883 0.3 0.3
55 2 41.8002 2.26343 -7.51121 37378 0.839102 -0.00272382 -0.77529 0.989314 -0.000870831 -0.192429 -0.65912 1 0 -0.702002 -0.182013 0.0186232 -0.642096 -0.233078 0.0186232 0 0 0 -0.081495 -0.0594565 0.00416864 0.3 0.3
55 0 41.8502 12.5328 15.4775 37686.7 3.24206 0.455033 0.379054 1.01152 -0.00780051 0.44463 0.44463 1 0 0.359861 0.489026 -0.0206863 0.359861 0.489026 -0.0206863 0 0 0 0.0186793 -0.00580116 0.0155477 0.3 0.3
55 1 41.8502 -3.91442 -15.5596 35271.5 0.611076 -0.720877 -0.211966 1.01152 -0.000917181 -0.677975 -0.211284 1 0 -0.305144 -0.37692 -0.0172833 -0.305144 -0.37692 -0.0172833 0 0 0 -0.00911379 0.000971772 0.00182995 0.3 0.3
55 2 41.8502 2.8926 -7.49398 37099.6 1.01909 -0.0459121 -0.801435 0.988906 -0.00217054 -0.211284 -0.677975 1 0 -0.659886 -0.16887 0.0175823 -0.619718 -0.20395 0.0175823 0 0 0 -0.0883709 -0.041231 0.0061695 0.3 0.3
55 0 41.9002 12.4859 15.4519 38333.2 1.89977 0.481658 0.408115 1.01185 -0.00843949 0.46329 0.46329 1 0 0.342428 0.467451 -0.0182569 0.342428 0.467451 -0.0182569 0 0 0 0.0282979 -0.012961 0.0166978 0.3 0.3
55 1 41.9002 -3.36442 -15.5979 35509.9 -0.0387415 -0.737158 -0.245822 1.01153 -0.000532081 -0.696635 -0.229945 1 0 -0.30467 -0.346568 -0.0161853 -0.30467 -0.346568 -0.0161853 0 0 0 -0.0073271 -0.00714485 0.00109035 0.3 0.3
55 2 41.9002 2.88379 -7.19379 37360.8 0.577081 -0.0886753 -0.825383 0.988528 -0.00252613 -0.229945 -0.696635 1 0 -0.613615 -0.154585 0.0179484 -0.593499 -0.172564 0.0179484 0 0 0 -0.0894396 -0.021873 0.00603646 0.3 0.3
55 0 41.9503 12.2007 15.2634 37709.9 1.41093 0.507978 0.435903 1.01228 -0.00813013 0.481766 0.481766 1 0 0.325043 0.447571 -0.0193203 0.325043 0.447571 -0.0193203 0 0 0 0.0408468 -0.0210485 0.0158348 0.3 0.3
55 1 41.9503 -3.96394 -15.3694 35296.5 -0.650532 -0.752791 -0.277852 1.01155 0.000741633 -0.715112 -0.248421 1 0 -0.305839 -0.319861 -0.016279 -0.305839 -0.319861 -0.016279 0 0 0 -0.0134913 -0.00625896 -0.00144109 0.3 0.3
55 2 41.9503 2.83254 -7.02405 37117.6 1.3653 -0.130398 -0.847251 0.988411 -0.00411028 -0.248421 -0.715112 1 0 -0.570743 -0.145466 0.0168109 -0.570201 -0.145962 0.0168109 0 0 0 -0.0956752 -0.00717445 0.00857351 0.3 0.3
55 0 42.0002 12.0033 15.0008 38096.6 3.46781 0.533737 0.462055 1.0124 -0.0114071 0.499995 0.499995 1 0 0.30803 0.42989 -0.0179744 0.30803 0.42989 -0.0179744 0 0 0 0.0427152 -0.0332465 0.0221129 0.3 0.3
55 1 42.0002 -3.91524 -15.1921 35417.5 -1.00389 -0.768245 -0.307997 1.01146 0.00220239 -0.73334 -0.26665 1 0 -0.306007 -0.295054 -0.015605 -0.306007 -0.295054 -0.015605 0 0 0 -0.0186597 -0.0107046 -0.00430515 0.3 0.3
55 2 42.0002 3.52974 -6.03968 36970.5 0.199967 -0.170997 -0.866822 0.988627 -0.00307734 -0.26665 -0.73334 1 0 -0.528048 -0.138521 0.01484 -0.528048 -0.138521 0.01484 0 0 0 -0.102461 -0.0043064 0.00638359 0.3 0.3
55 0 42.0502 11.8104 14.6935 37616.1 5.85455 0.55883 0.486411 1.01271 -0.0176915 0.518021 0.518021 1 0 0.291654 0.414766 -0.0193253 0.291654 0.414766 -0.0193253 0 0 0 0.0449651 -0.0512282 0.0342533 0.3 0.3
55 1 42.0502 -3.74665 -14.9595 35180.5 0.432097 -0.783786 -0.336262 1.01149 0.000743482 -0.751366 -0.284676 1 0 -0.306084 -0.273501 -0.016251 -0.306084 -0.273501 -0.016251 0 0 0 -0.0278589 -0.00406972 -0.00143042 0.3 0.3
55 2 42.0502 3.81382 -5.30476 37183.9 -1.21343 -0.210473 -0.884042 0.988929 -0.000109283 -0.284676 -0.751366 1 0 -0.487265 -0.135571 0.0139881 -0.487265 -0.135571 0.0139881 0 0 0 -0.105111 0.000107579 0.000213209 0.3 0.3
55 0 42.1003 14.0797 13.3568 36912.6 -1.52839 0.58301 0.509937 1.0138 -0.00939865 0.535826 0.535826 1 0 0.280834 0.403945 -0.024438 0.280834 0.403945 -0.024438 0 0 0 0.0523993 -0.0428793 0.0176845 0.3 0.3
55 1 42.1003 -3.80106 -14.5899 35275.8 2.38095 -0.799051 -0.362512 1.01153 -0.00347632 -0.769171 -0.302481 1 0 -0.303348 -0.252091 -0.016305 -0.303348 -0.252091 -0.016305 0 0 0 -0.0244313 -0.00716205 0.00704071 0.3 0.3
55 2 42.1003 3.49013 -4.44988 37272.2 0.254777 -0.248109 -0.898746 0.989244 -0.000631058 -0.302481 -0.769171 1 0 -0.445262 -0.132552 0.0135014 -0.445262 -0.132552 0.0135014 0 0 0 -0.100629 0.00526295 0.000998692 0.3 0.3
55 0 42.1503 9.4054 15.8971 37825.2 -0.525451 0.606609 0.531605 1.01455 -0.0054564 0.553398 0.553398 1 0 0.261402 0.38891 -0.0243952 0.261402 0.38891 -0.0243952 0 0 0 0.0526363 -0.0324364 0.0100641 0.3 0.3
55 1 42.1503 -3.84471 -14.2506 35402.4 -0.56853 -0.81424 -0.386687 1.01146 -0.00137819 -0.786743 -0.320052 1 0 -0.307487 -0.240954 -0.0156891 -0.307487 -0.240954 -0.0156891 0 0 0 -0.0302469 -0.00492675 0.00283121 0.3 0.3
55 2 42.1503 4.14955 -3.61272 37037.7 -1.17347 -0.284313 -0.911162 0.989763 0.00130653 -0.320052 -0.786743 1 0 -0.416604 -0.144334 0.011705 -0.416604 -0.144334 0.011705 0 0 0 -0.0916221 0.0126989 -0.00319803 0.3 0.3
55 0 42.2002 12.663 13.0597 38164 0.358477 0.629651 0.551688 1.01492 -0.00435575 0.570707 0.570707 1 0 0.246778 0.379314 -0.0227143 0.246778 0.379314 -0.0227143 0 0 0 0.0501348 -0.0323226 0.00790493 0.3 0.3
55 1 42.2002 -3.75864 -13.8814 35611.9 0.992855 -0.829368 -0.408951 1.01113 -0.00254524 -0.804052 -0.337361 1 0 -0.304088 -0.225424 -0.013912 -0.304088 -0.225424 -0.013912 0 0 0 -0.0269287 -0.00783974 0.00519655 0.3 0.3
55 2 42.2002 3.82423 -2.94384 36898.2 -1.91245 -0.318824 -0.921416 0.990574 0.00383151 -0.337361 -0.804052 1 0 -0.37876 -0.147727 0.00913967 -0.37876 -0.147727 0.00913967 0 0 0 -0.0818426 0.0204931 -0.00850897 0.3 0.3
55 0 42.2502 11.9515 13.027 37933.2 1.79915 0.652042 0.570015 1.01513 -0.00632467 0.587779 0.587779 1 0 0.232737 0.372184 -0.0222653 0.232737 0.372184 -0.0222653 0 0 0 0.0587713 -0.0473069 0.0112676 0.3 0.3
55 1 42.2502 -3.86527 -13.3853 35417.9 -1.58371 -0.844424 -0.429251 1.01076 0.000951143 -0.821124 -0.354434 1 0 -0.302313 -0.214733 -0.0132075 -0.302313 -0.214733 -0.0132075 0 0 0 -0.0295084 -0.00567202 -0.00181881 0.3 0.3
55 2 42.2502 3.65638 -2.18863 36899.9 -0.567733 -0.351342 -0.929749 0.991611 0.00336488 -0.354434 -0.821124 1 0 -0.346994 -0.157077 0.00656171 -0.346994 -0.157077 0.00656171 0 0 0 -0.0763612 0.0217141 -0.00756458 0.3 0.3
55 0 42.3002 11.4216 12.9954 37752.7 2.95179 0.674246 0.587139 1.01536 -0.00893138 0.604596 0.604596 1 0 0.218402 0.366485 -0.0226412 0.218402 0.366485 -0.0226412 0 0 0 0.0354853 -0.0285429 0.0173611 0.3 0.3
55 1 42.3002 -3.75747 -12.9698 35461.1 0.993387 -0.859454 -0.447689 1.0103 -0.00101765 -0.837941 -0.371251 1 0 -0.299175 -0.205802 -0.0121719 -0.299175 -0.205802 -0.0121719 0 0 0 -0.028162 -0.00540856 0.00211168 0.3 0.3
55 2 42.3002 3.5539 -1.43797 37089.7 0.326438 -0.38197 -0.936286 0.992671 0.00157229 -0.371251 -0.837941 1 0 -0.316994 -0.16803 0.00498788 -0.316994 -0.16803 0.00498788 0 0 0 -0.0639047 0.0248042 -0.0039393 0.3 0.3
55 0 42.3502 11.71 12.5932 37613.2 2.02512 0.695467 0.602931 1.0157 -0.0095547 0.621145 0.621145 1 0 0.205239 0.362549 -0.0236949 0.205239 0.362549 -0.0236949 0 0 0 0.0377755 -0.0420125 0.0183236 0.3 0.3
55 1 42.3502 -3.61897 -12.5134 35275.6 0.882671 -0.874557 -0.464325 1.00995 -0.00210776 -0.85449 -0.387799 1 0 -0.298013 -0.202033 -0.0121717 -0.298013 -0.202033 -0.0121717 0 0 0 -0.0252389 -0.0102637 0.00434544 0.3 0.3
55 2 42.3502 3.39608 -0.846298 37077.2 1.05372 -0.41056 -0.941549 0.993754 -0.000789311 -0.387799 -0.85449 1 0 -0.293598 -0.18429 0.00331583 -0.293598 -0.18429 0.00331583 0 0 0 -0.0510095 0.0275989 0.000875188 0.3 0.3
55 0 42.4002 11.6697 12.411 37620 2.2438 0.715887 0.617731 1.01612 -0.0101326 0.637421 0.637421 1 0 0.192736 0.359601 -0.0246667 0.192736 0.359601 -0.0246667 0 0 0 0.0290073 -0.0396749 0.0196961 0.3 0.3
55 1 42.4002 -3.79909 -12.0918 35368.9 -0.584152 -0.88939 -0.479338 1.00959 -0.000439265 -0.870766 -0.404075 1 0 -0.29414 -0.197855 -0.0116214 -0.29414 -0.197855 -0.0116214 0 0 0 -0.0194202 -0.00698924 0.000946446 0.3 0.3
55 2 42.4002 3.25142 -0.352021 37185 3.15453 -0.437372 -0.945771 0.994766 -0.00579484 -0.404075 -0.870766 1 0 -0.269029 -0.198125 0.00227645 -0.269029 -0.198125 0.00227645 0 0 0 -0.0368441 0.0260635 0.0111125 0.3 0.3
55 0 42.4503 11.634 12.1291 37856.8 -0.631513 0.735748 0.631743 1.0164 -0.00574676 0.653429 0.653429 1 0 0.180617 0.357425 -0.0243212 0.180617 0.357425 -0.0243212 0 0 0 0.0255726 -0.0367277 0.0110268 0.3 0.3
55 1 42.4503 -3.52792 -11.7275 35226.3 -0.0359998 -0.90442 -0.492951 1.00935 -0.000234946 -0.886774 -0.420083 1 0 -0.29085 -0.196975 -0.0119112 -0.29085 -0.196975 -0.0119112 0 0 0 -0.0162622 -0.00506667 0.000511107 0.3 0.3
55 2 42.4503 3.08701 0.0653272 37223.8 2.59381 -0.462424 -0.949355 0.995678 -0.00817772 -0.420083 -0.886774 1 0 -0.249079 -0.21467 0.00148576 -0.249079 -0.21467 0.00148576 0 0 0 -0.0222141 0.0276582 0.016051 0.3 0.3
55 0 42.5002 11.7366 11.7903 37876.1 1.88505 0.754732 0.644786 1.01654 -0.00709299 0.669129 0.669129 1 0 0.16929 0.356199 -0.0238878 0.16929 0.356199 -0.0238878 0 0 0 0.0253515 -0.0437304 0.0136362 0.3 0.3
55 1 42.5002 -3.31101 -11.297 35472.1 1.27578 -0.919611 -0.505149 1.009 -0.0022864 -0.902474 -0.435784 1 0 -0.285195 -0.196406 -0.0108267 -0.285195 -0.196406 -0.0108267 0 0 0 -0.00791839 -0.00713063 0.0046011 0.3 0.3
55 2 42.5002 2.82871 0.23179 37105.6 2.72307 -0.485706 -0.952685 0.996611 -0.00996479 -0.435784 -0.902474 1 0 -0.228983 -0.228493 9.58233e-05 -0.228983 -0.228493 9.58233e-05 0 0 0 -0.0125819 0.0232582 0.0197853 0.3 0.3
55 0 42.5502 12.949 10.8414 37943.2 0.577447 0.77325 0.657257 1.01649 -0.00797051 0.684544 0.684544 1 0 0.16148 0.357406 -0.0230206 0.16148 0.357406 -0.0230206 0 0 0 0.0154268 -0.0401904 0.0156348 0.3 0.3
55 1 42.5502 -3.16317 -11.0172 35220.8 -0.0556005 -0.934979 -0.51629 1.00878 -0.00143499 -0.917889 -0.451199 1 0 -0.280285 -0.198681 -0.0112103 -0.280285 -0.198681 -0.0112103 0 0 0 -0.00613199 -0.00511379 0.00288567 0.3 0.3
55 2 42.5502 2.66808 0.477527 37351.6 2.93145 -0.507369 -0.95603 0.997324 -0.0115112 -0.451199 -0.917889 1 0 -0.214276 -0.244926 0.000165882 -0.214276 -0.244926 0.000165882 0 0 0 -0.00506914 0.0274738 0.0229556 0.3 0.3
55 0 42.6002 10.0815 12.5831 37901.2 0.870924 0.790616 0.669136 1.0164 -0.00528432 0.699662 0.699662 1 0 0.148358 0.354874 -0.022337 0.148358 0.354874 -0.022337 0 0 0 0.0163683 -0.0394297 0.0102483 0.3 0.3
55 1 42.6002 -3.04681 -10.7651 35534.8 2.05168 -0.950331 -0.52652 1.00839 -0.00446988 -0.933007 -0.466317 1 0 -0.273345 -0.200449 -0.00979906 -0.273345 -0.200449 -0.00979906 0 0 0 0.0153861 -0.0225478 0.00876715 0.3 0.3
55 2 42.6002 2.35584 0.52888 37362.1 1.59551 -0.527386 -0.959557 0.997862 -0.0102844 -0.466317 -0.933007 1 0 -0.198682 -0.257364 0.000310303 -0.198682 -0.257364 0.000310303 0 0 0 0.0035538 0.026926 0.0206189 0.3 0.3
55 0 42.6502 12.2673 10.9701 37681 0.0327277 0.807497 0.680555 1.01637 -0.00360912 0.714467 0.714467 1 0 0.138732 0.354532 -0.0228143 0.138732 0.354532 -0.0228143 0 0 0 0.0124855 -0.0444053 0.00694292 0.3 0.3
55 1 42.6502 -2.98566 -10.4501 35122.3 0.70855 -0.965583 -0.535904 1.00824 -0.0041797 -0.947812 -0.481122 1 0 -0.266867 -0.203947 -0.0107605 -0.266867 -0.203947 -0.0107605 0 0 0 0.0158233 -0.0193332 0.00820712 0.3 0.3
55 2 42.6502 2.04743 0.577431 37401.5 1.47405 -0.545732 -0.963496 0.99821 -0.00925359 -0.481122 -0.947812 1 0 -0.18761 -0.270784 0.000762143 -0.18761 -0.270784 0.000762143 0 0 0 0.0148761 0.0207974 0.0186637 0.3 0.3
55 0 42.7002 12.0643 11.0047 37817.2 1.19779 0.823403 0.691393 1.0163 -0.0045334 0.728957 0.728957 1 0 0.130032 0.354448 -0.0224685 0.130032 0.354448 -0.0224685 0 0 0 0.0168452 -0.0534346 0.00862022 0.3 0.3
55 1 42.7002 -2.90063 -10.2354 35343.8 1.42974 -0.980682 -0.544619 1.00806 -0.00528826 -0.962302 -0.495612 1 0 -0.25942 -0.207354 -0.0104114 -0.25942 -0.207354 -0.0104114 0 0 0 0.0311236 -0.0220402 0.0102355 0.3 0.3
55 2 42.7002 1.86681 0.382314 37330.6 0.710541 -0.562677 -0.968166 0.998461 -0.00730446 -0.495612 -0.962302 1 0 -0.176975 -0.281017 0.000896159 -0.176975 -0.281017 0.000896159 0 0 0 0.0184522 0.0223281 0.0148166 0.3 0.3
55 0 42.7502 11.9442 11.0786 37600.8 1.27723 0.838667 0.702041 1.01639 -0.00503499 0.743141 0.743141 1 0 0.121869 0.354134 -0.0233561 0.121869 0.354134 -0.0233561 0 0 0 0.00327947 -0.0413685 0.0100044 0.3 0.3
55 1 42.7502 -2.76844 -10.0744 35000.7 -0.214667 -0.995759 -0.552881 1.00818 -0.00315993 -0.976486 -0.509795 1 0 -0.25171 -0.211229 -0.0120575 -0.25171 -0.211229 -0.0120575 0 0 0 0.0283563 -0.0149436 0.0061088 0.3 0.3
55 2 42.7502 1.60598 0.448365 37456.2 -0.699266 -0.57827 -0.973326 0.998515 -0.00360801 -0.509795 -0.976486 1 0 -0.168012 -0.28979 0.00181023 -0.168012 -0.28979 0.00181023 0 0 0 0.0255531 0.0259022 0.00754821 0.3 0.3
55 0 42.8003 12.3144 10.8949 37987.6 0.684753 0.85281 0.712342 1.01625 -0.00457929 0.756997 0.756997 1 0 0.114821 0.353617 -0.022044 0.114821 0.353617 -0.022044 0 0 0 0.00835069 -0.0506103 0.00895026 0.3 0.3
55 1 42.8003 -2.54708 -9.88288 35234.5 1.46315 -1.01086 -0.560684 1.00833 -0.00455895 -0.990342 -0.523652 1 0 -0.242092 -0.214017 -0.0123658 -0.242092 -0.214017 -0.0123658 0 0 0 0.0367385 -0.00867916 0.0089601 0.3 0.3
55 2 42.8003 1.21154 0.164983 37070.4 -1.11232 -0.59237 -0.979308 0.998747 -0.000557839 -0.523652 -0.990342 1 0 -0.159527 -0.295107 0.000598762 -0.159527 -0.295107 0.000598762 0 0 0 0.0264394 0.0134692 0.00129387 0.3 0.3
55 0 42.8503 12.2331 10.9152 37922 1.30249 0.866289 0.722512 1.016 -0.00519503 0.770525 0.770525 1 0 0.108316 0.352737 -0.0211683 0.108316 0.352737 -0.0211683 0 0 0 0.00345304 -0.0497487 0.0103074 0.3 0.3
55 1 42.8503 -2.42905 -10.02 35364.6 1.25176 -1.02586 -0.56858 1.00839 -0.00516221 -1.00387 -0.53718 1 0 -0.234211 -0.218206 -0.0120435 -0.234211 -0.218206 -0.0120435 0 0 0 0.0424779 -0.00862259 0.0101437 0.3 0.3
55 2 42.8503 1.14162 0.0119213 37408.1 -0.889106 -0.605455 -0.986141 0.998806 0.00107394 -0.53718 -1.00387 1 0 -0.155763 -0.301971 0.00137712 -0.155763 -0.301971 0.00137712 0 0 0 0.0275774 0.00388307 -0.00209455 0.3 0.3
55 0 42.9002 12.4269 11.0292 38141.9 2.8018 0.878792 0.73264 1.01547 -0.00809775 0.783678 0.783678 1 0 0.102653 0.351111 -0.0190067 0.102653 0.351111 -0.0190067 0 0 0 -0.000427242 -0.0428208 0.0162085 0.3 0.3
55 1 42.9002 -2.36783 -9.97414 35370 0.619835 -1.04061 -0.576436 1.00838 -0.0045095 -1.01702 -0.550333 1 0 -0.224009 -0.219734 -0.0117082 -0.224009 -0.219734 -0.0117082 0 0 0 0.0485225 -0.00790967 0.00882982 0.3 0.3
55 2 42.9002 1.00301 -0.251565 37379.5 -1.9288 -0.617606 -0.993796 0.998766 0.00396656 -0.550333 -1.01702 1 0 -0.149968 -0.30382 0.00192553 -0.149968 -0.30382 0.00192553 0 0 0 0.0282931 0.00814768 -0.00781872 0.3 0.3
55 0 42.9502 12.5596 11.0023 37874.6 0.811538 0.890537 0.742782 1.01495 -0.00670536 0.796526 0.796526 1 0 0.0976928 0.348877 -0.018322 0.0976928 0.348877 -0.018322 0 0 0 -0.0040994 -0.0472707 0.0135115 0.3 0.3
55 1 42.9502 -2.38265 -9.99065 35607.4 1.45628 -1.05499 -0.584389 1.00811 -0.0053439 -1.02987 -0.563181 1 0 -0.215162 -0.221811 -0.0100239 -0.215162 -0.221811 -0.0100239 0 0 0 0.0500207 0.00196262 0.0107403 0.3 0.3
55 2 42.9502 0.724162 -0.630193 37387.8 -1.71184 -0.628798 -1.0025 0.998635 0.00547975 -0.563181 -1.02987 1 0 -0.146238 -0.304321 0.00256726 -0.146238 -0.304321 0.00256726 0 0 0 0.0274812 0.00315941 -0.0109172 0.3 0.3
55 0 43.0002 12.7753 11.1027 38239.4 2.00079 0.901357 0.752979 1.0141 -0.0078375 0.809015 0.809015 1 0 0.0935082 0.345751 -0.0155117 0.0935082 0.345751 -0.0155117 0 0 0 -1.26007e-05 -0.0472031 0.0156798 0.3 0.3
55 1 43.0002 -2.14754 -10.291 35288.8 -0.946174 -1.06933 -0.592814 1.00792 -0.00196344 -1.04236 -0.575669 1 0 -0.204128 -0.220831 -0.0101156 -0.204128 -0.220831 -0.0101156 0 0 0 0.0506363 0.00242641 0.00398959 0.3 0.3
55 2 43.0002 0.674016 -0.891381 37372 -3.38699 -0.639296 -1.01203 0.998441 0.00932001 -0.575669 -1.04236 1 0 -0.141513 -0.301245 0.00315048 -0.141513 -0.301245 0.00315048 0 0 0 0.0300639 0.00342107 -0.018591 0.3 0.3
55 0 43.0502 12.9539 11.1435 38150.2 1.64571 0.911319 0.763199 1.01309 -0.00793951 0.821145 0.821145 1 0 0.0901672 0.341971 -0.0132556 0.0901672 0.341971 -0.0132556 0 0 0 -0.00252266 -0.0439025 0.0159384 0.3 0.3
55 1 43.0502 -2.24107 -10.1806 35239.2 -0.695866 -1.08324 -0.601307 1.00781 -0.0001338 -1.05449 -0.587799 1 0 -0.195362 -0.221278 -0.0103789 -0.195362 -0.221278 -0.0103789 0 0 0 0.0484429 0.00357896 0.000354384 0.3 0.3
55 2 43.0502 0.404888 -1.29381 37156.9 -3.42508 -0.648986 -1.0225 0.998382 0.0118537 -0.587799 -1.05449 1 0 -0.140699 -0.299096 0.00255928 -0.140699 -0.299096 0.00255928 0 0 0 0.0248998 -0.00595941 -0.0237841 0.3 0.3
55 0 43.1002 13.003 11.2023 37930.4 1.51686 0.920659 0.773453 1.01213 -0.00791861 0.832917 0.832917 1 0 0.0870826 0.337334 -0.012159 0.0870826 0.337334 -0.012159 0 0 0 0.00629267 -0.0510946 0.0156818 0.3 0.3
55 1 43.1002 -2.17734 -10.3725 35406.5 -0.636669 -1.09681 -0.610069 1.00762 0.00100485 -1.06626 -0.599571 1 0 -0.184368 -0.218456 -0.00972178 -0.184368 -0.218456 -0.00972178 0 0 0 0.0495595 0.00501223 -0.0018861 0.3 0.3
55 2 43.1002 0.332299 -1.56775 37215.7 -2.80371 -0.658068 -1.03369 0.998373 0.0125598 -0.599571 -1.06626 1 0 -0.136933 -0.291749 0.00232616 -0.136933 -0.291749 0.00232616 0 0 0 0.0223129 -0.00714503 -0.0252016 0.3 0.3
55 0 43.1502 13.399 11.3852 38075.2 1.27024 0.929009 0.783904 1.01107 -0.00733687 0.844325 0.844325 1 0 0.0849792 0.331658 -0.0102189 0.0849792 0.331658 -0.0102189 0 0 0 -0.000579058 -0.0394276 0.0146881 0.3 0.3
55 1 43.1502 -2.06227 -10.5904 35360.4 1.04917 -1.11002 -0.619181 1.00742 -0.00106283 -1.07767 -0.610979 1 0 -0.17381 -0.214857 -0.00936539 -0.17381 -0.214857 -0.00936539 0 0 0 0.0492227 0.00469717 0.00224194 0.3 0.3
55 2 43.1502 0.317559 -1.92284 37306 -3.77746 -0.666753 -1.04557 0.99833 0.0146514 -0.610979 -1.07767 1 0 -0.133982 -0.28336 0.00255073 -0.133982 -0.28336 0.00255073 0 0 0 0.0166016 -0.0111226 -0.0293976 0.3 0.3
55 0 43.2003 13.3525 11.311 37839.8 0.941708 0.936894 0.794255 1.01016 -0.00642749 0.855364 0.855364 1 0 0.0829314 0.325417 -0.00965647 0.0829314 0.325417 -0.00965647 0 0 0 -0.00420297 -0.0337019 0.0129278 0.3 0.3
55 1 43.2003 -2.00803 -10.7123 35318.9 -0.571261 -1.12287 -0.628528 1.00723 0.000221185 -1.08871 -0.622018 1 0 -0.16266 -0.209665 -0.00921995 -0.16266 -0.209665 -0.00921995 0 0 0 0.0502142 0.000831332 -0.000421632 0.3 0.3
55 2 43.2003 0.347414 -2.20996 37291.2 -3.0786 -0.675169 -1.058 0.998279 0.0149108 -0.622018 -1.08871 1 0 -0.12956 -0.272125 0.00266451 -0.12956 -0.272125 0.00266451 0 0 0 0.00984052 -0.00820755 -0.0298636 0.3 0.3
55 0 43.2502 13.5417 11.4823 37928.1 0.9395 0.944172 0.804697 1.00928 -0.00591777 0.866022 0.866022 1 0 0.0812217 0.318328 -0.00859792 0.0812217 0.318328 -0.00859792 0 0 0 0.00492225 -0.0342841 0.011753 0.3 0.3
55 1 43.2502 -2.05921 -10.7622 35362.2 -0.759127 -1.13518 -0.637943 1.00703 0.00149262 -1.09937 -0.632677 1 0 -0.154069 -0.206007 -0.00883029 -0.154069 -0.206007 -0.00883029 0 0 0 0.044544 0.00840774 -0.00279872 0.3 0.3
55 2 43.2502 0.165222 -2.37647 37400.1 -3.33831 -0.683138 -1.07063 0.998128 0.0155048 -0.632677 -1.09937 1 0 -0.129949 -0.264595 0.00338079 -0.129949 -0.264595 0.00338079 0 0 0 0.00692716 -0.00451693 -0.0310267 0.3 0.3
55 0 43.3002 14.0543 10.713 37641 -0.108888 0.950427 0.814018 1.00869 -0.00383381 0.876303 0.876303 1 0 0.0804608 0.312356 -0.0092234 0.0804608 0.312356 -0.0092234 0 0 0 0.00973042 -0.0404927 0.00747227 0.3 0.3
55 1 43.3002 -2.93418 -10.2253 35438.8 0.295847 -1.14571 -0.646479 1.00675 0.000439087 -1.10965 -0.642958 1 0 -0.145237 -0.200556 -0.00802687 -0.145237 -0.200556 -0.00802687 0 0 0 0.0472969 -2.92327e-05 -0.000879111 0.3 0.3
55 2 43.3002 -0.366941 -1.75894 37042.2 -4.0026 -0.68998 -1.08228 0.99821 0.0170134 -0.642958 -1.10965 1 0 -0.126576 -0.25304 0.00209744 -0.126576 -0.25304 0.00209744 0 0 0 -0.000172582 -0.00764059 -0.0340281 0.3 0.3
55 0 43.3503 13.1634 12.4493 38466.5 -0.333803 0.957461 0.825286 1.00761 -0.0020514 0.886207 0.886207 1 0 0.0776609 0.30236 -0.00526925 0.0776609 0.30236 -0.00526925 0 0 0 0.0122842 -0.0384641 0.00386736 0.3 0.3
55 1 43.3503 -0.788541 -11.9116 35439.1 0.0193114 -1.15824 -0.656904 1.0064 0.000268648 -1.11955 -0.652862 1 0 -0.133057 -0.19196 -0.00723175 -0.133057 -0.19196 -0.00723175 0 0 0 0.0434066 0.000730591 -0.000521563 0.3 0.3
55 2 43.3503 0.697312 -4.21394 37238.4 -4.34714 -0.697905 -1.09669 0.998294 0.0185828 -0.652862 -1.11955 1 0 -0.122262 -0.237702 0.00196879 -0.122262 -0.237702 0.00196879 0 0 0 0.00123752 -0.0136784 -0.037177 0.3 0.3
55 0 43.4002 14.3751 10.6552 37892.1 0.369385 0.963363 0.835459 1.00651 -0.00193532 0.89571 0.89571 1 0 0.0760014 0.293437 -0.00358877 0.0760014 0.293437 -0.00358877 0 0 0 0.00400886 -0.0307575 0.00380945 0.3 0.3
55 1 43.4002 -2.12105 -10.774 35113.1 -0.59183 -1.16931 -0.666228 1.00629 0.00121269 -1.12906 -0.662365 1 0 -0.121978 -0.183844 -0.00824233 -0.121978 -0.183844 -0.00824233 0 0 0 0.0356922 0.0055986 -0.00232585 0.3 0.3
55 2 43.4002 -0.0252138 -2.82046 37304.4 -3.71596 -0.704964 -1.10988 0.998335 0.0186022 -0.662365 -1.12906 1 0 -0.11766 -0.222683 0.00212822 -0.11766 -0.222683 0.00212822 0 0 0 -0.0038547 -0.0192732 -0.0371712 0.3 0.3
55 0 43.4503 13.8204 11.7866 38099.6 -0.680621 0.969174 0.845453 1.00562 0.00117667 0.904834 0.904834 1 0 0.0748808 0.285791 -0.00379402 0.0748808 0.285791 -0.00379402 0 0 0 0.0146165 -0.040085 -0.00264687 0.3 0.3
55 1 43.4503 -2.76959 -10.2724 35538 0.489847 -1.17973 -0.675262 1.00595 0.0016723 -1.13818 -0.671489 1 0 -0.114609 -0.178587 -0.00683947 -0.114609 -0.178587 -0.00683947 0 0 0 0.0264156 0.00801574 -0.00323904 0.3 0.3
55 2 43.4503 -0.284552 -2.26512 37282.4 -4.94963 -0.711866 -1.12284 0.99841 0.0207194 -0.671489 -1.13818 1 0 -0.11572 -0.211601 0.002152 -0.11572 -0.211601 0.002152 0 0 0 -0.0175585 -0.0190567 -0.0412779 0.3 0.3
55 0 43.5003 13.6049 12.3333 38139.9 -0.771175 0.974415 0.855316 1.00458 0.00111264 0.913545 0.913545 1 0 0.0717465 0.274215 -0.000934825 0.0717465 0.274215 -0.000934825 0 0 0 0.00937198 -0.0355533 -0.00239227 0.3 0.3
55 1 43.5003 -0.686631 -11.9308 35405.6 -0.686792 -1.18979 -0.68389 1.00565 0.0011211 -1.14689 -0.6802 1 0 -0.101722 -0.16838 -0.00628534 -0.101722 -0.16838 -0.00628534 0 0 0 0.0333251 0.000129175 -0.00224037 0.3 0.3
55 2 43.5003 0.925035 -4.6407 37346 -3.55731 -0.718821 -1.13544 0.998323 0.0197678 -0.6802 -1.14689 1 0 -0.108854 -0.193968 0.00254578 -0.108854 -0.193968 0.00254578 0 0 0 -0.0158305 -0.021624 -0.0393705 0.3 0.3
55 0 43.5503 14.1673 11.4118 37793.4 -0.0465709 0.979471 0.864961 1.00372 0.000772924 0.921869 0.921869 1 0 0.0693347 0.264002 -0.000906664 0.0693347 0.264002 -0.000906664 0 0 0 0.0108534 -0.0377226 -0.00175088 0.3 0.3
55 1 43.5503 -2.05971 -10.7372 35422.5 -0.461699 -1.19942 -0.692191 1.00529 0.00152678 -1.15521 -0.688523 1 0 -0.0927222 -0.161641 -0.00559248 -0.0927222 -0.161641 -0.00559248 0 0 0 0.02706 0.00178421 -0.0030297 0.3 0.3
55 2 43.5503 0.196593 -3.15149 37235.8 -3.89702 -0.725663 -1.14771 0.998327 0.0197183 -0.688523 -1.15521 1 0 -0.10509 -0.180978 0.00232285 -0.10509 -0.180978 0.00232285 0 0 0 -0.0172536 -0.0238449 -0.0392377 0.3 0.3
55 0 43.6002 14.1185 11.6672 38048.5 -1.31094 0.984209 0.874318 1.00282 0.00264606 0.929775 0.929775 1 0 0.0666137 0.253429 0.00053499 0.0666137 0.253429 0.00053499 0 0 0 0.0142242 -0.0341227 -0.00553574 0.3 0.3
55 1 43.6002 -1.69835 -10.8992 35501.4 0.460541 -1.20862 -0.699984 1.00483 0.000279377 -1.16312 -0.69643 1 0 -0.0817762 -0.153087 -0.00446282 -0.0817762 -0.153087 -0.00446282 0 0 0 0.0196072 0.00769346 -0.000483359 0.3 0.3
55 2 43.6002 0.478207 -3.47574 37138.3 -3.39169 -0.732437 -1.15945 0.998446 0.0188776 -0.69643 -1.16312 1 0 -0.0976522 -0.165103 0.0015836 -0.0976522 -0.165103 0.0015836 0 0 0 -0.0336152 -0.0179992 -0.0374618 0.3 0.3
55 0 43.6503 14.2011 11.7432 37790.8 -2.42391 0.98867 0.883511 1.00214 0.00570474 0.937286 0.937286 1 0 0.0636758 0.242447 0.00040805 0.0636758 0.242447 0.00040805 0 0 0 0.0228936 -0.0314658 -0.0117719 0.3 0.3
55 1 43.6503 -1.59109 -10.8961 35228.6 -1.17784 -1.2175 -0.70732 1.00454 0.00213608 -1.17063 -0.703941 1 0 -0.0714491 -0.145376 -0.0048654 -0.0714491 -0.145376 -0.0048654 0 0 0 0.0231306 0.00224353 -0.0042465 0.3 0.3
55 2 43.6503 0.384617 -3.59812 37166.7 -3.6002 -0.738862 -1.17068 0.998628 0.0185858 -0.703941 -1.17063 1 0 -0.0919501 -0.151231 0.00100689 -0.0919501 -0.151231 0.00100689 0 0 0 -0.0311585 -0.0130249 -0.0369761 0.3 0.3
55 0 43.7002 14.1816 11.8812 38326.2 1.51058 0.992751 0.89235 1.00117 0.00125924 0.944374 0.944374 1 0 0.0605612 0.231242 0.00324772 0.0605612 0.231242 0.00324772 0 0 0 0.0179268 -0.0340318 -0.00282403 0.3 0.3
55 1 43.7002 -1.57751 -10.8079 35419.8 0.0724574 -1.22587 -0.714078 1.00419 0.00131651 -1.17772 -0.711029 1 0 -0.0611186 -0.137786 -0.00416538 -0.0611186 -0.137786 -0.00416538 0 0 0 0.0208673 0.0038855 -0.00259262 0.3 0.3
55 2 43.7002 0.561577 -3.45848 37074.2 -4.24893 -0.745173 -1.18105 0.998945 0.0194415 -0.711029 -1.17772 1 0 -0.0850676 -0.137443 -0.000111856 -0.0850676 -0.137443 -0.000111856 0 0 0 -0.0322601 -0.00503213 -0.0388094 0.3 0.3
55 0 43.7502 14.0065 11.9688 37731.3 -2.17504 0.996903 0.901026 1.0005 0.00441782 0.951054 0.951054 1 0 0.0565829 0.219575 0.00262107 0.0565829 0.219575 0.00262107 0 0 0 0.0197665 -0.0297417 -0.00913106 0.3 0.3
55 1 43.7502 -1.41573 -10.7425 35309.3 -1.10011 -1.23398 -0.720286 1.00393 0.00270793 -1.1844 -0.717709 1 0 -0.0503344 -0.130237 -0.00415513 -0.0503344 -0.130237 -0.00415513 0 0 0 0.0166901 0.00274422 -0.00539317 0.3 0.3
55 2 43.7502 0.326015 -3.5577 37017.6 -2.83316 -0.750876 -1.19084 0.999417 0.0176535 -0.717709 -1.1844 1 0 -0.0783508 -0.123788 -0.00154684 -0.0783508 -0.123788 -0.00154684 0 0 0 -0.0396169 0.000265429 -0.035321 0.3 0.3
55 0 43.8002 14.4461 11.9594 38576.1 0.730666 1.00022 0.909212 0.999331 0.00180384 0.957317 0.957317 1 0 0.0532598 0.207965 0.00679064 0.0532598 0.207965 0.00679064 0 0 0 0.00347361 -0.0231135 -0.00364808 0.3 0.3
55 1 43.8002 -1.4443 -10.5662 35490.8 1.0086 -1.24151 -0.725772 1.00356 0.000142362 -1.19066 -0.723972 1 0 -0.039604 -0.12299 -0.00312765 -0.039604 -0.12299 -0.00312765 0 0 0 0.0179505 0.00650869 -0.000226318 0.3 0.3
55 2 43.8002 0.183177 -3.44644 37022.6 -3.61874 -0.755905 -1.19982 1.00001 0.0178214 -0.723972 -1.19066 1 0 -0.071645 -0.11036 -0.00297478 -0.071645 -0.11036 -0.00297478 0 0 0 -0.0386597 -0.00212099 -0.0356103 0.3 0.3
55 0 43.8503 13.9343 12.3962 37485.2 0.201617 1.00375 0.917484 0.998747 0.000803623 0.963165 0.963165 1 0 0.0487976 0.195453 0.00467294 0.0487976 0.195453 0.00467294 0 0 0 0.0100237 -0.0303978 -0.00175981 0.3 0.3
55 1 43.8503 -1.2375 -10.5784 35521.8 -0.746484 -1.2488 -0.730766 1.00309 0.00135404 -1.19651 -0.729819 1 0 -0.028946 -0.116234 -0.00198098 -0.028946 -0.116234 -0.00198098 0 0 0 0.0158085 0.00872458 -0.00263923 0.3 0.3
55 2 43.8503 0.16397 -3.37976 37016.5 -3.00557 -0.760405 -1.20798 1.0007 0.0169018 -0.729819 -1.19651 1 0 -0.0658602 -0.0983515 -0.00445291 -0.0658602 -0.0983515 -0.00445291 0 0 0 -0.0414597 -0.00260718 -0.0337585 0.3 0.3
55 0 43.9002 14.2181 12.2808 38261.2 -0.925961 1.00684 0.925337 0.997916 0.00209415 0.968582 0.968582 1 0 0.0443065 0.182854 0.00707315 0.0443065 0.182854 0.00707315 0 0 0 0.00726587 -0.0203012 -0.00426231 0.3 0.3
55 1 43.9002 -1.16084 -10.4526 35427.8 -0.148376 -1.25573 -0.735142 1.00262 0.00114644 -1.20193 -0.735237 1 0 -0.0175263 -0.10915 -0.00135211 -0.0175263 -0.10915 -0.00135211 0 0 0 0.0138593 0.00576549 -0.00225299 0.3 0.3
55 2 43.9002 0.0301779 -3.25823 37072.3 -2.62276 -0.764244 -1.21526 1.00143 0.0157045 -0.735237 -1.20193 1 0 -0.0595265 -0.086176 -0.0056305 -0.0595265 -0.086176 -0.0056305 0 0 0 -0.0408211 -0.00871675 -0.0312393 0.3 0.3
55 0 43.9502 14.0008 12.5147 37652.2 -0.950327 1.00993 0.93307 0.997463 0.00295589 0.973576 0.973576 1 0 0.0390699 0.169731 0.00581633 0.0390699 0.169731 0.00581633 0 0 0 0.00815178 -0.0231005 -0.00600639 0.3 0.3
55 1 43.9502 -1.1789 -10.3003 35406.8 -0.187749 -1.26212 -0.738857 1.00218 0.00109024 -1.20692 -0.740231 1 0 -0.00734556 -0.103519 -0.000826354 -0.00734556 -0.103519 -0.000826354 0 0 0 0.0132063 0.00790702 -0.00212833 0.3 0.3
55 2 43.9502 0.0844419 -3.22455 37093.2 -1.60316 -0.767683 -1.22174 1.00216 0.0132502 -0.740231 -1.20692 1 0 -0.0546983 -0.0761781 -0.00667932 -0.0546983 -0.0761781 -0.00667932 0 0 0 -0.0401207 -0.0155216 -0.0261958 0.3 0.3
55 0 44.0003 13.9808 12.6503 38127.2 0.862385 1.01279 0.94051 0.99688 0.000521507 0.978147 0.978147 1 0 0.0334351 0.156309 0.00728273 0.0334351 0.156309 0.00728273 0 0 0 0.00910612 -0.0183066 -0.00112642 0.3 0.3
55 1 44.0003 -0.9628 -10.1347 35558.5 1.26103 -1.26819 -0.74185 1.00162 -0.0013648 -1.21149 -0.744802 1 0 0.00409428 -0.0973052 0.000529361 0.00409428 -0.0973052 0.000529361 0 0 0 0.0142688 0.00860465 0.00279108 0.3 0.3
55 2 44.0003 0.152492 -3.10141 37061.4 -1.215 -0.770804 -1.22738 1.00292 0.0109099 -0.744802 -1.21149 1 0 -0.0480343 -0.0652221 -0.00788914 -0.0480343 -0.0652221 -0.00788914 0 0 0 -0.0380026 -0.016875 -0.0215042 0.3 0.3
55 0 44.0502 13.9207 12.6831 38229.8 -1.94701 1.01556 0.947637 0.996135 0.00357138 0.982286 0.982286 1 0 0.0271789 0.142651 0.00913929 0.0271789 0.142651 0.00913929 0 0 0 0.010048 -0.0191625 -0.00723947 0.3 0.3
55 1 44.0502 -0.91217 -10.1123 35403.9 -0.210291 -1.27384 -0.744327 1.00111 -0.000537727 -1.21563 -0.748941 1 0 0.0151911 -0.0916037 0.000976893 0.0151911 -0.0916037 0.000976893 0 0 0 0.014755 0.0114774 0.00116018 0.3 0.3
55 2 44.0502 0.242818 -3.06624 37146.3 -0.585212 -0.773697 -1.23229 1.00362 0.00832453 -0.748941 -1.21563 1 0 -0.0416682 -0.055434 -0.008582 -0.0416682 -0.055434 -0.008582 0 0 0 -0.0394323 -0.0184823 -0.0162887 0.3 0.3
55 0 44.1002 13.8247 12.8028 37877.8 -1.96389 1.01831 0.954527 0.995571 0.00559809 0.985995 0.985995 1 0 0.0201917 0.128626 0.00901523 0.0201917 0.128626 0.00901523 0 0 0 0.0169149 -0.0217294 -0.0113811 0.3 0.3
55 1 44.1002 -0.924208 -9.92714 35477.2 1.47736 -1.27889 -0.74613 1.00058 -0.00280847 -1.21934 -0.75265 1 0 0.0263617 -0.0859482 0.00185663 0.0263617 -0.0859482 0.00185663 0 0 0 0.0152768 0.013945 0.00572376 0.3 0.3
55 2 44.1002 0.299125 -2.90738 37036.6 -1.10858 -0.776349 -1.23635 1.00438 0.0074402 -0.75265 -1.21934 1 0 -0.0342329 -0.0456051 -0.00987297 -0.0342329 -0.0456051 -0.00987297 0 0 0 -0.0375769 -0.0182722 -0.0145404 0.3 0.3
55 0 44.1502 13.8872 12.9395 38473.2 1.14862 1.02061 0.960987 0.994626 0.00178823 0.989271 0.989271 1 0 0.0132167 0.114577 0.0122506 0.0132167 0.114577 0.0122506 0 0 0 0.0136574 -0.0291577 -0.00377605 0.3 0.3
55 1 44.1502 -0.79861 -9.78312 35528.9 0.437381 -1.2835 -0.747308 0.999989 -0.00259806 -1.22262 -0.755926 1 0 0.0367464 -0.0813977 0.0029691 0.0367464 -0.0813977 0.0029691 0 0 0 0.0136977 0.0117258 0.00527665 0.3 0.3
55 2 44.1502 0.328212 -2.88047 37330.9 -0.2525 -0.778734 -1.23972 1.00489 0.00542135 -0.755926 -1.22262 1 0 -0.0282929 -0.0379859 -0.00945201 -0.0282929 -0.0379859 -0.00945201 0 0 0 -0.037068 -0.0146337 -0.0105736 0.3 0.3
55 0 44.2002 13.6459 13.1772 37934.9 -0.906335 1.02288 0.967262 0.993874 0.00269389 0.992114 0.992114 1 0 0.00550657 0.100063 0.01234 0.00550657 0.100063 0.01234 0 0 0 0.0100373 -0.0297946 -0.005538 0.3 0.3
55 1 44.2002 -0.841808 -9.67495 35390.2 -0.611607 -1.28756 -0.7479 0.999478 -0.000685704 -1.22546 -0.758769 1 0 0.0477168 -0.0763314 0.00328649 0.0477168 -0.0763314 0.00328649 0 0 0 0.0152074 0.0142505 0.00147984 0.3 0.3
55 2 44.2002 0.439069 -2.79246 37056.2 0.17502 -0.780911 -1.2424 1.00547 0.00334916 -0.758769 -1.22546 1 0 -0.0202396 -0.029085 -0.010558 -0.0202396 -0.029085 -0.010558 0 0 0 -0.0396638 -0.0117974 -0.00646577 0.3 0.3
55 0 44.2503 13.5262 13.3201 38173.1 0.557557 1.025 0.973199 0.993047 0.000838909 0.994523 0.994523 1 0 -0.00269905 0.0853611 0.0138652 -0.00269905 0.0853611 0.0138652 0 0 0 0.014569 -0.0207838 -0.00182936 0.3 0.3
55 1 44.2503 -0.738992 -9.55924 35451 1.19157 -1.29114 -0.74793 0.998975 -0.00241229 -1.22787 -0.761177 1 0 0.0584937 -0.071593 0.00394528 0.0584937 -0.071593 0.00394528 0 0 0 0.0154133 0.0178806 0.00496274 0.3 0.3
55 2 44.2503 0.370215 -2.64213 37189.4 -0.175283 -0.78267 -1.2443 1.00596 0.00245924 -0.761177 -1.22787 1 0 -0.0125284 -0.0211269 -0.0107989 -0.0125284 -0.0211269 -0.0107989 0 0 0 -0.0373984 -0.00142344 -0.00489272 0.3 0.3
55 0 44.3002 13.2768 13.2153 37713.5 -0.0800626 1.02739 0.97896 0.992623 0.00100046 0.996492 0.996492 1 0 -0.0117272 0.0710752 0.0127173 -0.0117272 0.0710752 0.0127173 0 0 0 0.0148151 -0.017168 -0.00212824 0.3 0.3
55 1 44.3002 -0.927913 -9.43518 35401.3 0.402641 -1.29416 -0.747344 0.998513 -0.00280604 -1.22984 -0.763147 1 0 0.0686572 -0.0670118 0.00427272 0.0686572 -0.0670118 0.00427272 0 0 0 0.0139391 0.0143235 0.00571219 0.3 0.3
55 2 44.3002 0.205431 -2.51807 37167.3 1.15449 -0.78376 -1.24552 1.00646 -0.00034267 -0.763147 -1.22984 1 0 -0.00511075 -0.0136199 -0.0111553 -0.00511075 -0.0136199 -0.0111553 0 0 0 -0.0368025 0.00418431 0.000608452 0.3 0.3
55 0 44.3503 12.9525 14.2042 38163.8 0.745848 1.02944 0.984343 0.992 -0.000788884 0.998028 0.998028 1 0 -0.0217434 0.0549133 0.0140995 -0.0217434 0.0549133 0.0140995 0 0 0 0.012531 -0.0131936 0.00149517 0.3 0.3
55 1 44.3503 -0.548504 -9.16268 35709.9 0.601909 -1.2965 -0.746146 0.99787 -0.00249356 -1.23137 -0.764682 1 0 0.0790286 -0.0632058 0.00628801 0.0790286 -0.0632058 0.00628801 0 0 0 0.0143186 0.0164752 0.00510537 0.3 0.3
55 2 44.3503 0.115666 -2.50794 37031.2 1.1195 -0.784234 -1.24604 1.00691 -0.00211151 -0.764682 -1.23137 1 0 0.00152563 -0.00677465 -0.0122087 0.00152563 -0.00677465 -0.0122087 0 0 0 -0.0358613 0.00501634 0.00413375 0.3 0.3
55 0 44.4003 13.2556 13.575 38253.1 0.604146 1.03103 0.98914 0.991283 -0.00175332 0.999123 0.999123 1 0 -0.0313597 0.0398615 0.0157962 -0.0313597 0.0398615 0.0157962 0 0 0 0.0310459 -0.0319462 0.00301153 0.3 0.3
55 1 44.4003 -0.828274 -9.19414 35404.3 -0.341722 -1.29832 -0.744496 0.997316 -0.00106009 -1.23247 -0.765778 1 0 0.0891018 -0.0590273 0.00652645 0.0891018 -0.0590273 0.00652645 0 0 0 0.0147378 0.01879 0.00225881 0.3 0.3
55 2 44.4003 -0.00582448 -2.40024 36900.1 0.691972 -0.784023 -1.246 1.00758 -0.00255316 -0.765778 -1.23247 1 0 0.00820387 0.000186707 -0.0139392 0.00820387 0.000186707 -0.0139392 0 0 0 -0.0321692 0.00261214 0.00506498 0.3 0.3
55 0 44.4502 12.8182 13.7995 38043.9 -0.896933 1.03277 0.993494 0.990643 0.000273288 0.999781 0.999781 1 0 -0.0419416 0.0248212 0.0163012 -0.0419416 0.0248212 0.0163012 0 0 0 0.0335017 -0.0254062 -0.000972335 0.3 0.3
55 1 44.4502 -0.715752 -8.94528 35480.3 0.568011 -1.29963 -0.742229 0.996774 -0.00163187 -1.23313 -0.766435 1 0 0.0988687 -0.0553362 0.00724141 0.0988687 -0.0553362 0.00724141 0 0 0 0.016457 0.0157111 0.00339324 0.3 0.3
55 2 44.4502 -0.126818 -2.50057 37069.5 0.880045 -0.783161 -1.24563 1.00821 -0.00309481 -0.766435 -1.23313 1 0 0.0142023 0.00702036 -0.0146809 0.0142023 0.00702036 -0.0146809 0 0 0 -0.0282429 -0.00782816 0.00630084 0.3 0.3
55 0 44.5002 12.9071 13.8214 38168.8 0.780963 1.03403 0.997194 0.989952 -0.00127508 1 1 1 0 -0.0524926 0.0101333 0.0175214 -0.0524926 0.0101333 0.0175214 0 0 0 0.0335676 -0.0354818 0.00195527 0.3 0.3
55 1 44.5002 -0.625105 -8.88882 35359.4 0.697991 -1.30049 -0.739498 0.996351 -0.00223205 -1.23335 -0.766655 1 0 0.108785 -0.0515343 0.00722359 0.108785 -0.0515343 0.00722359 0 0 0 0.0170171 0.0146855 0.00458934 0.3 0.3
55 2 44.5002 0.0129054 -2.35159 37006.2 -0.277025 -0.782006 -1.24467 1.00888 -0.00153675 -0.766655 -1.23335 1 0 0.0207266 0.0138851 -0.0158069 0.0207266 0.0138851 -0.0158069 0 0 0 -0.024669 -0.0163057 0.00327497 0.3 0.3
55 0 44.5502 12.6089 13.828 37836.4 -0.701516 1.03528 1.00027 0.989522 0.000180584 0.999781 0.999781 1 0 -0.0637568 -0.00423492 0.0168189 -0.0637568 -0.00423492 0.0168189 0 0 0 0.0396973 -0.0340022 -0.00103634 0.3 0.3
55 1 44.5502 -0.760136 -8.73357 35433.5 0.421146 -1.30065 -0.736251 0.995961 -0.00215755 -1.23313 -0.766436 1 0 0.118194 -0.0479092 0.00759738 0.118194 -0.0479092 0.00759738 0 0 0 0.015306 0.0193157 0.00446325 0.3 0.3
55 2 44.5502 0.102213 -2.46383 37207.7 1.03835 -0.780637 -1.24343 1.0094 -0.00270867 -0.766436 -1.23313 1 0 0.027544 0.0209171 -0.0157597 0.027544 0.0209171 -0.0157597 0 0 0 -0.0240019 -0.019174 0.00564812 0.3 0.3
55 0 44.6003 12.7419 13.8764 38339.3 1.47804 1.03588 1.00263 0.988856 -0.0025209 0.999123 0.999123 1 0 -0.0746633 -0.0181457 0.018926 -0.0746633 -0.0181457 0.018926 0 0 0 0.0387511 -0.0408397 0.00425231 0.3 0.3
55 1 44.6003 -0.609521 -8.60474 35542.5 -0.582445 -1.30045 -0.732499 0.995512 -0.00042542 -1.23247 -0.765777 1 0 0.127662 -0.0444738 0.008517 0.127662 -0.0444738 0.008517 0 0 0 0.0173996 0.0182453 0.00100965 0.3 0.3
55 2 44.6003 0.210656 -2.50918 36934 -0.593 -0.779134 -1.2419 1.01005 -0.000785825 -0.765777 -1.23247 1 0 0.0347551 0.0280899 -0.0172442 0.0347551 0.0280899 -0.0172442 0 0 0 -0.0212067 -0.0169673 0.00175172 0.3 0.3
55 0 44.6503 12.4224 13.9534 37774.8 -0.463777 1.0364 1.00446 0.988524 -0.00100325 0.998027 0.998027 1 0 -0.0861849 -0.031892 0.0177288 -0.0861849 -0.031892 0.0177288 0 0 0 0.0387671 -0.0364899 0.00129974 0.3 0.3
55 1 44.6503 -0.758045 -8.55204 35494.9 -0.208416 -1.29956 -0.728426 0.995073 7.92275e-05 -1.23137 -0.764682 1 0 0.13702 -0.0405275 0.00910965 0.13702 -0.0405275 0.00910965 0 0 0 0.0152562 0.0190382 -1.32341e-05 0.3 0.3
55 2 44.6503 0.313357 -2.55035 37105.3 0.554724 -0.777514 -1.24012 1.0106 -0.00141997 -0.764682 -1.23137 1 0 0.0430193 0.0360793 -0.017644 0.0430193 0.0360793 -0.017644 0 0 0 -0.0236202 -0.0137027 0.00300205 0.3 0.3
55 0 44.7002 12.505 13.8879 38258.2 1.56525 1.03632 1.00556 0.988094 -0.00114578 0.996493 0.996493 1 0 -0.0973782 -0.0449687 0.0193019 -0.0973782 -0.0449687 0.0193019 0 0 0 0.0311863 -0.0321269 0.00179108 0.3 0.3
55 1 44.7002 -0.499532 -8.7211 35587.1 0.683605 -1.2982 -0.723835 0.99452 -0.00106302 -1.22984 -0.763148 1 0 0.146262 -0.0363244 0.0102143 0.146262 -0.0363244 0.0102143 0 0 0 0.0137772 0.0210095 0.00227093 0.3 0.3
55 2 44.7002 0.336365 -2.53487 36875.2 -0.632944 -0.775653 -1.23797 1.0113 0.000102189 -0.763148 -1.22984 1 0 0.0509574 0.0435295 -0.0193374 0.0509574 0.0435295 -0.0193374 0 0 0 -0.0265631 -0.00707302 -0.00011045 0.3 0.3
55 0 44.7503 12.2997 14.0557 38075.7 0.611359 1.03591 1.006 0.987563 -0.00336756 0.994522 0.994522 1 0 -0.108806 -0.0579698 0.0196916 -0.108806 -0.0579698 0.0196916 0 0 0 0.0346168 -0.0371281 0.00609453 0.3 0.3
55 1 44.7503 -0.857798 -7.89247 35590.2 -1.2444 -1.29638 -0.718938 0.993981 0.0013762 -1.22787 -0.761176 1 0 0.154959 -0.0333133 0.0112957 0.154959 -0.0333133 0.0112957 0 0 0 0.0124673 0.0194949 -0.00263105 0.3 0.3
55 2 44.7503 0.265633 -2.58804 36998.9 0.336259 -0.773355 -1.23553 1.012 -0.000521507 -0.761176 -1.22787 1 0 0.0591985 0.0515176 -0.0202571 0.0591985 0.0515176 -0.0202571 0 0 0 -0.0278692 -0.000245775 0.00104654 0.3 0.3
55 0 44.8002 12.3992 13.8716 38341.4 -0.394683 1.03495 1.00574 0.986911 -0.00185409 0.992116 0.992116 1 0 -0.11998 -0.070313 0.021583 -0.11998 -0.070313 0.021583 0 0 0 0.0447033 -0.0431537 0.00274511 0.3 0.3
55 1 44.8002 -0.613954 -8.2611 35427.6 -1.11522 -1.29406 -0.713498 0.993506 0.00281624 -1.22546 -0.75877 1 0 0.163714 -0.029871 0.0114616 0.163714 -0.029871 0.0114616 0 0 0 0.0146168 0.0215758 -0.00547528 0.3 0.3
55 2 44.8002 0.224339 -2.60472 36962.9 0.324103 -0.770577 -1.23275 1.01271 -0.000890761 -0.75877 -1.22546 1 0 0.0671354 0.0594501 -0.0213853 0.0671354 0.0594501 -0.0213853 0 0 0 -0.0281982 0.000133419 0.00177982 0.3 0.3
55 0 44.8502 12.5272 13.8618 38838.8 1.6221 1.03315 1.00468 0.985686 -0.00402317 0.989273 0.989273 1 0 -0.130494 -0.0820887 0.0261648 -0.130494 -0.0820887 0.0261648 0 0 0 0.0387647 -0.0419416 0.0072365 0.3 0.3
55 1 44.8502 -0.615077 -8.15166 35361.8 1.00184 -1.29124 -0.707766 0.993167 0.000239655 -1.22262 -0.755927 1 0 0.172564 -0.0259722 0.0112632 0.172564 -0.0259722 0.0112632 0 0 0 0.0170196 0.0197257 -0.00031148 0.3 0.3
55 2 44.8502 0.181815 -2.63648 37018.6 0.0505141 -0.767298 -1.22964 1.01339 -0.000694379 -0.755927 -1.22262 1 0 0.0752237 0.0678264 -0.0221517 0.0752237 0.0678264 -0.0221517 0 0 0 -0.0320833 0.00210734 0.00135513 0.3 0.3
55 0 44.9002 12.1255 14.0821 38067.4 1.49707 1.03118 1.0032 0.984693 -0.00530095 0.985999 0.985999 1 0 -0.141354 -0.0937932 0.026398 -0.141354 -0.0937932 0.026398 0 0 0 0.0353839 -0.0445447 0.00981794 0.3 0.3
55 1 44.9002 -0.599045 -7.97883 35527.6 0.60725 -1.28792 -0.701586 0.992795 -0.000831964 -1.21934 -0.752654 1 0 0.180899 -0.0224917 0.0119431 0.180899 -0.0224917 0.0119431 0 0 0 0.0152829 0.0214047 0.00182764 0.3 0.3
55 2 44.9002 0.176506 -2.54011 37041.7 -0.0544619 -0.763561 -1.22601 1.01402 -0.000384139 -0.752654 -1.21934 1 0 0.0825051 0.0753 -0.0227606 0.0825051 0.0753 -0.0227606 0 0 0 -0.0310426 0.00333656 0.00071658 0.3 0.3
55 0 44.9503 12.1719 13.9632 38034.9 0.69449 1.02871 1.00102 0.98388 -0.00490333 0.982286 0.982286 1 0 -0.15215 -0.105075 0.0266278 -0.15215 -0.105075 0.0266278 0 0 0 0.0448881 -0.0422873 0.00886195 0.3 0.3
55 1 44.9503 -0.596945 -7.97674 35397.2 1.03642 -1.28405 -0.695156 0.992526 -0.00225011 -1.21563 -0.74894 1 0 0.18986 -0.0178814 0.0118137 0.18986 -0.0178814 0.0118137 0 0 0 0.0163383 0.0188833 0.00465484 0.3 0.3
55 2 44.9503 0.0361528 -2.53587 37150.9 0.821146 -0.759193 -1.22193 1.0145 -0.00164881 -0.74894 -1.21563 1 0 0.0914408 0.0847285 -0.0227062 0.0914408 0.0847285 -0.0227062 0 0 0 -0.0368359 0.00597883 0.00318807 0.3 0.3
55 0 45.0002 12.2219 13.9576 38308 2.29391 1.02557 0.998138 0.982989 -0.00707042 0.978149 0.978149 1 0 -0.162443 -0.115817 0.0282719 -0.162443 -0.115817 0.0282719 0 0 0 0.0319745 -0.0370427 0.0135529 0.3 0.3
55 1 45.0002 -0.524243 -7.84789 35470.9 -0.0265237 -1.27979 -0.688348 0.992272 -0.00144357 -1.21149 -0.744804 1 0 0.197945 -0.0141262 0.0120892 0.197945 -0.0141262 0.0120892 0 0 0 0.0134228 0.0190429 0.00301515 0.3 0.3
55 2 45.0002 -0.0765352 -2.4492 37339.2 1.06075 -0.754163 -1.21731 1.0147 -0.00286825 -0.744804 -1.21149 1 0 0.0977802 0.0917498 -0.0215566 0.0977802 0.0917498 -0.0215566 0 0 0 -0.0323235 0.00468196 0.00566159 0.3 0.3
55 0 45.0502 12.4399 13.7482 38617.6 -0.329828 1.0216 0.994422 0.981789 -0.00453927 0.973581 0.973581 1 0 -0.172051 -0.125847 0.0314971 -0.172051 -0.125847 0.0314971 0 0 0 0.046128 -0.0497076 0.0079369 0.3 0.3
55 1 45.0502 -0.599975 -7.78075 35571.1 1.29808 -1.27492 -0.681203 0.991952 -0.0030861 -1.20693 -0.740236 1 0 0.206032 -0.00990813 0.0128665 0.206032 -0.00990813 0.0128665 0 0 0 0.0156249 0.0209198 0.00633618 0.3 0.3
55 2 45.0502 -0.0579168 -2.48647 37240.5 1.83876 -0.748644 -1.21227 1.01475 -0.00491541 -0.740236 -1.20693 1 0 0.104752 0.0995351 -0.0209044 0.104752 0.0995351 -0.0209044 0 0 0 -0.0333444 -0.00418793 0.00990208 0.3 0.3
55 0 45.1002 12.3028 13.7001 38269.4 -1.01958 1.01728 0.990082 0.980663 -0.00144753 0.968584 0.968584 1 0 -0.181751 -0.135507 0.0327009 -0.181751 -0.135507 0.0327009 0 0 0 0.0403183 -0.049898 0.00189031 0.3 0.3
55 1 45.1002 -0.625203 -7.77111 35352.9 1.76859 -1.26944 -0.673815 0.991777 -0.00497219 -1.20193 -0.735239 1 0 0.213694 -0.00549161 0.0123906 0.213694 -0.00549161 0.0123906 0 0 0 0.0163696 0.021337 0.01012 0.3 0.3
55 2 45.1002 -0.0101958 -2.41388 37434 1.69718 -0.74276 -1.20672 1.0145 -0.00610077 -0.735239 -1.20193 1 0 0.111756 0.107106 -0.0190613 0.111756 0.107106 -0.0190613 0 0 0 -0.0335504 -0.00330039 0.0122587 0.3 0.3
55 0 45.1502 12.3212 13.56 38179.5 -1.77729 1.01259 0.985091 0.979666 0.00189396 0.963165 0.963165 1 0 -0.191492 -0.144737 0.0334532 -0.191492 -0.144737 0.0334532 0 0 0 0.0406939 -0.0430511 -0.00466581 0.3 0.3
55 1 45.1502 -0.526668 -7.6318 35555.2 0.989674 -1.26357 -0.666045 0.991534 -0.00494043 -1.19651 -0.729819 1 0 0.221382 -0.00103681 0.0130623 0.221382 -0.00103681 0.0130623 0 0 0 0.0143825 0.0227601 0.0100455 0.3 0.3
55 2 45.1502 0.000490616 -2.37939 37276.9 2.11307 -0.736516 -1.20068 1.01415 -0.00755989 -0.729819 -1.19651 1 0 0.118649 0.114356 -0.0180546 0.118649 0.114356 -0.0180546 0 0 0 -0.0358985 -0.00549361 0.015221 0.3 0.3
55 0 45.2002 12.5447 13.6756 38468.6 2.05171 1.00696 0.979555 0.97853 -0.0022459 0.957325 0.957325 1 0 -0.200289 -0.153698 0.0357398 -0.200289 -0.153698 0.0357398 0 0 0 0.0342741 -0.0439237 0.00374062 0.3 0.3
55 1 45.2002 -0.636821 -7.61922 35502.5 1.18975 -1.2571 -0.658009 0.991297 -0.0052389 -1.19067 -0.72398 1 0 0.228413 0.00333545 0.0133638 0.228413 0.00333545 0.0133638 0 0 0 0.0193831 0.0192249 0.0106652 0.3 0.3
55 2 45.2002 0.0840983 -2.31336 37204.8 3.10031 -0.730016 -1.19413 1.01376 -0.0101668 -0.72398 -1.19067 1 0 0.125425 0.121047 -0.017345 0.125425 0.121047 -0.017345 0 0 0 -0.032124 -0.010839 0.020511 0.3 0.3
55 0 45.2502 12.3089 13.5412 37932.6 -1.71129 1.00111 0.973438 0.977773 0.00123787 0.951063 0.951063 1 0 -0.209415 -0.162368 0.0349052 -0.209415 -0.162368 0.0349052 0 0 0 0.0354182 -0.0404506 -0.00319314 0.3 0.3
55 1 45.2502 -0.589046 -7.58177 35548.9 2.2434 -1.25014 -0.649728 0.991027 -0.00717517 -1.18441 -0.717718 1 0 0.236621 0.00928763 0.0139205 0.236621 0.00928763 0.0139205 0 0 0 0.021126 0.0202877 0.0145663 0.3 0.3
55 2 45.2502 0.183676 -2.32548 37237.4 2.43095 -0.723333 -1.18718 1.01332 -0.0107831 -0.717718 -1.18441 1 0 0.134829 0.129992 -0.0164303 0.134829 0.129992 -0.0164303 0 0 0 -0.0333759 -0.0118293 0.0217673 0.3 0.3
55 0 45.3002 12.5959 13.4152 37864.2 -1.00814 0.994497 0.966674 0.977367 0.00234322 0.944386 0.944386 1 0 -0.217856 -0.170558 0.0337138 -0.217856 -0.170558 0.0337138 0 0 0 0.0354578 -0.045165 -0.00548932 0.3 0.3
55 1 45.3002 -0.384859 -7.66423 35375.6 1.08193 -1.24302 -0.641358 0.990882 -0.00655891 -1.17773 -0.71104 1 0 0.243665 0.0142089 0.0134908 0.243665 0.0142089 0.0134908 0 0 0 0.0196 0.0202038 0.0133172 0.3 0.3
55 2 45.3002 0.276789 -2.20558 37482.6 3.41486 -0.716474 -1.17967 1.01262 -0.0128915 -0.71104 -1.17773 1 0 0.14195 0.136006 -0.0141437 0.14195 0.136006 -0.0141437 0 0 0 -0.0350526 -0.00610696 0.0258948 0.3 0.3
55 0 45.3503 12.369 13.4483 37882.6 0.071028 0.987556 0.959376 0.977244 0.0013327 0.93728 0.93728 1 0 -0.226428 -0.178522 0.0324773 -0.226428 -0.178522 0.0324773 0 0 0 0.0309747 -0.0486642 -0.00342039 0.3 0.3
55 1 45.3503 -0.597661 -7.63004 35546 2.42084 -1.23521 -0.632777 0.990686 -0.00837689 -1.17062 -0.703935 1 0 0.250729 0.0199654 0.0140202 0.250729 0.0199654 0.0140202 0 0 0 0.0248551 0.0158775 0.0169531 0.3 0.3
55 2 45.3503 0.418687 -2.23284 37387.8 3.99615 -0.709487 -1.17176 1.01179 -0.015231 -0.703935 -1.17062 1 0 0.150311 0.142794 -0.0124074 0.150311 0.142794 -0.0124074 0 0 0 -0.0352789 -0.00700128 0.0305916 0.3 0.3
55 0 45.4002 12.575 13.7497 38049.4 -0.589362 0.979932 0.95206 0.977217 0.00204078 0.929777 0.929777 1 0 -0.23445 -0.187069 0.0320277 -0.23445 -0.187069 0.0320277 0 0 0 0.0125448 -0.0261334 -0.00424593 0.3 0.3
55 1 45.4002 -0.480584 -7.74564 35314.4 2.02187 -1.22704 -0.624187 0.990662 -0.00886248 -1.16312 -0.696432 1 0 0.257276 0.0258017 0.013188 0.257276 0.0258017 0.013188 0 0 0 0.0283761 0.0223988 0.0180459 0.3 0.3
55 2 45.4002 0.366238 -2.15817 37434.9 3.52483 -0.702156 -1.16338 1.01083 -0.0159967 -0.696432 -1.16312 1 0 0.157961 0.148666 -0.0103453 0.157961 0.148666 -0.0103453 0 0 0 -0.0351302 -0.00868088 0.0321525 0.3 0.3
55 0 45.4502 12.4084 13.6216 38240.5 -0.680446 0.972002 0.944297 0.977121 0.00238564 0.921865 0.921865 1 0 -0.242602 -0.195503 0.0325109 -0.242602 -0.195503 0.0325109 0 0 0 0.0191736 -0.0339072 -0.0050973 0.3 0.3
55 1 45.4502 -0.378026 -7.83997 35499.1 1.95138 -1.21859 -0.6156 0.99061 -0.00913031 -1.15521 -0.68852 1 0 0.265633 0.0339209 0.0134078 0.265633 0.0339209 0.0134078 0 0 0 0.0282232 0.0191085 0.0185332 0.3 0.3
55 2 45.4502 0.527021 -2.08335 37570.5 4.22323 -0.694653 -1.15452 1.00965 -0.0177032 -0.68852 -1.15521 1 0 0.168659 0.157063 -0.00756555 0.168659 0.157063 -0.00756555 0 0 0 -0.0371434 -0.00425669 0.0354935 0.3 0.3
55 0 45.5003 12.68 13.5108 38314.2 -0.916115 0.963303 0.93597 0.976918 0.00305953 0.913542 0.913542 1 0 -0.250048 -0.203582 0.0333268 -0.250048 -0.203582 0.0333268 0 0 0 0.0178793 -0.037169 -0.0064527 0.3 0.3
55 1 45.5003 -0.496054 -7.97989 35334.6 0.807438 -1.20964 -0.607068 0.99069 -0.0073277 -1.14689 -0.680197 1 0 0.272193 0.0411986 0.0126366 0.272193 0.0411986 0.0126366 0 0 0 0.0265206 0.0292208 0.0150459 0.3 0.3
55 2 45.5003 0.589516 -2.02137 37702.6 3.04308 -0.686921 -1.14517 1.00817 -0.0168607 -0.680197 -1.14689 1 0 0.177042 0.162695 -0.00404854 0.177042 0.162695 -0.00404854 0 0 0 -0.0371898 -0.00414322 0.033806 0.3 0.3
55 0 45.5502 12.5581 13.8286 38170.8 -1.91811 0.954313 0.927698 0.97676 0.0051329 0.904834 0.904834 1 0 -0.25759 -0.212345 0.0333272 -0.25759 -0.212345 0.0333272 0 0 0 0.0216226 -0.0391853 -0.0106921 0.3 0.3
55 1 45.5502 -0.459072 -8.14939 35693.3 2.19504 -1.20027 -0.598661 0.990559 -0.00848102 -1.13818 -0.671489 1 0 0.279029 0.0496626 0.0138739 0.279029 0.0496626 0.0138739 0 0 0 0.0295149 0.0257855 0.0173461 0.3 0.3
55 2 45.5502 0.69276 -1.94212 37509.7 3.81876 -0.678999 -1.13534 1.00664 -0.0175948 -0.671489 -1.13818 1 0 0.1862 0.168614 -0.0016166 0.1862 0.168614 -0.0016166 0 0 0 -0.036726 -0.00372844 0.0352659 0.3 0.3
55 0 45.6003 12.3011 13.9886 37739.6 -0.0409968 0.945206 0.919315 0.977009 0.00359591 0.895709 0.895709 1 0 -0.265557 -0.221544 0.0309447 -0.265557 -0.221544 0.0309447 0 0 0 0.00521855 -0.0262178 -0.00726089 0.3 0.3
55 1 45.6003 -0.545044 -8.41949 35271.3 -0.52399 -1.19042 -0.590496 0.990643 -0.00468683 -1.12905 -0.662364 1 0 0.28551 0.0590085 0.0126794 0.28551 0.0590085 0.0126794 0 0 0 0.0274743 0.0312019 0.00980441 0.3 0.3
55 2 45.6003 0.725065 -1.87236 37510.4 1.89872 -0.670776 -1.12501 1.00505 -0.0148992 -0.662364 -1.12905 1 0 0.195409 0.174226 0.000863838 0.195409 0.174226 0.000863838 0 0 0 -0.0365443 -0.00114296 0.0298254 0.3 0.3
55 0 45.6502 12.6329 13.8607 38064.7 -2.5199 0.935461 0.910574 0.977289 0.00645787 0.886205 0.886205 1 0 -0.273027 -0.230719 0.0303948 -0.273027 -0.230719 0.0303948 0 0 0 0.0161137 -0.0395557 -0.0132375 0.3 0.3
55 1 45.6502 -0.529247 -8.59132 35630.8 2.81041 -1.18011 -0.582487 0.990568 -0.00773359 -1.11955 -0.65286 1 0 0.29232 0.0697404 0.0135778 0.29232 0.0697404 0.0135778 0 0 0 0.0305193 0.0281548 0.0159004 0.3 0.3
55 2 45.6502 0.779162 -1.80192 37668 2.30866 -0.662264 -1.11421 1.00329 -0.0138186 -0.65286 -1.11955 1 0 0.20537 0.18031 0.004157 0.20537 0.18031 0.004157 0 0 0 -0.036856 0.00335524 0.0275809 0.3 0.3
55 0 45.7002 12.5712 14.236 38009.5 -0.127778 0.925217 0.901868 0.977666 0.00452167 0.876308 0.876308 1 0 -0.280202 -0.240509 0.0293839 -0.280202 -0.240509 0.0293839 0 0 0 0.00968709 -0.0404203 -0.00924112 0.3 0.3
55 1 45.7002 -0.745369 -8.80035 35498.7 0.46769 -1.16908 -0.574625 0.990499 -0.00587798 -1.10965 -0.642963 1 0 0.297161 0.0799608 0.0136438 0.297161 0.0799608 0.0136438 0 0 0 0.0263187 0.0289552 0.0121394 0.3 0.3
55 2 45.7002 0.725287 -1.73621 37527.3 0.80622 -0.653301 -1.10294 1.00153 -0.0105331 -0.642963 -1.10965 1 0 0.21308 0.184088 0.0066087 0.21308 0.184088 0.0066087 0 0 0 -0.0353392 0.00244238 0.0210268 0.3 0.3
55 0 45.7502 11.6768 15.0495 38226 -1.71299 0.915849 0.894066 0.977932 0.00579243 0.866032 0.866032 1 0 -0.28948 -0.252449 0.0295621 -0.28948 -0.252449 0.0295621 0 0 0 0.0141631 -0.0386955 -0.0118614 0.3 0.3
55 1 45.7502 0.186793 -9.59779 35441.2 1.20617 -1.15886 -0.567682 0.990479 -0.00585532 -1.09938 -0.632687 1 0 0.307016 0.095393 0.0134327 0.307016 0.095393 0.0134327 0 0 0 0.0280642 0.0285461 0.0121137 0.3 0.3
55 2 45.7502 1.51915 -2.4859 37306.9 0.950925 -0.644959 -1.0924 0.999994 -0.00870237 -0.632687 -1.09938 1 0 0.227541 0.194812 0.00777229 0.227541 0.194812 0.00777229 0 0 0 -0.0332319 0.0109324 0.0172259 0.3 0.3
55 0 45.8002 13.2658 13.904 37748.2 0.334468 0.904177 0.884616 0.978536 0.00329065 0.855368 0.855368 1 0 -0.295345 -0.262092 0.0270295 -0.295345 -0.262092 0.0270295 0 0 0 0.0102188 -0.0406114 -0.00679029 0.3 0.3
55 1 45.8002 -1.95491 -8.58941 35415.6 1.88777 -1.14566 -0.559386 0.990519 -0.00696094 -1.08871 -0.622023 1 0 0.309259 0.105975 0.0130759 0.309259 0.105975 0.0130759 0 0 0 0.0278078 0.0319707 0.0143697 0.3 0.3
55 2 45.8002 -0.17251 -0.436262 37904 -0.663959 -0.634257 -1.07901 0.998085 -0.00468289 -0.622023 -1.08871 1 0 0.233228 0.19594 0.0122152 0.233228 0.19594 0.0122152 0 0 0 -0.0326817 0.00626045 0.00926481 0.3 0.3
55 0 45.8503 12.0144 15.2473 38247.2 0.92994 0.89305 0.876029 0.978957 0.000601089 0.844323 0.844323 1 0 -0.302728 -0.273792 0.0273576 -0.302728 -0.273792 0.0273576 0 0 0 0.0102928 -0.0427131 -0.00142232 0.3 0.3
55 1 45.8503 -0.608183 -9.75404 35453.6 1.01865 -1.13301 -0.551961 0.990575 -0.00627635 -1.07767 -0.610978 1 0 0.313855 0.119444 0.0129128 0.313855 0.119444 0.0129128 0 0 0 0.0241169 0.0347058 0.0129742 0.3 0.3
55 2 45.8503 0.922455 -1.92465 37483 -0.215517 -0.623914 -1.06652 0.996298 -0.00282676 -0.610978 -1.07767 1 0 0.241779 0.20083 0.0141047 0.241779 0.20083 0.0141047 0 0 0 -0.0349595 0.0115116 0.00545324 0.3 0.3
55 0 45.9002 11.0531 15.8732 37886.1 0.162761 0.88215 0.867437 0.979669 -0.00180684 0.832923 0.832923 1 0 -0.312725 -0.287394 0.0255442 -0.312725 -0.287394 0.0255442 0 0 0 0.0085063 -0.0386964 0.00344979 0.3 0.3
55 1 45.9002 -0.00538467 -10.3271 35717.2 0.105539 -1.11976 -0.544524 0.99047 -0.00432017 -1.06627 -0.599578 1 0 0.320091 0.134484 0.0141931 0.320091 0.134484 0.0141931 0 0 0 0.020732 0.0336555 0.00899098 0.3 0.3
55 2 45.9002 0.649566 -1.54024 37567.8 0.244247 -0.613025 -1.05362 0.994521 -0.00227638 -0.599578 -1.06627 1 0 0.249009 0.204646 0.0165121 0.249009 0.204646 0.0165121 0 0 0 -0.0235319 0.00909433 0.00444612 0.3 0.3
55 0 45.9502 13.3032 14.6993 38055.4 1.95385 0.870234 0.858738 0.980169 -0.00333749 0.821154 0.821154 1 0 -0.318088 -0.298545 0.0247632 -0.318088 -0.298545 0.0247632 0 0 0 0.0196418 -0.0453018 0.00623204 0.3 0.3
55 1 45.9502 -2.5288 -9.3093 35305.9 0.950998 -1.10608 -0.537259 0.990461 -0.00440346 -1.0545 -0.587808 1 0 0.323028 0.149403 0.0131416 0.323028 0.149403 0.0131416 0 0 0 0.0197333 0.0359267 0.00916333 0.3 0.3
55 2 45.9502 0.677381 -1.53073 37576 -1.43535 -0.601724 -1.04046 0.99279 0.000827539 -0.587808 -1.0545 1 0 0.259629 0.212098 0.018807 0.259629 0.212098 0.018807 0 0 0 -0.0286638 0.00914386 -0.00178632 0.3 0.3
55 0 46.0003 11.4306 15.9159 37714.1 2.94373 0.858651 0.850117 0.981065 -0.00710909 0.809014 0.809014 1 0 -0.326227 -0.311719 0.0220309 -0.319976 -0.304741 0.0220309 0 0 0 0.0116729 -0.0433218 0.013969 0.3 0.3
55 1 46.0003 -0.832227 -10.4709 35760.1 1.24091 -1.09181 -0.529909 0.99025 -0.00497362 -1.04236 -0.575668 1 0 0.326036 0.164171 0.0147059 0.326036 0.164171 0.0147059 0 0 0 0.0233696 0.0254232 0.0102459 0.3 0.3
55 2 46.0003 0.570613 -1.61187 37451.8 -1.07593 -0.58986 -1.02713 0.991191 0.00228435 -0.575668 -1.04236 1 0 0.266008 0.216002 0.0203224 0.266008 0.216002 0.0203224 0 0 0 -0.0302664 0.0139112 -0.00477989 0.3 0.3
55 0 46.0502 12.3119 15.509 38063.8 -0.102405 0.846451 0.841414 0.981878 -0.00469197 0.796531 0.796531 1 0 -0.333814 -0.32525 0.0213043 -0.31834 -0.305094 0.0213043 0 0 0 0.0194592 -0.0426092 0.0089719 0.3 0.3
55 1 46.0502 -1.30003 -10.6173 35394 0.264454 -1.07706 -0.522647 0.990176 -0.00369349 -1.02988 -0.563186 1 0 0.329123 0.180003 0.014124 0.329123 0.180003 0.014124 0 0 0 0.0266627 0.0242454 0.00771145 0.3 0.3
55 2 46.0502 0.526846 -1.51101 37665.7 -2.23884 -0.577496 -1.01349 0.989533 0.00525622 -0.563186 -1.02988 1 0 0.273104 0.22092 0.0229374 0.273104 0.22092 0.0229374 0 0 0 -0.0198856 0.0141036 -0.0106535 0.3 0.3
55 0 46.1003 12.4065 15.4307 37808.5 1.40387 0.833864 0.832453 0.982863 -0.00556149 0.783694 0.783694 1 0 -0.341233 -0.338834 0.0190679 -0.316085 -0.305879 0.0190679 0 0 0 0.0230238 -0.0402098 0.0106631 0.3 0.3
55 1 46.1003 -1.51021 -10.6835 35422.6 -0.581989 -1.06176 -0.515158 0.99017 -0.00147347 -1.01704 -0.550348 1 0 0.3312 0.195358 0.0137887 0.3312 0.195358 0.0137887 0 0 0 0.0124306 0.0387317 0.00318831 0.3 0.3
55 2 46.1003 0.259067 -1.63993 37135.7 -3.03362 -0.564324 -0.99975 0.988309 0.00860368 -0.550348 -1.01704 1 0 0.277938 0.224789 0.0224392 0.277938 0.224789 0.0224392 0 0 0 -0.0257284 0.00320372 -0.0172502 0.3 0.3
55 0 46.1502 12.1344 15.4519 37658.8 0.982581 0.821513 0.82337 0.984099 -0.00537556 0.770518 0.770518 1 0 -0.349543 -0.3527 0.0160751 -0.314299 -0.306247 0.0160751 0 0 0 0.0215244 -0.0342725 0.0103845 0.3 0.3
55 1 46.1502 -1.45586 -11.045 35419.9 -0.408825 -1.04626 -0.507646 0.990227 -0.000299113 -1.00386 -0.537173 1 0 0.335757 0.213494 0.0133978 0.335757 0.213494 0.0133978 0 0 0 0.0136122 0.025616 0.000772647 0.3 0.3
55 2 46.1502 0.556189 -1.55496 37310.9 -3.34733 -0.551057 -0.985721 0.987296 0.0112359 -0.537173 -1.00386 1 0 0.288539 0.234093 0.022902 0.288539 0.234093 0.022902 0 0 0 -0.0252831 0.011329 -0.0226176 0.3 0.3
55 0 46.2002 12.3934 15.2994 37602.5 -1.98714 0.809083 0.814113 0.985581 -0.000466253 0.757 0.757 1 0 -0.358128 -0.366678 0.0127816 -0.312699 -0.306423 0.0127816 0 0 0 0.032121 -0.0399094 0.000291708 0.3 0.3
55 1 46.2002 -1.6812 -11.0828 35600.6 -0.0329985 -1.03021 -0.499788 0.99018 -0.000123903 -0.990346 -0.523655 1 0 0.337173 0.228829 0.0139821 0.337173 0.228829 0.0139821 0 0 0 0.00918567 0.0341477 0.000404697 0.3 0.3
55 2 46.2002 0.289881 -1.60825 37152.8 -2.02876 -0.537147 -0.971502 0.986594 0.0108748 -0.523655 -0.990346 1 0 0.292337 0.237367 0.0222741 0.292337 0.237367 0.0222741 0 0 0 -0.0253217 0.0069546 -0.0218399 0.3 0.3
55 0 46.2502 12.4597 15.2389 37552.1 0.507216 0.796495 0.804604 0.987298 -0.00108507 0.74315 0.74315 1 0 -0.366962 -0.380748 0.00919872 -0.311281 -0.306402 0.00919872 0 0 0 0.0183789 -0.0310619 0.00188502 0.3 0.3
55 1 46.2502 -1.88053 -11.2755 35504.6 -0.970724 -1.01362 -0.491626 0.990143 0.00145442 -0.976495 -0.509804 1 0 0.339358 0.245338 0.0139855 0.339358 0.245338 0.0139855 0 0 0 -0.0029935 0.0385964 -0.00296716 0.3 0.3
55 2 46.2502 0.318782 -1.56965 37164.2 -3.11509 -0.522843 -0.95701 0.986151 0.0124498 -0.509804 -0.976495 1 0 0.29821 0.242921 0.0216037 0.29821 0.242921 0.0216037 0 0 0 -0.0232724 0.00379938 -0.0249462 0.3 0.3
55 0 46.3002 11.4885 15.7619 37878.6 -1.03585 0.784108 0.794859 0.98906 0.00089253 0.728974 0.728974 1 0 -0.378633 -0.396441 0.00743433 -0.311006 -0.30559 0.00743433 0 0 0 0.0234692 -0.035867 -0.00220642 0.3 0.3
55 1 46.3002 -1.56164 -11.5599 35795.4 0.0312159 -0.997135 -0.483336 0.989853 0.000977926 -0.962319 -0.495629 1 0 0.340254 0.26017 0.0156463 0.340254 0.26017 0.0156463 0 0 0 0.0105648 0.0168234 -0.00186708 0.3 0.3
55 2 46.3002 0.321732 -1.71595 37131.4 -2.05791 -0.508187 -0.942472 0.98596 0.0117332 -0.495629 -0.962319 1 0 0.300087 0.244997 0.0205918 0.300087 0.244997 0.0205918 0 0 0 -0.021254 0.000442536 -0.023473 0.3 0.3
55 0 46.3503 12.7658 14.8435 37726.5 0.440863 0.772859 0.785903 0.990591 -0.000168259 0.714467 0.714467 1 0 -0.388507 -0.410682 0.00479304 -0.31033 -0.304918 0.00479304 0 0 0 0.0217187 -0.0316723 -7.40381e-06 0.3 0.3
55 1 46.3503 -1.12197 -11.8574 35371.9 0.30717 -0.981885 -0.475353 0.989745 0.000121928 -0.947812 -0.481122 1 0 0.349054 0.281324 0.0148976 0.335217 0.271378 0.0148976 0 0 0 0.00109051 0.0207742 -0.000232542 0.3 0.3
55 2 46.3503 1.47894 -2.74559 37175.2 -2.10907 -0.494837 -0.929138 0.985945 0.0113728 -0.481122 -0.947812 1 0 0.316916 0.261854 0.0197537 0.316916 0.261854 0.0197537 0 0 0 -0.0210166 -0.00550254 -0.0226895 0.3 0.3
55 0 46.4003 13.1199 14.3124 37471.7 -1.94296 0.759388 0.774764 0.992516 0.00305369 0.699662 0.699662 1 0 -0.397032 -0.42317 0.000851756 -0.309667 -0.304057 0.000851756 0 0 0 0.0217815 -0.0343094 -0.00648235 0.3 0.3
55 1 46.4003 -3.98135 -10.5634 35579.5 -1.35635 -0.96292 -0.465242 0.989583 0.00234421 -0.933007 -0.466316 1 0 0.346396 0.293717 0.0153956 0.327396 0.280038 0.0153956 0 0 0 0.00120155 0.0190493 -0.00467719 0.3 0.3
55 2 46.4003 -0.951934 -0.276467 37281.5 -0.679484 -0.478338 -0.912747 0.985991 0.00869183 -0.466316 -0.933007 1 0 0.316185 0.261306 0.0193865 0.316185 0.261306 0.0193865 0 0 0 -0.0237022 0.000396347 -0.0173898 0.3 0.3
55 0 46.4502 12.1171 15.0824 37687.9 -0.570172 0.746952 0.764191 0.994431 0.00292422 0.684553 0.684553 1 0 -0.40772 -0.437027 -0.00178534 -0.309276 -0.303037 -0.00178534 0 0 0 0.0206111 -0.0361461 -0.00622228 0.3 0.3
55 1 46.4502 -2.2784 -11.5189 35344.3 0.420296 -0.945168 -0.455423 0.989595 0.000838447 -0.917899 -0.451208 1 0 0.348084 0.30889 0.0145058 0.319767 0.288481 0.0145058 0 0 0 -0.00357035 0.0230441 -0.00171815 0.3 0.3
55 2 46.4502 1.02086 -2.05822 37336.7 0.526482 -0.463282 -0.897523 0.986048 0.00487232 -0.451208 -0.917899 1 0 0.32218 0.267017 0.0192487 0.32218 0.267017 0.0192487 0 0 0 -0.0246661 0.00757249 -0.00983888 0.3 0.3
55 0 46.5002 11.5103 15.532 37857.7 -3.56681 0.734707 0.753636 0.99642 0.00788735 0.669136 0.669136 1 0 -0.421526 -0.452956 -0.00347706 -0.308129 -0.302655 -0.00347706 0 0 0 0.016534 -0.0328532 -0.0160492 0.3 0.3
55 1 46.5002 -2.46801 -11.4233 35722.3 -0.47208 -0.927657 -0.445253 0.989411 0.00135939 -0.902481 -0.43579 1 0 0.349925 0.323211 0.0157439 0.312566 0.296269 0.0157439 0 0 0 -0.000379463 0.0121062 -0.00272113 0.3 0.3
55 2 46.5002 0.505355 -1.86471 37158.3 1.2694 -0.447771 -0.882254 0.986276 0.00114171 -0.43579 -0.902481 1 0 0.327025 0.272273 0.0180767 0.327025 0.272273 0.0180767 0 0 0 -0.0170897 0.00241354 -0.00230414 0.3 0.3
55 0 46.5502 12.9593 14.451 37309.5 -0.229579 0.722441 0.742675 0.998601 0.00552064 0.653426 0.653426 1 0 -0.433057 -0.467127 -0.0081474 -0.306781 -0.302217 -0.0081474 0 0 0 0.0210665 -0.039871 -0.0114642 0.3 0.3
55 1 46.5502 -3.01347 -11.3502 34970.5 -1.2256 -0.909764 -0.434627 0.989744 0.0028728 -0.886771 -0.420081 1 0 0.352535 0.338176 0.0126962 0.305264 0.30408 0.0126962 0 0 0 -0.0118768 0.0255278 -0.00589778 0.3 0.3
55 2 46.5502 0.635364 -1.74916 36854.2 1.19625 -0.432136 -0.866699 0.986898 -0.00125852 -0.420081 -0.886771 1 0 0.334259 0.279642 0.0152301 0.334259 0.279642 0.0152301 0 0 0 -0.0255248 0.00570097 0.0024445 0.3 0.3
55 0 46.6002 12.6025 14.558 37298.2 -3.80541 0.710094 0.731648 1.00079 0.0099591 0.637426 0.637426 1 0 -0.445069 -0.481198 -0.0126818 -0.305493 -0.301652 -0.0126818 0 0 0 0.0227804 -0.0366559 -0.0203408 0.3 0.3
55 1 46.6002 -2.51075 -11.3784 35621.1 1.03344 -0.89246 -0.42357 0.989895 0.000190521 -0.870771 -0.404081 1 0 0.354872 0.351133 0.0133955 0.298791 0.310707 0.0133955 0 0 0 -0.0094552 0.0174371 -0.000463499 0.3 0.3
55 2 46.6002 0.428841 -1.66863 37163.1 2.19213 -0.416079 -0.850935 0.987567 -0.00455489 -0.404081 -0.870771 1 0 0.337621 0.283503 0.014084 0.335323 0.280274 0.014084 0 0 0 -0.0251483 0.0102713 0.00898149 0.3 0.3
55 0 46.6502 12.7385 14.5661 37517.2 -2.98326 0.697727 0.720361 1.00325 0.0115788 0.621153 0.621153 1 0 -0.457267 -0.495527 -0.0159692 -0.304162 -0.30104 -0.0159692 0 0 0 0.0187559 -0.0357812 -0.0234984 0.3 0.3
55 1 46.6502 -3.30463 -11.3259 35161.5 -1.85152 -0.874717 -0.412139 0.990331 0.00315802 -0.854498 -0.387807 1 0 0.360715 0.367705 0.0113433 0.291739 0.318028 0.0113433 0 0 0 -0.0111085 0.0242038 -0.00645106 0.3 0.3
55 2 46.6502 0.230042 -1.32837 37011.8 1.23144 -0.399806 -0.835002 0.988406 -0.00509143 -0.387807 -0.854498 1 0 0.347517 0.293976 0.0119998 0.336358 0.278161 0.0119998 0 0 0 -0.0258203 0.00771322 0.0100842 0.3 0.3
55 0 46.7002 13.5015 13.7387 37364.9 -4.00909 0.685431 0.709124 1.00548 0.014312 0.604616 0.604616 1 0 -0.467749 -0.508027 -0.0200783 -0.302812 -0.300285 -0.0200783 0 0 0 0.0210693 -0.0372673 -0.0290242 0.3 0.3
55 1 46.7002 -2.9846 -11.3024 35136 0.669643 -0.857212 -0.400215 0.991003 0.000989183 -0.837961 -0.37127 1 0 0.363437 0.379916 0.00923287 0.285647 0.323976 0.00923287 0 0 0 -0.00818753 0.023166 -0.00207336 0.3 0.3
55 2 46.7002 0.322121 -1.17438 37333 0.324657 -0.383357 -0.818563 0.989112 -0.0039226 -0.37127 -0.837961 1 0 0.35137 0.297845 0.0117062 0.336509 0.276603 0.0117062 0 0 0 -0.0235927 0.00324528 0.00780748 0.3 0.3
55 0 46.7503 11.496 15.639 38044.8 -2.9134 0.673199 0.697831 1.00759 0.0144835 0.58777 0.58777 1 0 -0.483127 -0.524767 -0.0202685 -0.301524 -0.299542 -0.0202685 0 0 0 0.00621049 -0.0288687 -0.0290609 0.3 0.3
55 1 46.7503 -2.87631 -11.3774 35502.9 0.468381 -0.840029 -0.38795 0.991549 -9.09062e-05 -0.821115 -0.354424 1 0 0.367412 0.392253 0.00910718 0.279882 0.329448 0.00910718 0 0 0 0.000456587 0.0163837 0.000185559 0.3 0.3
55 2 46.7503 0.29561 -1.35613 37309 -0.997923 -0.36672 -0.802165 0.989743 -0.00093843 -0.354424 -0.821115 1 0 0.355847 0.302729 0.0112227 0.336638 0.275022 0.0112227 0 0 0 -0.0218751 0.0016248 0.0018592 0.3 0.3
55 0 46.8003 12.9902 14.1311 37568.8 -3.82792 0.661127 0.68651 1.00952 0.01278 0.570711 0.570711 1 0 -0.496781 -0.53963 -0.0230897 -0.300223 -0.298669 -0.0230897 0 0 0 0.0089058 -0.0300923 -0.0256979 0.3 0.3
55 1 46.8003 -3.15919 -11.3925 35387 0.232462 -0.822714 -0.375372 0.992112 -0.000447651 -0.804057 -0.337366 1 0 0.370579 0.403471 0.00824601 0.274316 0.334583 0.00824601 0 0 0 0.000783596 0.0185162 0.000902596 0.3 0.3
55 2 46.8003 0.193205 -1.24726 37284.8 -1.53793 -0.349819 -0.785607 0.990324 0.00195338 -0.337366 -0.804057 1 0 0.358783 0.306248 0.0106651 0.336392 0.273643 0.0106651 0 0 0 -0.0180864 0.00324366 -0.00393627 0.3 0.3
55 0 46.8502 12.9082 14.5263 37543 -3.33135 0.649018 0.675415 1.01153 0.0160858 0.553397 0.553397 1 0 -0.510439 -0.555136 -0.0257531 -0.298819 -0.297796 -0.0257531 0 0 0 0.0163769 -0.0424859 -0.0325292 0.3 0.3
55 1 46.8502 -3.38449 -11.427 35723.8 -1.53275 -0.805591 -0.362698 0.99238 0.00221652 -0.786742 -0.320052 1 0 0.380464 0.420921 0.00931583 0.268023 0.340675 0.00931583 0 0 0 -0.00251402 0.0215532 -0.0044604 0.3 0.3
55 2 46.8502 -0.148726 -0.917079 37019 -2.78168 -0.332637 -0.769059 0.99107 0.00591732 -0.320052 -0.786742 1 0 0.371494 0.320038 0.00871596 0.338109 0.270913 0.00871596 0 0 0 -0.0182706 -0.00421263 -0.0117967 0.3 0.3
55 0 46.9003 12.4511 14.7419 37480.1 -2.67488 0.637196 0.664447 1.01367 0.0162448 0.535825 0.535825 1 0 -0.525138 -0.571262 -0.0286416 -0.297429 -0.296867 -0.0286416 0 0 0 0.00755139 -0.0325993 -0.0326187 0.3 0.3
55 1 46.9003 -3.18021 -11.4805 35849.6 1.74157 -0.78856 -0.349695 0.992315 -0.00140727 -0.769171 -0.30248 1 0 0.383612 0.430916 0.0110804 0.262927 0.345073 0.0110804 0 0 0 0.00328515 0.0151303 0.00283949 0.3 0.3
55 2 46.9003 0.0782308 -1.2282 36954.7 -3.60476 -0.315309 -0.752519 0.992018 0.00998719 -0.30248 -0.769171 1 0 0.372532 0.322415 0.00644732 0.337238 0.269912 0.00644732 0 0 0 -0.0166016 -0.0102837 -0.0198903 0.3 0.3
55 0 46.9502 12.8101 14.7483 37129.9 -4.48002 0.625068 0.653775 1.01589 0.0174847 0.518032 0.518032 1 0 -0.539752 -0.588043 -0.0333502 -0.295924 -0.295958 -0.0333502 0 0 0 0.0154882 -0.045334 -0.0353324 0.3 0.3
55 1 46.9502 -3.3298 -11.6161 35667.2 1.24228 -0.771564 -0.336629 0.992138 -0.00300484 -0.751377 -0.284687 1 0 0.389558 0.443541 0.0118953 0.257457 0.349863 0.0118953 0 0 0 0.00417562 0.012414 0.00603574 0.3 0.3
55 2 46.9502 0.0641197 -1.14643 36896.7 -3.51613 -0.297984 -0.736064 0.993163 0.012512 -0.284687 -0.751377 1 0 0.377632 0.328994 0.00385355 0.337309 0.268279 0.00385355 0 0 0 -0.0170403 -0.00466363 -0.024986 0.3 0.3
55 0 47.0002 12.5467 14.8514 37375.5 -0.684883 0.613407 0.643228 1.0182 0.0128294 0.500001 0.500001 1 0 -0.5548 -0.60516 -0.0365397 -0.294369 -0.29501 -0.0365397 0 0 0 0.00745365 -0.0392346 -0.0258108 0.3 0.3
55 1 47.0002 -3.20163 -11.6417 35551 0.498712 -0.754844 -0.323359 0.991954 -0.00283038 -0.733347 -0.266656 1 0 0.394658 0.454505 0.0121754 0.252443 0.35404 0.0121754 0 0 0 0.00487616 0.00949282 0.00568398 0.3 0.3
55 2 47.0002 -0.062949 -1.18468 37133.1 -4.26474 -0.280353 -0.719599 0.994267 0.0154762 -0.266656 -0.733347 1 0 0.379871 0.333216 0.00256117 0.336547 0.267155 0.00256117 0 0 0 -0.0141523 -0.00385496 -0.0309272 0.3 0.3
55 0 47.0502 12.5814 14.4805 37415.2 -1.59013 0.601551 0.633012 1.02019 0.0111789 0.481758 0.481758 1 0 -0.568115 -0.621598 -0.0394842 -0.292645 -0.294048 -0.0394842 0 0 0 0.00916888 -0.0340271 -0.0225178 0.3 0.3
55 1 47.0502 -3.67653 -11.6637 35245.8 -1.37232 -0.738114 -0.310063 0.992026 0.000384903 -0.715103 -0.248413 1 0 0.405722 0.471411 0.0108055 0.246531 0.359346 0.0108055 0 0 0 0.00633713 0.0108659 -0.000735392 0.3 0.3
55 2 47.0502 -0.263325 -0.808863 37322.4 -4.20809 -0.262642 -0.70318 0.995152 0.0173069 -0.248413 -0.715103 1 0 0.392558 0.348099 0.00230598 0.33839 0.264346 0.00230598 0 0 0 -0.00577306 -0.00381876 -0.0346047 0.3 0.3
55 0 47.1002 12.5987 16.1779 38077.2 -2.70841 0.589718 0.623082 1.02197 0.0119112 0.463299 0.463299 1 0 -0.585573 -0.642165 -0.0386241 -0.290918 -0.293236 -0.0386241 0 0 0 0.00998826 -0.0423767 -0.0240402 0.3 0.3
55 1 47.1002 -3.1254 -11.7841 35156.4 1.22091 -0.722052 -0.296657 0.992371 -0.00178753 -0.696644 -0.229954 1 0 0.412016 0.482218 0.00895449 0.241855 0.36291 0.00895449 0 0 0 0.00987917 0.00105807 0.00358034 0.3 0.3
55 2 47.1002 -0.213602 -1.34427 36909.2 -6.07757 -0.244712 -0.687199 0.996246 0.0216702 -0.229954 -0.696644 1 0 0.394109 0.352963 -0.000213368 0.337183 0.263573 -0.000213368 0 0 0 -0.00561317 -0.00552338 -0.0433287 0.3 0.3
55 0 47.1503 12.5247 15.0711 37531 -1.53965 0.577837 0.613537 1.02352 0.00861587 0.444628 0.444628 1 0 -0.601345 -0.661639 -0.0407435 -0.289019 -0.29243 -0.0407435 0 0 0 0.0098452 -0.0346108 -0.0174051 0.3 0.3
55 1 47.1503 -2.78629 -12.4868 35318.9 -2.31005 -0.705636 -0.282933 0.992888 0.00266446 -0.677973 -0.211283 1 0 0.422228 0.4965 0.00795045 0.236906 0.367013 0.00795045 0 0 0 0.00141935 0.00372031 -0.0053263 0.3 0.3
55 2 47.1503 -0.309139 -1.26652 37094.1 -5.26747 -0.226588 -0.671412 0.997313 0.0232327 -0.211283 -0.677973 1 0 0.398111 0.360938 -0.00155888 0.33649 0.262508 -0.00155888 0 0 0 -0.0057572 -0.00734926 -0.046449 0.3 0.3
55 0 47.2003 13.4429 14.667 37471.9 -1.52297 0.565901 0.604061 1.02498 0.00941087 0.425771 0.425771 1 0 -0.614875 -0.679747 -0.0428537 -0.286818 -0.291556 -0.0428537 0 0 0 0.0190961 -0.0367638 -0.0191771 0.3 0.3
55 1 47.2003 -4.71663 -10.572 35270.4 0.934187 -0.689895 -0.269036 0.993347 0.000218373 -0.659116 -0.192425 1 0 0.427414 0.505328 0.00658405 0.232439 0.369771 0.00658405 0 0 0 0.00442265 0.00934494 -0.000416087 0.3 0.3
55 2 47.2003 -0.27191 -1.37634 37058.7 -6.19009 -0.208434 -0.655908 0.998394 0.0258275 -0.192425 -0.659116 1 0 0.401539 0.368871 -0.00312188 0.335599 0.261577 -0.00312188 0 0 0 -0.0043862 -0.0141048 -0.0516312 0.3 0.3
55 0 47.2502 12.2207 15.9088 37357.1 -1.40316 0.554015 0.59497 1.02662 0.00867877 0.406742 0.406742 1 0 -0.630832 -0.700456 -0.0454662 -0.284604 -0.29089 -0.0454662 0 0 0 0.00709878 -0.0302916 -0.0174674 0.3 0.3
55 1 47.2502 -3.31046 -11.9509 35449.7 1.27043 -0.674049 -0.254843 0.993828 -0.00197849 -0.640087 -0.173397 1 0 0.439977 0.520701 0.00621795 0.227379 0.373584 0.00621795 0 0 0 -0.00427849 0.0121513 0.00393106 0.3 0.3
55 2 47.2502 -0.500256 -1.26605 36899.4 -5.29643 -0.190168 -0.64078 0.999592 0.0260821 -0.173397 -0.640087 1 0 0.411841 0.384508 -0.0054757 0.336604 0.259574 -0.0054757 0 0 0 -0.00863461 -0.0236942 -0.052072 0.3 0.3
55 0 47.3002 12.406 15.6252 37740.5 -1.45205 0.542358 0.585984 1.02796 0.00813951 0.387523 0.387523 1 0 -0.647239 -0.721403 -0.0458226 -0.282391 -0.29017 -0.0458226 0 0 0 0.0122746 -0.0330789 -0.0164848 0.3 0.3
55 1 47.3002 -3.25697 -11.4928 35461.9 -0.437299 -0.65879 -0.24008 0.994259 -0.000599959 -0.620868 -0.154177 1 0 0.448445 0.530011 0.00588394 0.22373 0.375468 0.00588394 0 0 0 -0.00735897 0.0102353 0.00116228 0.3 0.3
55 2 47.3002 -0.233916 -1.50697 37462.1 -3.68822 -0.172045 -0.62592 1.00041 0.0235119 -0.154177 -0.620868 1 0 0.414538 0.392752 -0.00464838 0.335583 0.258814 -0.00464838 0 0 0 -0.00305569 -0.0145145 -0.0470072 0.3 0.3
55 0 47.3503 11.8375 16.3646 37487.4 -0.59529 0.530628 0.577255 1.02916 0.00517312 0.368116 0.368116 1 0 -0.665519 -0.744452 -0.0475453 -0.280188 -0.289624 -0.0475453 0 0 0 0.0178888 -0.0367812 -0.0106775 0.3 0.3
55 1 47.3503 -2.68215 -12.4878 35644.8 0.389015 -0.643382 -0.225035 0.994538 -0.00104095 -0.601461 -0.134771 1 0 0.46119 0.54331 0.00660015 0.219575 0.378104 0.00660015 0 0 0 -0.00377644 0.00485413 0.00207274 0.3 0.3
55 2 47.3503 -0.313926 -1.66046 36749.3 -4.21195 -0.153905 -0.611531 1.00154 0.0227167 -0.134771 -0.601461 1 0 0.41954 0.404129 -0.00783672 0.335249 0.257746 -0.00783672 0 0 0 -0.00583904 -0.0221525 -0.0453755 0.3 0.3
55 0 47.4002 12.809 15.7782 37715.2 0.567176 0.518713 0.568729 1.03046 0.00331357 0.348575 0.348575 1 0 -0.681859 -0.766604 -0.0477966 -0.277604 -0.289124 -0.0477966 0 0 0 0.00818132 -0.029329 -0.00674791 0.3 0.3
55 1 47.4002 -4.96693 -9.8331 35127.3 0.0282296 -0.62822 -0.209367 0.994998 -0.000744623 -0.58192 -0.115229 1 0 0.467943 0.549266 0.00443937 0.21651 0.378691 0.00443937 0 0 0 -0.00389166 0.00784356 0.001474 0.3 0.3
55 2 47.4002 -0.269172 -1.56538 37071.3 -2.15472 -0.135787 -0.59722 1.00262 0.018719 -0.115229 -0.58192 1 0 0.423443 0.414505 -0.00900017 0.334889 0.256752 -0.00900017 0 0 0 -0.00451543 -0.0191724 -0.0373987 0.3 0.3
55 0 47.4502 13.301 15.2467 37420.9 -0.696387 0.506919 0.560323 1.03145 0.00319564 0.328872 0.328872 1 0 -0.696505 -0.787292 -0.0496068 -0.274748 -0.288602 -0.0496068 0 0 0 0.0200591 -0.0425366 -0.00681976 0.3 0.3
55 1 47.4502 -3.08992 -11.5207 35370.8 -0.712319 -0.613548 -0.193309 0.995501 0.000688428 -0.562218 -0.095527 1 0 0.482401 0.561368 0.00377401 0.213001 0.380169 0.00377401 0 0 0 -0.00126026 0.00522647 -0.00138016 0.3 0.3
55 2 47.4502 -0.13894 -1.51773 36980.8 -1.90713 -0.117984 -0.583201 1.00371 0.015664 -0.095527 -0.562218 1 0 0.434086 0.431582 -0.0107015 0.337223 0.254331 -0.0107015 0 0 0 -0.0028344 -0.00642498 -0.0313204 0.3 0.3
55 0 47.5002 12.1527 16.4349 37526.4 0.0940214 0.495148 0.552142 1.03248 0.00204029 0.309024 0.309024 1 0 -0.713085 -0.809974 -0.0506473 -0.271698 -0.288151 -0.0506473 0 0 0 0.00937111 -0.0323837 -0.0042329 0.3 0.3
55 1 47.5002 -3.6434 -11.1823 35186.5 1.12978 -0.598719 -0.176917 0.996172 -0.00145031 -0.542369 -0.0756786 1 0 0.492493 0.568803 0.00200192 0.210092 0.380584 0.00200192 0 0 0 0.0155075 -0.00705041 0.00284607 0.3 0.3
55 2 47.5002 -0.234631 -1.8546 36741.5 -2.13784 -0.100033 -0.569668 1.00504 0.0140666 -0.0756786 -0.542369 1 0 0.438231 0.443235 -0.0136663 0.337444 0.253269 -0.0136663 0 0 0 -0.0113106 -0.023023 -0.0280062 0.3 0.3
55 0 47.5502 12.8245 16.1917 37580.9 0.585827 0.482811 0.54399 1.0334 0.00040635 0.289039 0.289039 1 0 -0.728823 -0.832826 -0.0513202 -0.268558 -0.287803 -0.0513202 0 0 0 0.00489379 -0.0234345 -0.000870102 0.3 0.3
55 1 47.5502 -3.58969 -11.0602 35189.4 -1.51829 -0.584236 -0.160263 0.996964 0.00158798 -0.522384 -0.0556933 1 0 0.504732 0.577351 0.000288425 0.207103 0.380916 0.000288425 0 0 0 0.00420157 0.00619657 -0.00316296 0.3 0.3
55 2 47.5502 -0.103872 -1.59462 37012.9 -2.08491 -0.0821874 -0.55607 1.00628 0.0128597 -0.0556933 -0.522384 1 0 0.444469 0.456696 -0.0150365 0.339113 0.251566 -0.0150365 0 0 0 -0.00730157 -0.0279708 -0.0256208 0.3 0.3
55 0 47.6002 11.7901 16.84 37545.2 -1.15476 0.470745 0.536166 1.0343 0.00214208 0.268924 0.268924 1 0 -0.74713 -0.857471 -0.0520985 -0.265631 -0.287518 -0.0520985 0 0 0 0.0113887 -0.0276037 -0.00444184 0.3 0.3
55 1 47.6002 -3.49661 -11.1626 35460 0.840683 -0.569942 -0.143481 0.997622 -0.000361361 -0.502269 -0.0355787 1 0 0.514021 0.582413 6.66021e-05 0.204641 0.380364 6.66021e-05 0 0 0 0.0152867 0.00034114 0.00072535 0.3 0.3
55 2 47.6002 0.291482 -1.85659 36957 -1.61799 -0.0647866 -0.5427 1.00754 0.0112964 -0.0355787 -0.502269 1 0 0.44682 0.4659 -0.0167588 0.339882 0.250464 -0.0167588 0 0 0 -0.0112133 -0.0281224 -0.0224382 0.3 0.3
55 0 47.6502 13.7315 15.6117 37518.6 0.898859 0.458878 0.52831 1.03501 -6.93989e-05 0.248696 0.248696 1 0 -0.761707 -0.879742 -0.0529118 -0.261887 -0.287177 -0.0529118 0 0 0 0.00897224 -0.0269541 1.78845e-05 0.3 0.3
55 1 47.6502 -3.90958 -10.9521 35482.2 0.301736 -0.555597 -0.126529 0.998148 -0.00071609 -0.482042 -0.0153511 1 0 0.532398 0.596356 -6.08829e-05 0.200573 0.382165 -6.08829e-05 0 0 0 0.0137946 0.00724555 0.0014822 0.3 0.3
55 2 47.6502 0.128454 -1.49744 37510.4 0.0685862 -0.0475256 -0.529565 1.00827 0.00744924 -0.0153511 -0.482042 1 0 0.464288 0.490381 -0.0153145 0.347415 0.246235 -0.0153145 0 0 0 -0.00792309 -0.0168157 -0.0148326 0.3 0.3
55 0 47.7002 12.3084 16.6558 37290.2 0.849781 0.446957 0.520564 1.03593 -0.00148331 0.228359 0.228359 1 0 -0.778159 -0.903291 -0.054898 -0.258255 -0.28693 -0.054898 0 0 0 0.0116565 -0.0210844 0.00284395 0.3 0.3
55 1 47.7002 -3.75767 -11.1841 35410.3 0.498005 -0.54129 -0.109606 0.998635 -0.0012897 -0.461705 0.00498593 1 0 0.542174 0.601685 -0.000525654 0.19764 0.381988 -0.000525654 0 0 0 0.0220916 0.00619221 0.00264797 0.3 0.3
55 2 47.7002 0.455632 -1.83148 37482.4 -0.791518 -0.0304696 -0.516632 1.00865 0.0062692 0.00498593 -0.461705 1 0 0.467302 0.500403 -0.0139939 0.34967 0.244852 -0.0139939 0 0 0 -0.00140172 -0.017803 -0.0125265 0.3 0.3
55 0 47.7503 12.5381 16.4853 37620.5 -0.581441 0.435292 0.512875 1.03665 -2.99677e-05 0.207909 0.207909 1 0 -0.795103 -0.926994 -0.0549325 -0.254449 -0.286744 -0.0549325 0 0 0 0.0102222 -0.0202819 -4.37276e-05 0.3 0.3
55 1 47.7503 -3.87592 -11.1536 35340.8 -0.679104 -0.527046 -0.092641 0.999138 0.000276156 -0.441254 0.0254364 1 0 0.554343 0.609228 -0.00130659 0.194144 0.382586 -0.00130659 0 0 0 0.0213076 0.00484333 -0.000500744 0.3 0.3
55 2 47.7503 0.532898 -1.95537 37126.4 0.640369 -0.0135104 -0.504145 1.00902 0.00314144 0.0254364 -0.441254 1 0 0.474607 0.515312 -0.0144754 0.354298 0.242682 -0.0144754 0 0 0 -0.00580534 -0.0251538 -0.00621039 0.3 0.3
55 0 47.8002 12.5577 16.552 37210.9 1.93211 0.4237 0.505178 1.03758 -0.0032534 0.187387 0.187387 1 0 -0.812112 -0.950624 -0.0572457 -0.250499 -0.286528 -0.0572457 0 0 0 0.0115334 -0.0156707 0.00641675 0.3 0.3
55 1 47.8002 -3.92704 -11.2967 35183.1 -0.799397 -0.512926 -0.0758344 0.999784 0.00153597 -0.420732 0.0459587 1 0 0.566072 0.61639 -0.00291924 0.190427 0.383368 -0.00291924 0 0 0 0.0247418 0.00538429 -0.00300557 0.3 0.3
55 2 47.8002 0.684623 -1.79651 37480.7 1.03534 0.00336092 -0.491648 1.00905 0.000348259 0.0459587 -0.420732 1 0 0.480875 0.529018 -0.0127933 0.35928 0.240657 -0.0127933 0 0 0 -0.0054013 -0.0105258 -0.000668104 0.3 0.3
55 0 47.8502 12.5308 16.5432 37798.1 -1.26469 0.412454 0.497528 1.03813 -0.000112858 0.166772 0.166772 1 0 -0.829732 -0.974358 -0.0561263 -0.246323 -0.286404 -0.0561263 0 0 0 0.0162773 -0.0198555 6.41277e-05 0.3 0.3
55 1 47.8502 -4.22021 -11.2252 35507.2 -0.488549 -0.498662 -0.0589693 1.00025 0.00184987 -0.400118 0.0665729 1 0 0.579966 0.625862 -0.00268111 0.185971 0.385215 -0.00268111 0 0 0 0.0245899 0.00557844 -0.00363145 0.3 0.3
55 2 47.8502 0.871673 -2.02245 37331.9 1.86968 0.0200719 -0.479724 1.00894 -0.00285816 0.0665729 -0.400118 1 0 0.491624 0.547904 -0.0119546 0.367149 0.237891 -0.0119546 0 0 0 -0.00897957 -0.0141274 0.00577995 0.3 0.3
55 0 47.9002 12.832 16.4564 37544.5 -1.02154 0.401108 0.489778 1.03861 0.00158463 0.14609 0.14609 1 0 -0.84707 -0.99781 -0.0564628 -0.241855 -0.286314 -0.0564628 0 0 0 0.0159482 -0.0242554 -0.00336303 0.3 0.3
55 1 47.9002 -4.36724 -11.5286 35480.9 -0.865739 -0.484268 -0.0424366 1.00061 0.00273116 -0.379435 0.0872556 1 0 0.591593 0.633854 -0.0026333 0.181226 0.387175 -0.0026333 0 0 0 0.0306606 0.010227 -0.00530625 0.3 0.3
55 2 47.9002 0.937516 -1.87041 37152 2.83592 0.0368755 -0.467824 1.00886 -0.00664222 0.0872556 -0.379435 1 0 0.499491 0.564107 -0.0119962 0.374623 0.235815 -0.0119962 0 0 0 -0.00620326 -0.00527507 0.013301 0.3 0.3
55 0 47.9502 12.6206 16.3892 37433.8 -0.192884 0.390152 0.481818 1.03911 0.00140179 0.125341 0.125341 1 0 -0.865058 -1.02089 -0.0572308 -0.237302 -0.286146 -0.0572308 0 0 0 0.0144826 -0.0112852 -0.00288541 0.3 0.3
55 1 47.9502 -4.43985 -11.5648 35644.1 -0.905231 -0.469958 -0.0260329 1.00073 0.00331472 -0.358686 0.108005 1 0 0.604677 0.643377 -0.00160895 0.17587 0.390189 -0.00160895 0 0 0 0.0323186 0.00477383 -0.00655319 0.3 0.3
55 2 47.9502 0.977583 -1.87217 37232.3 3.43891 0.0539049 -0.456039 1.00872 -0.010179 0.108005 -0.358686 1 0 0.507677 0.581207 -0.0115225 0.383142 0.233858 -0.0115225 0 0 0 -0.0130166 0.00654464 0.0203162 0.3 0.3
55 0 48.0002 12.159 16.9575 37820.1 -1.56472 0.379364 0.473877 1.03934 0.00351438 0.104532 0.104532 1 0 -0.884715 -1.04513 -0.055752 -0.232914 -0.286065 -0.055752 0 0 0 0.0162268 -0.0144776 -0.00714665 0.3 0.3
55 1 48.0002 -4.58135 -11.8617 35408.9 -0.583506 -0.455553 -0.00995676 1.00086 0.00320763 -0.337877 0.128813 1 0 0.614732 0.650593 -0.00185895 0.17042 0.393114 -0.00185895 0 0 0 0.0361946 0.00572104 -0.00631281 0.3 0.3
55 2 48.0002 1.09384 -2.02555 37444.7 2.84528 0.0711883 -0.444424 1.00835 -0.0115266 0.128813 -0.337877 1 0 0.511545 0.594712 -0.00986465 0.390195 0.233113 -0.00986465 0 0 0 -0.00974677 0.0021259 0.0230436 0.3 0.3
55 0 48.0502 13.1449 16.1272 37460.5 -2.56191 0.368605 0.465663 1.03947 0.00467735 0.083683 0.083683 1 0 -0.903164 -1.06795 -0.0562678 -0.227922 -0.285964 -0.0562678 0 0 0 0.013353 -0.0176287 -0.00947301 0.3 0.3
55 1 48.0502 -4.72012 -12.0686 35249.5 -0.902477 -0.441284 0.00572619 1.00112 0.00362143 -0.317028 0.149662 1 0 0.628642 0.662098 -0.00289118 0.163726 0.398072 -0.00289118 0 0 0 0.0344426 0.00169859 -0.00721469 0.3 0.3
55 2 48.0502 1.25381 -1.89651 37320.6 3.65931 0.0885864 -0.432945 1.00792 -0.0137793 0.149662 -0.317028 1 0 0.521836 0.615066 -0.00892637 0.40229 0.23143 -0.00892637 0 0 0 -0.0117929 0.00206714 0.0275478 0.3 0.3
55 0 48.1002 13.6467 15.6208 37643.8 -1.29367 0.358199 0.457434 1.03952 0.00652185 0.0627953 0.0627953 1 0 -0.919834 -1.08853 -0.0555911 -0.222144 -0.285819 -0.0555911 0 0 0 0.0155678 -0.0171867 -0.0131785 0.3 0.3
55 1 48.1002 -4.88327 -12.3402 35427.4 -0.743638 -0.426989 0.0210352 1.00133 0.00365016 -0.296141 0.17055 1 0 0.639959 0.671692 -0.00290361 0.156898 0.403212 -0.00290361 0 0 0 0.0354922 0.000721615 -0.00728868 0.3 0.3
55 2 48.1002 1.14152 -1.96194 37237.5 3.09989 0.106578 -0.421455 1.0075 -0.0143852 0.17055 -0.296141 1 0 0.52567 0.629952 -0.008381 0.411617 0.231574 -0.008381 0 0 0 -0.0113634 0.0127669 0.0286999 0.3 0.3
55 0 48.1502 12.5829 16.5988 37674.2 0.117846 0.347934 0.449021 1.03943 0.00419464 0.0418977 0.0418977 1 0 -0.938507 -1.09825 -0.0547308 -0.216632 -0.285726 -0.0547308 0 0 0 0.00176325 -0.00770684 -0.00839616 0.3 0.3
55 1 48.1502 -4.99701 -12.6048 35399.3 -0.510855 -0.412804 0.0359547 1.00153 0.0032532 -0.275243 0.191448 1 0 0.652229 0.682713 -0.00311413 0.149341 0.409654 -0.00311413 0 0 0 0.0373088 -0.00297602 -0.00656307 0.3 0.3
55 2 48.1502 1.34439 -1.98566 37407 3.02181 0.124832 -0.410079 1.00693 -0.0146327 0.191448 -0.275243 1 0 0.532006 0.64798 -0.00687954 0.423949 0.231887 -0.00687954 0 0 0 -0.0124035 0.0100197 0.0292052 0.3 0.3
55 0 48.2002 12.2307 16.9223 37454.4 -4.02194 0.338053 0.440688 1.03938 0.00946204 0.0209461 0.0209461 1 0 -0.959466 -1.0986 -0.0550252 -0.211503 -0.285651 -0.0550252 0 0 0 0.0120863 -0.015363 -0.0190181 0.3 0.3
55 1 48.2002 -5.03006 -12.9667 35510.4 0.33648 -0.398752 0.0504575 1.00161 0.00158929 -0.254291 0.212399 1 0 0.66353 0.693247 -0.00267898 0.141488 0.416761 -0.00267898 0 0 0 0.0347804 -0.00373222 -0.00324398 0.3 0.3
55 2 48.2002 1.53846 -2.16041 37517.1 3.10125 0.143369 -0.398845 1.00616 -0.0149093 0.212399 -0.254291 1 0 0.534704 0.663096 -0.0047901 0.435128 0.233693 -0.0047901 0 0 0 -0.0152662 0.00144446 0.0298096 0.3 0.3
55 0 48.2502 14.0748 15.5936 37483.9 -0.302211 0.328177 0.432332 1.03938 0.0068288 4.79369e-06 4.79369e-06 1 0 -0.976741 -1.09885 -0.0550592 -0.204901 -0.285699 -0.0550592 0 0 0 0.00491709 -0.0136184 -0.0136915 0.3 0.3
55 1 48.2502 -5.13364 -13.2309 35273.4 0.242571 -0.384962 0.0645968 1.00181 0.000636649 -0.23335 0.23334 1 0 0.677178 0.706301 -0.00356031 0.132773 0.425575 -0.00356031 0 0 0 0.0330106 -0.00508981 -0.00135749 0.3 0.3
55 2 48.2502 1.43799 -1.93871 37281.7 0.995801 0.162507 -0.387349 1.00544 -0.0116332 0.23334 -0.23335 1 0 0.540123 0.681504 -0.00402404 0.450108 0.236139 -0.00402404 0 0 0 -0.0144592 0.00903506 0.0232024 0.3 0.3
55 0 48.3002 12.8505 16.7113 37561.2 -3.73723 0.318623 0.424188 1.03931 0.010781 -0.0209403 -0.0209403 1 0 -0.995916 -1.09866 -0.0546508 -0.198612 -0.285836 -0.0546508 0 0 0 0.00403082 -0.0152299 -0.0215937 0.3 0.3
55 1 48.3002 -5.22644 -13.5634 35357.6 0.673422 -0.371303 0.078419 1.00203 -0.000732832 -0.212405 0.254286 1 0 0.688503 0.717349 -0.0039099 0.12411 0.434494 -0.0039099 0 0 0 0.0286048 -0.00864364 0.00134219 0.3 0.3
55 2 48.3002 1.85901 -2.27141 37483.2 1.62982 0.181747 -0.376015 1.00458 -0.0105267 0.254286 -0.212405 1 0 0.541839 0.696659 -0.00208145 0.463807 0.240474 -0.00208145 0 0 0 -0.0148338 0.0209315 0.0209003 0.3 0.3
55 0 48.3502 12.4637 17.1047 37665.3 -0.905029 0.30937 0.416055 1.03907 0.00871504 -0.0418736 -0.0418736 1 0 -1.01728 -1.09868 -0.053649 -0.192739 -0.286089 -0.053649 0 0 0 -0.00372968 -0.00806956 -0.0174154 0.3 0.3
55 1 48.3502 -5.36219 -13.7807 35322.3 -0.131437 -0.357896 0.0920784 1.00228 -0.000271903 -0.191472 0.275219 1 0 0.701998 0.730415 -0.0044809 0.114807 0.445318 -0.0044809 0 0 0 0.0238199 -0.00721921 0.000457864 0.3 0.3
55 2 48.3502 1.69799 -2.30529 37040.7 -0.0493861 0.201703 -0.364619 1.00399 -0.00693534 0.275219 -0.191472 1 0 0.544279 0.713653 -0.00266772 0.479839 0.246414 -0.00266772 0 0 0 -0.0134753 0.0135092 0.0137804 0.3 0.3
55 0 48.4003 13.6887 16.304 37617.6 -7.68753 0.30035 0.408706 1.03866 0.0185658 -0.0627994 -0.0627994 1 0 -1.03731 -1.09845 -0.0528841 -0.185951 -0.286597 -0.0528841 0 0 0 0.0099541 -0.0255404 -0.0372643 0.3 0.3
55 1 48.4003 -5.42559 -14.0574 35398 0.273117 -0.344719 0.105619 1.00251 -0.000658339 -0.170546 0.296145 1 0 0.713697 0.741497 -0.00462004 0.105729 0.455842 -0.00462004 0 0 0 0.0196491 -0.0100957 0.00121757 0.3 0.3
55 2 48.4003 1.96478 -2.54384 37404.1 0.889378 0.222072 -0.3532 1.0033 -0.00618521 0.296145 -0.170546 1 0 0.543203 0.727793 -0.00117783 0.494623 0.25494 -0.00117783 0 0 0 -0.021066 0.0213464 0.012147 0.3 0.3
55 0 48.4502 13.7887 16.2816 37580.7 0.778301 0.29168 0.400883 1.03848 0.0111466 -0.0836746 -0.0836746 1 0 -1.05597 -1.09787 -0.0522624 -0.178234 -0.287403 -0.0522624 0 0 0 -0.00398323 -0.00744991 -0.0222791 0.3 0.3
55 1 48.4502 -5.62654 -14.2701 35435.1 -0.415882 -0.33182 0.119164 1.00267 0.000246337 -0.149671 0.31702 1 0 0.728497 0.755199 -0.00455898 0.0959955 0.469412 -0.00455898 0 0 0 0.013633 -0.0112449 -0.000569346 0.3 0.3
55 2 48.4502 1.88816 -2.59985 37177.7 0.154029 0.243181 -0.341617 1.00275 -0.00442929 0.31702 -0.149671 1 0 0.54452 0.745302 -0.001096 0.513181 0.265525 -0.001096 0 0 0 -0.0177562 0.0269032 0.0086209 0.3 0.3
55 0 48.5002 13.0832 17.2803 37589.3 -3.88982 0.283263 0.393827 1.03812 0.0139161 -0.104526 -0.104526 1 0 -1.07633 -1.09708 -0.0515503 -0.171421 -0.288453 -0.0515503 0 0 0 -0.00258952 -0.00893809 -0.0278219 0.3 0.3
55 1 48.5002 -5.61236 -14.5599 35422 0.55574 -0.319211 0.13276 1.0028 -0.000749759 -0.128819 0.337872 1 0 0.740349 0.765373 -0.00455358 0.0869792 0.482251 -0.00455358 0 0 0 0.00471864 -0.00977842 0.00147647 0.3 0.3
55 2 48.5002 1.95836 -2.95836 37100.1 -0.611677 0.265025 -0.329915 1.00237 -0.00195524 0.337872 -0.128819 1 0 0.54017 0.758194 -0.00143263 0.52811 0.279595 -0.00143263 0 0 0 -0.0185724 0.0228747 0.00369847 0.3 0.3
55 0 48.5502 13.4961 17.0163 37659.5 -7.03954 0.275299 0.387078 1.03766 0.0206493 -0.12533 -0.12533 1 0 -1.09622 -1.09622 -0.0504251 -0.163598 -0.290191 -0.0504251 0 0 0 0.0347 -0.0401613 -0.0420131 0.3 0.3
55 1 48.5502 -5.56749 -14.734 35410.9 0.158931 -0.307158 0.146598 1.0029 -0.000770556 -0.108015 0.358675 1 0 0.754872 0.776861 -0.00458134 0.0780408 0.497416 -0.00458134 0 0 0 0.00416871 -0.012997 0.00151406 0.3 0.3
55 2 48.5502 2.06235 -3.22476 37533.6 0.232095 0.287507 -0.318088 1.00176 -0.00177394 0.358675 -0.108015 1 0 0.537445 0.773582 0.000590989 0.545699 0.296806 0.000590989 0 0 0 -0.0208051 0.0296745 0.00323974 0.3 0.3
55 0 48.6002 13.4732 17.1277 37469.8 -3.73478 0.267752 0.380531 1.03729 0.0199512 -0.146077 -0.146077 1 0 -1.0951 -1.0951 -0.0503427 -0.156318 -0.292284 -0.0503427 0 0 0 0.032351 -0.0335271 -0.0404584 0.3 0.3
55 1 48.6002 -5.72018 -14.8842 35332.9 -0.0206891 -0.295385 0.16088 1.00305 -0.000462844 -0.0872682 0.379422 1 0 0.768811 0.786535 -0.00502139 0.0698717 0.513914 -0.00502139 0 0 0 -0.00279246 -0.0108978 0.000940918 0.3 0.3
55 2 48.6002 2.07115 -3.55979 37594.1 0.0526882 0.310713 -0.306047 1.00094 -0.00131943 0.379422 -0.0872682 1 0 0.532457 0.787575 0.00282711 0.561861 0.31766 0.00282711 0 0 0 -0.0221323 0.0273074 0.00233705 0.3 0.3
55 0 48.6502 13.5069 17.3704 37872.7 -4.04157 0.260551 0.374306 1.03663 0.0199065 -0.166762 -0.166762 1 0 -1.09389 -1.09389 -0.0479641 -0.149219 -0.295104 -0.0479641 0 0 0 0.0348761 -0.035332 -0.0404442 0.3 0.3
55 1 48.6502 -5.63758 -15.0773 35475.8 0.271642 -0.284153 0.175688 1.00311 -0.000741855 -0.0665831 0.400107 1 0 0.784823 0.796466 -0.00464243 0.0624502 0.533065 -0.00464243 0 0 0 -0.00553814 -0.0171582 0.00153128 0.3 0.3
55 2 48.6502 2.14651 -4.06571 37525.9 -0.23278 0.334532 -0.293931 1 -0.00053113 0.400107 -0.0665831 1 0 0.526958 0.801971 0.00469576 0.57782 0.342554 0.00469576 0 0 0 -0.025911 0.0212479 0.000787105 0.3 0.3
55 0 48.7003 13.4796 17.6431 38107.9 -0.118721 0.253389 0.368196 1.03554 0.0134371 -0.187385 -0.187385 1 0 -1.0924 -1.0924 -0.0443367 -0.142164 -0.298841 -0.0443367 0 0 0 0.0266529 -0.0347901 -0.0273452 0.3 0.3
55 1 48.7003 -5.72958 -15.3014 35313.1 -0.709757 -0.273199 0.191104 1.00324 0.000709008 -0.0459607 0.42073 1 0 0.79825 0.802309 -0.00518792 0.056714 0.552929 -0.00518792 0 0 0 -0.0131079 -0.0102284 -0.00135103 0.3 0.3
55 2 48.7003 2.08882 -4.57954 37172.9 -0.728492 0.35907 -0.281573 0.999274 0.00082022 0.42073 -0.0459607 1 0 0.516337 0.812055 0.00463703 0.588013 0.371355 0.00463703 0 0 0 -0.0334516 0.0162065 -0.00191182 0.3 0.3
55 0 48.7502 13.01 17.927 37343 -3.63626 0.247214 0.362419 1.03479 0.0151744 -0.207904 -0.207904 1 0 -1.0908 -1.0908 -0.0449303 -0.13608 -0.30345 -0.0449303 0 0 0 0.00821913 0.000924955 -0.0303465 0.3 0.3
55 1 48.7502 -5.74394 -15.5348 35384.4 -1.2942 -0.26266 0.207179 1.00336 0.00265677 -0.0254417 0.441249 1 0 0.814701 0.809349 -0.00528661 0.0526892 0.577341 -0.00528661 0 0 0 -0.0187616 -0.0116087 -0.00520497 0.3 0.3
55 2 48.7502 2.17277 -4.92641 37278.5 -0.536942 0.383998 -0.268772 0.998623 0.00129454 0.441249 -0.0254417 1 0 0.50941 0.825745 0.00519524 0.600772 0.404152 0.00519524 0 0 0 -0.0346726 0.0271061 -0.0030597 0.3 0.3
55 0 48.8002 13.1262 18.0821 37994.5 -0.288032 0.241154 0.356579 1.03369 0.0105999 -0.228343 -0.228343 1 0 -1.08899 -1.08899 -0.0417143 -0.130791 -0.309548 -0.0417143 0 0 0 0.00731987 0.00309734 -0.0211891 0.3 0.3
55 1 48.8002 -5.63233 -15.6507 35450.3 -0.170545 -0.252418 0.224336 1.00341 0.00207506 -0.00500246 0.461688 1 0 0.829657 0.812549 -0.00503481 0.0518569 0.604152 -0.00503481 0 0 0 -0.0214642 -0.0104455 -0.00403831 0.3 0.3
55 2 48.8002 1.8922 -5.50439 36637.2 -0.955358 0.409686 -0.25548 0.9986 0.00239722 0.461688 -0.00500246 1 0 0.497395 0.834804 0.00208042 0.605996 0.440397 0.00208042 0 0 0 -0.0405147 0.021215 -0.00522554 0.3 0.3
55 0 48.8502 12.8173 18.3287 37738 -0.730098 0.235584 0.350662 1.03259 0.00825648 -0.248682 -0.248682 1 0 -1.087 -1.087 -0.0400947 -0.127068 -0.317624 -0.0400947 0 0 0 0.0166496 -0.00537658 -0.0165585 0.3 0.3
55 1 48.8502 -5.45633 -16.0177 35440 -1.96617 -0.2426 0.242426 1.00342 0.00469335 0.0153373 0.482028 1 0 0.845372 0.814202 -0.00483797 0.0551537 0.635338 -0.00483797 0 0 0 -0.0277306 -0.0100522 -0.00924837 0.3 0.3
55 2 48.8502 1.64537 -6.03754 36847.9 -0.0499052 0.436079 -0.241607 0.998881 0.00148698 0.482028 0.0153373 1 0 0.484828 0.843522 0.000158591 0.607769 0.480352 0.000158591 0 0 0 -0.0486327 0.0277014 -0.00364889 0.3 0.3
55 0 48.9003 12.5342 18.9347 37652.5 -2.54803 0.23026 0.344669 1.03139 0.00968868 -0.268927 -0.268927 1 0 -1.08478 -1.08478 -0.0388697 -0.125245 -0.327147 -0.0388697 0 0 0 0.0255482 -0.012529 -0.0195397 0.3 0.3
55 1 48.9003 -5.15298 -16.4586 35710.8 -1.31594 -0.233133 0.26146 1.00316 0.00534755 0.0355818 0.502272 1 0 0.860141 0.812707 -0.00310154 0.0640328 0.669754 -0.00310154 0 0 0 -0.033954 -0.00816283 -0.0105582 0.3 0.3
55 2 48.9003 1.46384 -6.54737 37482.3 0.613657 0.462973 -0.226949 0.998879 -0.000179651 0.502272 0.0355818 1 0 0.469013 0.848507 0.00158251 0.601767 0.522422 0.00158251 0 0 0 -0.0568047 0.0255796 -0.000367279 0.3 0.3
55 0 48.9502 13.1982 18.1216 38183.5 0.288915 0.224923 0.338147 1.03006 0.00597492 -0.289026 -0.289026 1 0 -1.08255 -1.08255 -0.0347052 -0.126447 -0.343525 -0.0347052 0 0 0 0.0244602 -0.0104757 -0.0120791 0.3 0.3
55 1 48.9502 -4.84923 -16.7806 35495.8 -0.291547 -0.223786 0.281721 1.00287 0.00407844 0.0556804 0.522371 1 0 0.878542 0.812553 -0.00259149 0.0800917 0.712146 -0.00259149 0 0 0 -0.0384658 -0.00719791 -0.00802001 0.3 0.3
55 2 48.9502 0.832818 -7.04389 37309 -0.408475 0.490569 -0.211409 0.998833 0.000552241 0.522371 0.0556804 1 0 0.458299 0.858287 0.0018638 0.597143 0.571051 0.0018638 0 0 0 -0.0602236 0.0164511 -0.00160055 0.3 0.3
55 0 49.0002 12.2311 19.291 37701.2 -0.833623 0.219834 0.331146 1.02869 0.00531313 -0.308996 -0.308996 1 0 -1.07999 -1.07999 -0.033333 -0.132283 -0.365041 -0.033333 0 0 0 0.0347255 -0.0117528 -0.0108322 0.3 0.3
55 1 49.0002 -4.21114 -17.2587 35601.9 -1.86235 -0.214579 0.303235 1.00246 0.00580022 0.0756511 0.542342 1 0 0.893638 0.806728 -0.00140116 0.107152 0.756196 -0.00140116 0 0 0 -0.0457393 -0.00224906 -0.0115521 0.3 0.3
55 2 49.0002 0.358499 -7.59864 37522.2 0.228424 0.518663 -0.194882 0.998555 -1.5422e-06 0.542342 0.0756511 1 0 0.440523 0.860176 0.00341709 0.57797 0.61823 0.00341709 0 0 0 -0.066165 0.00935388 -0.000306479 0.3 0.3
55 0 49.0503 12.0301 19.6798 37795.4 -1.81695 0.214843 0.323549 1.02731 0.00644011 -0.328868 -0.328868 1 0 -1.07725 -1.07725 -0.0313187 -0.145754 -0.3971 -0.0313187 0 0 0 0.044631 -0.0178732 -0.013283 0.3 0.3
55 1 49.0503 -3.07451 -17.7498 35327.5 -0.785634 -0.205724 0.326097 1.0022 0.00515419 0.0955228 0.562213 1 0 0.90834 0.797618 -0.00175028 0.148208 0.802223 -0.00175028 0 0 0 -0.0554622 0.000147056 -0.0103165 0.3 0.3
55 2 49.0503 -0.113698 -8.10556 37361.5 0.303307 0.546963 -0.177265 0.998234 -0.00046114 0.562213 0.0955228 1 0 0.422028 0.859841 0.00406939 0.550778 0.665695 0.00406939 0 0 0 -0.0779945 0.00289491 0.000810032 0.3 0.3
55 0 49.1002 11.2612 20.5094 37552.9 0.339673 0.209892 0.314925 1.02614 0.00362756 -0.348562 -0.348562 1 0 -1.07431 -1.07431 -0.0307353 -0.172173 -0.44788 -0.0307353 0 0 0 0.0515248 -0.0184017 -0.00773204 0.3 0.3
55 1 49.1002 -2.30042 -17.8869 35573.9 -2.79106 -0.19645 0.350662 1.00182 0.0079618 0.115217 0.581907 1 0 0.925267 0.788551 -0.00068184 0.207685 0.851661 -0.00068184 0 0 0 -0.0596483 0.00779782 -0.0161636 0.3 0.3
55 2 49.1002 -1.02689 -8.39805 37262.6 -0.000569679 0.575495 -0.158308 0.997959 -0.00030657 0.581907 0.115217 1 0 0.406615 0.860706 0.00423484 0.518714 0.715605 0.00423484 0 0 0 -0.0837808 0.00178339 0.000538928 0.3 0.3
55 0 49.1502 9.64692 22.4489 37838.5 3.67995 0.204894 0.305108 1.02489 -0.00405693 -0.36812 -0.36812 1 0 -1.07151 -1.07151 -0.0285834 -0.223437 -0.535757 -0.0285834 0 0 0 0.0596143 -0.0333363 0.00712457 0.3 0.3
55 1 49.1502 -0.562222 -18.2298 35598.3 -3.7715 -0.18716 0.37666 1.00135 0.0112664 0.134774 0.601465 1 0 0.938246 0.773126 0.000450721 0.288404 0.891727 0.000450721 0 0 0 -0.0672194 0.0242109 -0.0233617 0.3 0.3
55 2 49.1502 -1.78309 -8.61458 37119.5 0.809397 0.604018 -0.13776 0.997841 -0.00142209 0.601465 0.134774 1 0 0.386167 0.853816 0.00361444 0.471407 0.759234 0.00361444 0 0 0 -0.0952643 -0.00452835 0.00306328 0.3 0.3
55 0 49.2003 7.24787 26.6719 37308.3 0.388011 0.199656 0.294018 1.02389 -0.00394548 -0.387516 -0.387516 1 0 -1.06813 -1.06813 -0.0295154 -0.315601 -0.686872 -0.0295154 0 0 0 0.0853366 -0.0435476 0.00604052 0.3 0.3
55 1 49.2003 1.20886 -17.8836 35828.5 -0.998632 -0.177129 0.404414 1.0006 0.00878536 0.15417 0.620861 1 0 0.949276 0.754026 0.00288088 0.391707 0.917392 0.00288088 0 0 0 -0.0714906 0.0362009 -0.0188798 0.3 0.3
55 2 49.2003 -3.03951 -8.8023 36659.2 1.74382 0.632812 -0.115635 0.998254 -0.00310366 0.620861 0.15417 1 0 0.364675 0.843662 0.000395586 0.412877 0.798076 0.000395586 0 0 0 -0.115832 -0.0288766 0.00789281 0.3 0.3
55 0 49.2502 -0.410437 37.0497 38070.1 2.32157 0.193857 0.281024 1.02265 -0.00722801 -0.40673 -0.40673 1 0 -1.06488 -1.06488 -0.026176 -0.581388 -1.11078 -0.026176 0 0 0 0.108099 -0.0505739 0.0117452 0.3 0.3
55 1 49.2502 3.33096 -16.863 35557 -2.66739 -0.166144 0.434064 0.99989 0.00951136 0.173385 0.640075 1 0 0.964702 0.737722 0.00375038 0.520525 0.926547 0.00375038 0 0 0 -0.0808113 0.0595985 -0.0214571 0.3 0.3
55 2 49.2502 -4.04567 -8.37916 37311.3 1.48557 0.660966 -0.0913929 0.998502 -0.0035533 0.640075 0.173385 1 0 0.353648 0.839284 0.000841429 0.353648 0.839284 0.000841429 0 0 0 -0.122747 -0.0498503 0.0101862 0.3 0.3
55 0 49.3002 -3.40825 29.6429 38405.4 1.21006 0.187046 0.265364 1.02119 -0.00915801 -0.425772 -0.425772 1 0 -1.06125 -1.06125 -0.0211992 -0.839673 -1.19142 -0.0211992 0 0 0 0.167317 -0.0778431 0.0118636 0.3 0.3
55 1 49.3002 5.61703 -15.2012 35585.9 0.171103 -0.153758 0.465574 0.999155 0.00503741 0.192427 0.659117 1 0 0.970055 0.710564 0.00486034 0.663116 0.890879 0.00486034 0 0 0 -0.0825002 0.0881876 -0.0137354 0.3 0.3
55 2 49.3002 -3.00067 -6.6785 37259.9 1.88321 0.688453 -0.0651213 0.998705 -0.00421923 0.659117 0.192427 1 0 0.331854 0.819556 0.00079934 0.331854 0.819556 0.00079934 0 0 0 -0.127295 -0.0722519 0.013068 0.3 0.3
55 0 49.3502 -4.78592 23.9363 38310.7 -1.30987 0.178392 0.245331 1.01917 -0.010899 -0.444629 -0.444629 1 0 -1.05753 -1.05753 -0.0167591 -1.02952 -1.07989 -0.0167591 0 0 0 0.244851 -0.149956 0.00353894 0.3 0.3
55 1 49.3502 7.44591 -12.4415 35521.7 0.641629 -0.139204 0.498859 0.998469 0.00132602 0.211284 0.677974 1 0 0.973076 0.681743 0.00557332 0.813426 0.809186 0.00557332 0 0 0 -0.0767257 0.113267 -0.00701026 0.3 0.3
55 2 49.3502 -2.60546 -5.50773 37743.7 0.241869 0.714484 -0.0365442 0.998441 -0.00308869 0.677974 0.211284 1 0 0.314806 0.798179 0.00350007 0.314806 0.798179 0.00350007 0 0 0 -0.11423 -0.0580796 0.00951186 0.3 0.3
55 0 49.4003 -0.686585 23.4463 37549.8 1.94154 0.166699 0.220759 1.01755 -0.015176 -0.463298 -0.463298 1 0 -1.05358 -1.05358 -0.0164697 -1.05358 -1.05358 -0.0164697 0 0 0 0.223917 -0.193673 0.00884456 0.3 0.3
55 1 49.4003 5.44663 -10.3082 35595.3 1.12092 -0.121879 0.533778 0.997757 -0.00173871 0.229953 0.696643 1 0 0.969804 0.648561 0.00667408 0.864259 0.714743 0.00667408 0 0 0 -0.0618541 0.141584 -0.000899665 0.3 0.3
55 2 49.4003 -2.78208 -5.00796 37212.2 1.5755 0.73971 -0.00648869 0.998281 -0.00387768 0.696643 0.229953 1 0 0.296949 0.772112 0.00319983 0.296949 0.772112 0.00319983 0 0 0 -0.113021 -0.0678532 0.0116122 0.3 0.3
55 0 49.4502 1.31 22.0693 38398.7 5.50124 0.150592 0.190986 1.01549 -0.0225591 -0.481747 -0.481747 1 0 -1.04967 -1.04967 -0.0113563 -1.04967 -1.04967 -0.0113563 0 0 0 0.203835 -0.208675 0.0241843 0.3 0.3
55 1 49.4502 2.73954 -10.7067 35830.2 2.0731 -0.101243 0.569849 0.996847 -0.00477336 0.248402 0.715092 1 0 0.966135 0.618652 0.00899829 0.851902 0.690545 0.00899829 0 0 0 -0.0395214 0.167834 0.00625758 0.3 0.3
55 2 49.4502 -2.45937 -3.40956 37549.1 0.121216 0.763429 0.0256644 0.99789 -0.00273018 0.715092 0.248402 1 0 0.291211 0.752037 0.00492879 0.291211 0.752037 0.00492879 0 0 0 -0.0900025 -0.0602831 0.00818385 0.3 0.3
55 0 49.5003 2.72889 20.9586 39482.8 1.19599 0.130075 0.156732 1.01217 -0.0235401 -0.500002 -0.500002 1 0 -1.0454 -1.0454 -0.000474993 -1.0454 -1.0454 -0.000474993 0 0 0 0.216228 -0.253235 0.0201073 0.3 0.3
55 1 49.5003 1.52037 -10.1143 36438.2 1.19972 -0.0771851 0.606711 0.995245 -0.0050433 0.266657 0.733347 1 0 0.950036 0.580787 0.0146631 0.833656 0.654615 0.0146631 0 0 0 -0.0232448 0.167447 0.00817199 0.3 0.3
55 2 49.5003 -2.40958 -3.04932 36608.8 1.46149 0.786158 0.0590217 0.998137 -0.00357494 0.733347 0.266657 1 0 0.275832 0.718589 0.00137981 0.275832 0.718589 0.00137981 0 0 0 -0.085346 -0.0741534 0.010329 0.3 0.3
55 0 49.5502 4.1687 19.8244 38940.6 7.51896 0.104447 0.11825 1.00838 -0.0295614 -0.518022 -0.518022 1 0 -1.04103 -1.04103 0.0072519 -1.04103 -1.04103 0.0072519 0 0 0 0.182386 -0.232057 0.0384612 0.3 0.3
55 1 49.5502 0.0261488 -9.2752 35631.8 3.1927 -0.0494023 0.644096 0.993823 -0.00816873 0.284676 0.751367 1 0 0.929 0.543427 0.0157631 0.815264 0.616492 0.0157631 0 0 0 -0.00391586 0.152727 0.0160858 0.3 0.3
55 2 49.5502 -2.05101 -2.00164 37077.3 0.62267 0.807464 0.0936403 0.99845 -0.00325349 0.751367 0.284676 1 0 0.265858 0.685984 0.000598186 0.265858 0.685984 0.000598186 0 0 0 -0.0730834 -0.066918 0.00896229 0.3 0.3
55 0 49.6002 5.20211 18.5744 38569.6 11.6283 0.07388 0.0753416 1.00449 -0.0409509 -0.535821 -0.535821 1 0 -1.03649 -1.03649 0.0131592 -1.03649 -1.03649 0.0131592 0 0 0 0.163026 -0.222914 0.0644219 0.3 0.3
55 1 49.6002 -1.35344 -8.93669 35490.2 1.73544 -0.0179914 0.681198 0.992629 -0.00771076 0.302476 0.769167 1 0 0.900806 0.505557 0.0162751 0.795009 0.574639 0.0162751 0 0 0 0.013947 0.149473 0.0165095 0.3 0.3
55 2 49.6002 -1.98068 -1.42887 37057.1 0.690563 0.827726 0.128973 0.99887 -0.0028879 0.769167 0.302476 1 0 0.255904 0.65041 -0.000509601 0.255904 0.65041 -0.000509601 0 0 0 -0.0703741 -0.0707464 0.00827442 0.3 0.3
55 0 49.6502 6.5169 18.164 38006.7 7.99934 0.0386137 0.0294206 1.00101 -0.0416973 -0.553387 -0.553387 1 0 -1.03181 -1.03181 0.0159498 -1.03181 -1.03181 0.0159498 0 0 0 0.140496 -0.204673 0.0696112 0.3 0.3
55 1 49.6502 -2.50845 -8.19165 35288.7 0.310336 0.0164193 0.718064 0.991808 -0.00493193 0.320042 0.786732 1 0 0.867948 0.468525 0.0155769 0.774037 0.531108 0.0155769 0 0 0 0.0322505 0.133455 0.0120426 0.3 0.3
55 2 49.6502 -1.3327 -0.492786 37914 -0.641004 0.846264 0.165043 0.998627 -0.00112046 0.786732 0.320042 1 0 0.250623 0.615325 0.00313552 0.250623 0.615325 0.00313552 0 0 0 -0.0445996 -0.0511476 0.00338323 0.3 0.3
55 0 49.7002 7.83311 17.4805 38135.3 1.04235 -0.000499474 -0.0189442 0.997767 -0.0320752 -0.570711 -0.570711 1 0 -1.02698 -1.02698 0.0193658 -1.02698 -1.02698 0.0193658 0 0 0 0.154091 -0.190813 0.0498696 0.3 0.3
55 1 49.7002 -3.60741 -8.01655 35485.7 1.69219 0.0535523 0.753872 0.99112 -0.00545909 0.337365 0.804056 1 0 0.829231 0.432061 0.0158672 0.751066 0.485354 0.0158672 0 0 0 0.0468976 0.116318 0.0136708 0.3 0.3
55 2 49.7002 -1.67812 -0.161782 36964.6 -1.0787 0.864301 0.201093 0.998713 0.00107259 0.804056 0.337365 1 0 0.243891 0.577971 0.00137782 0.243891 0.577971 0.00137782 0 0 0 -0.0312258 -0.0511475 -0.00134735 0.3 0.3
55 0 49.7502 8.70861 16.544 38266.4 5.17399 -0.042869 -0.0699887 0.99463 -0.0312113 -0.58778 -0.58778 1 0 -1.02199 -1.02199 0.0232058 -1.02199 -1.02199 0.0232058 0 0 0 0.140103 -0.175327 0.0504931 0.3 0.3
55 1 49.7502 -4.63488 -7.64609 35546 0.372384 0.0929513 0.78845 0.990514 -0.00365389 0.354435 0.821126 1 0 0.78646 0.397486 0.0163139 0.727028 0.43906 0.0163139 0 0 0 0.062285 0.0973683 0.0103557 0.3 0.3
55 2 49.7502 -1.21885 0.461333 37241.3 0.27339 0.881188 0.237057 0.998769 0.00016738 0.821126 0.354435 1 0 0.240028 0.541677 0.00143944 0.240028 0.541677 0.00143944 0 0 0 -0.0158605 -0.0437125 1.18629e-05 0.3 0.3
55 0 49.8002 9.5467 16.1182 38033.5 13.8576 -0.0888446 -0.123472 0.991821 -0.0424607 -0.604596 -0.604596 1 0 -1.01682 -1.01682 0.0254886 -1.01682 -1.01682 0.0254886 0 0 0 0.0924532 -0.113727 0.0799087 0.3 0.3
55 1 49.8002 -5.42111 -7.44839 35454.6 0.0616927 0.134239 0.821545 0.990062 -0.00210374 0.371251 0.837941 1 0 0.737437 0.362392 0.0161525 0.6997 0.389543 0.0161525 0 0 0 0.0722016 0.0795689 0.00708883 0.3 0.3
55 2 49.8002 -1.25351 0.572857 36898.2 -0.46743 0.897439 0.27243 0.999124 0.000932353 0.837941 0.371251 1 0 0.232542 0.501683 -0.000528602 0.232542 0.501683 -0.000528602 0 0 0 -0.0126576 -0.047666 -0.00156354 0.3 0.3
55 0 49.8502 9.79807 15.9594 38326.6 6.57273 -0.136773 -0.178209 0.989045 -0.0397093 -0.621143 -0.621143 1 0 -1.0116 -1.0116 0.0292228 -1.0116 -1.0116 0.0292228 0 0 0 0.0854302 -0.103397 0.075195 0.3 0.3
55 1 49.8502 -6.53764 -7.22708 35426.1 0.17276 0.176824 0.852696 0.989772 -0.00138556 0.387798 0.854488 1 0 0.692898 0.33729 0.0157859 0.677252 0.348889 0.0157859 0 0 0 0.0809178 0.0627878 0.00531729 0.3 0.3
55 2 49.8502 -0.913247 1.29495 37102.6 0.0296867 0.912762 0.307096 0.999511 0.000500039 0.854488 0.387798 1 0 0.236561 0.47282 -0.00127879 0.236561 0.47282 -0.00127879 0 0 0 -0.00232576 -0.0427465 -0.000950591 0.3 0.3
55 0 49.9002 10.2938 15.4808 38576.6 3.59848 -0.18608 -0.234047 0.986119 -0.0338165 -0.637418 -0.637418 1 0 -1.00613 -1.00613 0.0340654 -1.00613 -1.00613 0.0340654 0 0 0 0.0953196 -0.119708 0.0621277 0.3 0.3
55 1 49.9002 -7.22517 -7.52295 35134.8 0.522837 0.220388 0.881827 0.989865 -0.00162514 0.404073 0.870763 1 0 0.638652 0.307579 0.013721 0.638652 0.307579 0.013721 0 0 0 0.085425 0.047571 0.00528766 0.3 0.3
55 2 49.9002 -1.06729 1.11842 36833.2 0.0492308 0.927721 0.340692 1.00018 0.000242265 0.870763 0.404073 1 0 0.229823 0.434397 -0.00362563 0.229823 0.434397 -0.00362563 0 0 0 -0.000704655 -0.0419503 -0.000469854 0.3 0.3
55 0 49.9502 11.8004 12.7469 37532.7 4.74661 -0.237959 -0.290978 0.984016 -0.0302557 -0.653415 -0.653415 1 0 -1.00055 -0.936696 0.0328941 -1.00055 -0.936696 0.0328941 0 0 0 0.0826322 -0.0818073 0.0572393 0.3 0.3
55 1 49.9502 -8.3843 -8.02312 35185.3 -1.5335 0.264162 0.908773 0.990222 0.00158519 0.420069 0.88676 1 0 0.585577 0.283112 0.0119042 0.585577 0.283112 0.0119042 0 0 0 0.0936084 0.0338283 -0.0015897 0.3 0.3
55 2 49.9502 -0.727971 1.51019 37562.6 -1.20863 0.941888 0.373379 1.00044 0.00207946 0.88676 0.420069 1 0 0.226571 0.399662 -0.0018777 0.226571 0.399662 -0.0018777 0 0 0 0.0205854 -0.0181267 -0.0043459 0.3 0.3
55 0 50.0002 12.8927 11.1083 38216 3.62159 -0.290352 -0.348712 0.98196 -0.0265481 -0.669128 -0.669128 1 0 -0.958726 -0.859514 0.0355288 -0.958726 -0.859514 0.0355288 0 0 0 0.077525 -0.0764462 0.0502149 0.3 0.3
55 1 50.0002 -9.19378 -8.50515 35011.7 0.268226 0.308002 0.933401 0.990959 0.000369362 0.435783 0.902473 1 0 0.530746 0.26094 0.00899135 0.530746 0.26094 0.00899135 0 0 0 0.0928295 0.0125104 -0.000158443 0.3 0.3
55 2 50.0002 -1.25325 1.19615 36643.4 0.465108 0.956327 0.40438 1.00119 0.00050141 0.902473 0.435783 1 0 0.220885 0.365821 -0.00540874 0.220885 0.365821 -0.00540874 0 0 0 0.0227044 -0.0283719 -0.00132511 0.3 0.3
55 0 50.0502 15.237 9.69741 37604.5 1.10072 -0.343726 -0.406762 0.980541 -0.0194444 -0.684542 -0.684542 1 0 -0.888399 -0.781236 0.0343382 -0.888399 -0.781236 0.0343382 0 0 0 0.0526858 -0.0663412 0.0371775 0.3 0.3
55 1 50.0502 -10.0185 -8.7633 35085.5 -1.27252 0.351277 0.955854 0.991922 0.00205434 0.451197 0.917887 1 0 0.480112 0.245705 0.00647187 0.480112 0.245705 0.00647187 0 0 0 0.0880302 -0.0047831 -0.00432334 0.3 0.3
55 2 50.0502 -1.02561 1.58076 37043 0.345008 0.9704 0.434025 1.00193 -0.000299029 0.917887 0.451197 1 0 0.222172 0.340635 -0.00644178 0.222172 0.340635 -0.00644178 0 0 0 0.0236678 -0.0291315 0.000253382 0.3 0.3
55 0 50.1002 16.5539 8.42155 37854.8 2.74533 -0.397618 -0.464838 0.979414 -0.0174861 -0.699658 -0.699658 1 0 -0.816462 -0.702188 0.034458 -0.816462 -0.702188 0.034458 0 0 0 0.0401925 -0.0525522 0.0339366 0.3 0.3
55 1 50.1002 -10.3564 -9.19626 35179.3 -1.969 0.393602 0.976156 0.993006 0.00420924 0.466312 0.933003 1 0 0.426575 0.229607 0.00437322 0.426575 0.229607 0.00437322 0 0 0 0.0896829 -0.022731 -0.00944754 0.3 0.3
55 2 50.1002 -1.3541 1.0831 36774.2 1.07634 0.984628 0.461769 1.00293 -0.00201114 0.933003 0.466312 1 0 0.215329 0.310815 -0.00911255 0.215329 0.310815 -0.00911255 0 0 0 0.00877366 -0.0605325 0.00375854 0.3 0.3
55 0 50.1502 17.7748 7.45039 37698.7 2.45668 -0.451664 -0.522298 0.978696 -0.0155944 -0.714467 -0.714467 1 0 -0.743513 -0.623435 0.0334162 -0.743513 -0.623435 0.0334162 0 0 0 0.0190454 -0.0405965 0.0308112 0.3 0.3
55 1 50.1502 -10.7541 -9.68003 35207.6 -1.7312 0.434585 0.994281 0.994162 0.00512582 0.481122 0.947812 1 0 0.375843 0.217735 0.00239282 0.375843 0.217735 0.00239282 0 0 0 0.0830106 -0.0435255 -0.0120708 0.3 0.3
55 2 50.1502 -0.661743 1.48871 37405.6 0.363369 0.99777 0.488429 1.00357 -0.00204006 0.947812 0.481122 1 0 0.211637 0.284143 -0.00820557 0.211637 0.284143 -0.00820557 0 0 0 0.0117526 -0.0621415 0.00371688 0.3 0.3
55 0 50.2002 14.8933 10.227 37404.4 -0.682064 -0.504974 -0.578731 0.978479 -0.009078 -0.728967 -0.728967 1 0 -0.680195 -0.55558 0.0305868 -0.680195 -0.55558 0.0305868 0 0 0 -0.0114669 -0.0149889 0.018243 0.3 0.3
55 1 50.2002 -10.728 -9.98222 35222.2 -0.878111 0.473664 1.01064 0.995366 0.00428154 0.495622 0.962312 1 0 0.326895 0.207414 0.000496569 0.326895 0.207414 0.000496569 0 0 0 0.081557 -0.0586716 -0.0109685 0.3 0.3
55 2 50.2002 -0.879418 1.32936 37393.1 2.13522 1.01062 0.513678 1.00396 -0.00497713 0.962312 0.495622 1 0 0.206107 0.257539 -0.00745162 0.206107 0.257539 -0.00745162 0 0 0 0.01297 -0.0488018 0.00964092 0.3 0.3
55 0 50.2503 24.8918 0.266066 37646.3 -0.0975335 -0.55787 -0.633558 0.978737 -0.00591733 -0.74315 -0.74315 1 0 -0.599232 -0.470562 0.0289671 -0.599232 -0.470562 0.0289671 0 0 0 -0.0149407 -0.00177116 0.0118483 0.3 0.3
55 1 50.2503 -10.9139 -10.3699 35313.9 -0.933477 0.510627 1.02532 0.996507 0.00391359 0.509805 0.976495 1 0 0.28394 0.202341 -0.000843151 0.28394 0.202341 -0.000843151 0 0 0 0.0721242 -0.0717468 -0.0104269 0.3 0.3
55 2 50.2503 -0.984124 1.34231 37254.9 1.89314 1.02335 0.537413 1.00424 -0.00654281 0.976495 0.509805 1 0 0.206976 0.239704 -0.0073535 0.206976 0.239704 -0.0073535 0 0 0 0.0168606 -0.0448654 0.0127112 0.3 0.3
55 0 50.3002 19.134 6.38054 37431.2 0.73299 -0.609561 -0.686588 0.979336 -0.00527123 -0.756989 -0.756989 1 0 -0.528373 -0.397426 0.0259307 -0.528373 -0.397426 0.0259307 0 0 0 -0.0329545 0.0121847 0.0103433 0.3 0.3
55 1 50.3002 -10.8085 -10.6505 35184.8 -2.40998 0.545294 1.0385 0.997719 0.00615581 0.523644 0.990335 1 0 0.241086 0.196005 -0.00287025 0.241086 0.196005 -0.00287025 0 0 0 0.0684249 -0.0774819 -0.0149813 0.3 0.3
55 2 50.3002 -1.06336 1.07813 37104.8 2.56514 1.03594 0.55958 1.00456 -0.00876348 0.990335 0.523644 1 0 0.200519 0.216964 -0.00796854 0.200519 0.216964 -0.00796854 0 0 0 0.0194675 -0.0526689 0.0170213 0.3 0.3
55 0 50.3502 20.3831 5.0833 37452.3 -0.519283 -0.658932 -0.736726 0.980273 -0.00499881 -0.770509 -0.770509 1 0 -0.46078 -0.328532 0.022936 -0.46078 -0.328532 0.022936 0 0 0 -0.116982 0.0829523 0.00516308 0.3 0.3
55 1 50.3502 -10.5969 -10.9749 35263.4 -2.40192 0.577411 1.05032 0.998902 0.00777868 0.537164 1.00385 1 0 0.202594 0.192018 -0.00437613 0.202594 0.192018 -0.00437613 0 0 0 0.059179 -0.0816653 -0.0179958 0.3 0.3
55 2 50.3502 -1.01516 0.852564 37135.5 2.82783 1.04827 0.580125 1.00486 -0.0106567 1.00385 0.537164 1 0 0.195332 0.197798 -0.00834245 0.195332 0.197798 -0.00834245 0 0 0 0.02158 -0.0504016 0.0207779 0.3 0.3
55 0 50.4003 17.6646 8.0189 37244.5 -2.34528 -0.70633 -0.783805 0.982077 -0.00100636 -0.783694 -0.783694 1 0 -0.404186 -0.272083 0.0186714 -0.404186 -0.272083 0.0186714 0 0 0 -0.123862 0.103518 -0.00440565 0.3 0.3
55 1 50.4003 -10.138 -11.1807 35209.3 -0.386675 0.606785 1.06114 1.00011 0.00547259 0.550349 1.01704 1 0 0.166776 0.187753 -0.00615751 0.166776 0.187753 -0.00615751 0 0 0 0.0516276 -0.0887138 -0.0132517 0.3 0.3
55 2 50.4003 -1.13497 0.566473 36977.4 3.80704 1.06048 0.599028 1.0053 -0.0135063 1.01704 0.550349 1 0 0.187723 0.178811 -0.00959971 0.187723 0.178811 -0.00959971 0 0 0 0.0180843 -0.0468983 0.0265978 0.3 0.3
55 0 50.4502 25.1822 0.649543 36590.5 -0.988469 -0.750001 -0.826827 0.984002 0.00123769 -0.796526 -0.796526 1 0 -0.336621 -0.206016 0.0107341 -0.336621 -0.206016 0.0107341 0 0 0 -0.099379 0.0752793 -0.00622563 0.3 0.3
55 1 50.4502 -9.89376 -11.5068 35460.8 -0.164779 0.633373 1.071 1.00109 0.00360499 0.563181 1.02987 1 0 0.139795 0.18921 -0.00645037 0.139795 0.18921 -0.00645037 0 0 0 0.0460853 -0.0951972 -0.00941573 0.3 0.3
55 2 50.4502 -1.10472 0.481745 37093.7 3.57873 1.07243 0.616421 1.00572 -0.01503 1.02987 0.563181 1 0 0.188063 0.1699 -0.010144 0.188063 0.1699 -0.010144 0 0 0 0.0173774 -0.0513257 0.0296262 0.3 0.3
55 0 50.5002 19.457 6.79019 37762.8 -1.16256 -0.790907 -0.865956 0.986045 0.00137241 -0.809012 -0.809012 1 0 -0.281303 -0.153719 0.00932574 -0.281303 -0.153719 0.00932574 0 0 0 -0.111085 0.0947748 -0.00802554 0.3 0.3
55 1 50.5002 -9.36208 -11.5359 35438.8 -2.39843 0.657167 1.0802 1.00192 0.00616579 0.575667 1.04236 1 0 0.112016 0.186237 -0.00683919 0.112016 0.186237 -0.00683919 0 0 0 0.041409 -0.092962 -0.014274 0.3 0.3
55 2 50.5002 -1.15141 0.1476 37197.6 2.72667 1.08415 0.632315 1.00606 -0.0145941 1.04236 0.575667 1 0 0.179577 0.154323 -0.0101393 0.179577 0.154323 -0.0101393 0 0 0 0.0147482 -0.0487337 0.0288392 0.3 0.3
55 0 50.5503 20.2452 5.74571 38296.8 -4.42559 -0.828382 -0.901372 0.987443 0.00527498 -0.821156 -0.821156 1 0 -0.231145 -0.10706 0.010594 -0.231145 -0.10706 0.010594 0 0 0 -0.149168 0.1271 -0.0201107 0.3 0.3
55 1 50.5503 -8.87235 -11.798 35439.3 -2.42736 0.678114 1.08863 1.00261 0.00805192 0.58781 1.0545 1 0 0.0899393 0.185432 -0.00711309 0.0899393 0.185432 -0.00711309 0 0 0 0.0338197 -0.0879286 -0.0176098 0.3 0.3
55 2 50.5503 -1.19641 0.0103231 37525.1 3.43052 1.09567 0.646924 1.00603 -0.0154971 1.0545 0.58781 1 0 0.173359 0.142845 -0.00829719 0.173359 0.142845 -0.00829719 0 0 0 0.0137362 -0.0498271 0.0306635 0.3 0.3
55 0 50.6003 17.857 8.28648 37640.4 -1.67676 -0.862592 -0.933174 0.989151 0.00662838 -0.832922 -0.832922 1 0 -0.191387 -0.0710922 0.00828721 -0.191387 -0.0710922 0.00828721 0 0 0 -0.119422 0.0952494 -0.018994 0.3 0.3
55 1 50.6003 -8.37014 -11.7305 35237.4 -1.05573 0.696396 1.09677 1.00336 0.007005 0.599576 1.06627 1 0 0.0706828 0.18342 -0.0084229 0.0706828 0.18342 -0.0084229 0 0 0 0.0280097 -0.0874773 -0.0152509 0.3 0.3
55 2 50.6003 -1.35166 -0.162129 37427.1 2.15045 1.10709 0.660312 1.0058 -0.0139518 1.06627 0.599576 1 0 0.165583 0.131733 -0.00698988 0.165583 0.131733 -0.00698988 0 0 0 0.0126525 -0.0497955 0.0275986 0.3 0.3
55 0 50.6503 22.9274 3.72568 37145.9 -2.85221 -0.893409 -0.960849 0.990769 0.00779886 -0.844332 -0.844332 1 0 -0.145566 -0.0309186 0.00355134 -0.145566 -0.0309186 0.00355134 0 0 0 -0.129043 0.100699 -0.0221619 0.3 0.3
55 1 50.6503 -7.70416 -11.8618 35351.2 -0.417172 0.711964 1.10462 1.00403 0.00525995 0.610987 1.07768 1 0 0.0583067 0.184165 -0.00898623 0.0583067 0.184165 -0.00898623 0 0 0 0.0235799 -0.0884914 -0.011575 0.3 0.3
55 2 50.6503 -0.958491 -0.144949 37613.8 1.19053 1.11773 0.672819 1.00525 -0.0113362 1.07768 0.610987 1 0 0.162364 0.125335 -0.00455916 0.162364 0.125335 -0.00455916 0 0 0 0.0173066 -0.0322766 0.0223974 0.3 0.3
55 0 50.7002 18.7141 7.67378 37449.3 -4.51777 -0.921144 -0.985426 0.992687 0.0124048 -0.85536 -0.85536 1 0 -0.109721 -0.000442269 0.000641853 -0.109721 -0.000442269 0.000641853 0 0 0 -0.108033 0.0916575 -0.0298319 0.3 0.3
55 1 50.7002 -7.10681 -11.8544 35391.8 -0.979013 0.724997 1.11226 1.0046 0.00512551 0.622015 1.08871 1 0 0.046406 0.181435 -0.009308 0.046406 0.181435 -0.009308 0 0 0 0.0171879 -0.0836686 -0.0109799 0.3 0.3
55 2 50.7002 -1.65612 -0.730217 37212.2 1.41949 1.12881 0.683795 1.00477 -0.00991641 1.08871 0.622015 1 0 0.153266 0.116419 -0.00431039 0.153266 0.116419 -0.00431039 0 0 0 0.00592149 -0.0609335 0.019662 0.3 0.3
55 0 50.7502 19.0169 7.63099 37291.9 -5.38261 -0.945656 -1.0064 0.994787 0.0154972 -0.866022 -0.866022 1 0 -0.0786752 0.0245916 -0.00320241 -0.0786752 0.0245916 -0.00320241 0 0 0 -0.129999 0.103283 -0.0378312 0.3 0.3
55 1 50.7502 -6.48886 -11.7984 35369.9 0.726484 0.73572 1.1199 1.00511 0.00212093 0.632677 1.09937 1 0 0.0388834 0.179154 -0.00969966 0.0388834 0.179154 -0.00969966 0 0 0 0.0157006 -0.0828168 -0.00489616 0.3 0.3
55 2 50.7502 -1.06457 -0.496431 38016.1 0.767025 1.13898 0.694163 1.00364 -0.00795828 1.09937 0.632677 1 0 0.146548 0.109369 0.000533699 0.146548 0.109369 0.000533699 0 0 0 0.0093823 -0.0557879 0.0156613 0.3 0.3
55 0 50.8002 18.8017 7.99292 37614.1 -4.2385 -0.9673 -1.02428 0.996733 0.0172153 -0.876297 -0.876297 1 0 -0.0517512 0.045119 -0.00515978 -0.0517512 0.045119 -0.00515978 0 0 0 -0.103921 0.0929296 -0.0393526 0.3 0.3
55 1 50.8002 -5.85022 -11.708 35400.4 -1.46742 0.744104 1.12753 1.00553 0.00394142 0.642952 1.10964 1 0 0.0335607 0.175106 -0.00985782 0.0335607 0.175106 -0.00985782 0 0 0 0.00776057 -0.0727494 -0.00817056 0.3 0.3
55 2 50.8002 -1.18009 -0.902238 37215.6 -1.0046 1.14873 0.703371 1.00272 -0.00355311 1.10964 0.642952 1 0 0.138444 0.102181 0.000787569 0.138444 0.102181 0.000787569 0 0 0 0.00233181 -0.0640087 0.00703523 0.3 0.3
55 0 50.8502 18.3633 8.58132 37780 -5.11865 -0.986115 -1.03915 0.998414 0.0193821 -0.886201 -0.886201 1 0 -0.0289559 0.0612091 -0.00617896 -0.0289559 0.0612091 -0.00617896 0 0 0 -0.10076 0.0879325 -0.04329 0.3 0.3
55 1 50.8502 -5.32031 -11.6504 35336 -0.721333 0.750521 1.13519 1.00593 0.00380757 0.652856 1.11955 1 0 0.0334162 0.17285 -0.0103251 0.0334162 0.17285 -0.0103251 0 0 0 0.00697234 -0.06688 -0.00785271 0.3 0.3
55 2 50.8502 -0.980028 -0.866633 37457.5 -0.428848 1.15779 0.711945 1.00172 -0.00170369 1.11955 0.652856 1 0 0.134909 0.0994768 0.00258705 0.134909 0.0994768 0.00258705 0 0 0 0.00409489 -0.0619255 0.00328219 0.3 0.3
55 0 50.9002 18.0214 8.99731 37899 -5.71125 -1.00233 -1.05138 0.999764 0.0218824 -0.895708 -0.895708 1 0 -0.00978049 0.0736051 -0.00642016 -0.00978049 0.0736051 -0.00642016 0 0 0 -0.0953191 0.0846224 -0.0478958 0.3 0.3
55 1 50.9002 -4.72793 -11.4856 35498.4 -0.369396 0.755052 1.14297 1.00617 0.00308193 0.662363 1.12905 1 0 0.0335994 0.16752 -0.00983073 0.0335994 0.16752 -0.00983073 0 0 0 0.00936327 -0.0641141 -0.00646736 0.3 0.3
55 2 50.9002 -0.986461 -1.11087 37347.8 -1.15121 1.16633 0.719635 1.00077 0.000710527 1.12905 0.662363 1 0 0.128003 0.0940107 0.00367282 0.128003 0.0940107 0.00367282 0 0 0 0.00784752 -0.0564672 -0.00164325 0.3 0.3
55 0 50.9502 17.6482 9.65533 37904.7 -3.42422 -1.01623 -1.06113 1.00083 0.0200979 -0.904824 -0.904824 1 0 0.0062144 0.08254 -0.00648259 0.0062144 0.08254 -0.00648259 0 0 0 -0.0867881 0.0709301 -0.0433429 0.3 0.3
55 1 50.9502 -4.04943 -11.2969 35079.6 0.726693 0.757778 1.15095 1.00664 0.000848927 0.671479 1.13817 1 0 0.0364063 0.161389 -0.0116546 0.0364063 0.161389 -0.0116546 0 0 0 0.00713984 -0.0520448 -0.00188428 0.3 0.3
55 2 50.9502 -0.836658 -1.31841 37508.5 -1.16008 1.17421 0.726461 0.999723 0.00240806 1.13817 0.671479 1 0 0.121648 0.0894456 0.00563708 0.121648 0.0894456 0.00563708 0 0 0 0.00540929 -0.055511 -0.00496816 0.3 0.3
55 0 51.0002 17.3838 10.0822 37939.1 -5.29029 -1.02809 -1.06871 1.00161 0.0218951 -0.913544 -0.913544 1 0 0.0194847 0.0885409 -0.00618816 0.0194847 0.0885409 -0.00618816 0 0 0 -0.0781617 0.0686118 -0.0465368 0.3 0.3
55 1 51.0002 -3.60453 -11.1373 35625 -0.473121 0.759011 1.15908 1.0068 0.00134385 0.680199 1.14689 1 0 0.0404449 0.15371 -0.0103205 0.0404449 0.15371 -0.0103205 0 0 0 0.0065047 -0.0460569 -0.00283826 0.3 0.3
55 2 51.0002 -0.890034 -1.52397 37676.2 -2.68648 1.18166 0.732423 0.998451 0.00608069 1.14689 0.680199 1 0 0.114761 0.0850841 0.00847493 0.114761 0.0850841 0.00847493 0 0 0 0.00541111 -0.058215 -0.0123242 0.3 0.3
55 0 51.0503 17.0664 10.4707 37654.8 -4.18156 -1.03809 -1.07451 1.00241 0.0214763 -0.921865 -0.921865 1 0 0.0303306 0.0922381 -0.00733755 0.0303306 0.0922381 -0.00733755 0 0 0 -0.0629187 0.0625498 -0.0449673 0.3 0.3
55 1 51.0503 -3.13897 -10.8194 35439.2 0.153603 0.759097 1.16753 1.0069 0.000653558 0.688519 1.15521 1 0 0.0482368 0.147281 -0.0101255 0.0482368 0.147281 -0.0101255 0 0 0 0.00511373 -0.0326113 -0.00139068 0.3 0.3
55 2 51.0503 -0.47249 -1.52562 38119.5 -4.26775 1.18815 0.737929 0.996676 0.0109911 1.15521 0.688519 1 0 0.113006 0.0850004 0.013634 0.113006 0.0850004 0.013634 0 0 0 0.0189276 -0.0366625 -0.0223343 0.3 0.3
55 0 51.1002 16.7758 10.8283 37524.3 -4.85594 -1.0464 -1.07874 1.00329 0.0222376 -0.929773 -0.929773 1 0 0.0390922 0.0940827 -0.00905056 0.0390922 0.0940827 -0.00905056 0 0 0 -0.0627601 0.0524942 -0.0461643 0.3 0.3
55 1 51.1002 -2.89145 -10.7367 35694.3 -0.906549 0.758263 1.17599 1.0067 0.00193732 0.696428 1.16312 1 0 0.0540837 0.137323 -0.00839582 0.0540837 0.137323 -0.00839582 0 0 0 0.00594657 -0.0250224 -0.00394936 0.3 0.3
55 2 51.1002 -0.729199 -1.73708 37349.4 -2.61197 1.19436 0.742707 0.995135 0.011653 1.16312 0.696428 1 0 0.106084 0.0805196 0.0145112 0.106084 0.0805196 0.0145112 0 0 0 0.0175842 -0.0324945 -0.0235963 0.3 0.3
55 0 51.1502 16.5749 11.3062 37933.9 -3.55215 -1.05334 -1.08151 1.00389 0.0206309 -0.93728 -0.93728 1 0 0.0462842 0.0941815 -0.00841796 0.0462842 0.0941815 -0.00841796 0 0 0 -0.0527039 0.0501958 -0.0426154 0.3 0.3
55 1 51.1502 -2.52203 -10.516 35466.7 0.687438 0.756684 1.18455 1.00647 0.000115516 0.703934 1.17062 1 0 0.0612308 0.127235 -0.00792851 0.0612308 0.127235 -0.00792851 0 0 0 0.0136005 -0.0157894 -0.000338421 0.3 0.3
55 2 51.1502 -0.978023 -2.35771 36879.1 -3.81599 1.20058 0.746181 0.994181 0.0142879 1.17062 0.703934 1 0 0.099915 0.0790272 0.0129134 0.099915 0.0790272 0.0129134 0 0 0 -0.00414327 -0.0654808 -0.0284565 0.3 0.3
55 0 51.2002 16.3161 11.3464 37673.6 -4.12724 -1.059 -1.08346 1.00449 0.0206812 -0.944375 -0.944375 1 0 0.0520756 0.0936722 -0.00926022 0.0520756 0.0936722 -0.00926022 0 0 0 -0.0385394 0.040762 -0.0421672 0.3 0.3
55 1 51.2002 -2.23759 -10.2745 35412.3 0.980458 0.754557 1.19322 1.00625 -0.00158991 0.71103 1.17772 1 0 0.0685091 0.116153 -0.00766105 0.0685091 0.116153 -0.00766105 0 0 0 0.0188376 -0.0136777 0.0030512 0.3 0.3
55 2 51.2002 -0.28227 -1.7206 37982.8 -2.99923 1.20565 0.749933 0.992729 0.0144216 1.17772 0.71103 1 0 0.0947068 0.0760501 0.0174028 0.0947068 0.0760501 0.0174028 0 0 0 0.00598466 -0.0401584 -0.0289702 0.3 0.3
55 0 51.2502 16.2039 11.7941 38009.4 -3.51062 -1.06367 -1.08435 1.00477 0.0195375 -0.951054 -0.951054 1 0 0.0569058 0.0920668 -0.00809255 0.0569058 0.0920668 -0.00809255 0 0 0 -0.0350783 0.041232 -0.0398152 0.3 0.3
55 1 51.2502 -2.04177 -10.2568 35495.1 0.313556 0.752108 1.20165 1.00597 -0.00158313 0.717709 1.1844 1 0 0.076254 0.105405 -0.0069189 0.076254 0.105405 -0.0069189 0 0 0 0.0252334 -0.00691686 0.00307926 0.3 0.3
55 2 51.2502 -0.475951 -2.09897 37713.8 -2.06297 1.21037 0.753138 0.991198 0.0130526 1.1844 0.717709 1 0 0.0907917 0.0747032 0.020009 0.0907917 0.0747032 0.020009 0 0 0 0.00555984 -0.0317983 -0.0261977 0.3 0.3
55 0 51.3002 15.8446 12.0068 37691.2 -2.08921 -1.06726 -1.08457 1.00508 0.0163945 -0.957318 -0.957318 1 0 0.0607176 0.0901384 -0.00869435 0.0607176 0.0901384 -0.00869435 0 0 0 -0.0362161 0.0390237 -0.0335089 0.3 0.3
55 1 51.3002 -1.85233 -9.9613 35384.3 1.0709 0.749411 1.21009 1.00573 -0.00280232 0.723972 1.19066 1 0 0.0829925 0.0932059 -0.00680967 0.0829925 0.0932059 -0.00680967 0 0 0 0.0293463 0.00113743 0.00562193 0.3 0.3
55 2 51.3002 -0.796003 -2.51023 37224.9 -2.08434 1.21517 0.755423 0.990004 0.0123194 1.19066 0.723972 1 0 0.0846217 0.0728103 0.0199691 0.0846217 0.0728103 0.0199691 0 0 0 -0.00933167 -0.0501835 -0.0244133 0.3 0.3
55 0 51.3502 15.7618 12.1134 37712.9 -2.55978 -1.0701 -1.08433 1.00538 0.0152157 -0.963161 -0.963161 1 0 0.0640045 0.0881957 -0.00903362 0.0640045 0.0881957 -0.00903362 0 0 0 -0.0267828 0.0322589 -0.0308713 0.3 0.3
55 1 51.3502 -1.86229 -10.0376 35581.1 0.904945 0.7468 1.21809 1.00535 -0.00335692 0.729815 1.19651 1 0 0.0888977 0.0810834 -0.00558385 0.0888977 0.0810834 -0.00558385 0 0 0 0.0355258 0.00278288 0.00676436 0.3 0.3
55 2 51.3502 -0.156931 -2.01402 37778.6 -2.72719 1.21892 0.757959 0.988593 0.0126735 1.19651 0.729815 1 0 0.079691 0.0699512 0.0230205 0.079691 0.0699512 0.0230205 0 0 0 0.000853846 -0.0343125 -0.0253661 0.3 0.3
55 0 51.4002 15.371 12.2103 37813 -2.735 -1.07217 -1.08362 1.00552 0.0147026 -0.968582 -0.968582 1 0 0.0662621 0.0864371 -0.00879706 0.0662621 0.0864371 -0.00879706 0 0 0 -0.0202623 0.028222 -0.0296967 0.3 0.3
55 1 51.4002 -1.74009 -9.88049 35619.1 0.715804 0.744185 1.22577 1.00483 -0.00335906 0.735237 1.20193 1 0 0.0939743 0.0686486 -0.0041877 0.0939743 0.0686486 -0.0041877 0 0 0 0.0401351 0.00878461 0.00689586 0.3 0.3
55 2 51.4002 -0.485513 -2.18041 37392.7 -0.667775 1.22257 0.760216 0.987382 0.00956392 1.20193 0.735237 1 0 0.073898 0.0665222 0.0236996 0.073898 0.0665222 0.0236996 0 0 0 -0.00111381 -0.0280489 -0.0191144 0.3 0.3
55 0 51.4502 15.7636 12.5681 37909.2 -1.57027 -1.07368 -1.08256 1.00561 0.0124071 -0.973577 -0.973577 1 0 0.0693085 0.0844005 -0.00801405 0.0693085 0.0844005 -0.00801405 0 0 0 -0.0177043 0.0244891 -0.0250345 0.3 0.3
55 1 51.4502 -1.74067 -9.86488 35527.5 1.99012 0.741795 1.23298 1.00429 -0.00548789 0.740232 1.20692 1 0 0.0982703 0.0566239 -0.00329063 0.0982703 0.0566239 -0.00329063 0 0 0 0.0412113 0.0118939 0.0112235 0.3 0.3
55 2 51.4502 -0.504707 -2.43682 37530.3 -2.04096 1.226 0.761927 0.986216 0.00976846 1.20692 0.740232 1 0 0.0687241 0.0642664 0.0251492 0.0687241 0.0642664 0.0251492 0 0 0 0.000522283 -0.0226603 -0.0195444 0.3 0.3
55 0 51.5002 15.3023 12.4818 37695.9 -2.13723 -1.07466 -1.08123 1.00569 0.0117822 -0.978146 -0.978146 1 0 0.0717386 0.0829203 -0.00838767 0.0717386 0.0829203 -0.00838767 0 0 0 -0.0240904 0.020502 -0.0238149 0.3 0.3
55 1 51.5002 -1.83743 -9.75076 35422.7 1.59844 0.739765 1.2398 1.00381 -0.00623901 0.744801 1.21149 1 0 0.101058 0.0443742 -0.00294899 0.101058 0.0443742 -0.00294899 0 0 0 0.0425381 0.0153744 0.0128083 0.3 0.3
55 2 51.5002 -0.796064 -2.42997 36840.9 -0.613971 1.22957 0.763299 0.985695 0.00780642 1.21149 0.744801 1 0 0.0617815 0.0610685 0.0226343 0.0617815 0.0610685 0.0226343 0 0 0 -0.018727 -0.0574635 -0.0150819 0.3 0.3
55 0 51.5503 15.4688 12.5226 37988.3 -3.20967 -1.07534 -1.07968 1.00555 0.013198 -0.982287 -0.982287 1 0 0.0744417 0.0818175 -0.00705448 0.0744417 0.0818175 -0.00705448 0 0 0 -0.0154458 0.0232136 -0.0265786 0.3 0.3
55 1 51.5503 -2.07599 -9.70702 35248.5 1.10414 0.738277 1.24615 1.00354 -0.00592157 0.748942 1.21563 1 0 0.101777 0.0317712 -0.00357803 0.101777 0.0317712 -0.00357803 0 0 0 0.045914 0.0161791 0.0122182 0.3 0.3
55 2 51.5503 -0.348053 -2.03507 37962.1 0.5887 1.23239 0.76497 0.984703 0.00421118 1.21563 0.748942 1 0 0.0550535 0.0562984 0.0263629 0.0550535 0.0562984 0.0263629 0 0 0 -0.0146371 -0.048366 -0.00807103 0.3 0.3
55 0 51.6003 15.2836 12.603 37547.7 -1.31672 -1.07555 -1.07797 1.00562 0.0109546 -0.986 -0.986 1 0 0.0771126 0.0812302 -0.00821161 0.0771126 0.0812302 -0.00821161 0 0 0 -0.0200373 0.0184262 -0.0220963 0.3 0.3
55 1 51.6003 -2.27451 -9.77947 35303.5 1.1783 0.737344 1.25183 1.00337 -0.00572225 0.752655 1.21935 1 0 0.10082 0.0195644 -0.00391921 0.10082 0.0195644 -0.00391921 0 0 0 0.0425968 0.0292905 0.0120724 0.3 0.3
55 2 51.6003 -0.58503 -2.38228 37409.7 -0.0277468 1.23507 0.766123 0.983878 0.00296403 1.21935 0.752655 1 0 0.0478315 0.0516596 0.0266574 0.0478315 0.0516596 0.0266574 0 0 0 -0.0179165 -0.0534304 -0.00545165 0.3 0.3
55 0 51.6502 15.3594 12.7202 37846.7 -1.67075 -1.07555 -1.07602 1.00558 0.0100805 -0.989271 -0.989271 1 0 0.0801818 0.0809866 -0.00759392 0.0801818 0.0809866 -0.00759392 0 0 0 -0.0125272 0.0228532 -0.0203061 0.3 0.3
55 1 51.6502 -2.30726 -9.74117 35688.5 0.0936334 0.736702 1.25688 1.00298 -0.00383584 0.755926 1.22262 1 0 0.0994895 0.00856772 -0.00220226 0.0994895 0.00856772 -0.00220226 0 0 0 0.0475403 0.0299217 0.00838616 0.3 0.3
55 2 51.6502 -0.228136 -1.85695 37891.3 0.780779 1.23698 0.767725 0.982775 0.000529814 1.22262 0.755926 1 0 0.042655 0.047012 0.0296996 0.042655 0.047012 0.0296996 0 0 0 0.00128371 -0.031063 -0.0010797 0.3 0.3
55 0 51.7002 15.3033 12.5935 37573.4 -1.69104 -1.07524 -1.07411 1.0057 0.00954017 -0.992114 -0.992114 1 0 0.0835075 0.0815849 -0.00857505 0.0835075 0.0815849 -0.00857505 0 0 0 -0.0140106 0.0132615 -0.0191744 0.3 0.3
55 1 51.7002 -2.58367 -9.8722 35588 1.96211 0.736572 1.26115 1.00251 -0.00574691 0.758769 1.22546 1 0 0.0955906 -0.00281354 -0.00112186 0.0955906 -0.00281354 -0.00112186 0 0 0 0.0516499 0.0244429 0.01213 0.3 0.3
55 2 51.7002 -0.64094 -2.46312 37020 0.743258 1.23896 0.768456 0.982202 -0.000838382 1.22546 0.758769 1 0 0.0349359 0.0414147 0.027783 0.0349359 0.0414147 0.027783 0 0 0 -0.00485483 -0.0331121 0.00175738 0.3 0.3
55 0 51.7502 15.3823 12.6396 37969.1 -2.14829 -1.07475 -1.07206 1.00559 0.00992424 -0.994521 -0.994521 1 0 0.0872787 0.0826979 -0.00729391 0.0872787 0.0826979 -0.00729391 0 0 0 -0.0141334 0.0133239 -0.0199439 0.3 0.3
55 1 51.7502 -2.93647 -9.85144 35657.6 1.13687 0.737091 1.26477 1.0019 -0.0056814 0.761176 1.22787 1 0 0.0900632 -0.0136193 0.000397551 0.0900632 -0.0136193 0.000397551 0 0 0 0.0583574 0.0174067 0.0118762 0.3 0.3
55 2 51.7502 -0.594302 -2.09991 37425.1 1.23049 1.24067 0.769215 0.981684 -0.00261614 1.22787 0.761176 1 0 0.0273419 0.0354486 0.0282319 0.0273419 0.0354486 0.0282319 0 0 0 -0.00247877 -0.0329081 0.00527379 0.3 0.3
52 0 51.8002 -22.8891 52.3656 10000 -2.95387 -1.07417 -1.07016 1.00538 0.0115637 -1 -1 0.3 0 -1 -1 -2.53137 -1 -1 -2.53137 0 0 0 -0.00405818 0.00897435 -0.0231464 0.3 0.3
52 1 51.8002 -22.3367 -39.3158 10000 0.278486 0.738132 1.26778 1.00147 -0.00411355 0.766655 1.23335 0.3 0 -0.455136 0.789642 -2.54767 -0.455136 0.789642 -2.54767 0 0 0 0.0493478 0.0246804 0.00883937 0.3 0.3
52 2 51.8002 8.92062 -7.05544 10000 3.09163 1.24235 0.769616 0.981425 -0.0067157 1.23335 0.766655 0.3 0 0.286538 0.167152 -2.64599 0.286538 0.167152 -2.64599 0 0 0 -0.0149849 -0.054743 0.0138472 0.3 0.3
52 0 51.8503 33.418 -6.71399 15000 2.648 -1.0735 -1.0683 1.0044 0.00327753 -1 -1 0.325023 0 0.00322924 0.026733 -0.56 0.00322924 0.026733 -0.56 0 0 0 0.0173858 -0.00513778 -0.00660001 0.3 0.3
52 1 51.8503 5.23395 2.96382 15000 -2.3512 0.739298 1.27029 1.00017 0.000945593 0.766655 1.23335 0.325023 0 0.0185285 0.0575602 -0.56 0.0185285 0.0575602 -0.56 0 0 0 0.0389343 -0.002957 -0.00194912 0.3 0.3
52 2 51.8503 -5.41119 1.06335 15000 2.94275 1.24296 0.770335 0.98009 -0.00947753 1.23335 0.766655 0.325023 0 0.0149932 0.0159103 -0.56 0.0149932 0.0159103 -0.56 0 0 0 -0.00715091 -0.023567 0.0190411 0.3 0.3
52 0 51.9002 13.7142 13.8188 20000 1.24772 -1.07427 -1.06876 0.998755 -0.00703972 -1 -1 0.349993 0 -0.0152027 -0.00880464 -0.56 -0.0152027 -0.00880464 -0.56 0 0 0 0.190077 -0.151033 -0.000241116 0.3 0.3
52 1 51.9002 -4.27525 -11.2048 20000 -5.74371 0.740046 1.27369 0.99233 0.0126454 0.766655 1.23335 0.349993 0 0.0150058 0.0680033 -0.56 0.0150058 0.0680033 -0.56 0 0 0 -0.104675 -0.093818 -0.0204356 0.3 0.3
52 2 51.9002 -0.275757 -1.85547 20000 4.00433 1.24437 0.770464 0.974245 -0.0127617 1.23335 0.766655 0.349993 0 0.0280385 0.00271504 -0.56 0.0280385 0.00271504 -0.56 0 0 0 -0.0517485 -0.0195108 0.0260389 0.3 0.3
52 0 51.9502 27.55 -1.77217 25000 -13.1798 -1.07804 -1.07294 0.982472 -0.0246749 -1 -1 0.374995 0 1.13266 1.12399 -0.56 0.31779 0.322546 -0.56 0 0 0 0.480754 -0.386093 -0.0440391 0.3 0.3
52 1 51.9502 -1.43533 5.38145 25000 -10.7856 0.739317 1.27914 0.97815 0.0328116 0.766655 1.23335 0.374995 0 0.574564 -0.877719 -0.56 0.0547076 -0.356087 -0.56 0 0 0 -0.213675 -0.155393 -0.0495104 0.3 0.3
52 2 51.9502 -9.9559 1.13182 25000 7.17657 1.24555 0.771174 0.959459 -0.020412 1.23335 0.766655 0.374995 0 -0.239589 -0.0833528 -0.56 -0.239589 -0.0833528 -0.56 0 0 0 -0.0428656 -0.0184111 0.0412326 0.3 0.3
52 0 52.0002 17.2155 9.62034 30000 -7.80911 -1.08548 -1.08148 0.953868 -0.0526751 -1 -1 0.399995 0 0.155316 0.148524 -0.56 0.155316 0.148524 -0.56 0 0 0 0.599903 -0.535832 -0.0553947 0.3 0.3
52 1 52.0002 -2.59987 -11.0849 30000 -12.9257 0.736841 1.2872 0.960168 0.0407614 0.766655 1.23335 0.399995 0 0.0559638 -0.0995523 -0.56 0.0559638 -0.0995523 -0.56 0 0 0 -0.111133 -0.101702 -0.0761151 0.3 0.3
52 2 52.0002 3.16332 -2.73888 30000 6.02788 1.24681 0.772003 0.935504 -0.0237256 1.23335 0.766655 0.399995 0 -0.0250789 -0.00984855 -0.56 -0.0250789 -0.00984855 -0.56 0 0 0 -0.00424229 -0.0541372 0.0475879 0.3 0.3
52 0 52.0502 21.5311 6.61924 35000 33.8414 -1.09722 -1.09461 0.914892 -0.0717954 -1 -1 0.424997 0 0.165376 0.160942 -0.56 0.165376 0.160942 -0.56 0 0 0 0.332678 -0.429631 0.0758353 0.3 0.3
52 1 52.0502 -1.43116 -6.44516 35000 -8.33942 0.732369 1.29544 0.936966 0.0380885 0.766655 1.23335 0.424997 0 0.058338 -0.10564 -0.56 0.058338 -0.10564 -0.56 0 0 0 0.140701 -0.0304701 -0.0785407 0.3 0.3
52 2 52.0502 -0.990206 -1.93865 35000 5.53006 1.24783 0.772197 0.903974 -0.0254739 1.23335 0.766655 0.424997 0 -0.0246466 -0.00942995 -0.56 -0.0246466 -0.00942995 -0.56 0 0 0 0.0159706 -0.109194 0.0501582 0.3 0.3
52 0 52.1003 23.7011 6.70419 40000 29.9713 -1.11352 -1.11158 0.867341 -0.0737452 -1 -1 0.450006 0 0.192989 0.189689 -0.56 0.192989 0.189689 -0.56 0 0 0 -0.0461608 -0.112144 0.150488 0.3 0.3
52 1 52.1003 -1.06349 -6.49151 40000 -2.95629 0.726985 1.30323 0.906067 0.0307752 0.766655 1.23335 0.450006 0 0.0674385 -0.118797 -0.56 0.0674385 -0.118797 -0.56 0 0 0 0.160086 -0.00565549 -0.0622119 0.3 0.3
52 2 52.1003 -0.306236 -2.0411 40000 5.13081 1.24768 0.771909 0.866408 -0.0251096 1.23335 0.766655 0.450006 0 -0.0243763 -0.00893213 -0.56 -0.0243763 -0.00893213 -0.56 0 0 0 -0.00496697 -0.10145 0.0505414 0.3 0.3
52 0 52.1503 25.2237 6.20019 45000 3.48907 -1.13292 -1.1291 0.816572 -0.0605761 -1 -1 0.475011 0 0.225972 0.219467 -0.185998 0.225972 0.219467 -0.185998 0 0 0 -0.239085 0.0851187 0.111978 0.3 0.3
52 1 52.1503 -0.813637 -7.63685 38975.5 -1.07614 0.721156 1.30884 0.872524 0.0219315 0.766655 1.23335 0.475011 0 0.0773471 -0.128337 -0.544067 0.0773471 -0.128337 -0.544067 0 0 0 0.111712 -0.0204544 -0.0450811 0.3 0.3
52 2 52.1503 -0.0584921 -2.57762 45000 4.92852 1.24673 0.770634 0.824999 -0.0248619 1.23335 0.766655 0.475011 0 -0.0227532 -0.00676496 -0.239467 -0.0227532 -0.00676496 -0.239467 0 0 0 -0.0113232 -0.0648856 0.0501234 0.3 0.3
52 0 52.2002 25.0326 7.35277 48617.8 5.77272 -1.15262 -1.14382 0.768056 -0.0491566 -1 -1 0.499994 0 0.259446 0.24449 -0.0075548 0.259446 0.24449 -0.0075548 0 0 0 -0.13356 0.0707966 0.0938975 0.3 0.3
52 1 52.2002 -0.96802 -8.86277 43975.5 2.11585 0.715804 1.31151 0.841938 0.0111815 0.766655 1.23335 0.499994 0 0.0864456 -0.132877 -0.20082 0.0864456 -0.132877 -0.20082 0 0 0 0.153022 -0.00743655 -0.0229993 0.3 0.3
52 2 52.2002 0.5483 -2.20331 49446.1 2.73117 1.24452 0.769467 0.782746 -0.0213532 1.23335 0.766655 0.499994 0 -0.0189907 -0.00478014 -0.0597179 -0.0189907 -0.00478014 -0.0597179 0 0 0 0.0118928 -0.0334695 0.0425174 0.3 0.3
52 0 52.2503 24.1344 8.92656 43018.2 4.41029 -1.17037 -1.15374 0.723184 -0.039541 -1 -1 0.525008 0 0.289626 0.261354 0.0717873 0.289626 0.261354 0.0717873 0 0 0 -0.0561701 0.0670242 0.0772948 0.3 0.3
52 1 52.2503 -0.253449 -9.53515 38299.3 3.03403 0.710122 1.31176 0.813373 0.00292437 0.766655 1.23335 0.525008 0 0.0961056 -0.133304 -0.135925 0.0961056 -0.133304 -0.135925 0 0 0 0.114527 0.0111941 -0.00521671 0.3 0.3
52 2 52.2503 0.407936 -3.18008 42069.9 2.79029 1.24207 0.766989 0.743552 -0.0188629 1.23335 0.766655 0.525008 0 -0.0148324 -0.000568247 0.0150012 -0.0148324 -0.000568247 0.0150012 0 0 0 0.00416113 -0.0438246 0.037646 0.3 0.3
52 0 52.3002 23.3875 9.02027 39783.2 -1.30438 -1.18501 -1.15974 0.684629 -0.0269993 -1 -1 0.549994 0 0.314521 0.271558 0.129405 0.314521 0.271558 0.129405 0 0 0 -0.101235 0.138035 0.0471991 0.3 0.3
52 1 52.3002 -0.72229 -10.5221 33661.2 5.36762 0.705574 1.30944 0.790953 -0.00671333 0.766655 1.23335 0.549994 0 0.103837 -0.129356 -0.100107 0.103837 -0.129356 -0.100107 0 0 0 0.114411 0.0166892 0.014405 0.3 0.3
52 2 52.3002 0.717857 -3.22531 38548.8 0.741857 1.2391 0.764013 0.710187 -0.0138628 1.23335 0.766655 0.549994 0 -0.00978625 0.00449116 0.0676875 -0.00978625 0.00449116 0.0676875 0 0 0 0.0100734 -0.0312127 0.0275731 0.3 0.3
52 0 52.3502 22.7837 8.65839 38488.2 -1.30559 -1.19639 -1.16333 0.652687 -0.0153188 -1 -1 0.574994 0 0.333868 0.277661 0.175935 0.333868 0.277661 0.175935 0 0 0 -0.0576878 0.124714 0.0271083 0.3 0.3
52 1 52.3502 -0.609443 -11.2098 33965 4.12355 0.70173 1.30502 0.77339 -0.0109272 0.766655 1.23335 0.574994 0 0.110371 -0.121841 -0.065037 0.110371 -0.121841 -0.065037 0 0 0 0.0914081 0.032132 0.0233502 0.3 0.3
52 2 52.3502 1.12999 -3.51904 37614.4 0.836596 1.23543 0.760491 0.682651 -0.0105696 1.23335 0.766655 0.574994 0 -0.00354364 0.0104791 0.111891 -0.00354364 0.0104791 0.111891 0 0 0 -0.00135928 -0.0387158 0.0211698 0.3 0.3
52 0 52.4003 21.6805 9.08047 39588.3 -1.50815 -1.2039 -1.16438 0.625681 -0.00813693 -1 -1 0.600008 0 0.346633 0.279444 0.224012 0.346633 0.279444 0.224012 0 0 0 -0.0502235 0.130124 0.0130407 0.3 0.3
52 1 52.4003 -0.676335 -11.6025 35254.6 7.72914 0.698853 1.29924 0.759121 -0.0200751 0.766655 1.23335 0.600008 0 0.115264 -0.112015 -0.0264374 0.115264 -0.112015 -0.0264374 0 0 0 0.0760575 0.0302547 0.0413377 0.3 0.3
52 2 52.4003 1.3626 -3.67573 39527.8 0.68887 1.23126 0.756664 0.658682 -0.0081326 1.23335 0.766655 0.600008 0 0.00354019 0.0169846 0.16262 0.00354019 0.0169846 0.16262 0 0 0 -0.00675809 -0.0410456 0.0164076 0.3 0.3
52 0 52.4502 20.916 8.78956 41477.2 -3.26666 -1.20788 -1.16403 0.601669 0.000106261 -1 -1 0.624995 0 0.353402 0.278859 0.277776 0.353402 0.278859 0.277776 0 0 0 -0.0307236 0.128785 -0.00219426 0.3 0.3
52 1 52.4502 -0.947547 -11.8129 37430 9.22236 0.697268 1.29278 0.746076 -0.0285336 0.766655 1.23335 0.624995 0 0.117957 -0.101031 0.0206654 0.117957 -0.101031 0.0206654 0 0 0 0.0517351 0.0459939 0.0582993 0.3 0.3
52 2 52.4502 1.54099 -3.79722 41335.6 -0.0640464 1.22678 0.75271 0.63663 -0.00529818 1.23335 0.766655 0.624995 0 0.0111645 0.0237065 0.218905 0.0111645 0.0237065 0.218905 0 0 0 -0.00762996 -0.0330238 0.0107239 0.3 0.3
52 0 52.5002 20.0816 8.78039 42016.7 -3.82598 -1.20857 -1.16257 0.580159 0.00653245 -1 -1 0.649988 0 0.354563 0.276369 0.330327 0.354563 0.276369 0.330327 0 0 0 -0.0196723 0.115864 -0.0142285 0.3 0.3
52 1 52.5002 -0.977738 -12.0506 38870.9 7.4419 0.69654 1.28589 0.733163 -0.0313523 0.766655 1.23335 0.649988 0 0.119196 -0.0893266 0.0727443 0.119196 -0.0893266 0.0727443 0 0 0 0.0379372 0.0494052 0.0636829 0.3 0.3
52 2 52.5002 1.82025 -3.98721 41531 -0.583003 1.22191 0.748611 0.616392 -0.00249361 1.23335 0.766655 0.649988 0 0.0194345 0.030675 0.27251 0.0194345 0.030675 0.27251 0 0 0 -0.0136782 -0.0297837 0.0051916 0.3 0.3
52 0 52.5503 19.1103 8.57057 41571.4 -5.86911 -1.20598 -1.16044 0.561507 0.0142622 -1 -1 0.675008 0 0.350166 0.272754 0.377103 0.350166 0.272754 0.377103 0 0 0 -0.00894814 0.104695 -0.0290336 0.3 0.3
52 1 52.5503 -1.08232 -11.9646 38676.7 6.77979 0.696471 1.27924 0.720979 -0.0322917 0.766655 1.23335 0.675008 0 0.119313 -0.0780225 0.122003 0.119313 -0.0780225 0.122003 0 0 0 0.0364363 0.0242433 0.0650518 0.3 0.3
52 2 52.5503 2.13717 -4.07741 41492.3 -0.843181 1.21667 0.744561 0.598266 -0.000256434 1.23335 0.766655 0.675008 0 0.0283406 0.0375594 0.323843 0.0283406 0.0375594 0.323843 0 0 0 -0.0133134 -0.0226112 0.000663436 0.3 0.3
52 0 52.6002 18.6972 8.57455 39252 -1.78312 -1.20051 -1.15785 0.546134 0.0129761 -1 -1 0.699994 0 0.342258 0.268747 0.407937 0.342258 0.268747 0.407937 0 0 0 -0.010767 0.101072 -0.0265311 0.3 0.3
52 1 52.6002 -1.69108 -11.5788 35743.9 6.6104 0.697753 1.27301 0.711297 -0.033197 0.766655 1.23335 0.699994 0 0.117399 -0.0683033 0.152451 0.117399 -0.0683033 0.152451 0 0 0 0.0173212 0.0318549 0.0666931 0.3 0.3
52 2 52.6002 1.59495 -3.79012 38409.6 0.547612 1.21178 0.740734 0.583288 -0.00100904 1.23335 0.766655 0.699994 0 0.035846 0.0434306 0.354202 0.035846 0.0434306 0.354202 0 0 0 -0.0223138 -0.0224276 0.00226857 0.3 0.3
52 0 52.6502 16.3567 8.89432 42688.8 -5.4698 -1.1923 -1.15501 0.534802 0.0174476 -1 -1 0.724996 0 0.326908 0.263517 0.455246 0.326908 0.263517 0.455246 0 0 0 -0.00404043 0.0848806 -0.0351 0.3 0.3
52 1 52.6502 -1.91916 -12.4741 37901.8 4.84725 0.699552 1.26719 0.704156 -0.029755 0.766655 1.23335 0.724996 0 0.114075 -0.0575291 0.193804 0.114075 -0.0575291 0.193804 0 0 0 0.0143753 0.0321107 0.0597588 0.3 0.3
52 2 52.6502 2.67408 -4.5493 42682.7 0.657691 1.20689 0.73701 0.571368 -0.00174705 1.23335 0.766655 0.724996 0 0.044974 0.0503964 0.406643 0.044974 0.0503964 0.406643 0 0 0 -0.0211267 -0.0199015 0.0037047 0.3 0.3
52 0 52.7002 16.6493 8.53886 39038.7 -4.60448 -1.18202 -1.15206 0.526632 0.0194407 -1 -1 0.749996 0 0.309428 0.258499 0.478554 0.309428 0.258499 0.478554 0 0 0 0.00459671 0.0678084 -0.0387503 0.3 0.3
52 1 52.7002 -1.86284 -11.5164 35423.9 5.17956 0.701661 1.26223 0.699545 -0.0285309 0.766655 1.23335 0.749996 0 0.11049 -0.0491053 0.218532 0.11049 -0.0491053 0.218532 0 0 0 0.002436 0.0228974 0.0571012 0.3 0.3
52 2 52.7002 2.12169 -4.06216 39204 0.352275 1.20219 0.733564 0.561833 -0.00170631 1.23335 0.766655 0.749996 0 0.0529611 0.0562539 0.435766 0.0529611 0.0562539 0.435766 0 0 0 -0.0257926 -0.0179022 0.00364394 0.3 0.3
52 0 52.7503 15.4499 8.82879 39921.6 -2.231 -1.16974 -1.14893 0.521599 0.0166419 -1 -1 0.775003 0 0.288555 0.253187 0.504937 0.288555 0.253187 0.504937 0 0 0 0.000851408 0.0559692 -0.0332746 0.3 0.3
52 1 52.7503 -2.38462 -11.4909 36212.7 3.84835 0.704445 1.2581 0.697109 -0.0254753 0.766655 1.23335 0.775003 0 0.105756 -0.0420882 0.246481 0.105756 -0.0420882 0.246481 0 0 0 -0.0049948 0.0207695 0.0509072 0.3 0.3
52 2 52.7503 2.2182 -4.20221 40010 0.461675 1.19787 0.730368 0.554891 -0.00190641 1.23335 0.766655 0.775003 0 0.060313 0.0616879 0.468395 0.060313 0.0616879 0.468395 0 0 0 -0.0279218 -0.0110291 0.00396724 0.3 0.3
52 0 52.8002 14.9586 8.70811 39840.6 -3.59399 -1.15632 -1.14596 0.519561 0.0171593 -1 -1 0.799994 0 0.265749 0.248126 0.527798 0.265749 0.248126 0.527798 0 0 0 0.00693408 0.0482882 -0.034163 0.3 0.3
52 1 52.8002 -2.11108 -11.0816 36675.1 3.43451 0.706943 1.25508 0.696301 -0.0227003 0.766655 1.23335 0.799994 0 0.101511 -0.0369429 0.274168 0.101511 -0.0369429 0.274168 0 0 0 -0.00236206 0.0165173 0.0453866 0.3 0.3
52 2 52.8002 2.14214 -4.22377 39817.6 0.578539 1.19404 0.727427 0.550489 -0.00221659 1.23335 0.766655 0.799994 0 0.0668215 0.0666876 0.49627 0.0668215 0.0666876 0.49627 0 0 0 -0.0270232 -0.010336 0.0045733 0.3 0.3
52 0 52.8502 14.2779 8.61169 40192.7 -2.90551 -1.14192 -1.14327 0.519942 0.0162606 -1 -1 0.824994 0 0.241263 0.243563 0.550164 0.241263 0.243563 0.550164 0 0 0 0.00365073 0.0374131 -0.0324601 0.3 0.3
52 1 52.8502 -2.76497 -10.8584 36949.9 2.20857 0.710063 1.253 0.69685 -0.0188295 0.766655 1.23335 0.824994 0 0.0962066 -0.033407 0.301627 0.0962066 -0.033407 0.301627 0 0 0 -0.00738453 0.0123774 0.0376165 0.3 0.3
52 2 52.8502 2.09816 -4.15906 40362.4 0.0176834 1.1907 0.724867 0.547999 -0.00146063 1.23335 0.766655 0.824994 0 0.0725042 0.0710396 0.525157 0.0725042 0.0710396 0.525157 0 0 0 -0.0308968 -0.0119828 0.00310679 0.3 0.3
52 0 52.9002 13.8205 8.77982 39970.9 -3.33564 -1.12697 -1.14052 0.522766 0.0164282 -1 -1 0.849986 0 0.215848 0.238884 0.568961 0.215848 0.238884 0.568961 0 0 0 0.00709188 0.0287642 -0.0327595 0.3 0.3
52 1 52.9002 -2.45207 -10.4853 37216.2 1.5096 0.712764 1.25192 0.69848 -0.0150342 0.766655 1.23335 0.849986 0 0.0916139 -0.0315799 0.328474 0.0916139 -0.0315799 0.328474 0 0 0 0.00370324 0.00203799 0.0300734 0.3 0.3
52 2 52.9002 1.84735 -4.20826 40100.7 -0.237468 1.18809 0.722549 0.547556 -0.000563221 1.23335 0.766655 0.849986 0 0.0769287 0.0749798 0.549583 0.0769287 0.0749798 0.549583 0 0 0 -0.033477 -0.00835579 0.00126649 0.3 0.3
52 0 52.9503 13.3479 8.64081 39785.4 -2.80573 -1.1117 -1.13803 0.52798 0.0156359 -1 -1 0.875011 0 0.189888 0.234646 0.584821 0.189888 0.234646 0.584821 0 0 0 0.00907433 0.0173644 -0.0311958 0.3 0.3
52 1 52.9503 -2.92559 -10.0661 36373.8 1.679 0.71579 1.25194 0.701973 -0.0128327 0.766655 1.23335 0.875011 0 0.0864708 -0.0316082 0.350344 0.0864708 -0.0316082 0.350344 0 0 0 -0.00310926 -0.000275314 0.0256666 0.3 0.3
52 2 52.9503 1.73977 -4.17524 39956.3 -2.21988 1.18612 0.720589 0.549249 0.00344512 1.23335 0.766655 0.875011 0 0.0802914 0.0783113 0.573626 0.0802914 0.0783113 0.573626 0 0 0 -0.0409955 -0.0191656 -0.0064991 0.3 0.3
52 0 53.0002 12.874 8.79983 39236.6 -0.474372 -1.09637 -1.13562 0.535807 0.0112248 -1 -1 0.899994 0 0.163826 0.230551 0.5957 0.163826 0.230551 0.5957 0 0 0 0.012785 0.0108967 -0.0223812 0.3 0.3
52 1 53.0002 -2.57975 -9.68235 36443.5 1.14143 0.718284 1.25295 0.707022 -0.0104595 0.766655 1.23335 0.899994 0 0.0822298 -0.0333306 0.369882 0.0822298 -0.0333306 0.369882 0 0 0 -0.000159349 -0.000203096 0.0209194 0.3 0.3
52 2 53.0002 1.76975 -3.79247 40279.3 -3.50951 1.18444 0.719452 0.552524 0.00807777 1.23335 0.766655 0.899994 0 0.0831365 0.0802446 0.595132 0.0831365 0.0802446 0.595132 0 0 0 -0.0330468 -0.00823423 -0.016022 0.3 0.3
52 0 53.0502 12.5298 8.69567 38997.7 -0.974794 -1.08121 -1.1335 0.546154 0.00908373 -1 -1 0.92498 0 0.138049 0.226954 0.603589 0.138049 0.226954 0.603589 0 0 0 0.00868894 -0.000807221 -0.0181714 0.3 0.3
52 1 53.0502 -2.72752 -9.49948 36167.7 1.08479 0.720642 1.25462 0.713784 -0.00879548 0.766655 1.23335 0.92498 0 0.0782221 -0.0361619 0.386838 0.0782221 -0.0361619 0.386838 0 0 0 0.00409614 -0.0140405 0.0175629 0.3 0.3
52 2 53.0502 1.36422 -3.97244 39435.2 -2.94228 1.18358 0.71851 0.558093 0.0103692 1.23335 0.766655 0.92498 0 0.0845997 0.0818469 0.610757 0.0845997 0.0818469 0.610757 0 0 0 -0.0390319 -0.0130175 -0.0204891 0.3 0.3
52 0 53.1003 13.2873 8.62347 40773 0.472158 -1.06643 -1.13156 0.558502 0.00524551 -1 -1 0.950006 0 0.115428 0.223959 0.619708 0.115428 0.223959 0.619708 0 0 0 0.00702312 -0.00852458 -0.0105212 0.3 0.3
52 1 53.1003 -2.51793 -9.11279 36431 -1.94643 0.722386 1.25701 0.72189 -0.00258616 0.766655 1.23335 0.950006 0 0.0752562 -0.0402371 0.403601 0.0752562 -0.0402371 0.403601 0 0 0 -5.24421e-05 -0.00197231 0.00517238 0.3 0.3
52 2 53.1003 1.44444 -3.61042 39912.3 -3.44108 1.18302 0.718286 0.565306 0.0127423 1.23335 0.766655 0.950006 0 0.0855499 0.0822278 0.627026 0.0855499 0.0822278 0.627026 0 0 0 -0.0394315 -0.017003 -0.0251559 0.3 0.3
52 0 53.1503 10.7164 8.95239 35737.8 1.59697 -1.05245 -1.12984 0.572876 0.000846891 -1 -1 0.975012 0 0.0891722 0.220727 0.595998 0.0891722 0.220727 0.595998 0 0 0 0.00250941 -0.00975752 -0.00170605 0.3 0.3
52 1 53.1503 -2.68215 -8.95421 36394.5 -1.97158 0.72393 1.25979 0.731253 0.00152838 0.766655 1.23335 0.975012 0 0.0726321 -0.0449535 0.419716 0.0726321 -0.0449535 0.419716 0 0 0 0.0126258 -0.00675808 -0.00309949 0.3 0.3
52 2 53.1503 1.45547 -3.35292 39610.5 -3.12161 1.18267 0.718778 0.574022 0.0137738 1.23335 0.766655 0.975012 0 0.0861409 0.0813897 0.636916 0.0861409 0.0813897 0.636916 0 0 0 -0.0392881 -0.0197797 -0.0271665 0.3 0.3
52 0 53.2002 12.2896 8.69619 37540.3 -0.0937728 -1.03911 -1.12826 0.589343 0.000731928 -1 -1 0.999972 0 0.0664938 0.218038 0.56 0.0664938 0.218038 0.56 0 0 0 -0.00147343 -0.0187301 -0.00145012 0.3 0.3
52 1 53.2002 -2.23387 -8.64953 36618.8 0.588886 0.724736 1.26306 0.741602 -9.29287e-06 0.766655 1.23335 0.999972 0 0.0712619 -0.0505134 0.434846 0.0712619 -0.0505134 0.434846 0 0 0 0.0140692 -0.0177315 -0.000106152 0.3 0.3
52 2 53.2002 1.28121 -3.17851 35695.9 -2.26961 1.18274 0.719851 0.584088 0.0130084 1.23335 0.766655 0.999972 0 0.0860343 0.0795667 0.56 0.0860343 0.0795667 0.56 0 0 0 -0.0389276 -0.0177432 -0.0256781 0.3 0.3
52 0 53.2502 11.9726 8.8687 37208.7 3.13907 -1.02681 -1.12673 0.606706 -0.00475808 -1 -1 1 0 0.0455832 0.215437 0.517113 0.0455832 0.215437 0.517113 0 0 0 0.00118033 -0.0233489 0.00950306 0.3 0.3
52 1 53.2502 -2.4424 -8.43654 28902.9 -2.4259 0.725413 1.26666 0.753097 0.00401122 0.766655 1.23335 1 0 0.0701109 -0.0566354 0.288382 0.0701109 -0.0566354 0.288382 0 0 0 0.0160777 -0.0174049 -0.00816295 0.3 0.3
52 2 53.2502 1.3407 -2.81458 39033.1 -2.9653 1.18294 0.721701 0.595294 0.0135961 1.23335 0.766655 1 0 0.0856912 0.076421 0.56 0.0856912 0.076421 0.56 0 0 0 -0.0381077 -0.01019 -0.0270041 0.3 0.3
52 0 53.3002 12.0337 8.82901 35542.7 0.0279475 -1.01565 -1.12522 0.624486 -0.0032247 -1 -1 1 0 0.0266 0.212877 0.436854 0.0266 0.212877 0.436854 0 0 0 0.00230577 -0.0226335 0.00642374 0.3 0.3
52 1 53.3002 -2.30917 -7.8898 33902.9 -3.60698 0.725715 1.27098 0.765618 0.00872786 0.766655 1.23335 1 0 0.0695969 -0.0639782 0.265699 0.0695969 -0.0639782 0.265699 0 0 0 0.0110433 -0.00607321 -0.0174898 0.3 0.3
52 2 53.3002 1.09634 -2.57295 37617.3 -2.31244 1.1836 0.724184 0.606832 0.0130391 1.23335 0.766655 1 0 0.0845612 0.0721999 0.516415 0.0845612 0.0721999 0.516415 0 0 0 -0.0370053 -0.0204813 -0.0257057 0.3 0.3
52 0 53.3503 11.8224 8.93089 38443 2.27315 -1.00528 -1.12366 0.641967 -0.00590252 -1 -1 1 0 0.00898292 0.210219 0.413857 0.00898292 0.210219 0.413857 0 0 0 -0.00401183 -0.0226811 0.0118514 0.3 0.3
52 1 53.3503 -2.07883 -7.91272 36399 -2.20481 0.725526 1.27533 0.776739 0.00940501 0.766655 1.23335 1 0 0.0699183 -0.0713715 0.256809 0.0699183 -0.0713715 0.256809 0 0 0 0.0257758 -0.0149458 -0.019005 0.3 0.3
52 2 53.3503 1.16326 -2.4145 37840.7 -2.11777 1.18438 0.727075 0.618312 0.0122432 1.23335 0.766655 1 0 0.0832405 0.0672861 0.476714 0.0832405 0.0672861 0.476714 0 0 0 -0.0299484 -0.0192449 -0.0242027 0.3 0.3
52 0 53.4002 11.7332 9.18389 39386.2 1.75957 -0.995695 -1.12173 0.658319 -0.00686472 -1 -1 1 0 -0.00731831 0.206949 0.396556 -0.00731831 0.206949 0.396556 0 0 0 -0.00650584 -0.0112113 0.0137663 0.3 0.3
52 1 53.4002 -1.81019 -7.50848 37564.5 -1.13901 0.724812 1.28009 0.785851 0.00818073 0.766655 1.23335 1 0 0.0711332 -0.0794727 0.254261 0.0711332 -0.0794727 0.254261 0 0 0 0.0226477 -0.0091061 -0.016466 0.3 0.3
52 2 53.4002 1.15205 -2.10581 38581.5 -4.18898 1.18524 0.730526 0.630068 0.0151274 1.23335 0.766655 1 0 0.0817836 0.0614191 0.459148 0.0817836 0.0614191 0.459148 0 0 0 -0.0208267 -0.0151359 -0.0301009 0.3 0.3
52 0 53.4502 12.4411 8.84716 41241.6 0.785239 -0.98713 -1.12002 0.673646 -0.00586101 -1 -1 1 0 -0.0206114 0.204196 0.390171 -0.0206114 0.204196 0.390171 0 0 0 -0.00975396 -0.0147864 0.0117947 0.3 0.3
52 1 53.4502 -1.85835 -7.4925 36794.3 -0.762871 0.724018 1.28481 0.793945 0.00670731 0.766655 1.23335 1 0 0.0724825 -0.0874855 0.24802 0.0724825 -0.0874855 0.24802 0 0 0 0.0259812 -0.00793318 -0.013519 0.3 0.3
52 2 53.4502 1.03182 -1.97411 38523.9 -3.62304 1.1863 0.734274 0.641999 0.0161477 1.23335 0.766655 1 0 0.0799836 0.055047 0.44159 0.0799836 0.055047 0.44159 0 0 0 -0.0193702 -0.0159134 -0.0321453 0.3 0.3
52 0 53.5003 11.0003 9.29487 36842.2 1.24554 -0.979181 -1.11795 0.687586 -0.00597235 -1 -1 1 0 -0.0353915 0.20051 0.35997 -0.0353915 0.20051 0.35997 0 0 0 -0.00871334 -0.0160814 0.0120153 0.3 0.3
52 1 53.5003 -1.68334 -6.942 35007.1 -3.80734 0.722914 1.29004 0.802671 0.0108599 0.766655 1.23335 1 0 0.0743602 -0.0963774 0.232776 0.0743602 -0.0963774 0.232776 0 0 0 0.0292859 -0.000997248 -0.0217371 0.3 0.3
52 2 53.5003 0.903586 -1.91742 38453.1 -3.57679 1.18761 0.738116 0.654151 0.0167667 1.23335 0.766655 1 0 0.0777422 0.0485154 0.423825 0.0777422 0.0485154 0.423825 0 0 0 -0.0152431 -0.0233105 -0.0333606 0.3 0.3
52 0 53.5502 11.9559 9.27889 39806.5 0.279013 -0.971934 -1.11557 0.701541 -0.0044373 -1 -1 1 0 -0.0477123 0.19647 0.348032 -0.0477123 0.19647 0.348032 0 0 0 -0.0103114 -0.0141345 0.00894784 0.3 0.3
52 1 53.5502 -1.71578 -6.96673 34073.1 -0.60199 0.721862 1.29513 0.812474 0.0082214 0.766655 1.23335 1 0 0.0761481 -0.105035 0.213303 0.0761481 -0.105035 0.213303 0 0 0 0.0259693 -0.00616618 -0.0165245 0.3 0.3
52 2 53.5502 1.03909 -1.7635 37757.7 -3.92177 1.18881 0.742014 0.666788 0.0177055 1.23335 0.766655 1 0 0.0757094 0.0418887 0.402798 0.0757094 0.0418887 0.402798 0 0 0 -0.0110237 -0.0213075 -0.0352979 0.3 0.3
52 0 53.6003 11.8832 9.22354 37594.6 0.959304 -0.965508 -1.11319 0.71627 -0.00452134 -1 -1 1 0 -0.0586356 0.192429 0.323612 -0.0586356 0.192429 0.323612 0 0 0 -0.0103951 -0.0229935 0.00916295 0.3 0.3
52 1 53.6003 -1.65842 -6.76998 34168.2 -2.00527 0.720803 1.30022 0.823101 0.00879159 0.766655 1.23335 1 0 0.0779485 -0.113693 0.194564 0.0779485 -0.113693 0.194564 0 0 0 0.0388973 -0.00586652 -0.0177009 0.3 0.3
52 2 53.6003 1.00639 -1.70992 38001.6 -4.77389 1.19 0.745912 0.679781 0.0197548 1.23335 0.766655 1 0 0.0736909 0.0352629 0.383367 0.0736909 0.0352629 0.383367 0 0 0 -0.0066097 -0.020894 -0.0394454 0.3 0.3
52 0 53.6502 11.768 9.57935 37297.2 1.43519 -0.959679 -1.11037 0.731656 -0.00542346 -1 -1 1 0 -0.0685458 0.187624 0.298713 -0.0685458 0.187624 0.298713 0 0 0 -0.00723697 -0.0124614 0.0108923 0.3 0.3
52 1 53.6502 -1.28793 -6.37789 35014.8 -0.176726 0.719362 1.30558 0.833572 0.00619565 0.766655 1.23335 1 0 0.0803977 -0.122807 0.180611 0.0803977 -0.122807 0.180611 0 0 0 0.0380105 0.00011636 -0.0123914 0.3 0.3
52 2 53.6502 0.981031 -1.74819 37998.5 -3.76647 1.19118 0.749574 0.692926 0.0194585 1.23335 0.766655 1 0 0.0716761 0.029037 0.36415 0.0716761 0.029037 0.36415 0 0 0 -0.00541646 -0.0262468 -0.038852 0.3 0.3
52 0 53.7002 11.8906 9.42648 36869.4 0.481017 -0.954574 -1.10759 0.747884 -0.00445831 -1 -1 1 0 -0.0772239 0.182897 0.271855 -0.0772239 0.182897 0.271855 0 0 0 0.00440603 -0.0259608 0.00886022 0.3 0.3
52 1 53.7002 -1.72467 -6.59506 35831.9 -0.837685 0.718482 1.31047 0.84325 0.00557201 0.766655 1.23335 1 0 0.081893 -0.131108 0.171248 0.081893 -0.131108 0.171248 0 0 0 0.0450381 0.00435137 -0.0110489 0.3 0.3
52 2 53.7002 1.03205 -1.7816 37940.9 -4.85131 1.19226 0.752958 0.706267 0.0210504 1.23335 0.766655 1 0 0.069837 0.0232837 0.344867 0.069837 0.0232837 0.344867 0 0 0 -0.00157346 -0.023954 -0.0420881 0.3 0.3
52 0 53.7502 11.8251 9.64054 37745 1.81257 -0.950026 -1.10461 0.763911 -0.00596519 -1 -1 1 0 -0.0849552 0.177843 0.250362 -0.0849552 0.177843 0.250362 0 0 0 -0.00110437 -0.0195489 0.0119418 0.3 0.3
52 1 53.7502 -1.38495 -6.34411 36302.9 -3.26912 0.717364 1.31519 0.851751 0.00913155 0.766655 1.23335 1 0 0.0837945 -0.139131 0.164898 0.0837945 -0.139131 0.164898 0 0 0 0.0502787 0.00103774 -0.018243 0.3 0.3
52 2 53.7502 0.933192 -1.60927 37633.2 -4.28174 1.19342 0.756268 0.719772 0.0211524 1.23335 0.766655 1 0 0.0678775 0.0176577 0.324486 0.0678775 0.0176577 0.324486 0 0 0 0.00179662 -0.0219211 -0.0423302 0.3 0.3
52 0 53.8002 11.9941 9.64041 37889.4 0.269544 -0.946184 -1.10158 0.779619 -0.00439604 -1 -1 1 0 -0.0914874 0.172678 0.229987 -0.0914874 0.172678 0.229987 0 0 0 -0.00722218 -0.0184799 0.00885928 0.3 0.3
52 1 53.8002 -1.42846 -6.34173 35648.8 0.692745 0.716383 1.31959 0.859892 0.00501678 0.766655 1.23335 1 0 0.0854613 -0.146615 0.155446 0.0854613 -0.146615 0.155446 0 0 0 0.0445862 0.0081508 -0.00985445 0.3 0.3
52 2 53.8002 0.898427 -1.97877 37534.9 -4.65177 1.1946 0.758893 0.733575 0.0218654 1.23335 0.766655 1 0 0.0658648 0.0131952 0.303955 0.0658648 0.0131952 0.303955 0 0 0 -0.00103163 -0.0222047 -0.0437256 0.3 0.3
52 0 53.8502 12.1829 9.57428 37747.4 -0.262289 -0.943093 -1.0986 0.795093 -0.00250197 -1 -1 1 0 -0.0967427 0.167624 0.209501 -0.0967427 0.167624 0.209501 0 0 0 -0.00223229 -0.0250581 0.00503232 0.3 0.3
52 1 53.8502 -1.62997 -6.20386 34970.8 -3.72462 0.71574 1.32375 0.868202 0.00963978 0.766655 1.23335 1 0 0.0865545 -0.153692 0.14296 0.0865545 -0.153692 0.14296 0 0 0 0.0492213 0.0121833 -0.0189861 0.3 0.3
52 2 53.8502 1.14939 -1.72994 37678.9 -5.53867 1.19542 0.761481 0.747381 0.0237878 1.23335 0.766655 1 0 0.0644652 0.00879627 0.284654 0.0644652 0.00879627 0.284654 0 0 0 0.00223993 -0.0265746 -0.0476141 0.3 0.3
52 0 53.9002 12.361 9.56246 37917.4 -0.0171481 -0.940757 -1.09571 0.810118 -0.00162855 -1 -1 1 0 -0.100714 0.162707 0.190728 -0.100714 0.162707 0.190728 0 0 0 -0.00369331 -0.0205956 0.00329531 0.3 0.3
52 1 53.9002 -1.32549 -6.54872 34983.3 1.09751 0.714961 1.32709 0.87657 0.00458404 0.766655 1.23335 1 0 0.0878795 -0.159368 0.131063 0.0878795 -0.159368 0.131063 0 0 0 0.0455884 0.00913329 -0.00896237 0.3 0.3
52 2 53.9002 0.841441 -1.91508 37510.2 -5.05731 1.19651 0.763636 0.76134 0.0243034 1.23335 0.766655 1 0 0.062617 0.00513185 0.264745 0.062617 0.00513185 0.264745 0 0 0 -0.000771171 -0.0262435 -0.0486056 0.3 0.3
52 0 53.9503 12.5516 9.54968 37282.5 0.17676 -0.939182 -1.09293 0.825233 -0.00136777 -1 -1 1 0 -0.103391 0.157984 0.169136 -0.103391 0.157984 0.169136 0 0 0 -0.00422287 -0.0240212 0.00278647 0.3 0.3
52 1 53.9503 -1.48568 -6.25217 34597.6 -0.517861 0.714455 1.33026 0.885219 0.00398394 0.766655 1.23335 1 0 0.0887391 -0.164752 0.117381 0.0887391 -0.164752 0.117381 0 0 0 0.0449956 0.0117653 -0.00770532 0.3 0.3
52 2 53.9503 1.101 -1.89883 37551.1 -4.4456 1.1973 0.765522 0.775076 0.0236047 1.23335 0.766655 1 0 0.0612845 0.00192543 0.245838 0.0612845 0.00192543 0.245838 0 0 0 0.00357575 -0.00842852 -0.0472294 0.3 0.3
52 0 54.0003 12.6913 9.81213 37392.4 -0.217065 -0.93825 -1.08987 0.840174 -0.000530418 -1 -1 1 0 -0.104976 0.152784 0.149031 -0.104976 0.152784 0.149031 0 0 0 -0.00687629 -0.0212271 0.00113389 0.3 0.3
52 1 54.0003 -1.40562 -6.38436 35169.6 -1.53665 0.71398 1.33292 0.893573 0.00530226 0.766655 1.23335 1 0 0.0895467 -0.169283 0.107242 0.0895467 -0.169283 0.107242 0 0 0 0.0468674 0.0147996 -0.0102609 0.3 0.3
52 2 54.0003 0.645344 -2.42534 36729 -2.91014 1.19859 0.766432 0.789484 0.0206763 1.23335 0.766655 1 0 0.0590896 0.00037927 0.22276 0.0590896 0.00037927 0.22276 0 0 0 -0.00928864 -0.0394869 -0.0411807 0.3 0.3
52 0 54.0502 12.942 9.67154 37141.7 0.245327 -0.938065 -1.08699 0.855103 -0.000757685 -1 -1 1 0 -0.105289 0.14788 0.128182 -0.105289 0.14788 0.128182 0 0 0 -0.00605853 -0.0191679 0.00157351 0.3 0.3
52 1 54.0502 -1.42982 -6.43143 35357.7 0.118549 0.713656 1.33511 0.901479 0.0033298 0.766655 1.23335 1 0 0.0900976 -0.173005 0.0983754 0.0900976 -0.173005 0.0983754 0 0 0 0.0468002 0.00917237 -0.00644684 0.3 0.3
52 2 54.0502 1.12398 -1.94817 37347.8 -4.59218 1.19939 0.767576 0.803678 0.0213535 1.23335 0.766655 1 0 0.0577283 -0.00156653 0.203843 0.0577283 -0.00156653 0.203843 0 0 0 0.00302537 -0.0301372 -0.0427607 0.3 0.3
52 0 54.1002 13.1578 9.91602 37449.3 -0.451564 -0.938551 -1.08386 0.869651 0.000276889 -1 -1 1 0 -0.104464 0.142554 0.109777 -0.104464 0.142554 0.109777 0 0 0 -0.0118219 -0.0161672 -0.000458239 0.3 0.3
52 1 54.1002 -1.34762 -6.42438 35567.8 -1.32625 0.713312 1.33692 0.90881 0.00432396 0.766655 1.23335 1 0 0.0906824 -0.176077 0.0910737 0.0906824 -0.176077 0.0910737 0 0 0 0.0529739 -0.0027223 -0.00872311 0.3 0.3
52 2 54.1002 0.820408 -2.24411 37266.9 -1.62437 1.20043 0.768279 0.817786 0.0169354 1.23335 0.766655 1 0 0.0559535 -0.00276139 0.184784 0.0559535 -0.00276139 0.184784 0 0 0 0.00178496 -0.0231982 -0.0338954 0.3 0.3
52 0 54.1502 13.301 9.95654 37134.2 0.465602 -0.939594 -1.08069 0.884053 -0.000541084 -1 -1 1 0 -0.102691 0.137173 0.0902849 -0.102691 0.137173 0.0902849 0 0 0 -0.0152882 -0.02116 0.00124402 0.3 0.3
52 1 54.1502 -1.31317 -6.40128 35141.3 2.2782 0.713067 1.33844 0.915954 -0.000945706 0.766655 1.23335 1 0 0.0910994 -0.178654 0.081871 0.0910994 -0.178654 0.081871 0 0 0 0.0477256 -0.00591763 0.00175072 0.3 0.3
52 2 54.1502 0.639442 -2.66784 36955.9 -1.77102 1.20178 0.768159 0.831849 0.0144407 1.23335 0.766655 1 0 0.0536679 -0.00255721 0.164789 0.0536679 -0.00255721 0.164789 0 0 0 -0.0168592 -0.0435291 -0.0285233 0.3 0.3
52 0 54.2003 13.4851 10.0976 37554.1 -0.544681 -0.941124 -1.07735 0.897871 0.000554606 -1 -1 1 0 -0.10009 0.131493 0.0739314 -0.10009 0.131493 0.0739314 0 0 0 -0.0184199 -0.0132969 -0.000986815 0.3 0.3
52 1 54.2003 -1.19988 -6.6247 35465.8 -1.43747 0.712701 1.33935 0.92262 0.00179654 0.766655 1.23335 1 0 0.091721 -0.180206 0.0749985 0.091721 -0.180206 0.0749985 0 0 0 0.0480404 -0.00126534 -0.00362451 0.3 0.3
52 2 54.2003 1.16962 -2.21269 37972.8 -0.619502 1.20252 0.76833 0.84503 0.0105423 1.23335 0.766655 1 0 0.0524068 -0.00284843 0.151053 0.0524068 -0.00284843 0.151053 0 0 0 -0.000980731 -0.0112544 -0.0210798 0.3 0.3
52 0 54.2502 13.8797 10.2141 37319.9 -0.847228 -0.943369 -1.07383 0.911304 0.00181265 -1 -1 1 0 -0.0962731 0.125504 0.0569651 -0.0962731 0.125504 0.0569651 0 0 0 -0.0198478 -0.0145125 -0.00348155 0.3 0.3
52 1 54.2502 -1.44884 -6.37326 34596.9 -1.10118 0.712674 1.34023 0.929603 0.00298969 0.766655 1.23335 1 0 0.0917674 -0.1817 0.0636302 0.0917674 -0.1817 0.0636302 0 0 0 0.0494823 -0.00424688 -0.00608632 0.3 0.3
52 2 54.2502 0.683602 -2.48375 36913.4 0.739955 1.20372 0.768172 0.858315 0.00579937 1.23335 0.766655 1 0 0.0503705 -0.00257991 0.131913 0.0503705 -0.00257991 0.131913 0 0 0 -0.00311422 -0.00524618 -0.0115907 0.3 0.3
52 0 54.3003 13.9931 10.4323 37378.6 -0.321708 -0.946034 -1.07002 0.924282 0.00176193 -1 -1 1 0 -0.091743 0.119034 0.0411545 -0.091743 0.119034 0.0411545 0 0 0 -0.0181925 -0.0143756 -0.00339333 0.3 0.3
52 1 54.3003 -1.16686 -6.50859 35192.2 1.31849 0.712482 1.34077 0.936242 -9.2075e-05 0.766655 1.23335 1 0 0.0920934 -0.182628 0.0561043 0.0920934 -0.182628 0.0561043 0 0 0 0.0386708 0.0082845 0.000344391 0.3 0.3
52 2 54.3003 0.536127 -2.85871 36917.2 0.306616 1.20527 0.767356 0.871556 0.003364 1.23335 0.766655 1 0 0.0477299 -0.00119172 0.113722 0.0477299 -0.00119172 0.113722 0 0 0 -0.00730474 -0.00828392 -0.00669787 0.3 0.3
52 0 54.3503 14.2116 10.7432 37492.7 -0.497918 -0.949115 -1.06577 0.936671 0.00199258 -1 -1 1 0 -0.0865046 0.111808 0.0267384 -0.0865046 0.111808 0.0267384 0 0 0 -0.0243795 -0.00519198 -0.00392218 0.3 0.3
52 1 54.3503 -1.01536 -6.5244 35216.7 0.647622 0.712088 1.34106 0.942554 -0.00120885 0.766655 1.23335 1 0 0.0927642 -0.183109 0.0488924 0.0927642 -0.183109 0.0488924 0 0 0 0.0451054 -0.00121569 0.00239089 0.3 0.3
52 2 54.3503 0.11276 -2.93384 36337.4 1.66102 1.20756 0.766178 0.885161 -0.000236663 1.23335 0.766655 1 0 0.04383 0.000810218 0.0928906 0.04383 0.000810218 0.0928906 0 0 0 -0.0269798 -0.0454593 0.00108688 0.3 0.3
52 0 54.4003 14.4011 10.7281 37010.2 -1.81367 -0.952475 -1.0614 0.948897 0.00440027 -1 -1 1 0 -0.080792 0.104381 0.0104 -0.080792 0.104381 0.0104 0 0 0 -0.0236411 -0.0110887 -0.00867023 0.3 0.3
52 1 54.4003 -1.26574 -6.52689 35228.9 -0.622063 0.711986 1.34112 0.948556 0.000348282 0.766655 1.23335 1 0 0.0929366 -0.183215 0.0421173 0.0929366 -0.183215 0.0421173 0 0 0 0.0343981 0.0118396 -0.000493026 0.3 0.3
52 2 54.4003 0.771522 -2.45633 37680.1 2.30751 1.20919 0.765541 0.897826 -0.00414402 1.23335 0.766655 1 0 0.0410585 0.00189362 0.0801816 0.0410585 0.00189362 0.0801816 0 0 0 -0.014547 -0.0242227 0.00846508 0.3 0.3
52 0 54.4503 14.5607 11.12 37441.5 -0.028066 -0.956114 -1.05662 0.960499 0.00295862 -1 -1 1 0 -0.0746064 0.0962601 -0.00270316 -0.0746064 0.0962601 -0.00270316 0 0 0 -0.0233707 -0.00305678 -0.00588193 0.3 0.3
52 1 54.4503 -1.06788 -6.48904 34993.2 1.76759 0.711817 1.34106 0.954399 -0.00266525 0.766655 1.23335 1 0 0.0932235 -0.183121 0.0344757 0.0932235 -0.183121 0.0344757 0 0 0 0.0363449 0.0104904 0.00552213 0.3 0.3
52 2 54.4503 0.0574638 -3.0111 36441.8 2.98812 1.21152 0.764386 0.9105 -0.0074632 1.23335 0.766655 1 0 0.0370992 0.00385624 0.0612433 0.0370992 0.00385624 0.0612433 0 0 0 -0.031147 -0.0385993 0.0155324 0.3 0.3
52 0 54.5002 14.8326 11.3603 37218.3 -1.43756 -0.960074 -1.05146 0.971698 0.00435915 -1 -1 1 0 -0.0678743 0.0874798 -0.0164198 -0.0678743 0.0874798 -0.0164198 0 0 0 -0.0218295 -0.000684997 -0.00871137 0.3 0.3
52 1 54.5002 -1.04427 -6.56395 35485.5 -0.295483 0.711618 1.34077 0.959692 -0.00124278 0.766655 1.23335 1 0 0.0935627 -0.182616 0.0299442 0.0935627 -0.182616 0.0299442 0 0 0 0.0334112 0.0126833 0.00269786 0.3 0.3
52 2 54.5002 0.466762 -2.68246 37388.4 1.85769 1.21349 0.763525 0.922512 -0.00801744 1.23335 0.766655 1 0 0.0337596 0.00532134 0.0483793 0.0337596 0.00532134 0.0483793 0 0 0 -0.0256109 -0.0396204 0.016547 0.3 0.3
52 0 54.5502 14.864 11.5237 37079.6 -0.717261 -0.964079 -1.04609 0.982597 0.00411562 -1 -1 1 0 -0.0610649 0.0783589 -0.0301326 -0.0610649 0.0783589 -0.0301326 0 0 0 -0.0246731 -0.00271779 -0.00819837 0.3 0.3
52 1 54.5502 -1.00923 -6.49166 35073.5 1.49274 0.711439 1.34041 0.964859 -0.00327127 0.766655 1.23335 1 0 0.0938669 -0.182009 0.0233688 0.0938669 -0.182009 0.0233688 0 0 0 0.0344889 0.0134112 0.00677497 0.3 0.3
52 2 54.5502 0.434084 -2.82407 36606.1 1.67197 1.21529 0.762612 0.934526 -0.00793023 1.23335 0.766655 1 0 0.0306924 0.00687206 0.0316092 0.0306924 0.00687206 0.0316092 0 0 0 -0.0294402 -0.0500693 0.0166046 0.3 0.3
52 0 54.6002 15.1629 11.6197 37214.4 -2.46214 -0.968287 -1.04059 0.99303 0.00685194 -1 -1 1 0 -0.0539129 0.0690019 -0.0423861 -0.0539129 0.0690019 -0.0423861 0 0 0 -0.0185477 -0.00266859 -0.0136798 0.3 0.3
52 1 54.6002 -0.966167 -6.75809 35645.8 0.00268489 0.711234 1.33958 0.969361 -0.00226857 0.766655 1.23335 1 0 0.0942152 -0.180595 0.0204325 0.0942152 -0.180595 0.0204325 0 0 0 0.0462501 -0.000742421 0.00452118 0.3 0.3
52 2 54.6002 0.335292 -2.81444 36662.1 1.16154 1.21708 0.76175 0.946377 -0.00705136 1.23335 0.766655 1 0 0.0276514 0.00833827 0.0159925 0.0276514 0.00833827 0.0159925 0 0 0 -0.0343516 -0.0481492 0.0149363 0.3 0.3
52 0 54.6502 15.1982 12.1555 37493.1 -0.38995 -0.972499 -1.03456 1.00275 0.00519918 -1 -1 1 0 -0.0467516 0.0587594 -0.0524373 -0.0467516 0.0587594 -0.0524373 0 0 0 -0.0218563 0.00210055 -0.010422 0.3 0.3
52 1 54.6502 -1.13597 -6.78479 34776.4 2.64298 0.711376 1.33849 0.974044 -0.00600595 0.766655 1.23335 1 0 0.0939733 -0.178745 0.0128992 0.0939733 -0.178745 0.0128992 0 0 0 0.0519559 -0.00764128 0.0118176 0.3 0.3
52 2 54.6502 0.610053 -2.48766 37502.4 0.907755 1.21837 0.76141 0.957203 -0.00637158 1.23335 0.766655 1 0 0.0254528 0.00891584 0.00571726 0.0254528 0.00891584 0.00571726 0 0 0 -0.0175609 -0.0274436 0.0129859 0.3 0.3
52 0 54.7002 15.3023 12.3711 37452.8 -1.71558 -0.976653 -1.02821 1.01185 0.00627671 -1 -1 1 0 -0.0396893 0.0479625 -0.0620708 -0.0396893 0.0479625 -0.0620708 0 0 0 -0.0193439 0.0117503 -0.012668 0.3 0.3
52 1 54.7002 -1.04431 -6.90003 35387.1 -0.733459 0.711505 1.33707 0.978278 -0.00267707 0.766655 1.23335 1 0 0.0937544 -0.17634 0.00926117 0.0937544 -0.17634 0.00926117 0 0 0 0.0488198 0.00293827 0.00542749 0.3 0.3
52 2 54.7002 0.172985 -2.97526 36778.7 1.26669 1.22004 0.760628 0.967839 -0.00595055 1.23335 0.766655 1 0 0.0226204 0.010245 -0.0080796 0.0226204 0.010245 -0.0080796 0 0 0 -0.0359292 -0.0540897 0.0128795 0.3 0.3
52 0 54.7502 15.0001 12.0338 38002.7 -1.02109 -0.98057 -1.02178 1.02071 0.00585447 -1 -1 1 0 -0.033661 0.0382178 -0.0679169 -0.033661 0.0382178 -0.0679169 0 0 0 -0.0199489 0.0139545 -0.0118491 0.3 0.3
52 1 54.7502 -1.08203 -6.92929 34962.3 1.62963 0.711763 1.33547 0.9825 -0.00447376 0.766655 1.23335 1 0 0.0933155 -0.173616 0.00338512 0.0933155 -0.173616 0.00338512 0 0 0 0.0508607 0.00381316 0.00904745 0.3 0.3
52 2 54.7502 0.45372 -2.53785 37471.4 1.22793 1.22136 0.760338 0.977535 -0.00592622 1.23335 0.766655 1 0 0.0203716 0.0107387 -0.0170956 0.0203716 0.0107387 -0.0170956 0 0 0 -0.0355722 -0.0462121 0.0126797 0.3 0.3
52 0 54.8002 15.9244 13.3229 35343.7 -2.08265 -0.984559 -1.01535 1.02926 0.00738733 -1 -1 1 0 -0.0262499 0.0260946 -0.0879369 -0.0262499 0.0260946 -0.0879369 0 0 0 -0.0102911 0.0121324 -0.0148377 0.3 0.3
52 1 54.8002 -1.2828 -7.20352 35333.6 -0.0877359 0.712354 1.33339 0.986328 -0.00268183 0.766655 1.23335 1 0 0.0923119 -0.170084 -4.16413e-05 0.0923119 -0.170084 -4.16413e-05 0 0 0 0.0411002 0.0184237 0.0057437 0.3 0.3
52 2 54.8002 0.461212 -2.58754 36882.1 -0.371554 1.22247 0.760186 0.986942 -0.00307582 1.23335 0.766655 1 0 0.0184818 0.0109961 -0.0288415 0.0184818 0.0109961 -0.0288415 0 0 0 -0.0358751 -0.0594315 0.00722183 0.3 0.3
52 0 54.8502 15.1323 13.0559 37565.7 0.928408 -0.988084 -1.00854 1.03763 0.00334411 -1 -1 1 0 -0.0202571 0.0145095 -0.094527 -0.0202571 0.0145095 -0.094527 0 0 0 -0.0175559 0.0121523 -0.0067953 0.3 0.3
52 1 54.8502 -1.25878 -7.27667 35517.8 0.469751 0.713063 1.33103 0.989675 -0.00254704 0.766655 1.23335 1 0 0.0911052 -0.166058 -0.00227127 0.0911052 -0.166058 -0.00227127 0 0 0 0.0417383 0.0143511 0.00539487 0.3 0.3
52 2 54.8502 0.588192 -2.4661 37146.7 1.32047 1.22327 0.760292 0.995788 -0.00414823 1.23335 0.766655 1 0 0.0171291 0.0108176 -0.0383179 0.0171291 0.0108176 -0.0383179 0 0 0 -0.0352945 -0.051895 0.00921668 0.3 0.3
52 0 54.9002 15.4645 13.0182 37366 -2.34888 -0.991499 -1.00204 1.04538 0.00614935 -1 -1 1 0 -0.0144513 0.00347332 -0.102311 -0.0144513 0.00347332 -0.102311 0 0 0 -0.00728448 0.0172651 -0.0123622 0.3 0.3
52 1 54.9002 -1.20184 -7.46651 35366.9 0.0353728 0.713745 1.32829 0.992727 -0.00173563 0.766655 1.23335 1 0 0.0899469 -0.161403 -0.00506861 0.0899469 -0.161403 -0.00506861 0 0 0 0.0468547 0.0102911 0.0037134 0.3 0.3
52 2 54.9002 0.82712 -2.17148 37438.4 0.751854 1.22355 0.760924 1.00384 -0.00427413 1.23335 0.766655 1 0 0.0166518 0.00974217 -0.0456154 0.0166518 0.00974217 -0.0456154 0 0 0 -0.0148106 -0.0136967 0.00865015 0.3 0.3
52 0 54.9502 15.5058 13.4119 37625.7 -1.43853 -0.994722 -0.995426 1.05231 0.00649679 -1 -1 1 0 -0.00897319 -0.00777611 -0.107916 -0.00897319 -0.00777611 -0.107916 0 0 0 -0.00581667 0.0145733 -0.0130365 0.3 0.3
52 1 54.9502 -1.57324 -7.63699 34889.9 1.80507 0.715 1.32522 0.99591 -0.00408068 0.766655 1.23335 1 0 0.0878124 -0.156186 -0.0101881 0.0878124 -0.156186 -0.0101881 0 0 0 0.043306 0.0153042 0.00849497 0.3 0.3
52 2 54.9502 0.476469 -2.53268 36509.4 0.253766 1.22409 0.761258 1.01199 -0.00322282 1.23335 0.766655 1 0 0.0157387 0.00917443 -0.0574888 0.0157387 0.00917443 -0.0574888 0 0 0 -0.0152187 -0.0215484 0.00661019 0.3 0.3
52 0 55.0003 15.5022 13.4578 37386.9 -0.0747616 -0.99779 -0.98909 1.05873 0.00443115 -1 -1 1 0 -0.00375633 -0.0185478 -0.114263 -0.00375633 -0.0185478 -0.114263 0 0 0 -0.00812673 0.0161781 -0.00892843 0.3 0.3
52 1 55.0003 -1.41994 -7.80921 35358.3 -0.784948 0.716204 1.3218 0.998752 -0.0013347 0.766655 1.23335 1 0 0.0857668 -0.150377 -0.0124008 0.0857668 -0.150377 -0.0124008 0 0 0 0.0385021 0.0183428 0.00302318 0.3 0.3
52 2 55.0003 0.2681 -2.73406 36634 1.16719 1.225 0.761195 1.02003 -0.00378111 1.23335 0.766655 1 0 0.0141898 0.00928184 -0.0679523 0.0141898 0.00928184 -0.0679523 0 0 0 -0.0307148 -0.0483057 0.00830738 0.3 0.3
52 0 55.0502 15.5766 13.6818 37217.9 -0.813426 -1.00074 -0.982885 1.06476 0.00432645 -1 -1 1 0 0.00125667 -0.0290947 -0.120855 0.00125667 -0.0290947 -0.120855 0 0 0 -0.00137807 0.0164317 -0.00866455 0.3 0.3
52 1 55.0502 -1.6975 -8.03981 34889.6 0.403736 0.717767 1.31804 1.00169 -0.00150828 0.766655 1.23335 1 0 0.0831087 -0.143985 -0.0171062 0.0831087 -0.143985 -0.0171062 0 0 0 0.0408625 0.0167351 0.00335927 0.3 0.3
52 2 55.0502 1.03577 -1.89985 37458.7 0.425014 1.22494 0.76212 1.02705 -0.00339693 1.23335 0.766655 1 0 0.0142929 0.00770893 -0.0732875 0.0142929 0.00770893 -0.0732875 0 0 0 -0.0206253 -0.0166728 0.00696642 0.3 0.3
52 0 55.1002 15.4764 13.6735 36738 -0.243412 -1.0034 -0.977089 1.07084 0.00328985 -1 -1 1 0 0.00578096 -0.0389488 -0.129557 0.00578096 -0.0389488 -0.129557 0 0 0 -0.00163502 0.00885958 -0.00658702 0.3 0.3
52 1 55.1002 -1.68733 -8.19384 35351.2 -1.588 0.71937 1.31397 1.00428 0.00166462 0.766655 1.23335 1 0 0.0803844 -0.137064 -0.0189697 0.0803844 -0.137064 -0.0189697 0 0 0 0.0326905 0.0165693 -0.00305894 0.3 0.3
52 2 55.1002 0.405573 -2.51669 37098.3 -0.513897 1.22537 0.762556 1.03368 -0.00135705 1.23335 0.766655 1 0 0.0135502 0.00696852 -0.0803038 0.0135502 0.00696852 -0.0803038 0 0 0 -0.0227411 -0.0186742 0.00292674 0.3 0.3
52 0 55.1502 15.665 13.7988 37117.6 -0.783591 -1.00607 -0.971569 1.07653 0.00350903 -1 -1 1 0 0.0103119 -0.0483329 -0.135601 0.0103119 -0.0483329 -0.135601 0 0 0 0.0027861 0.0100294 -0.00700419 0.3 0.3
52 1 55.1502 -1.63177 -8.38523 35079.8 0.697405 0.720924 1.30962 1.00683 -9.1384e-05 0.766655 1.23335 1 0 0.077743 -0.129668 -0.0222747 0.077743 -0.129668 -0.0222747 0 0 0 0.040276 0.00574366 0.000298488 0.3 0.3
52 2 55.1502 0.678693 -2.0126 37219.8 -0.610326 1.22557 0.763524 1.03978 9.22291e-05 1.23335 0.766655 1 0 0.0132184 0.00532184 -0.0859832 0.0132184 0.00532184 -0.0859832 0 0 0 -0.0129907 -0.0131603 -9.89827e-05 0.3 0.3
52 0 55.2003 15.5935 14.0438 37262.9 0.236785 -1.00855 -0.966185 1.08175 0.00194881 -1 -1 1 0 0.0145341 -0.0574856 -0.140504 0.0145341 -0.0574856 -0.140504 0 0 0 0.00158569 0.0142267 -0.00388645 0.3 0.3
52 1 55.2003 -1.84493 -8.5601 35472.5 0.111186 0.722709 1.30508 1.00894 -0.000271876 0.766655 1.23335 1 0 0.0747074 -0.121951 -0.0231157 0.0747074 -0.121951 -0.0231157 0 0 0 0.0425465 0.00116384 0.000568637 0.3 0.3
52 2 55.2003 0.189878 -2.5028 36296.8 -1.00311 1.22635 0.763955 1.04608 0.00192599 1.23335 0.766655 1 0 0.0118959 0.00458894 -0.0962049 0.0118959 0.00458894 -0.0962049 0 0 0 -0.0288986 -0.0317447 -0.00339411 0.3 0.3
52 0 55.2502 15.5359 13.8713 37338.3 -0.731334 -1.01073 -0.961368 1.08644 0.00252789 -1 -1 1 0 0.018241 -0.0656743 -0.144539 0.018241 -0.0656743 -0.144539 0 0 0 0.00413665 0.0134505 -0.0050281 0.3 0.3
52 1 55.2502 -2.13256 -8.711 35076 -1.2942 0.724896 1.30036 1.01106 0.00204382 0.766655 1.23335 1 0 0.0709895 -0.113926 -0.026048 0.0709895 -0.113926 -0.026048 0 0 0 0.0287512 0.0108231 -0.00393252 0.3 0.3
52 2 55.2502 0.725576 -1.78431 37152.7 -0.693033 1.22658 0.765184 1.05179 0.00230962 1.23335 0.766655 1 0 0.0114967 0.00250108 -0.101081 0.0114967 0.00250108 -0.101081 0 0 0 -0.0136418 -0.00693552 -0.00457208 0.3 0.3
52 0 55.3003 15.7088 14.0451 37447.6 -0.0401652 -1.01295 -0.95682 1.09059 0.00177725 -1 -1 1 0 0.0220104 -0.0734062 -0.147506 0.0220104 -0.0734062 -0.147506 0 0 0 0.0115145 0.0123226 -0.00348369 0.3 0.3
52 1 55.3003 -1.6825 -8.64806 35473.7 0.661356 0.7266 1.29582 1.01278 0.000231854 0.766655 1.23335 1 0 0.0680935 -0.106207 -0.0264867 0.0680935 -0.106207 -0.0264867 0 0 0 0.0284443 0.00368579 -0.000411333 0.3 0.3
52 2 55.3003 -0.0241317 -2.419 36158.3 -1.09263 1.22766 0.76577 1.05787 0.00360786 1.23335 0.766655 1 0 0.00967337 0.00150401 -0.111309 0.00967337 0.00150401 -0.111309 0 0 0 -0.0289105 -0.0362237 -0.00669395 0.3 0.3
52 0 55.3502 15.3897 14.1082 37175.5 0.362291 -1.01465 -0.952626 1.09445 0.000614711 -1 -1 1 0 0.0248977 -0.0805356 -0.151533 0.0248977 -0.0805356 -0.151533 0 0 0 0.014298 0.0169063 -0.00110863 0.3 0.3
52 1 55.3502 -2.01189 -8.91313 35382.3 -1.04755 0.728492 1.29113 1.01426 0.00192904 0.766655 1.23335 1 0 0.0648759 -0.0982277 -0.0273515 0.0648759 -0.0982277 -0.0273515 0 0 0 0.024271 0.0063045 -0.00378187 0.3 0.3
52 2 55.3502 0.626019 -1.93303 37592.1 -1.04655 1.22809 0.766792 1.06288 0.0040276 1.23335 0.766655 1 0 0.00893104 -0.000233763 -0.112915 0.00893104 -0.000233763 -0.112915 0 0 0 -0.0114931 -0.0167037 -0.00795964 0.3 0.3
52 0 55.4002 15.3583 14.1601 37045.7 -0.00171684 -1.016 -0.948756 1.09813 0.000383815 -1 -1 1 0 0.0272045 -0.0871149 -0.15579 0.0272045 -0.0871149 -0.15579 0 0 0 0.00232554 0.0184672 -0.000746189 0.3 0.3
52 1 55.4002 -1.65723 -8.98385 35298.2 0.836488 0.729917 1.28652 1.01558 -0.000130621 0.766655 1.23335 1 0 0.0624536 -0.0903928 -0.0284586 0.0624536 -0.0903928 -0.0284586 0 0 0 0.0265407 -0.00153505 0.000240894 0.3 0.3
52 2 55.4002 0.227817 -2.02046 36603.6 -0.0954828 1.22884 0.767776 1.06781 0.00287516 1.23335 0.766655 1 0 0.00766525 -0.00190547 -0.119837 0.00766525 -0.00190547 -0.119837 0 0 0 -0.0105993 -0.0198307 -0.00564559 0.3 0.3
52 0 55.4502 15.8833 13.736 37497.5 -4.08193 -1.0176 -0.945548 1.10122 0.0070909 -1 -1 1 0 0.0299235 -0.0925683 -0.157153 0.0299235 -0.0925683 -0.157153 0 0 0 0.0173911 0.00876924 -0.0141063 0.3 0.3
52 1 55.4502 -1.73729 -8.78169 35258.5 -1.45456 0.731179 1.28234 1.0168 0.00231659 0.766655 1.23335 1 0 0.0603086 -0.0832895 -0.0296176 0.0603086 -0.0832895 -0.0296176 0 0 0 0.0235278 -0.00482218 -0.00469024 0.3 0.3
52 2 55.4502 0.311151 -2.16589 37052.3 -0.186629 1.22955 0.768524 1.07229 0.00222788 1.23335 0.766655 1 0 0.00644668 -0.00317805 -0.123617 0.00644668 -0.00317805 -0.123617 0 0 0 -0.00838913 -0.0168776 -0.00438516 0.3 0.3
52 0 55.5002 15.0592 14.3532 37543.9 1.19644 -1.0182 -0.94215 1.10376 0.00272211 -1 -1 1 0 0.0309459 -0.0983456 -0.157988 0.0309459 -0.0983456 -0.157988 0 0 0 0.00343703 0.014084 -0.00542016 0.3 0.3
52 1 55.5002 -1.73511 -8.95939 35032.4 -0.473591 0.73231 1.27827 1.01811 0.00232694 0.766655 1.23335 1 0 0.0583859 -0.0763745 -0.0318969 0.0583859 -0.0763745 -0.0318969 0 0 0 0.0202748 -0.00506146 -0.00470545 0.3 0.3
52 2 55.5002 0.312647 -2.08642 37133.6 -1.57221 1.23022 0.769247 1.07626 0.00409229 1.23335 0.766655 1 0 0.0053112 -0.00440736 -0.126649 0.0053112 -0.00440736 -0.126649 0 0 0 -0.00688303 -0.00745282 -0.00815906 0.3 0.3
52 0 55.5502 15.5586 13.8893 37405.5 -1.2363 -1.01902 -0.939498 1.10594 0.00392237 -1 -1 1 0 0.0323311 -0.102853 -0.159195 0.0323311 -0.102853 -0.159195 0 0 0 0.0123326 0.0178437 -0.00773518 0.3 0.3
52 1 55.5502 -1.67623 -8.92369 35213.2 -1.2742 0.733235 1.27446 1.01931 0.00370334 0.766655 1.23335 1 0 0.0568138 -0.0698994 -0.0330332 0.0568138 -0.0698994 -0.0330332 0 0 0 0.00771145 0.00544847 -0.00738577 0.3 0.3
52 2 55.5502 0.151074 -2.36676 36800.5 -1.52524 1.23106 0.76952 1.08007 0.00529899 1.23335 0.766655 1 0 0.00388815 -0.00487073 -0.131124 0.00388815 -0.00487073 -0.131124 0 0 0 -0.0115566 -0.0127105 -0.010525 0.3 0.3
52 0 55.6002 15.0529 14.0963 37414.7 -0.0931316 -1.01916 -0.93708 1.10776 0.0027702 -1 -1 1 0 0.0325735 -0.106964 -0.159959 0.0325735 -0.106964 -0.159959 0 0 0 0.0104258 0.0143332 -0.0054659 0.3 0.3
52 1 55.6002 -1.26377 -8.87961 35633 0.428611 0.733515 1.27099 1.02005 0.00171935 0.766655 1.23335 1 0 0.0563381 -0.0639979 -0.0317912 0.0563381 -0.0639979 -0.0317912 0 0 0 0.017302 -0.00603248 -0.00349103 0.3 0.3
52 2 55.6002 0.206552 -2.12107 36911.5 -1.63349 1.23185 0.769936 1.08358 0.0062747 1.23335 0.766655 1 0 0.00254921 -0.0055777 -0.134524 0.00254921 -0.0055777 -0.134524 0 0 0 -0.00935485 -0.0182644 -0.0124647 0.3 0.3
52 0 55.6503 14.9874 13.9804 37170.5 -1.39971 -1.01886 -0.935049 1.10946 0.00417787 -1 -1 1 0 0.032062 -0.110417 -0.161773 0.032062 -0.110417 -0.161773 0 0 0 0.00339709 0.0207056 -0.00832105 0.3 0.3
52 1 55.6503 -1.56273 -8.88072 35136.3 -0.298002 0.733953 1.26779 1.02087 0.00165511 0.766655 1.23335 1 0 0.0555926 -0.0585546 -0.0332708 0.0555926 -0.0585546 -0.0332708 0 0 0 0.00843294 -0.00218916 -0.00331947 0.3 0.3
52 2 55.6503 0.142442 -2.18916 36793.2 -2.08898 1.23267 0.770277 1.08694 0.00770571 1.23335 0.766655 1 0 0.00114501 -0.00615709 -0.138305 0.00114501 -0.00615709 -0.138305 0 0 0 -0.0110041 -0.0198593 -0.0153033 0.3 0.3
52 0 55.7003 15.1728 13.7038 37429.3 -3.16783 -1.01846 -0.933556 1.1108 0.00808707 -1 -1 1 0 0.0313831 -0.112955 -0.16183 0.0313831 -0.112955 -0.16183 0 0 0 0.0146403 0.0114803 -0.016091 0.3 0.3
52 1 55.7003 -1.25138 -8.97256 35439.7 -1.10485 0.733957 1.26474 1.02143 0.00294929 0.766655 1.23335 1 0 0.0555855 -0.0533779 -0.032815 0.0555855 -0.0533779 -0.032815 0 0 0 0.0106231 0.00248577 -0.00588547 0.3 0.3
52 2 55.7003 0.221643 -2.21043 36866 -2.55565 1.23334 0.770539 1.08998 0.00939782 1.23335 0.766655 1 0 1.60098e-05 -0.00660303 -0.141272 1.60098e-05 -0.00660303 -0.141272 0 0 0 -0.0124894 -0.0159841 -0.0186971 0.3 0.3
52 0 55.7502 14.9451 14.0126 37492.9 -0.385719 -1.01776 -0.932076 1.11178 0.00605023 -1 -1 1 0 0.0301908 -0.115471 -0.161351 0.0301908 -0.115471 -0.161351 0 0 0 0.0138365 0.0111071 -0.0120242 0.3 0.3
52 1 55.7502 -1.04255 -8.65472 35199.3 -0.729197 0.733513 1.26233 1.022 0.00318498 0.766655 1.23335 1 0 0.0563408 -0.0492782 -0.0336753 0.0563408 -0.0492782 -0.0336753 0 0 0 0.0092436 0.00388025 -0.00635211 0.3 0.3
52 2 55.7502 0.178012 -2.20558 37011.5 -3.11601 1.23396 0.77076 1.09265 0.0114527 1.23335 0.766655 1 0 -0.00103922 -0.00697896 -0.143146 -0.00103922 -0.00697896 -0.143146 0 0 0 -0.013284 -0.0121299 -0.0228263 0.3 0.3
52 0 55.8002 14.5289 13.8617 37377.6 0.0834062 -1.01645 -0.931046 1.11252 0.00390557 -1 -1 1 0 0.027959 -0.117221 -0.161265 0.027959 -0.117221 -0.161265 0 0 0 0.00930873 0.0156023 -0.00773885 0.3 0.3
52 1 55.8002 -1.15099 -8.65498 35213.6 -1.61452 0.733017 1.26027 1.02255 0.00481202 0.766655 1.23335 1 0 0.0571836 -0.04577 -0.0343182 0.0571836 -0.04577 -0.0343182 0 0 0 0.0037815 0.00428232 -0.00961602 0.3 0.3
52 2 55.8002 0.0779079 -2.19168 36897.7 -3.62509 1.23466 0.770966 1.0951 0.0136748 1.23335 0.766655 1 0 -0.0022278 -0.00732925 -0.145379 -0.0022278 -0.00732925 -0.145379 0 0 0 -0.0127312 -0.00783447 -0.0273013 0.3 0.3
52 0 55.8502 14.6885 13.4981 37256.1 -1.50867 -1.0151 -0.930764 1.11316 0.00513579 -1 -1 1 0 0.0256653 -0.117702 -0.161597 0.0256653 -0.117702 -0.161597 0 0 0 0.0140571 0.011752 -0.0101895 0.3 0.3
52 1 55.8502 -1.03315 -8.72331 35443.2 -2.35758 0.732302 1.25836 1.02287 0.00714293 0.766655 1.23335 1 0 0.0584 -0.042518 -0.0336335 0.0584 -0.042518 -0.0336335 0 0 0 0.00288078 0.0083306 -0.0142741 0.3 0.3
52 2 55.8502 -0.0375472 -2.28379 36870.9 -3.07706 1.23551 0.771016 1.09733 0.0142945 1.23335 0.766655 1 0 -0.00367395 -0.00741477 -0.147429 -0.00367395 -0.00741477 -0.147429 0 0 0 -0.0181482 -0.0146071 -0.0284593 0.3 0.3
52 0 55.9002 14.5387 13.631 37496 -1.02179 -1.01355 -0.930687 1.11346 0.00511776 -1 -1 1 0 0.0230266 -0.117832 -0.160381 0.0230266 -0.117832 -0.160381 0 0 0 0.0127376 0.00578866 -0.0101989 0.3 0.3
52 1 55.9002 -0.79958 -8.28908 35436 -1.29732 0.731234 1.25721 1.02302 0.00691393 0.766655 1.23335 1 0 0.060216 -0.0405772 -0.0329654 0.060216 -0.0405772 -0.0329654 0 0 0 -0.00250954 0.00966931 -0.0138403 0.3 0.3
52 2 55.9002 -0.0921214 -1.99421 37254.1 -3.89108 1.23646 0.771401 1.09902 0.015973 1.23335 0.766655 1 0 -0.00529398 -0.00806915 -0.147064 -0.00529398 -0.00806915 -0.147064 0 0 0 -0.00675259 -0.000282082 -0.0319465 0.3 0.3
52 0 55.9503 14.6006 13.4707 37521.4 -0.509639 -1.01193 -0.931089 1.11351 0.00425525 -1 -1 1 0 0.0205509 -0.11723 -0.158896 0.0205509 -0.11723 -0.158896 0 0 0 0.00931356 0.00386774 -0.00849262 0.3 0.3
52 1 55.9503 -0.825728 -8.07403 35318.1 -0.055657 0.73017 1.25674 1.02312 0.00469259 0.766655 1.23335 1 0 0.0620249 -0.0397785 -0.0328562 0.0620249 -0.0397785 -0.0328562 0 0 0 -0.00177093 0.00621096 -0.00939076 0.3 0.3
52 2 55.9503 -0.654368 -2.7558 36249.6 -4.01073 1.23818 0.77079 1.10114 0.0175312 1.23335 0.766655 1 0 -0.00821303 -0.00702912 -0.152115 -0.00821303 -0.00702912 -0.152115 0 0 0 -0.0246134 -0.0312975 -0.034686 0.3 0.3
52 0 56.0002 14.2478 13.4112 37791.6 0.328206 -1.0103 -0.931783 1.11298 0.00230338 -1 -1 1 0 0.0175151 -0.115968 -0.155721 0.0175151 -0.115968 -0.155721 0 0 0 0.0108407 0.00491762 -0.00458019 0.3 0.3
52 1 56.0002 -0.704328 -8.23448 35614.3 -2.84176 0.728935 1.25637 1.02291 0.00785205 0.766655 1.23335 1 0 0.0641243 -0.0391355 -0.0310179 0.0641243 -0.0391355 -0.0310179 0 0 0 0.00249087 0.00491935 -0.0156982 0.3 0.3
52 2 56.0002 -0.222919 -2.15066 36935.6 -3.93913 1.23952 0.770683 1.10289 0.0182967 1.23335 0.766655 1 0 -0.0104976 -0.00684875 -0.152863 -0.0104976 -0.00684875 -0.152863 0 0 0 -0.0211893 -0.0341061 -0.0362414 0.3 0.3
52 0 56.0503 14.3555 13.3394 37512.2 -0.643638 -1.0086 -0.932808 1.11232 0.00261273 -1 -1 1 0 0.0146157 -0.114226 -0.153957 0.0146157 -0.114226 -0.153957 0 0 0 0.0102766 0.00512768 -0.0051992 0.3 0.3
52 1 56.0503 -0.724928 -7.71524 35422 -1.07533 0.727757 1.25679 1.02262 0.00700968 0.766655 1.23335 1 0 0.0661267 -0.0398533 -0.0302339 0.0661267 -0.0398533 -0.0302339 0 0 0 -0.00437101 0.0134216 -0.0140491 0.3 0.3
52 2 56.0503 -0.576446 -2.56586 36513 -4.58871 1.24116 0.770144 1.10475 0.0200132 1.23335 0.766655 1 0 -0.0132847 -0.00593103 -0.155963 -0.0132847 -0.00593103 -0.155963 0 0 0 -0.02769 -0.0421502 -0.0394582 0.3 0.3
52 0 56.1002 14.3975 12.9465 37325.4 -1.21226 -1.00701 -0.934471 1.11166 0.00374367 -1 -1 1 0 0.0119135 -0.111399 -0.152999 0.0119135 -0.111399 -0.152999 0 0 0 0.00993248 -0.00346679 -0.00750468 0.3 0.3
52 1 56.1002 -0.681128 -7.8255 35572.6 -0.146165 0.726664 1.25736 1.02213 0.00491816 0.766655 1.23335 1 0 0.0679835 -0.0408303 -0.0285022 0.0679835 -0.0408303 -0.0285022 0 0 0 -0.00271026 0.015332 -0.00985743 0.3 0.3
52 2 56.1002 -0.139255 -2.24154 37330.4 -4.09171 1.24222 0.769944 1.10593 0.0200469 1.23335 0.766655 1 0 -0.0150926 -0.00559239 -0.15421 -0.0150926 -0.00559239 -0.15421 0 0 0 -0.0112246 -0.0279094 -0.0399443 0.3 0.3
52 0 56.1502 14.3734 13.1654 37771.1 0.0163889 -1.00555 -0.936129 1.11058 0.00247111 -1 -1 1 0 0.00942897 -0.108581 -0.149424 0.00942897 -0.108581 -0.149424 0 0 0 0.00423888 0.000392543 -0.0049414 0.3 0.3
52 1 56.1502 -0.565427 -7.35479 35515.6 -0.245496 0.72555 1.25867 1.02151 0.00367903 0.766655 1.23335 1 0 0.0698775 -0.0430473 -0.0270651 0.0698775 -0.0430473 -0.0270651 0 0 0 -0.00210768 0.0188207 -0.00737824 0.3 0.3
52 2 56.1502 -0.798685 -2.70201 36592.2 -3.07765 1.24393 0.769188 1.10722 0.0186309 1.23335 0.766655 1 0 -0.0179956 -0.00430714 -0.156517 -0.0179956 -0.00430714 -0.156517 0 0 0 -0.0204557 -0.0393689 -0.0368704 0.3 0.3
52 0 56.2003 14.3842 12.8778 37451.3 0.21896 -1.00427 -0.938231 1.10946 0.00127911 -1 -1 1 0 0.00725771 -0.105007 -0.14763 0.00725771 -0.105007 -0.14763 0 0 0 0.00577107 -0.00410246 -0.00257007 0.3 0.3
52 1 56.2003 -0.519453 -7.12549 35568.8 -0.392894 0.724472 1.26051 1.02076 0.00311033 0.766655 1.23335 1 0 0.0717103 -0.046183 -0.0252923 0.0717103 -0.046183 -0.0252923 0 0 0 -0.00136687 0.0188228 -0.00623381 0.3 0.3
52 2 56.2003 -0.0568831 -2.43725 37258.9 -3.50401 1.24475 0.76867 1.10794 0.018166 1.23335 0.766655 1 0 -0.0193834 -0.00342559 -0.154702 -0.0193834 -0.00342559 -0.154702 0 0 0 -0.00876969 -0.0162298 -0.0362643 0.3 0.3
52 0 56.2503 14.4134 12.6635 37573.3 0.201051 -1.0032 -0.940799 1.10817 0.000517973 -1 -1 1 0 0.0054407 -0.100643 -0.14498 0.0054407 -0.100643 -0.14498 0 0 0 0.00886059 -0.00166984 -0.00104335 0.3 0.3
52 1 56.2503 -0.606863 -7.0781 35477.2 0.436005 0.723639 1.26259 1.01997 0.00135421 0.766655 1.23335 1 0 0.0731268 -0.0497171 -0.0240071 0.0731268 -0.0497171 -0.0240071 0 0 0 0.00074692 0.0162057 -0.00270246 0.3 0.3
52 2 56.2503 -0.666959 -2.63937 36383.2 -1.97815 1.24605 0.767933 1.10896 0.0154154 1.23335 0.766655 1 0 -0.0215974 -0.00217338 -0.157687 -0.0215974 -0.00217338 -0.157687 0 0 0 -0.00628612 -0.0205785 -0.0307692 0.3 0.3
52 0 56.3003 14.4932 12.4505 37565.7 -0.973086 -1.00234 -0.943741 1.10675 0.00196871 -1 -1 1 0 0.00397104 -0.0956411 -0.14234 0.00397104 -0.0956411 -0.14234 0 0 0 0.0176652 -0.000307869 -0.0039403 0.3 0.3
52 1 56.3003 -0.438232 -6.98182 35671.6 0.764539 0.722775 1.26481 1.01898 -0.000351087 0.766655 1.23335 1 0 0.0745949 -0.0534955 -0.0216096 0.0745949 -0.0534955 -0.0216096 0 0 0 0.0142494 0.00654473 0.000748826 0.3 0.3
52 2 56.3003 -0.462559 -2.84012 36741.7 -0.867572 1.24718 0.766877 1.10986 0.0117129 1.23335 0.766655 1 0 -0.0235233 -0.00037846 -0.158299 -0.0235233 -0.00037846 -0.158299 0 0 0 -0.00286819 -0.018857 -0.0234003 0.3 0.3
52 0 56.3503 14.4473 12.3004 37149.7 -0.0550144 -1.00156 -0.946997 1.10558 0.00140498 -1 -1 1 0 0.00265276 -0.0901055 -0.141954 0.00265276 -0.0901055 -0.141954 0 0 0 0.00982648 0.000440189 -0.00280784 0.3 0.3
52 1 56.3503 -0.543178 -6.55764 35458 0.174495 0.72213 1.26759 1.01802 -0.000504215 0.766655 1.23335 1 0 0.0756921 -0.0582137 -0.0204355 0.0756921 -0.0582137 -0.0204355 0 0 0 0.0180336 0.00816056 0.00108206 0.3 0.3
52 2 56.3503 -0.458849 -3.0839 36761.9 -0.399963 1.24822 0.765382 1.11064 0.00851433 1.23335 0.766655 1 0 -0.0252833 0.00216365 -0.158773 -0.0252833 0.00216365 -0.158773 0 0 0 -0.00846377 -0.0303402 -0.0169026 0.3 0.3
52 0 56.4003 14.6405 11.9858 37506.1 0.104514 -1.00116 -0.950756 1.10428 0.000750799 -1 -1 1 0 0.00197468 -0.083715 -0.139488 0.00197468 -0.083715 -0.139488 0 0 0 0.0100765 -0.00496519 -0.00152664 0.3 0.3
52 1 56.4003 -0.343929 -6.32046 35536.8 0.855539 0.721383 1.27076 1.01702 -0.00174697 0.766655 1.23335 1 0 0.0769622 -0.063597 -0.0187914 0.0769622 -0.063597 -0.0187914 0 0 0 0.0204451 0.00668107 0.00356245 0.3 0.3
52 2 56.4003 -0.583485 -3.15446 36894.2 1.94261 1.24936 0.763691 1.11118 0.00273614 1.23335 0.766655 1 0 -0.027227 0.00503802 -0.158357 -0.027227 0.00503802 -0.158357 0 0 0 -0.0194621 -0.0631261 -0.00486077 0.3 0.3
52 0 56.4502 14.7764 11.7413 37803.6 -1.34981 -1.00107 -0.954858 1.10263 0.00271911 -1 -1 1 0 0.00181499 -0.0767409 -0.135455 0.00181499 -0.0767409 -0.135455 0 0 0 0.0240914 -0.00648432 -0.00551676 0.3 0.3
52 1 56.4502 -0.61905 -6.31171 35406.9 1.798 0.721094 1.27398 1.01609 -0.00417662 0.766655 1.23335 1 0 0.0774541 -0.0690726 -0.017913 0.0774541 -0.0690726 -0.017913 0 0 0 0.0198682 0.00145928 0.00836818 0.3 0.3
52 2 56.4502 0.386255 -2.99818 37927.7 1.73574 1.24916 0.762183 1.11062 -0.00120974 1.23335 0.766655 1 0 -0.0268853 0.00760182 -0.152043 -0.0268853 0.00760182 -0.152043 0 0 0 -0.00641496 -0.0383654 0.00254301 0.3 0.3
52 0 56.5002 14.7257 11.2708 37380.6 -0.782425 -1.00104 -0.959613 1.10108 0.00307361 -1 -1 1 0 0.00176878 -0.0686582 -0.133776 0.00176878 -0.0686582 -0.133776 0 0 0 0.0231447 -0.0119158 -0.00628565 0.3 0.3
52 1 56.5002 -0.715352 -6.26964 35466.8 -1.21313 0.721112 1.27711 1.01518 -0.000709198 0.766655 1.23335 1 0 0.0774221 -0.0743962 -0.0167141 0.0774221 -0.0743962 -0.0167141 0 0 0 0.0122256 0.0193172 0.00153658 0.3 0.3
52 2 56.5002 0.0320927 -3.30784 36899.6 3.73655 1.24895 0.760384 1.11007 -0.00707663 1.23335 0.766655 1 0 -0.0265333 0.0106606 -0.151402 -0.0265333 0.0106606 -0.151402 0 0 0 0.000139876 -0.0229299 0.0141527 0.3 0.3
52 0 56.5502 14.7295 11.4392 37781.3 0.170349 -1.0011 -0.964283 1.09924 0.00180134 -1 -1 1 0 0.00187517 -0.0607193 -0.129729 0.00187517 -0.0607193 -0.129729 0 0 0 0.0135351 -0.00295805 -0.00362278 0.3 0.3
52 1 56.5502 -0.474265 -5.92217 35653.1 -0.436686 0.720953 1.28052 1.01414 0.000278419 0.766655 1.23335 1 0 0.0776938 -0.0801952 -0.0145429 0.0776938 -0.0801952 -0.0145429 0 0 0 0.0155768 0.0161427 -0.000431141 0.3 0.3
52 2 56.5502 0.0499456 -3.92173 36330.4 4.29508 1.24873 0.757693 1.10997 -0.0116754 1.23335 0.766655 1 0 -0.0261481 0.0152344 -0.153446 -0.0261481 0.0152344 -0.153446 0 0 0 -0.0162759 -0.0480161 0.0237497 0.3 0.3
52 0 56.6003 14.8532 10.937 37567 -0.6025 -1.00137 -0.969445 1.09737 0.00220791 -1 -1 1 0 0.00232568 -0.0519438 -0.126944 0.00232568 -0.0519438 -0.126944 0 0 0 0.01061 -0.00148841 -0.00442378 0.3 0.3
52 1 56.6003 -0.56085 -5.81283 35508 1.77531 0.720944 1.28401 1.01311 -0.00274472 0.766655 1.23335 1 0 0.0777085 -0.0861326 -0.0132443 0.0777085 -0.0861326 -0.0132443 0 0 0 0.0179528 0.0157942 0.00563163 0.3 0.3
52 2 56.6003 0.668174 -3.66836 37044.3 3.60547 1.24763 0.755084 1.10957 -0.0138494 1.23335 0.766655 1 0 -0.02428 0.0196709 -0.151363 -0.02428 0.0196709 -0.151363 0 0 0 -0.00918191 -0.0323445 0.0278522 0.3 0.3
52 0 56.6503 15.0029 10.5075 37506.1 -0.880803 -1.0019 -0.975164 1.09551 0.00291895 -1 -1 1 0 0.00322993 -0.042222 -0.124419 0.00322993 -0.042222 -0.124419 0 0 0 0.0134653 -0.00708246 -0.00588577 0.3 0.3
52 1 56.6503 -0.664145 -5.91377 35788.8 0.444245 0.721168 1.28721 1.01186 -0.0025084 0.766655 1.23335 1 0 0.0773282 -0.091569 -0.010373 0.0773282 -0.091569 -0.010373 0 0 0 0.0227495 0.0191357 0.00523504 0.3 0.3
52 2 56.6503 0.416572 -4.00452 36727.3 4.42451 1.2466 0.752132 1.10922 -0.016565 1.23335 0.766655 1 0 -0.022539 0.0246884 -0.15117 -0.022539 0.0246884 -0.15117 0 0 0 -0.00984119 -0.0368934 0.0333192 0.3 0.3
52 0 56.7002 14.8403 10.6435 37576.5 -0.0471369 -1.00232 -0.980727 1.0936 0.00204087 -1 -1 1 0 0.00394814 -0.0327633 -0.121505 0.00394814 -0.0327633 -0.121505 0 0 0 -0.000432423 0.00088561 -0.00408193 0.3 0.3
52 1 56.7002 -0.437182 -5.61386 35635.7 1.61868 0.721222 1.29052 1.01059 -0.00437534 0.766655 1.23335 1 0 0.0772364 -0.0971992 -0.00843964 0.0772364 -0.0971992 -0.00843964 0 0 0 0.0314428 0.00843606 0.0088845 0.3 0.3
52 2 56.7002 0.524728 -4.37446 36683.6 4.72073 1.24551 0.748662 1.10893 -0.0186704 1.23335 0.766655 1 0 -0.0206762 0.0305881 -0.15105 -0.0206762 0.0305881 -0.15105 0 0 0 -0.022387 -0.0526715 0.037948 0.3 0.3
52 0 56.7502 15.0779 10.2506 37826.6 0.513434 -1.00307 -0.986632 1.09144 0.00049871 -1 -1 1 0 0.00522285 -0.0227256 -0.117235 0.00522285 -0.0227256 -0.117235 0 0 0 -0.00224162 0.00559465 -0.00100369 0.3 0.3
52 1 56.7502 -0.750087 -5.58108 35333.1 1.0369 0.721691 1.29374 1.00955 -0.00455959 0.766655 1.23335 1 0 0.0764389 -0.10267 -0.00816717 0.0764389 -0.10267 -0.00816717 0 0 0 0.0259066 0.0200996 0.00938081 0.3 0.3
52 2 56.7502 1.21473 -4.14173 37275.2 3.7964 1.24343 0.745409 1.10815 -0.018829 1.23335 0.766655 1 0 -0.0171406 0.0361184 -0.14756 -0.0171406 0.0361184 -0.14756 0 0 0 -0.0168441 -0.0339858 0.0379534 0.3 0.3
52 0 56.8003 15.0981 9.82993 37374.2 -1.44866 -1.00388 -0.992903 1.08949 0.00274635 -1 -1 1 0 0.00660334 -0.0120641 -0.115531 0.00660334 -0.0120641 -0.115531 0 0 0 0.00674699 -0.00020563 -0.00549343 0.3 0.3
52 1 56.8003 -0.692817 -5.5735 35760.1 -0.0306551 0.722226 1.29672 1.00832 -0.0029265 0.766655 1.23335 1 0 0.0755287 -0.107733 -0.00553131 0.0755287 -0.107733 -0.00553131 0 0 0 0.0327878 0.0184981 0.00615733 0.3 0.3
52 2 56.8003 0.79831 -4.70067 36457.6 4.72799 1.24168 0.741653 1.10772 -0.0201538 1.23335 0.766655 1 0 -0.0141723 0.0425023 -0.148656 -0.0141723 0.0425023 -0.148656 0 0 0 -0.0328158 -0.0444651 0.0410556 0.3 0.3
52 0 56.8502 14.8913 9.79292 37390.1 -1.03597 -1.00438 -0.999064 1.08768 0.00355743 -1 -1 1 0 0.0074474 -0.00159065 -0.113663 0.0074474 -0.00159065 -0.113663 0 0 0 -0.000519169 0.00410535 -0.00711595 0.3 0.3
52 1 56.8502 -0.693177 -5.58286 35817.1 -0.799293 0.722778 1.2994 1.00693 -0.00061073 0.766655 1.23335 1 0 0.0745913 -0.112298 -0.00273527 0.0745913 -0.112298 -0.00273527 0 0 0 0.0306413 0.0140735 0.00143727 0.3 0.3
52 2 56.8502 1.41907 -4.33941 37359.7 3.6573 1.23919 0.738339 1.10673 -0.019663 1.23335 0.766655 1 0 -0.00993986 0.0481363 -0.144462 -0.00993986 0.0481363 -0.144462 0 0 0 -0.0228413 -0.0198276 0.0395595 0.3 0.3
52 0 56.9002 15.184 9.65341 37801.4 1.02836 -1.00522 -1.00524 1.08562 0.000655172 -1 -1 1 0 0.00887106 0.00891402 -0.109585 0.00887106 0.00891402 -0.109585 0 0 0 -0.00258007 0.00543556 -0.00131736 0.3 0.3
52 1 56.9002 -0.538642 -5.67934 35661.2 0.570041 0.723138 1.30165 1.00554 -0.00133703 0.766655 1.23335 1 0 0.0739787 -0.116112 -0.000833184 0.0739787 -0.116112 -0.000833184 0 0 0 0.0459737 0.00797296 0.00285809 0.3 0.3
52 2 56.9002 1.26386 -4.60439 36563.9 3.58908 1.23675 0.735009 1.10601 -0.0190633 1.23335 0.766655 1 0 -0.00578157 0.053797 -0.14483 -0.00578157 0.053797 -0.14483 0 0 0 -0.0270293 -0.015036 0.0383367 0.3 0.3
52 0 56.9502 14.9776 9.25922 37475 -0.602487 -1.00583 -1.01165 1.08368 0.00145345 -1 -1 1 0 0.00991189 0.0198056 -0.107448 0.00991189 0.0198056 -0.107448 0 0 0 0.00344536 0.00982022 -0.00289003 0.3 0.3
52 1 56.9502 -0.848152 -5.72138 35302.5 1.49959 0.723906 1.30349 1.00447 -0.0033104 0.766655 1.23335 1 0 0.0726733 -0.119253 -0.000927247 0.0726733 -0.119253 -0.000927247 0 0 0 0.0393766 0.0150593 0.00691883 0.3 0.3
52 2 56.9502 0.971259 -4.69028 36528.6 4.41311 1.23482 0.73174 1.1055 -0.0197824 1.23335 0.766655 1 0 -0.00250483 0.059355 -0.14513 -0.00250483 0.059355 -0.14513 0 0 0 -0.043942 -0.0316121 0.0402766 0.3 0.3
52 0 57.0002 14.8285 9.27672 37206.6 0.00211269 -1.00613 -1.01784 1.08205 0.000932512 -1 -1 1 0 0.0104244 0.0303262 -0.10675 0.0104244 0.0303262 -0.10675 0 0 0 -0.00977809 0.0118188 -0.00192286 0.3 0.3
52 1 57.0002 -0.625061 -5.70933 35580.6 1.59983 0.724532 1.30502 1.00342 -0.00487349 0.766655 1.23335 1 0 0.0716095 -0.121856 0.000499608 0.0716095 -0.121856 0.000499608 0 0 0 0.0393887 0.00904059 0.00992708 0.3 0.3
52 2 57.0002 1.66862 -4.38633 37654.2 4.06058 1.23224 0.729107 1.10418 -0.0200232 1.23335 0.766655 1 0 0.00188531 0.0638319 -0.139231 0.00188531 0.0638319 -0.139231 0 0 0 -0.0401453 -0.0162919 0.0403855 0.3 0.3
52 0 57.0502 14.9373 9.02041 37641.5 -0.189869 -1.00643 -1.02401 1.0803 0.000911773 -1 -1 1 0 0.0109341 0.0408177 -0.103661 0.0109341 0.0408177 -0.103661 0 0 0 -0.00993635 0.0183475 -0.0019148 0.3 0.3
52 1 57.0502 -0.593284 -5.92501 35510.1 1.21577 0.725085 1.30599 1.00246 -0.00525067 0.766655 1.23335 1 0 0.0706694 -0.123503 0.0013698 0.0706694 -0.123503 0.0013698 0 0 0 0.0417041 0.00802491 0.0106711 0.3 0.3
52 2 57.0502 1.22535 -4.19457 36749.1 3.93195 1.23009 0.727146 1.10303 -0.0198842 1.23335 0.766655 1 0 0.00553027 0.0671656 -0.138458 0.00553027 0.0671656 -0.138458 0 0 0 -0.04116 -0.0121242 0.0400298 0.3 0.3
52 0 57.1002 14.636 8.84297 37827.3 0.865784 -1.00632 -1.03019 1.07831 -0.000904502 -1 -1 1 0 0.010742 0.0513161 -0.099703 0.010742 0.0513161 -0.099703 0 0 0 -0.0162926 0.024383 0.00161055 0.3 0.3
52 1 57.1002 -0.522548 -6.09917 35805.5 0.164541 0.725482 1.30637 1.00132 -0.00384498 0.766655 1.23335 1 0 0.0699939 -0.124136 0.003828 0.0699939 -0.124136 0.003828 0 0 0 0.0559221 -0.001161 0.00766052 0.3 0.3
52 2 57.1002 1.3488 -4.44077 37155.8 2.46309 1.22802 0.725275 1.1016 -0.0172786 1.23335 0.766655 1 0 0.00904473 0.0703464 -0.135091 0.00904473 0.0703464 -0.135091 0 0 0 -0.0457285 -0.0141716 0.0348929 0.3 0.3
52 0 57.1503 14.6119 8.54316 37642.4 -0.935791 -1.00595 -1.0364 1.07631 0.000952128 -1 -1 1 0 0.0101223 0.0618842 -0.096804 0.0101223 0.0618842 -0.096804 0 0 0 -0.0123566 0.0232517 -0.00204809 0.3 0.3
52 1 57.1503 -0.634928 -6.03956 35164.2 1.9084 0.726012 1.30649 1.00063 -0.00574224 0.766655 1.23335 1 0 0.0690936 -0.124339 0.00260234 0.0690936 -0.124339 0.00260234 0 0 0 0.0564204 -0.000548909 0.0114736 0.3 0.3
52 2 57.1503 1.33431 -3.91582 37062.7 1.31764 1.22606 0.724341 1.10004 -0.0137027 1.23335 0.766655 1 0 0.0123877 0.0719327 -0.132294 0.0123877 0.0719327 -0.132294 0 0 0 -0.0467178 -0.00951541 0.0276363 0.3 0.3
52 0 57.2003 14.4989 8.39414 37641.7 -1.28719 -1.00528 -1.04245 1.07428 0.00281188 -1 -1 1 0 0.00897502 0.072169 -0.0938691 0.00897502 0.072169 -0.0938691 0 0 0 -0.00426331 0.0132818 -0.00565221 0.3 0.3
52 1 57.2003 -0.52418 -6.29727 35577.5 0.286142 0.726414 1.30605 0.999905 -0.00418058 0.766655 1.23335 1 0 0.0684089 -0.123599 0.00374009 0.0684089 -0.123599 0.00374009 0 0 0 0.0538193 0.00913849 0.00861028 0.3 0.3
52 2 57.2003 1.14934 -3.65148 37262.9 1.19149 1.22447 0.724265 1.09821 -0.0111741 1.23335 0.766655 1 0 0.0150908 0.0720624 -0.128324 0.0150908 0.0720624 -0.128324 0 0 0 -0.0453439 -0.00268552 0.0224153 0.3 0.3
52 0 57.2502 14.2024 8.51233 37954.5 0.567149 -1.00412 -1.04803 1.07198 0.000842107 -1 -1 1 0 0.00700277 0.0816523 -0.089236 0.00700277 0.0816523 -0.089236 0 0 0 -0.0163484 0.0239604 -0.00188026 0.3 0.3
52 1 57.2502 -0.705982 -6.39272 35397.2 0.920011 0.727038 1.30521 0.999352 -0.00422132 0.766655 1.23335 1 0 0.0673493 -0.122167 0.00367686 0.0673493 -0.122167 0.00367686 0 0 0 0.0441057 0.0164009 0.00880676 0.3 0.3
52 2 57.2502 0.827918 -3.91789 36970.7 -1.0144 1.22351 0.724266 1.09641 -0.00539673 1.23335 0.766655 1 0 0.0167157 0.0720618 -0.125959 0.0167157 0.0720618 -0.125959 0 0 0 -0.0562604 -0.0274818 0.0115721 0.3 0.3
52 0 57.3002 14.0794 8.09682 37557.8 0.341867 -1.00264 -1.05375 1.06981 -1.10295e-05 -1 -1 1 0 0.00448619 0.0913676 -0.0868871 0.00448619 0.0913676 -0.0868871 0 0 0 -0.0141268 0.0191211 -0.000113006 0.3 0.3
52 1 57.3002 -0.69141 -6.70793 35845.3 1.33949 0.727746 1.30372 0.998542 -0.00501027 0.766655 1.23335 1 0 0.0661456 -0.11963 0.00608785 0.0661456 -0.11963 0.00608785 0 0 0 0.0461845 0.0135916 0.0103374 0.3 0.3
52 2 57.3002 1.05549 -3.38854 37615.9 -1.79548 1.22251 0.725125 1.09405 -0.000467477 1.23335 0.766655 1 0 0.018417 0.070601 -0.119901 0.018417 0.070601 -0.119901 0 0 0 -0.052511 -0.0298791 0.00172011 0.3 0.3
52 0 57.3503 13.8874 7.94856 37596.3 -1.4147 -1.00075 -1.05931 1.0677 0.00235433 -1 -1 1 0 0.00127167 0.100822 -0.084267 0.00127167 0.100822 -0.084267 0 0 0 -0.0114937 0.0158562 -0.00480002 0.3 0.3
52 1 57.3503 -0.751031 -6.8838 35933.1 0.00271404 0.728546 1.3017 0.997473 -0.00326832 0.766655 1.23335 1 0 0.0647844 -0.116201 0.00886342 0.0647844 -0.116201 0.00886342 0 0 0 0.0422462 0.0166921 0.00689098 0.3 0.3
52 2 57.3503 0.829581 -3.3386 37398.5 -2.89991 1.22184 0.726426 1.09146 0.00465792 1.23335 0.766655 1 0 0.0195512 0.0683896 -0.115141 0.0195512 0.0683896 -0.115141 0 0 0 -0.0497301 -0.0306934 -0.00855645 0.3 0.3
52 0 57.4002 13.781 8.10262 37793.5 1.60705 -0.998689 -1.06442 1.0655 -0.00119324 -1 -1 1 0 -0.0022279 0.109515 -0.0806479 -0.0022279 0.109515 -0.0806479 0 0 0 -0.0204783 0.0230734 0.00215048 0.3 0.3
52 1 57.4002 -0.711509 -6.94523 35684.8 1.28865 0.729339 1.29941 0.996425 -0.00431272 0.766655 1.23335 1 0 0.0634365 -0.112307 0.0102531 0.0634365 -0.112307 0.0102531 0 0 0 0.0414461 0.0125731 0.00888808 0.3 0.3
52 2 57.4002 0.85714 -3.13469 36999.6 -3.9498 1.22128 0.728204 1.08904 0.00984087 1.23335 0.766655 1 0 0.0205144 0.0653665 -0.112508 0.0205144 0.0653665 -0.112508 0 0 0 -0.0468021 -0.0351718 -0.0188672 0.3 0.3
52 0 57.4502 13.4441 7.77514 37695 -0.21889 -0.996145 -1.0695 1.06331 -0.000477241 -1 -1 1 0 -0.00655298 0.118144 -0.0776803 -0.00655298 0.118144 -0.0776803 0 0 0 -0.0213009 0.0237077 0.000702084 0.3 0.3
52 1 57.4502 -0.654578 -7.35379 35933 0.508125 0.730038 1.29645 0.995162 -0.00370189 0.766655 1.23335 1 0 0.0622492 -0.107277 0.0130785 0.0622492 -0.107277 0.0130785 0 0 0 0.0512883 0.00822956 0.00761739 0.3 0.3
52 2 57.4502 0.871878 -3.03541 37205.7 -4.99409 1.22074 0.730311 1.08653 0.0147267 1.23335 0.766655 1 0 0.0214341 0.0617852 -0.10866 0.0214341 0.0617852 -0.10866 0 0 0 -0.0327975 -0.0134996 -0.0292377 0.3 0.3
52 0 57.5003 13.1889 7.68044 37673.6 0.292074 -0.99316 -1.0744 1.06115 -0.000827527 -1 -1 1 0 -0.0116279 0.126479 -0.0748614 -0.0116279 0.126479 -0.0748614 0 0 0 -0.0172056 0.0249893 0.00144025 0.3 0.3
52 1 57.5003 -1.02881 -7.45981 35232.6 0.807995 0.731213 1.29317 0.99436 -0.00374954 0.766655 1.23335 1 0 0.0602507 -0.101696 0.0119189 0.0602507 -0.101696 0.0119189 0 0 0 0.043615 0.0123875 0.0077712 0.3 0.3
52 2 57.5003 0.299233 -3.29366 36495.9 -5.16833 1.22101 0.732108 1.08462 0.0187408 1.23335 0.766655 1 0 0.0209761 0.0587299 -0.108886 0.0209761 0.0587299 -0.108886 0 0 0 -0.0436467 -0.0367356 -0.0366971 0.3 0.3
52 0 57.5502 12.9781 7.45352 37684.3 -1.39366 -0.989765 -1.07917 1.05904 0.00177884 -1 -1 1 0 -0.0173988 0.134585 -0.072053 -0.0173988 0.134585 -0.072053 0 0 0 -0.0115165 0.0222943 -0.00368634 0.3 0.3
52 1 57.5502 -0.854359 -7.65576 35440.8 0.255583 0.732298 1.28953 0.99372 -0.00296369 0.766655 1.23335 1 0 0.0584071 -0.0955202 0.0119873 0.0584071 -0.0955202 0.0119873 0 0 0 0.0516821 0.00398708 0.00603244 0.3 0.3
52 2 57.5502 0.852415 -2.67908 37410.4 -6.03668 1.22084 0.734648 1.08236 0.022329 1.23335 0.766655 1 0 0.0212639 0.0544124 -0.103987 0.0212639 0.0544124 -0.103987 0 0 0 -0.0279772 -0.00555234 -0.0445886 0.3 0.3
52 0 57.6003 12.6736 7.57687 37718.9 1.18702 -0.985966 -1.08352 1.05692 -0.000828661 -1 -1 1 0 -0.0238583 0.141988 -0.0691288 -0.0238583 0.141988 -0.0691288 0 0 0 -0.016259 0.0194439 0.00149938 0.3 0.3
52 1 57.6003 -1.09245 -7.8753 35445.4 0.773706 0.733678 1.28557 0.993235 -0.00306953 0.766655 1.23335 1 0 0.0560598 -0.0887788 0.0118945 0.0560598 -0.0887788 0.0118945 0 0 0 0.0433269 0.0212147 0.00660052 0.3 0.3
52 2 57.6003 0.16962 -2.81323 36714.6 -5.28082 1.22148 0.737154 1.08048 0.0236711 1.23335 0.766655 1 0 0.020177 0.0501509 -0.103265 0.020177 0.0501509 -0.103265 0 0 0 -0.0241591 -0.00187001 -0.0473275 0.3 0.3
52 0 57.6503 12.4511 7.18966 37530.7 -0.415747 -0.981836 -1.08794 1.05499 0.000107165 -1 -1 1 0 -0.0308795 0.149506 -0.0673353 -0.0308795 0.149506 -0.0673353 0 0 0 -0.0205097 0.0168887 -0.00038755 0.3 0.3
52 1 57.6503 -1.10177 -8.039 35874.2 0.86302 0.735164 1.28136 0.992512 -0.00349771 0.766655 1.23335 1 0 0.0535345 -0.0816263 0.0140948 0.0535345 -0.0816263 0.0140948 0 0 0 0.0423245 0.0132614 0.00727784 0.3 0.3
52 2 57.6503 -0.162925 -3.18869 36581.3 -6.10354 1.22284 0.739034 1.07899 0.0262472 1.23335 0.766655 1 0 0.017856 0.0469548 -0.103181 0.017856 0.0469548 -0.103181 0 0 0 -0.0368141 -0.0333189 -0.0519031 0.3 0.3
52 0 57.7002 12.1106 7.30288 37753.6 1.41394 -0.977326 -1.09203 1.05302 -0.00229413 -1 -1 1 0 -0.0385465 0.156456 -0.0643508 -0.0385465 0.156456 -0.0643508 0 0 0 -0.0160483 0.0174613 0.00444846 0.3 0.3
52 1 57.7002 -1.30679 -8.40463 35964.8 -1.07226 0.736873 1.27669 0.991549 -0.00047282 0.766655 1.23335 1 0 0.0506292 -0.0736921 0.0166587 0.0506292 -0.0736921 0.0166587 0 0 0 0.039511 0.0173904 0.00128947 0.3 0.3
52 2 57.7002 0.476159 -2.17841 37669.6 -3.98588 1.22367 0.742036 1.0769 0.0239767 1.23335 0.766655 1 0 0.0164536 0.0418513 -0.0971721 0.0164536 0.0418513 -0.0971721 0 0 0 -0.0184733 -0.00664162 -0.0478989 0.3 0.3
52 0 57.7503 11.9433 7.14215 37661.1 0.805428 -0.972637 -1.09598 1.05111 -0.00291051 -1 -1 1 0 -0.0465169 0.163164 -0.0620154 -0.0465169 0.163164 -0.0620154 0 0 0 -0.0181881 0.0184373 0.00565384 0.3 0.3
52 1 57.7503 -1.17185 -8.45061 35736 1.17996 0.738487 1.27191 0.990587 -0.00234919 0.766655 1.23335 1 0 0.0478856 -0.0655654 0.017964 0.0478856 -0.0655654 0.017964 0 0 0 0.0453457 0.00493565 0.00481153 0.3 0.3
52 2 57.7503 -0.210911 -2.82745 37018.8 -3.54649 1.22523 0.74443 1.07491 0.0218651 1.23335 0.766655 1 0 0.0138015 0.0377813 -0.0950184 0.0138015 0.0377813 -0.0950184 0 0 0 -0.0184171 -0.00140976 -0.0437225 0.3 0.3
52 0 57.8002 11.6955 6.8958 37568.7 -0.123371 -0.967727 -1.0999 1.04934 -0.0017317 -1 -1 1 0 -0.0548638 0.169837 -0.0602426 -0.0548638 0.169837 -0.0602426 0 0 0 -0.0114855 0.0170995 0.00336538 0.3 0.3
52 1 57.8002 -1.60252 -8.95404 35688.5 -0.26947 0.74057 1.26661 0.989676 -0.0011232 0.766655 1.23335 1 0 0.0443436 -0.056555 0.019034 0.0443436 -0.056555 0.019034 0 0 0 0.0482559 0.00321681 0.00232469 0.3 0.3
52 2 57.8002 -0.351888 -2.80679 36979.1 -3.77454 1.22717 0.746495 1.07306 0.0209256 1.23335 0.766655 1 0 0.0104931 0.0342719 -0.0929453 0.0104931 0.0342719 -0.0929453 0 0 0 -0.0170526 -0.0129278 -0.0417464 0.3 0.3
52 0 57.8502 11.4438 6.72372 37619.6 1.18271 -0.962635 -1.10385 1.04765 -0.00314958 -1 -1 1 0 -0.0635212 0.176545 -0.0582536 -0.0635212 0.176545 -0.0582536 0 0 0 -0.0160259 0.0141609 0.00618606 0.3 0.3
52 1 57.8502 -1.73418 -8.88942 35351.5 -0.579297 0.742938 1.26135 0.989092 0.00033873 0.766655 1.23335 1 0 0.0403179 -0.0476063 0.0181877 0.0403179 -0.0476063 0.0181877 0 0 0 0.0368127 0.0160871 -0.000381451 0.3 0.3
52 2 57.8502 -0.291828 -2.54984 37063.2 -2.77773 1.2292 0.748718 1.07121 0.0186238 1.23335 0.766655 1 0 0.00704371 0.0304932 -0.0904445 0.00704371 0.0304932 -0.0904445 0 0 0 -0.0183658 -0.0177612 -0.0370896 0.3 0.3
52 0 57.9002 11.2338 6.82333 37796.8 1.8127 -0.957462 -1.10747 1.04588 -0.00513431 -1 -1 1 0 -0.072315 0.182697 -0.0553798 -0.072315 0.182697 -0.0553798 0 0 0 -0.0121403 0.0166172 0.0101683 0.3 0.3
52 1 57.9002 -1.72825 -9.34232 35742.1 0.608448 0.745368 1.25568 0.988432 -0.000803615 0.766655 1.23335 1 0 0.0361872 -0.0379629 0.0194917 0.0361872 -0.0379629 0.0194917 0 0 0 0.0381371 0.00884646 0.00177625 0.3 0.3
52 2 57.9002 -0.675956 -2.71006 36806.1 -1.34948 1.23175 0.750656 1.06961 0.0148297 1.23335 0.766655 1 0 0.00270647 0.0271973 -0.0894568 0.00270647 0.0271973 -0.0894568 0 0 0 -0.0310818 -0.0291918 -0.0292135 0.3 0.3
52 0 57.9502 11.4377 6.69865 37547.9 1.17267 -0.952222 -1.11123 1.04417 -0.00538443 -1 -1 1 0 -0.0802284 0.188524 -0.0539912 -0.0802284 0.188524 -0.0539912 0 0 0 -0.0186431 0.00859496 0.0106894 0.3 0.3
52 1 57.9502 -1.76864 -9.34952 35625 -0.435638 0.747778 1.25005 0.98784 0.000261779 0.766655 1.23335 1 0 0.0320913 -0.0283917 0.0199683 0.0320913 -0.0283917 0.0199683 0 0 0 0.0307062 0.0159785 -0.000278291 0.3 0.3
52 2 57.9502 -0.46506 -2.62208 37273.6 -1.08241 1.23415 0.752548 1.06779 0.0117514 1.23335 0.766655 1 0 -0.00136813 0.0239818 -0.085861 -0.00136813 0.0239818 -0.085861 0 0 0 -0.0286627 -0.0328473 -0.023038 0.3 0.3
52 0 58.0003 10.272 5.96898 38004.3 0.284833 -0.946938 -1.11497 1.04242 -0.00406217 -1 -1 1 0 -0.0902048 0.195443 -0.0500714 -0.0902048 0.195443 -0.0500714 0 0 0 -0.0161128 0.00514409 0.00808321 0.3 0.3
52 1 58.0003 -1.85136 -9.68487 35930.3 0.215984 0.750183 1.24426 0.987049 -0.000307057 0.766655 1.23335 1 0 0.0280028 -0.0185621 0.0221115 0.0280028 -0.0185621 0.0221115 0 0 0 0.0388523 -0.00434003 0.00052991 0.3 0.3
52 2 58.0003 -0.596663 -2.49298 37012.2 0.282316 1.23657 0.754479 1.06608 0.00752427 1.23335 0.766655 1 0 -0.005479 0.020699 -0.0839229 -0.005479 0.020699 -0.0839229 0 0 0 -0.0256597 -0.0437789 -0.0144917 0.3 0.3
52 0 58.0502 10.9544 6.41398 37964.8 2.89493 -0.941932 -1.11851 1.04041 -0.00752818 -1 -1 1 0 -0.0987157 0.201464 -0.04653 -0.0987157 0.201464 -0.04653 0 0 0 -0.0229666 0.00225803 0.0150316 0.3 0.3
52 1 58.0502 -2.08213 -9.79227 35369.5 0.368953 0.752842 1.23849 0.986593 -0.000834551 0.766655 1.23335 1 0 0.023482 -0.00874399 0.0210507 0.023482 -0.00874399 0.0210507 0 0 0 0.0374332 -0.00465433 0.00158228 0.3 0.3
52 2 58.0502 -0.644991 -2.77928 37012.7 0.726963 1.239 0.755971 1.06443 0.00399509 1.23335 0.766655 1 0 -0.00961257 0.0181621 -0.0819314 -0.00961257 0.0181621 -0.0819314 0 0 0 -0.0287571 -0.0520171 -0.00724558 0.3 0.3
52 0 58.1002 10.6137 6.20936 37905.7 2.29351 -0.937037 -1.12194 1.03834 -0.00883212 -1 -1 1 0 -0.107038 0.207293 -0.0433086 -0.107038 0.207293 -0.0433086 0 0 0 -0.015873 -0.000534629 0.0176693 0.3 0.3
52 1 58.1002 -2.07406 -9.83553 35467.7 0.158006 0.755488 1.2329 0.986306 -0.000828348 0.766655 1.23335 1 0 0.0189841 0.000752866 0.0206045 0.0189841 0.000752866 0.0206045 0 0 0 0.0320019 -0.00471025 0.00158154 0.3 0.3
52 2 58.1002 -0.50682 -2.61334 37296 2.47275 1.24117 0.757463 1.06259 -0.00143447 1.23335 0.766655 1 0 -0.0132997 0.0156264 -0.0784121 -0.0132997 0.0156264 -0.0784121 0 0 0 -0.0248504 -0.0451621 0.00343116 0.3 0.3
52 0 58.1502 10.5139 6.02771 37683.3 1.15699 -0.932333 -1.12528 1.03641 -0.0078172 -1 -1 1 0 -0.115034 0.212968 -0.0413487 -0.115034 0.212968 -0.0413487 0 0 0 -0.016916 3.00098e-05 0.0156349 0.3 0.3
52 1 58.1502 -2.15908 -10.1142 35573.5 0.776621 0.758167 1.22728 0.98608 -0.00189375 0.766655 1.23335 1 0 0.0144295 0.0103085 0.0206177 0.0144295 0.0103085 0.0206177 0 0 0 0.0342303 -0.00829966 0.00364602 0.3 0.3
52 2 58.1502 -0.175855 -2.6077 37502 2.45962 1.24268 0.758878 1.06043 -0.00517342 1.23335 0.766655 1 0 -0.0158619 0.0132206 -0.0738383 -0.0158619 0.0132206 -0.0738383 0 0 0 -0.0110458 -0.0279213 0.0105023 0.3 0.3
52 0 58.2003 10.4474 5.85204 37190.4 -0.174034 -0.927838 -1.12849 1.03503 -0.00484328 -1 -1 1 0 -0.122676 0.218429 -0.0421638 -0.122676 0.218429 -0.0421638 0 0 0 -0.0257034 -0.0126258 0.00984986 0.3 0.3
52 1 58.2003 -2.17769 -10.1535 35574.2 0.435529 0.760764 1.22188 0.985915 -0.00199888 0.766655 1.23335 1 0 0.010014 0.0194906 0.0205423 0.010014 0.0194906 0.0205423 0 0 0 0.0306596 -0.00759097 0.00388189 0.3 0.3
52 2 58.2003 -0.498184 -2.79266 36865.6 3.62872 1.2443 0.759944 1.0586 -0.00944905 1.23335 0.766655 1 0 -0.0186267 0.011409 -0.0728492 -0.0186267 0.011409 -0.0728492 0 0 0 -0.0132908 -0.0254537 0.0190695 0.3 0.3
52 0 58.2503 10.5119 6.08643 38349.1 3.03088 -0.923849 -1.13118 1.03308 -0.0083011 -1 -1 1 0 -0.129456 0.222999 -0.0365779 -0.129456 0.222999 -0.0365779 0 0 0 -0.0260659 -0.00522464 0.016672 0.3 0.3
52 1 58.2503 -2.18649 -10.1703 35640.1 -0.348925 0.763199 1.21678 0.985748 -0.000779603 0.766655 1.23335 1 0 0.0058754 0.0281635 0.0207892 0.0058754 0.0281635 0.0207892 0 0 0 0.0275425 -0.0098464 0.00142377 0.3 0.3
52 2 58.2503 -0.378394 -2.87495 37323 4.33696 1.24574 0.760708 1.05659 -0.0135104 1.23335 0.766655 1 0 -0.0210762 0.0101101 -0.0692099 -0.0210762 0.0101101 -0.0692099 0 0 0 -0.0132035 -0.0225135 0.0271725 0.3 0.3
52 0 58.3002 10.6334 5.62796 37671.9 -0.406892 -0.920431 -1.13397 1.03133 -0.0048381 -1 -1 1 0 -0.135267 0.227741 -0.0351042 -0.135267 0.227741 -0.0351042 0 0 0 -0.0132596 -0.0124003 0.00975885 0.3 0.3
52 1 58.3002 -2.17465 -10.3127 35830.7 -0.257817 0.765412 1.21186 0.98542 -9.98357e-05 0.766655 1.23335 1 0 0.0021135 0.0365198 0.0220502 0.0021135 0.0365198 0.0220502 0 0 0 0.0218675 -0.010072 8.95557e-05 0.3 0.3
52 2 58.3002 -0.627811 -3.005 36833.7 4.30847 1.24741 0.76113 1.05491 -0.015874 1.23335 0.766655 1 0 -0.0239077 0.00939259 -0.0684797 -0.0239077 0.00939259 -0.0684797 0 0 0 -0.0286173 -0.0500568 0.0324789 0.3 0.3
52 0 58.3503 10.4291 5.95613 38144.8 2.05877 -0.917227 -1.13614 1.0293 -0.00665456 -1 -1 1 0 -0.140714 0.231446 -0.0308552 -0.140714 0.231446 -0.0308552 0 0 0 -0.0175888 -0.0071785 0.0133729 0.3 0.3
52 1 58.3503 -2.15669 -10.2418 35505.3 -0.315306 0.767386 1.20737 0.985257 0.000455653 0.766655 1.23335 1 0 -0.00124299 0.0441585 0.0214544 -0.00124299 0.0441585 0.0214544 0 0 0 0.018378 -0.00894691 -0.000993569 0.3 0.3
52 2 58.3503 0.0667553 -2.59539 37803.7 3.4817 1.24808 0.761927 1.05263 -0.016534 1.23335 0.766655 1 0 -0.0250476 0.00803672 -0.0622984 -0.0250476 0.00803672 -0.0622984 0 0 0 -0.0136018 -0.0274645 0.0332603 0.3 0.3
52 0 58.4003 10.3871 5.63561 37562.8 1.97496 -0.9143 -1.13836 1.02758 -0.00768097 -1 -1 1 0 -0.145691 0.235205 -0.0300119 -0.145691 0.235205 -0.0300119 0 0 0 -0.0297232 -0.00882208 0.0154951 0.3 0.3
52 1 58.4003 -2.20654 -10.2769 35493.8 -0.385668 0.769205 1.20326 0.985224 0.000924217 0.766655 1.23335 1 0 -0.00433602 0.0511483 0.0208522 -0.00433602 0.0511483 0.0208522 0 0 0 0.0165771 -0.01166 -0.00194518 0.3 0.3
52 2 58.4003 -0.596442 -3.38976 36748.8 2.84515 1.24926 0.761742 1.05085 -0.0154184 1.23335 0.766655 1 0 -0.0270525 0.00835185 -0.0622584 -0.0270525 0.00835185 -0.0622584 0 0 0 -0.0346791 -0.0468303 0.0316634 0.3 0.3
52 0 58.4503 10.6013 5.60046 37789.4 1.40878 -0.911992 -1.1404 1.0259 -0.00743078 -1 -1 1 0 -0.149614 0.238685 -0.0278506 -0.149614 0.238685 -0.0278506 0 0 0 -0.0205942 -0.0158225 0.0150259 0.3 0.3
52 1 58.4503 -2.04469 -10.1317 35510.2 -0.135026 0.770646 1.19972 0.985287 0.000808077 0.766655 1.23335 1 0 -0.00678583 0.0571583 0.0202821 -0.00678583 0.0571583 0.0202821 0 0 0 0.018056 -0.0144604 -0.00174682 0.3 0.3
52 2 58.4503 -0.136475 -2.90994 37368.4 2.02625 1.24987 0.761825 1.04888 -0.0134961 1.23335 0.766655 1 0 -0.0280885 0.008211 -0.0585692 -0.0280885 0.008211 -0.0585692 0 0 0 -0.0383867 -0.0446379 0.0278618 0.3 0.3
52 0 58.5003 10.5443 5.76555 37964 1.39299 -0.910043 -1.14195 1.02412 -0.00724827 -1 -1 1 0 -0.152927 0.241312 -0.0248918 -0.152927 0.241312 -0.0248918 0 0 0 -0.0234702 -0.0138421 0.0146605 0.3 0.3
52 1 58.5003 -2.17638 -10.1054 35301.1 -0.433534 0.772024 1.19667 0.985616 0.00125477 0.766655 1.23335 1 0 -0.00912752 0.062345 0.0184944 -0.00912752 0.062345 0.0184944 0 0 0 0.017901 -0.0112226 -0.00261014 0.3 0.3
52 2 58.5003 -0.333679 -2.87585 37264.7 2.40263 1.25049 0.762035 1.04689 -0.0129105 1.23335 0.766655 1 0 -0.0291405 0.00785382 -0.0557028 -0.0291405 0.00785382 -0.0557028 0 0 0 -0.0393 -0.0381901 0.0265821 0.3 0.3
52 0 58.5502 10.5854 5.50206 37892.7 0.549692 -0.908454 -1.14343 1.02235 -0.00576343 -1 -1 1 0 -0.155628 0.243836 -0.0224407 -0.155628 0.243836 -0.0224407 0 0 0 -0.0198812 -0.00751525 0.0116023 0.3 0.3
52 1 58.5502 -2.06743 -10.0602 35618.1 0.432457 0.773171 1.19408 0.985879 0.000116989 0.766655 1.23335 1 0 -0.0110783 0.0667455 0.01846 -0.0110783 0.0667455 0.01846 0 0 0 0.0131859 -0.00897413 -0.000293153 0.3 0.3
52 2 58.5502 -0.191549 -2.67157 37376.6 1.26839 1.25082 0.762582 1.04478 -0.0108969 1.23335 0.766655 1 0 -0.0297091 0.00692455 -0.052222 -0.0297091 0.00692455 -0.052222 0 0 0 -0.0255375 -0.0108681 0.0219352 0.3 0.3
52 0 58.6002 10.7235 5.40955 37781.6 1.10505 -0.907362 -1.14483 1.02069 -0.00563938 -1 -1 1 0 -0.157485 0.246216 -0.0206513 -0.157485 0.246216 -0.0206513 0 0 0 -0.0164227 -0.0169186 0.0114185 0.3 0.3
52 1 58.6002 -1.9469 -9.81897 35772 -0.418785 0.77397 1.1922 0.985971 0.00075551 0.766655 1.23335 1 0 -0.0124351 0.069942 0.0191746 -0.0124351 0.069942 0.0191746 0 0 0 0.0155314 -0.0101178 -0.00158966 0.3 0.3
52 2 58.6002 -0.597321 -2.83008 37009.9 1.67812 1.25157 0.763035 1.04294 -0.0100583 1.23335 0.766655 1 0 -0.0309897 0.00615304 -0.0508729 -0.0309897 0.00615304 -0.0508729 0 0 0 -0.0236601 -0.00853125 0.0202194 0.3 0.3
52 0 58.6502 10.7814 5.5593 37933.5 1.6795 -0.906706 -1.14584 1.01899 -0.00655909 -1 -1 1 0 -0.1586 0.247933 -0.0180807 -0.1586 0.247933 -0.0180807 0 0 0 -0.0156838 -0.0115224 0.0132093 0.3 0.3
52 1 58.6502 -1.95908 -9.82245 35617.2 -0.21426 0.774586 1.19075 0.986068 0.000848276 0.766655 1.23335 1 0 -0.0134835 0.0724195 0.0190229 -0.0134835 0.0724195 0.0190229 0 0 0 0.0167247 -0.00921297 -0.00177367 0.3 0.3
52 2 58.6502 -0.832082 -2.94585 36957.7 -1.30696 1.25273 0.763278 1.04133 -0.00454755 1.23335 0.766655 1 0 -0.0329545 0.00574023 -0.0498155 -0.0329545 0.00574023 -0.0498155 0 0 0 -0.0217796 -0.0048719 0.00914876 0.3 0.3
52 0 58.7003 10.738 5.45913 38011.2 1.58039 -0.906292 -1.14669 1.01721 -0.00699888 -1 -1 1 0 -0.159304 0.249381 -0.0151914 -0.159304 0.249381 -0.0151914 0 0 0 -0.0220501 -0.00684384 0.0140743 0.3 0.3
52 1 58.7003 -1.85685 -9.71227 35497.9 -0.0918838 0.774938 1.18975 0.986261 0.000686272 0.766655 1.23335 1 0 -0.014082 0.0741145 0.0182661 -0.014082 0.0741145 0.0182661 0 0 0 0.0185357 -0.0125276 -0.00148874 0.3 0.3
52 2 58.7003 -0.856212 -2.84684 36957.5 0.123099 1.25403 0.763559 1.03993 -0.00318331 1.23335 0.766655 1 0 -0.0351616 0.00526368 -0.0488782 -0.0351616 0.00526368 -0.0488782 0 0 0 -0.0260939 -0.0109672 0.00651037 0.3 0.3
52 0 58.7502 10.9751 5.04392 37514.4 0.11832 -0.90638 -1.14784 1.01581 -0.00484164 -1 -1 1 0 -0.159154 0.25133 -0.0151497 -0.159154 0.25133 -0.0151497 0 0 0 -0.012296 -0.0154291 0.00977865 0.3 0.3
52 1 58.7502 -1.81854 -9.59202 35475.6 -0.297973 0.775088 1.18921 0.986548 0.000923292 0.766655 1.23335 1 0 -0.0143368 0.0750305 0.0173997 -0.0143368 0.0750305 0.0173997 0 0 0 0.0221409 -0.0125296 -0.00198545 0.3 0.3
52 2 58.7502 -1.0552 -2.54396 37154 -0.308055 1.25559 0.764257 1.03854 -0.00157766 1.23335 0.766655 1 0 -0.0378221 0.00407602 -0.0469722 -0.0378221 0.00407602 -0.0469722 0 0 0 -0.0239492 -0.0133636 0.00331566 0.3 0.3
52 0 58.8003 10.9391 5.40881 37992.3 1.34276 -0.906714 -1.14845 1.0143 -0.00547843 -1 -1 1 0 -0.158586 0.252371 -0.0124443 -0.158586 0.252371 -0.0124443 0 0 0 -0.0203138 -0.00376647 0.0109958 0.3 0.3
52 1 58.8003 -1.67478 -9.64672 35371.6 0.766987 0.77497 1.18887 0.987002 -0.000658615 0.766655 1.23335 1 0 -0.0141357 0.0756091 0.0159303 -0.0141357 0.0756091 0.0159303 0 0 0 0.0235414 -0.00687044 0.00123646 0.3 0.3
52 2 58.8003 -1.03364 -2.74123 37129.3 -0.465035 1.25715 0.76482 1.03719 -0.000179906 1.23335 0.766655 1 0 -0.0404742 0.00311958 -0.04533 -0.0404742 0.00311958 -0.04533 0 0 0 -0.0234508 -0.0253428 0.000657051 0.3 0.3
52 0 58.8503 10.9294 5.07965 37682.1 0.81349 -0.907196 -1.14917 1.013 -0.00500009 -1 -1 1 0 -0.157766 0.253589 -0.0116876 -0.157766 0.253589 -0.0116876 0 0 0 -0.0229413 -0.00353436 0.0100414 0.3 0.3
52 1 58.8503 -1.58838 -9.54899 35562.1 0.34184 0.774618 1.18882 0.987422 -0.00101682 0.766655 1.23335 1 0 -0.0135369 0.075694 0.0155122 -0.0135369 0.075694 0.0155122 0 0 0 0.02465 -0.0056039 0.00196473 0.3 0.3
52 2 58.8503 -1.02533 -2.67366 37087.6 -0.352757 1.25862 0.765411 1.03592 0.000525476 1.23335 0.766655 1 0 -0.0429604 0.00211411 -0.0439709 -0.0429604 0.00211411 -0.0439709 0 0 0 -0.0198439 -0.0312659 -0.000740878 0.3 0.3
52 0 58.9003 11.1149 5.03214 37886.8 1.91293 -0.908076 -1.14989 1.01168 -0.0065205 -1 -1 1 0 -0.156271 0.254813 -0.00980243 -0.156271 0.254813 -0.00980243 0 0 0 -0.018136 -0.00303394 0.0130692 0.3 0.3
52 1 58.9003 -1.54283 -9.52053 35470.6 -0.16526 0.774088 1.18897 0.987903 -0.000427785 0.766655 1.23335 1 0 -0.0126361 0.0754366 0.0145303 -0.0126361 0.0754366 0.0145303 0 0 0 0.0277165 -0.00687848 0.000760328 0.3 0.3
52 2 58.9003 -1.27246 -3.04453 36830.1 -0.557497 1.26029 0.765458 1.03495 0.00169586 1.23335 0.766655 1 0 -0.045802 0.00203527 -0.0440983 -0.045802 0.00203527 -0.0440983 0 0 0 -0.0352609 -0.0592082 -0.00234945 0.3 0.3
52 0 58.9502 11.0732 5.12513 37729.6 1.20576 -0.909092 -1.15034 1.01052 -0.00636751 -1 -1 1 0 -0.154543 0.255576 -0.00893073 -0.154543 0.255576 -0.00893073 0 0 0 -0.0170837 0.000409012 0.0127321 0.3 0.3
52 1 58.9502 -1.53107 -9.52159 35545.8 0.213698 0.773481 1.18924 0.988362 -0.000650887 0.766655 1.23335 1 0 -0.011605 0.0749745 0.0139944 -0.011605 0.0749745 0.0139944 0 0 0 0.0320274 -0.00517717 0.00121903 0.3 0.3
52 2 58.9502 -0.406345 -2.17452 37668.5 0.178123 1.26074 0.766505 1.0335 0.000621713 1.23335 0.766655 1 0 -0.0465689 0.000255245 -0.0395951 -0.0465689 0.000255245 -0.0395951 0 0 0 -0.0161221 -0.033533 -0.000973299 0.3 0.3
52 0 59.0003 11.0108 4.92396 37679.7 -0.203009 -0.910074 -1.15076 1.00953 -0.00389874 -1 -1 1 0 -0.152874 0.256285 -0.00838095 -0.152874 0.256285 -0.00838095 0 0 0 -0.0198072 -0.000666752 0.00780448 0.3 0.3
52 1 59.0003 -1.64608 -9.47816 35364.8 -1.47411 0.772947 1.18964 0.988965 0.00201823 0.766655 1.23335 1 0 -0.0106972 0.0742946 0.0124384 -0.0106972 0.0742946 0.0124384 0 0 0 0.0381173 -0.00399053 -0.00411327 0.3 0.3
52 2 59.0003 -0.822643 -3.01429 36828.1 -0.378262 1.26123 0.766713 1.03241 0.00113653 1.23335 0.766655 1 0 -0.0474065 -9.9504e-05 -0.0399774 -0.0474065 -9.9504e-05 -0.0399774 0 0 0 -0.0196521 -0.036706 -0.00191283 0.3 0.3
52 0 59.0503 11.3491 4.9216 37951.4 1.40973 -0.911555 -1.15106 1.00845 -0.00496984 -1 -1 1 0 -0.150356 0.256808 -0.00640748 -0.150356 0.256808 -0.00640748 0 0 0 -0.0153949 0.00443748 0.00990588 0.3 0.3
52 1 59.0503 -1.41929 -9.7329 35652 0.935486 0.7722 1.18976 0.989423 -0.000203905 0.766655 1.23335 1 0 -0.00942664 0.0740889 0.0125267 -0.00942664 0.0740889 0.0125267 0 0 0 0.0367264 -0.00091032 0.00039116 0.3 0.3
52 2 59.0503 -0.835678 -2.91809 36895.8 1.66705 1.26169 0.766745 1.03154 -0.00174096 1.23335 0.766655 1 0 -0.0481911 -0.000153106 -0.0398078 -0.0481911 -0.000153106 -0.0398078 0 0 0 -0.030539 -0.0542798 0.00431271 0.3 0.3
52 0 59.1002 11.2322 4.9309 37599 0.587121 -0.913062 -1.15117 1.00762 -0.00429614 -1 -1 1 0 -0.147794 0.256988 -0.0065225 -0.147794 0.256988 -0.0065225 0 0 0 -0.0137574 0.00389794 0.00856571 0.3 0.3
52 1 59.1002 -1.49932 -9.69276 35345 0.502753 0.771538 1.18986 0.990036 -0.000957285 0.766655 1.23335 1 0 -0.00830088 0.0739276 0.0108673 -0.00830088 0.0739276 0.0108673 0 0 0 0.0393035 0.000611372 0.00192696 0.3 0.3
52 2 59.1002 -0.0861119 -2.50936 37334.3 -0.580291 1.26104 0.767235 1.03048 -0.000272729 1.23335 0.766655 1 0 -0.0470753 -0.000985718 -0.0373495 -0.0470753 -0.000985718 -0.0373495 0 0 0 -0.0231427 -0.0367562 0.000970973 0.3 0.3
52 0 59.1503 11.1912 4.58065 37351.6 -2.53823 -0.914459 -1.15139 1.0072 0.00139557 -1 -1 1 0 -0.14542 0.257364 -0.00800316 -0.14542 0.257364 -0.00800316 0 0 0 -0.0182599 -0.00431727 -0.00275184 0.3 0.3
52 1 59.1503 -1.54144 -9.83572 35298.5 0.566044 0.771 1.18976 0.990805 -0.00151559 0.766655 1.23335 1 0 -0.00738751 0.0740958 0.00902767 -0.00738751 0.0740958 0.00902767 0 0 0 0.0395506 0.00707743 0.00317177 0.3 0.3
52 2 59.1503 -0.518729 -2.84737 37018.2 -0.328133 1.26051 0.767414 1.02956 0.000398091 1.23335 0.766655 1 0 -0.0461879 -0.00129071 -0.0367679 -0.0461879 -0.00129071 -0.0367679 0 0 0 -0.023389 -0.0298993 -0.000446626 0.3 0.3
52 0 59.2002 11.478 4.76757 37950.6 0.109988 -0.916216 -1.15129 1.0066 0.000735563 -1 -1 1 0 -0.142432 0.257195 -0.00622224 -0.142432 0.257195 -0.00622224 0 0 0 -0.0170278 -0.000425067 -0.00146756 0.3 0.3
52 1 59.2002 -1.558 -9.86069 35384.3 -0.1849 0.770541 1.18957 0.99162 -0.000667909 0.766655 1.23335 1 0 -0.00660709 0.0744122 0.00765786 -0.00660709 0.0744122 0.00765786 0 0 0 0.0425545 0.00751148 0.00149598 0.3 0.3
52 2 59.2002 -0.644447 -2.94539 36886.5 -1.15487 1.26017 0.76733 1.02885 0.00243291 1.23335 0.766655 1 0 -0.045604 -0.00114703 -0.0368693 -0.045604 -0.00114703 -0.0368693 0 0 0 -0.0331277 -0.0429994 -0.0041552 0.3 0.3
52 0 59.2502 11.3937 4.58709 37642.6 -0.398022 -0.917974 -1.1512 1.00615 0.00116361 -1 -1 1 0 -0.139444 0.257045 -0.00636212 -0.139444 0.257045 -0.00636212 0 0 0 -0.0166582 -0.00240493 -0.00230727 0.3 0.3
52 1 59.2502 -1.69742 -10.0834 35428.4 0.0276298 0.77033 1.18906 0.992439 -0.000475405 0.766655 1.23335 1 0 -0.00624808 0.0752765 0.00650844 -0.00624808 0.0752765 0.00650844 0 0 0 0.0454443 0.00601347 0.00108772 0.3 0.3
52 2 59.2502 -0.119654 -2.6029 37411.3 -2.74792 1.25913 0.767615 1.02786 0.00608191 1.23335 0.766655 1 0 -0.0438288 -0.00163239 -0.0340747 -0.0438288 -0.00163239 -0.0340747 0 0 0 -0.0206521 -0.0185113 -0.0119739 0.3 0.3
52 0 59.3002 11.4497 4.62242 37790.1 -0.213865 -0.919799 -1.15096 1.00568 0.00111491 -1 -1 1 0 -0.136342 0.256626 -0.0056334 -0.136342 0.256626 -0.0056334 0 0 0 -0.0122346 0.00348883 -0.00225121 0.3 0.3
52 1 59.3002 -1.77837 -10.2451 35338.2 0.221899 0.770353 1.18825 0.993327 -0.000620468 0.766655 1.23335 1 0 -0.00628679 0.0766566 0.00488357 -0.00628679 0.0766566 0.00488357 0 0 0 0.0477726 0.00927883 0.00146298 0.3 0.3
52 2 59.3002 -0.859426 -2.94451 36423.2 -2.64041 1.25886 0.767528 1.02754 0.00878307 1.23335 0.766655 1 0 -0.0433677 -0.00148405 -0.036916 -0.0433677 -0.00148405 -0.036916 0 0 0 -0.0391871 -0.0419851 -0.0167507 0.3 0.3
52 0 59.3502 11.4585 4.48375 37386.5 -0.74581 -0.921627 -1.15072 1.00557 0.00199653 -1 -1 1 0 -0.133234 0.25622 -0.0072242 -0.133234 0.25622 -0.0072242 0 0 0 -0.0124988 -0.00106465 -0.00398649 0.3 0.3
52 1 59.3502 -1.89794 -10.426 35608.2 0.0242737 0.770643 1.18711 0.994036 -0.000370296 0.766655 1.23335 1 0 -0.00678036 0.0786025 0.0048009 -0.00678036 0.0786025 0.0048009 0 0 0 0.0470199 0.0134182 0.00105634 0.3 0.3
52 2 59.3502 -0.198137 -2.31188 37691.8 -3.41242 1.25794 0.768206 1.0266 0.0113452 1.23335 0.766655 1 0 -0.0418034 -0.00263746 -0.0325629 -0.0418034 -0.00263746 -0.0325629 0 0 0 -0.0183352 -0.0165922 -0.0225405 0.3 0.3
52 0 59.4002 11.4676 4.61036 37660 0.0299095 -0.92345 -1.15023 1.00549 0.00127269 -1 -1 1 0 -0.130135 0.255384 -0.0072627 -0.130135 0.255384 -0.0072627 0 0 0 -0.0227918 0.00109604 -0.00255804 0.3 0.3
52 1 59.4002 -2.13485 -10.8444 35645.6 0.220229 0.77138 1.18531 0.994573 -0.000522636 0.766655 1.23335 1 0 -0.00803236 0.0816606 0.00491412 -0.00803236 0.0816606 0.00491412 0 0 0 0.0520351 0.0150902 0.00143836 0.3 0.3
52 2 59.4002 -0.621284 -2.77283 36989.9 -4.14866 1.25736 0.76849 1.02585 0.0145183 1.23335 0.766655 1 0 -0.0408189 -0.00312039 -0.032435 -0.0408189 -0.00312039 -0.032435 0 0 0 -0.0163727 -0.0223578 -0.0288573 0.3 0.3
52 0 59.4503 11.6299 4.58473 38090.4 1.32844 -0.925504 -1.14967 1.00507 -0.00137452 -1 -1 1 0 -0.126642 0.254437 -0.00503237 -0.126642 0.254437 -0.00503237 0 0 0 -0.00372384 0.00991334 0.00273063 0.3 0.3
52 1 59.4503 -2.10705 -10.9095 35699.5 0.930223 0.77228 1.18325 0.994917 -0.00189294 0.766655 1.23335 1 0 -0.00956333 0.0851594 0.00540295 -0.00956333 0.0851594 0.00540295 0 0 0 0.0492904 0.011282 0.00406521 0.3 0.3
52 2 59.4503 -0.529005 -2.66205 37046.9 -3.87389 1.25677 0.768784 1.02516 0.0161584 1.23335 0.766655 1 0 -0.0398156 -0.00362045 -0.0317879 -0.0398156 -0.00362045 -0.0317879 0 0 0 -0.0123883 -0.0260544 -0.0321602 0.3 0.3
52 0 59.5003 11.4071 4.47059 37382.1 -0.0277061 -0.927287 -1.14914 1.00503 -0.000883543 -1 -1 1 0 -0.123612 0.253539 -0.00681739 -0.123612 0.253539 -0.00681739 0 0 0 -0.0185534 0.00406727 0.00172943 0.3 0.3
52 1 59.5003 -2.41855 -11.2516 35277.2 -0.174938 0.773627 1.18071 0.995463 -0.000930153 0.766655 1.23335 1 0 -0.0118519 0.0894735 0.00361228 -0.0118519 0.0894735 0.00361228 0 0 0 0.0557937 0.00969448 0.00213157 0.3 0.3
52 2 59.5003 -0.698492 -3.03278 36395.2 -4.04659 1.25641 0.768523 1.0251 0.0178336 1.23335 0.766655 1 0 -0.0392062 -0.00317612 -0.0348166 -0.0392062 -0.00317612 -0.0348166 0 0 0 -0.0289241 -0.0529564 -0.0349192 0.3 0.3
52 0 59.5502 11.6885 4.47462 37926.6 1.1925 -0.929352 -1.14859 1.00477 -0.00258143 -1 -1 1 0 -0.120102 0.252608 -0.00541804 -0.120102 0.252608 -0.00541804 0 0 0 -0.0149681 0.00485324 0.00512671 0.3 0.3
52 1 59.5502 -2.70281 -11.5244 35184.2 0.782574 0.775536 1.17773 0.996233 -0.00187783 0.766655 1.23335 1 0 -0.0150981 0.0945416 0.00142603 -0.0150981 0.0945416 0.00142603 0 0 0 0.0508195 0.010719 0.00402936 0.3 0.3
52 2 59.5502 0.0903358 -2.39953 37301.3 -4.69353 1.25505 0.768969 1.02473 0.0196032 1.23335 0.766655 1 0 -0.0369026 -0.00393476 -0.0327723 -0.0369026 -0.00393476 -0.0327723 0 0 0 -0.0175626 -0.033073 -0.0389253 0.3 0.3
52 0 59.6003 11.4861 4.41913 37400.1 -0.399532 -0.931175 -1.14799 1.00484 -0.00103222 -1 -1 1 0 -0.117003 0.251577 -0.00710408 -0.117003 0.251577 -0.00710408 0 0 0 -0.0110172 -0.0031436 0.00208179 0.3 0.3
52 1 59.6003 -2.6558 -11.7542 35543.5 0.36118 0.777542 1.17439 0.996866 -0.00184483 0.766655 1.23335 1 0 -0.0185086 0.100223 0.00122648 -0.0185086 0.100223 0.00122648 0 0 0 0.0522469 0.00761515 0.00388992 0.3 0.3
52 2 59.6003 -0.3322 -2.68727 36716 -3.93352 1.25392 0.769238 1.02467 0.0196403 1.23335 0.766655 1 0 -0.0349701 -0.00439084 -0.0342524 -0.0349701 -0.00439084 -0.0342524 0 0 0 -0.0174244 -0.0259099 -0.0390622 0.3 0.3
52 0 59.6503 11.5558 4.47475 38149.1 0.962415 -0.932982 -1.14724 1.00449 -0.00229847 -1 -1 1 0 -0.11393 0.250315 -0.00451996 -0.11393 0.250315 -0.00451996 0 0 0 -0.0141647 -0.000431941 0.00460011 0.3 0.3
52 1 59.6503 -2.89206 -12.0976 35674.3 0.204997 0.779837 1.17059 0.997289 -0.00155 0.766655 1.23335 1 0 -0.0224101 0.106685 0.0016863 -0.0224101 0.106685 0.0016863 0 0 0 0.0526844 0.00657829 0.00327443 0.3 0.3
52 2 59.6503 -0.263413 -2.96532 37042.2 -4.89285 1.25274 0.769053 1.02455 0.0212593 1.23335 0.766655 1 0 -0.0329709 -0.00407743 -0.0337765 -0.0329709 -0.00407743 -0.0337765 0 0 0 -0.0171131 -0.0182322 -0.0423691 0.3 0.3
52 0 59.7002 11.66 4.46911 38061.6 0.152719 -0.934878 -1.14637 1.00391 -0.00180329 -1 -1 1 0 -0.110708 0.248823 -0.00258814 -0.110708 0.248823 -0.00258814 0 0 0 -0.0118125 0.00480432 0.00357828 0.3 0.3
52 1 59.7002 -3.08458 -12.3436 35562.1 0.667799 0.782416 1.16649 0.997637 -0.00214046 0.766655 1.23335 1 0 -0.0267946 0.113654 0.00156381 -0.0267946 0.113654 0.00156381 0 0 0 0.0475284 0.00511551 0.00440374 0.3 0.3
52 2 59.7002 -0.161013 -2.58056 36771.3 -3.59355 1.2515 0.769231 1.02463 0.0202122 1.23335 0.766655 1 0 -0.030859 -0.00437949 -0.0349019 -0.030859 -0.00437949 -0.0349019 0 0 0 -0.0170919 -0.0224833 -0.0402391 0.3 0.3
52 0 59.7502 11.6779 4.44074 37881.5 1.13527 -0.936806 -1.14545 1.0033 -0.00309341 -1 -1 1 0 -0.10743 0.247263 -0.0015619 -0.10743 0.247263 -0.0015619 0 0 0 -0.00966953 0.00371203 0.00616897 0.3 0.3
52 1 59.7502 -3.21794 -12.6365 35617.3 0.329134 0.785195 1.16204 0.997866 -0.00197771 0.766655 1.23335 1 0 -0.0315184 0.121214 0.0018418 -0.0315184 0.121214 0.0018418 0 0 0 0.0481941 0.00317167 0.00403302 0.3 0.3
52 2 59.7502 -0.334282 -2.804 36955.1 -4.0452 1.25049 0.769208 1.02471 0.0202424 1.23335 0.766655 1 0 -0.0291421 -0.00434109 -0.0349588 -0.0291421 -0.00434109 -0.0349588 0 0 0 -0.0158794 -0.0228339 -0.0403101 0.3 0.3
52 0 59.8003 11.5966 4.35333 37495.5 0.471895 -0.938588 -1.14456 1.00299 -0.00284348 -1 -1 1 0 -0.1044 0.245759 -0.00261868 -0.1044 0.245759 -0.00261868 0 0 0 -0.0164904 0.000201509 0.00568551 0.3 0.3
52 1 59.8003 -3.3407 -12.826 35420.8 0.593091 0.788112 1.15743 0.998167 -0.00228312 0.766655 1.23335 1 0 -0.0364777 0.129053 0.00106133 -0.0364777 0.129053 0.00106133 0 0 0 0.0434704 0.00453749 0.00466597 0.3 0.3
52 2 59.8003 -0.4681 -3.06599 36548.6 -3.16738 1.2498 0.768739 1.02514 0.0190411 1.23335 0.766655 1 0 -0.0279647 -0.00354283 -0.0373316 -0.0279647 -0.00354283 -0.0373316 0 0 0 -0.0341287 -0.0391242 -0.0374296 0.3 0.3
52 0 59.8503 11.7573 4.51294 37788.3 0.805095 -0.940505 -1.14342 1.00265 -0.00325786 -1 -1 1 0 -0.101142 0.243814 -0.00201003 -0.101142 0.243814 -0.00201003 0 0 0 -0.0139394 0.00572104 0.00647605 0.3 0.3
52 1 59.8503 -3.50926 -13.0053 35282.1 0.131266 0.791175 1.15273 0.998636 -0.00173141 0.766655 1.23335 1 0 -0.0416837 0.137045 -0.00042787 -0.0416837 0.137045 -0.00042787 0 0 0 0.0456699 0.0034878 0.00354338 0.3 0.3
52 2 59.8503 0.0651768 -2.44082 37590 -2.3376 1.24855 0.769008 1.02492 0.0164524 1.23335 0.766655 1 0 -0.025856 -0.00400083 -0.0338124 -0.025856 -0.00400083 -0.0338124 0 0 0 -0.019977 -0.0190921 -0.0327187 0.3 0.3
52 0 59.9002 11.7087 4.30479 37624.2 0.765996 -0.942351 -1.14242 1.00245 -0.00345002 -1 -1 1 0 -0.0980025 0.242122 -0.00244259 -0.0980025 0.242122 -0.00244259 0 0 0 -0.00988267 0.00608503 0.0068701 0.3 0.3
52 1 59.9002 -3.72052 -13.3758 35421.5 0.0120411 0.794396 1.14777 0.999108 -0.00115901 0.766655 1.23335 1 0 -0.0471601 0.145475 -0.00111553 -0.0471601 0.145475 -0.00111553 0 0 0 0.0425367 0.00410679 0.0024059 0.3 0.3
52 2 59.9002 -0.248925 -2.70871 36412.1 -1.89981 1.24761 0.769156 1.02525 0.0142267 1.23335 0.766655 1 0 -0.0242528 -0.00425182 -0.0370398 -0.0242528 -0.00425182 -0.0370398 0 0 0 -0.0201798 -0.0291124 -0.028165 0.3 0.3
52 0 59.9502 11.7927 4.35157 37845.1 0.262636 -0.94424 -1.14134 1.00217 -0.00272576 -1 -1 1 0 -0.0947924 0.240276 -0.0016436 -0.0947924 0.240276 -0.0016436 0 0 0 0.00208253 0.00571088 0.00545749 0.3 0.3
52 1 59.9502 -3.72459 -13.4423 35353.7 0.365645 0.797545 1.14289 0.999649 -0.00138422 0.766655 1.23335 1 0 -0.0525129 0.153782 -0.00221865 -0.0525129 0.153782 -0.00221865 0 0 0 0.0377527 0.00280351 0.00282186 0.3 0.3
52 2 59.9502 -0.169623 -2.66523 36696.2 -1.46985 1.24671 0.769339 1.02573 0.0119317 1.23335 0.766655 1 0 -0.0227131 -0.004563 -0.0383815 -0.0227131 -0.004563 -0.0383815 0 0 0 -0.0188356 -0.0186396 -0.0236905 0.3 0.3
52 0 60.0003 11.607 4.26343 37498.2 1.90438 -0.94586 -1.14037 1.00214 -0.00501004 -1 -1 1 0 -0.0920381 0.238626 -0.00284861 -0.0920381 0.238626 -0.00284861 0 0 0 -0.018595 0.0037377 0.00998582 0.3 0.3
52 1 60.0003 -4.14436 -13.7834 35207.9 -0.482889 0.801052 1.1378 1.00037 -8.6995e-05 0.766655 1.23335 1 0 -0.0584758 0.16242 -0.00410936 -0.0584758 0.16242 -0.00410936 0 0 0 0.0370897 0.00527438 0.000271844 0.3 0.3
52 2 60.0003 -0.217216 -2.71379 36683.2 -1.01498 1.24594 0.769456 1.02634 0.00964812 1.23335 0.766655 1 0 -0.0214092 -0.0047618 -0.0399266 -0.0214092 -0.0047618 -0.0399266 0 0 0 -0.0166881 -0.0147032 -0.019175 0.3 0.3
52 0 60.0502 11.8675 4.18733 37997.1 0.467848 -0.947686 -1.13947 1.00186 -0.00411834 -1 -1 1 0 -0.0889339 0.237104 -0.00122939 -0.0889339 0.237104 -0.00122939 0 0 0 -0.00937058 0.00437281 0.00821633 0.3 0.3
52 1 60.0502 -4.08766 -13.9316 35631.6 0.253892 0.804454 1.13274 1.00085 -0.000495979 0.766655 1.23335 1 0 -0.0642588 0.171024 -0.00361415 -0.0642588 0.171024 -0.00361415 0 0 0 0.0345072 0.00211275 0.00102856 0.3 0.3
52 2 60.0502 -0.211302 -2.46042 36529.2 -0.635319 1.24527 0.769898 1.02719 0.00750793 1.23335 0.766655 1 0 -0.0202759 -0.00551416 -0.0423388 -0.0202759 -0.00551416 -0.0423388 0 0 0 -0.0151112 -0.0166818 -0.0148909 0.3 0.3
52 0 60.1003 11.7652 4.20461 37680.6 0.436756 -0.949389 -1.13851 1.00169 -0.00346969 -1 -1 1 0 -0.086039 0.235467 -0.00149764 -0.086039 0.235467 -0.00149764 0 0 0 -0.00662873 0.00198765 0.00693284 0.3 0.3
52 1 60.1003 -4.28881 -13.9669 35352.4 -0.650056 0.807875 1.12792 1.00141 0.000733448 0.766655 1.23335 1 0 -0.0700751 0.179216 -0.00473712 -0.0700751 0.179216 -0.00473712 0 0 0 0.0308905 -0.000897013 -0.00148093 0.3 0.3
52 2 60.1003 -0.524254 -3.14776 36557.8 -1.44374 1.24511 0.769475 1.02821 0.00777578 1.23335 0.766655 1 0 -0.0199926 -0.00479453 -0.0445535 -0.0199926 -0.00479453 -0.0445535 0 0 0 -0.032413 -0.0505151 -0.0147398 0.3 0.3
52 0 60.1503 11.9693 4.29664 38157.9 0.78756 -0.951292 -1.13735 1.00117 -0.00360683 -1 -1 1 0 -0.0828044 0.233495 0.000974264 -0.0828044 0.233495 0.000974264 0 0 0 0.00852656 0.0079775 0.00724782 0.3 0.3
52 1 60.1503 -4.49715 -14.2257 35235.5 -0.787347 0.811374 1.12311 1.0021 0.00181765 0.766655 1.23335 1 0 -0.0760235 0.187396 -0.00639823 -0.0760235 0.187396 -0.00639823 0 0 0 0.0340841 0.000783442 -0.00362248 0.3 0.3
52 2 60.1503 0.242348 -2.35462 37427.3 -0.837014 1.24408 0.76986 1.02859 0.00637119 1.23335 0.766655 1 0 -0.0182558 -0.0054486 -0.0419147 -0.0182558 -0.0054486 -0.0419147 0 0 0 -0.0102564 -0.0275063 -0.0126028 0.3 0.3
52 0 60.2002 11.5704 4.01674 37527.6 1.00534 -0.952659 -1.13647 1.00094 -0.00410846 -1 -1 1 0 -0.0804793 0.231998 -0.000148751 -0.0804793 0.231998 -0.000148751 0 0 0 -0.0150009 0.00496035 0.00818 0.3 0.3
52 1 60.2002 -4.56273 -14.3993 35397.7 0.301046 0.814812 1.11843 1.00275 0.000719262 0.766655 1.23335 1 0 -0.0818674 0.195354 -0.0071124 -0.0818674 0.195354 -0.0071124 0 0 0 0.0263195 0.000940499 -0.00142627 0.3 0.3
52 2 60.2002 -0.129931 -2.99049 36585.8 -0.80657 1.24331 0.769623 1.02921 0.00563468 1.23335 0.766655 1 0 -0.0169372 -0.00504572 -0.0440444 -0.0169372 -0.00504572 -0.0440444 0 0 0 -0.0111395 -0.0299054 -0.0111043 0.3 0.3
52 0 60.2503 11.9116 3.9009 37723 -0.55573 -0.954237 -1.13573 1.00074 -0.00180344 -1 -1 1 0 -0.0777966 0.230745 -4.35583e-05 -0.0777966 0.230745 -4.35583e-05 0 0 0 -0.00692347 0.00214265 0.00359948 0.3 0.3
52 1 60.2503 -4.76614 -14.4976 35322.2 -0.777447 0.81831 1.11391 1.00344 0.00174656 0.766655 1.23335 1 0 -0.087814 0.203046 -0.00827115 -0.087814 0.203046 -0.00827115 0 0 0 0.0257226 -0.00387228 -0.00354322 0.3 0.3
52 2 60.2503 -0.0228771 -2.74372 36754.6 -0.695139 1.24248 0.76951 1.02984 0.00489531 1.23335 0.766655 1 0 -0.0155208 -0.00485381 -0.0449466 -0.0155208 -0.00485381 -0.0449466 0 0 0 -0.00924516 -0.0154805 -0.0097195 0.3 0.3
52 0 60.3002 11.9985 4.0651 37800.5 0.90503 -0.955971 -1.13481 1.00052 -0.0027151 -1 -1 1 0 -0.0748493 0.229172 0.000390457 -0.0748493 0.229172 0.000390457 0 0 0 -0.0117428 0.00246751 0.00541581 0.3 0.3
52 1 60.3002 -4.60168 -14.5221 35364.1 -0.346806 0.821391 1.10973 1.00412 0.00174424 0.766655 1.23335 1 0 -0.0930511 0.210152 -0.00914362 -0.0930511 0.210152 -0.00914362 0 0 0 0.0236047 -0.00249488 -0.00351817 0.3 0.3
52 2 60.3002 -0.326615 -3.38868 36188.9 -1.84694 1.24207 0.768518 1.03097 0.00663023 1.23335 0.766655 1 0 -0.0148255 -0.0031667 -0.0490065 -0.0148255 -0.0031667 -0.0490065 0 0 0 -0.0323943 -0.0388776 -0.012635 0.3 0.3
52 0 60.3503 11.7565 3.82569 37817.7 0.332578 -0.957382 -1.13408 1.00026 -0.00237232 -1 -1 1 0 -0.0724499 0.227939 0.000884457 -0.0724499 0.227939 0.000884457 0 0 0 -0.00707701 0.00759674 0.00471782 0.3 0.3
52 1 60.3503 -4.84762 -14.7306 35252.8 0.443723 0.82453 1.10569 1.00488 0.000371097 0.766655 1.23335 1 0 -0.0983881 0.21702 -0.0106156 -0.0983881 0.21702 -0.0106156 0 0 0 0.020466 -0.0112023 -0.000856882 0.3 0.3
52 2 60.3503 0.00286291 -2.76826 37076.4 -1.81158 1.24138 0.768084 1.0317 0.00750023 1.23335 0.766655 1 0 -0.0136598 -0.00243005 -0.0480037 -0.0136598 -0.00243005 -0.0480037 0 0 0 -0.030238 -0.0353633 -0.0144699 0.3 0.3
52 0 60.4002 12.0295 3.95394 37975.3 -0.296856 -0.958998 -1.13315 0.999856 -0.00107879 -1 -1 1 0 -0.0697039 0.226361 0.00224437 -0.0697039 0.226361 0.00224437 0 0 0 0.000360847 0.00552029 0.00215859 0.3 0.3
52 1 60.4002 -4.67066 -14.638 35519.5 -0.270068 0.827211 1.10215 1.00546 0.000699193 0.766655 1.23335 1 0 -0.102945 0.223039 -0.0105432 -0.102945 0.223039 -0.0105432 0 0 0 0.0176782 -0.00813325 -0.00147035 0.3 0.3
52 2 60.4002 -0.313408 -3.16805 36823.8 -2.20091 1.24106 0.767301 1.03235 0.00886733 1.23335 0.766655 1 0 -0.013108 -0.0010986 -0.0485705 -0.013108 -0.0010986 -0.0485705 0 0 0 -0.0353197 -0.0432116 -0.0169785 0.3 0.3
52 0 60.4503 11.7129 3.69497 37504.4 -0.112406 -0.96019 -1.13244 0.999738 -0.000565945 -1 -1 1 0 -0.0676771 0.225153 0.000959682 -0.0676771 0.225153 0.000959682 0 0 0 -0.00998668 0.0135916 0.00106406 0.3 0.3
52 1 60.4503 -5.01772 -14.6708 35086.6 -0.971613 0.829976 1.099 1.00628 0.00205707 0.766655 1.23335 1 0 -0.107646 0.228391 -0.0128905 -0.107646 0.228391 -0.0128905 0 0 0 0.0210212 -0.00992877 -0.00421877 0.3 0.3
52 2 60.4503 -0.127261 -2.95178 37007.9 -1.94327 1.24062 0.766732 1.03277 0.0092066 1.23335 0.766655 1 0 -0.0123654 -0.000131828 -0.0479277 -0.0123654 -0.000131828 -0.0479277 0 0 0 -0.0286554 -0.0434915 -0.0177964 0.3 0.3
52 0 60.5002 11.8619 3.56713 37627.4 -0.949764 -0.961374 -1.13188 0.999726 0.0012419 -1 -1 1 0 -0.0656634 0.224195 0.000440756 -0.0656634 0.224195 0.000440756 0 0 0 0.00485309 0.0124279 -0.00245371 0.3 0.3
52 1 60.5002 -4.53567 -14.7738 35521.3 0.98869 0.831999 1.09617 1.00689 -0.000282393 0.766655 1.23335 1 0 -0.111085 0.233202 -0.0126848 -0.111085 0.233202 -0.0126848 0 0 0 0.0161963 -0.0106127 0.000478868 0.3 0.3
52 2 60.5002 0.0895998 -2.84877 36881.4 -2.59857 1.23985 0.766419 1.03309 0.0103374 1.23335 0.766655 1 0 -0.0110626 0.000401157 -0.0479243 -0.0110626 0.000401157 -0.0479243 0 0 0 -0.0196391 -0.0157198 -0.0205224 0.3 0.3
52 0 60.5502 11.621 3.64146 37631.9 1.04583 -0.962195 -1.13129 0.999809 -0.000967607 -1 -1 1 0 -0.0642684 0.223185 -0.000147326 -0.0642684 0.223185 -0.000147326 0 0 0 -0.00824127 0.0183392 0.00185974 0.3 0.3
52 1 60.5502 -4.65857 -14.6884 35299.7 0.392629 0.83378 1.09383 1.00753 -0.000871678 0.766655 1.23335 1 0 -0.114113 0.237171 -0.01378 -0.114113 0.237171 -0.01378 0 0 0 0.0191692 -0.0116039 0.00163224 0.3 0.3
52 2 60.5502 -0.338671 -2.97023 36432.6 -1.45089 1.23958 0.766049 1.03371 0.0093139 1.23335 0.766655 1 0 -0.0106042 0.0010299 -0.0503013 -0.0106042 0.0010299 -0.0503013 0 0 0 -0.0190415 -0.0128692 -0.0185068 0.3 0.3
52 0 60.6002 11.59 3.36343 37593.4 -1.17963 -0.962783 -1.13094 1.00001 0.00132511 -1 -1 1 0 -0.0632681 0.222599 -0.000986896 -0.0632681 0.222599 -0.000986896 0 0 0 -0.00613949 0.0118381 -0.00268663 0.3 0.3
52 1 60.6002 -4.67973 -14.6492 35119.5 0.49746 0.835341 1.092 1.00835 -0.00141474 0.766655 1.23335 1 0 -0.116767 0.240285 -0.0157558 -0.116767 0.240285 -0.0157558 0 0 0 0.0175686 -0.00966193 0.00274475 0.3 0.3
52 2 60.6002 -0.21107 -3.21662 36537.6 -2.35899 1.23932 0.765346 1.03445 0.010219 1.23335 0.766655 1 0 -0.010161 0.00222557 -0.0519465 -0.010161 0.00222557 -0.0519465 0 0 0 -0.0191284 -0.0253228 -0.0201988 0.3 0.3
52 0 60.6502 11.4855 3.58829 37969 1.06165 -0.963133 -1.13038 0.999966 -0.000906679 -1 -1 1 0 -0.0626741 0.221644 0.000244548 -0.0626741 0.221644 0.000244548 0 0 0 -0.00768677 0.0159504 0.00175212 0.3 0.3
52 1 60.6502 -4.55894 -14.7194 35274.4 1.29671 0.836586 1.0905 1.00915 -0.00312163 0.766655 1.23335 1 0 -0.118882 0.242838 -0.0168168 -0.118882 0.242838 -0.0168168 0 0 0 0.0167488 -0.0105334 0.00615535 0.3 0.3
52 2 60.6502 -0.4777 -3.06874 36365.7 -0.146333 1.2395 0.764736 1.03545 0.00731504 1.23335 0.766655 1 0 -0.0104607 0.00326134 -0.0545857 -0.0104607 0.00326134 -0.0545857 0 0 0 -0.0338616 -0.0403237 -0.0139524 0.3 0.3
52 0 60.7002 11.4288 3.3544 38069.3 -0.556959 -0.963289 -1.12996 0.999667 0.000339383 -1 -1 1 0 -0.0624092 0.220937 0.001963 -0.0624092 0.220937 0.001963 0 0 0 -0.00050951 0.0179202 -0.000683359 0.3 0.3
52 1 60.7002 -4.62576 -14.681 35398.7 0.0335024 0.837629 1.08938 1.00983 -0.00214618 0.766655 1.23335 1 0 -0.120656 0.244749 -0.0171981 -0.120656 0.244749 -0.0171981 0 0 0 0.0187461 -0.00748525 0.00422241 0.3 0.3
52 2 60.7002 -0.0739845 -2.8699 37002.7 -0.109139 1.2393 0.764472 1.03607 0.00517029 1.23335 0.766655 1 0 -0.0101247 0.00371053 -0.0536357 -0.0101247 0.00371053 -0.0536357 0 0 0 -0.0359751 -0.0365601 -0.00968625 0.3 0.3
55 0 60.7503 11.079 3.23536 37528.2 0.0851783 -0.962881 -1.12971 0.999628 7.46448e-05 -1 -1 1 0 -0.063103 0.220499 0.00071416 -0.063103 0.220499 0.00071416 0 0 0 -0.0033772 0.0129257 -0.00017112 0.3 0.3
55 1 60.7503 -4.54654 -14.5549 35262.1 -0.329029 0.838318 1.08873 1.01054 -0.000883162 0.766655 1.23335 1 0 -0.121828 0.245843 -0.0183106 -0.121828 0.245843 -0.0183106 0 0 0 0.0228075 -0.00472634 0.00171254 0.3 0.3
55 2 60.7503 -0.0996429 -2.7582 36627.8 0.279381 1.23902 0.764525 1.03675 0.00317998 1.23335 0.766655 1 0 -0.00964905 0.00362065 -0.0548406 -0.00964905 0.00362065 -0.0548406 0 0 0 -0.0337652 -0.0503582 -0.00551245 0.3 0.3
55 0 60.8002 11.1882 2.95709 37892 -1.38935 -0.96219 -1.12954 0.999457 0.00236397 -0.999781 -0.999781 1 0 -0.0599603 0.224537 0.00161669 -0.0599603 0.224537 0.00161669 0 0 0 -0.00230132 0.0127787 -0.00474275 0.3 0.3
55 1 60.8002 -4.84169 -14.5052 35234.2 1.16105 0.839029 1.08831 1.01128 -0.00252332 0.766436 1.23313 1 0 -0.127354 0.242238 -0.0194835 -0.127354 0.242238 -0.0194835 0 0 0 0.0194468 -0.00376698 0.00501027 0.3 0.3
55 2 60.8002 0.0823474 -2.50425 37241.5 0.378038 1.23824 0.764862 1.0369 0.00137812 1.23313 0.766436 1 0 -0.0126431 -0.00126989 -0.0524322 -0.0126431 -0.00126989 -0.0524322 0 0 0 -0.0211438 -0.0321721 -0.00241659 0.3 0.3
55 0 60.8502 11.3989 3.03195 38104.8 2.15857 -0.961391 -1.12902 0.999014 -0.00203111 -0.999123 -0.999123 1 0 -0.0519162 0.233049 0.00359506 -0.0519162 0.233049 0.00359506 0 0 0 -0.00311697 0.0196719 0.00403177 0.3 0.3
55 1 60.8502 -5.0492 -14.0709 35370.2 -0.297202 0.839531 1.08837 1.01192 -0.00117629 0.765778 1.23247 1 0 -0.137604 0.232749 -0.0198542 -0.137604 0.232749 -0.0198542 0 0 0 0.0237405 -0.000457539 0.00234732 0.3 0.3
55 2 60.8502 -0.431606 -2.28408 36817.9 1.88146 1.23767 0.765276 1.03702 -0.0023084 1.23247 0.765778 1 0 -0.0210612 -0.011358 -0.0523951 -0.0210612 -0.011358 -0.0523951 0 0 0 -0.0186447 -0.0053203 0.00466662 0.3 0.3
55 0 60.9003 11.2767 2.46442 37607.2 -0.554874 -0.960131 -1.12875 0.998793 -0.000479673 -0.998026 -0.998026 1 0 -0.0434713 0.243187 0.00279546 -0.0434713 0.243187 0.00279546 0 0 0 -0.0119699 0.0205284 0.000836546 0.3 0.3
55 1 60.9003 -5.38012 -13.9275 35271.1 0.021009 0.840042 1.08865 1.01255 -0.000853615 0.764681 1.23137 1 0 -0.149085 0.221664 -0.0207529 -0.149085 0.221664 -0.0207529 0 0 0 0.0235244 -0.00609998 0.0016356 0.3 0.3
55 2 60.9003 -0.855302 -2.46899 36035.4 1.75333 1.23753 0.76518 1.03774 -0.00419328 1.23137 0.764681 1 0 -0.0314718 -0.0218587 -0.0564766 -0.0314718 -0.0218587 -0.0564766 0 0 0 -0.0383584 -0.0291578 0.00894836 0.3 0.3
55 0 60.9503 11.3293 2.25552 37830.8 -0.215989 -0.958545 -1.1285 0.998533 4.80195e-05 -0.996494 -0.996494 1 0 -0.0348109 0.254106 0.00335397 -0.0348109 0.254106 0.00335397 0 0 0 -0.00884175 0.0153076 -0.000163717 0.3 0.3
55 1 60.9503 -5.66074 -13.6204 35199.2 -0.175771 0.840568 1.08927 1.01324 -0.000236915 0.763148 1.22984 1 0 -0.16121 0.209367 -0.0219742 -0.16121 0.209367 -0.0219742 0 0 0 0.0271748 0.00194928 0.000500362 0.3 0.3
55 2 60.9503 -0.879085 -1.73672 36754.6 1.77097 1.23732 0.765651 1.0383 -0.00555194 1.22984 0.763148 1 0 -0.0422374 -0.0337712 -0.0564076 -0.0422374 -0.0337712 -0.0564076 0 0 0 -0.0362801 -0.0427752 0.0118844 0.3 0.3
55 0 61.0002 11.4444 2.20676 37990.7 1.31209 -0.956771 -1.128 0.998118 -0.00220288 -0.994523 -0.994523 1 0 -0.0257342 0.265362 0.00471096 -0.0257342 0.265362 0.00471096 0 0 0 -0.0139214 0.0209883 0.00426002 0.3 0.3
55 1 61.0002 -5.8442 -13.4756 35562.1 -0.434534 0.840927 1.08999 1.01364 0.00054823 0.761178 1.22787 1 0 -0.174076 0.195891 -0.0211192 -0.174076 0.195891 -0.0211192 0 0 0 0.0300298 -0.000983784 -0.00111136 0.3 0.3
55 2 61.0002 -1.00611 -1.53449 36689.7 0.987421 1.23696 0.766262 1.03881 -0.00509068 1.22787 0.761178 1 0 -0.0539795 -0.0471594 -0.0568796 -0.0539795 -0.0471594 -0.0568796 0 0 0 -0.0353668 -0.0581487 0.011216 0.3 0.3
55 0 61.0502 11.3283 1.84725 37820.3 -0.438966 -0.954514 -1.12748 0.997734 -0.000751184 -0.992116 -0.992116 1 0 -0.0167545 0.277289 0.00508928 -0.0167545 0.277289 0.00508928 0 0 0 -0.0121312 0.0207349 0.0013767 0.3 0.3
55 1 61.0502 -6.189 -13.1427 35068.8 0.615479 0.84136 1.091 1.01426 -0.000670963 0.758771 1.22546 1 0 -0.187556 0.181431 -0.02302 -0.187556 0.181431 -0.02302 0 0 0 0.0342502 -0.00179784 0.00131133 0.3 0.3
55 2 61.0502 -0.803019 -0.879306 37167.2 2.3435 1.23595 0.767534 1.03885 -0.00755183 1.22546 0.758771 1 0 -0.0650178 -0.0620907 -0.0546025 -0.0650178 -0.0620907 -0.0546025 0 0 0 -0.0109832 -0.0329803 0.0152872 0.3 0.3
55 0 61.1002 11.4949 1.74965 38116.9 2.02894 -0.952082 -1.12676 0.997112 -0.00396491 -0.989274 -0.989274 1 0 -0.00735042 0.289602 0.00715751 -0.00735042 0.289602 0.00715751 0 0 0 -0.0203973 0.0251135 0.00767474 0.3 0.3
55 1 61.1002 -6.31666 -13.1406 35526.6 0.553743 0.841591 1.09184 1.01461 -0.0014203 0.755929 1.22262 1 0 -0.20162 0.166329 -0.0222083 -0.20162 0.166329 -0.0222083 0 0 0 0.032891 -0.007533 0.00271712 0.3 0.3
55 2 61.1002 -1.27935 -1.22515 36541.5 2.61525 1.23502 0.768196 1.03907 -0.00939817 1.22262 0.755929 1 0 -0.0771255 -0.0769045 -0.0557899 -0.0771255 -0.0769045 -0.0557899 0 0 0 -0.00681463 -0.0292642 0.0188985 0.3 0.3
55 0 61.1502 11.3784 1.40057 37600.4 -0.173364 -0.949156 -1.12597 0.996761 -0.00237729 -0.985998 -0.985998 1 0 0.00192377 0.302503 0.00628847 0.00192377 0.302503 0.00628847 0 0 0 -0.0205256 0.0210443 0.0045391 0.3 0.3
55 1 61.1502 -6.52168 -12.8371 35233.9 -0.45499 0.841558 1.09273 1.01502 -0.000258296 0.752653 1.21934 1 0 -0.21572 0.150663 -0.0230836 -0.21572 0.150663 -0.0230836 0 0 0 0.0412836 -0.0107406 0.000294972 0.3 0.3
55 2 61.1502 -1.40378 -1.21093 36364.4 2.04863 1.23395 0.768269 1.03954 -0.00941806 1.21934 0.752653 1 0 -0.0894209 -0.0911343 -0.0577313 -0.0894209 -0.0911343 -0.0577313 0 0 0 -0.018758 -0.0619708 0.0194277 0.3 0.3
55 0 61.2003 11.4042 1.37552 38044.9 0.773144 -0.945829 -1.12474 0.996221 -0.00295737 -0.982287 -0.982287 1 0 0.0112327 0.315387 0.00798616 0.0112327 0.315387 0.00798616 0 0 0 -0.0255513 0.0244261 0.00560359 0.3 0.3
55 1 61.2003 -6.90895 -12.7082 35250.8 -0.403405 0.841479 1.09346 1.01544 0.00042226 0.748942 1.21563 1 0 -0.230539 0.134471 -0.0237353 -0.230539 0.134471 -0.0237353 0 0 0 0.045702 -0.0132746 -0.00114815 0.3 0.3
55 2 61.2003 -1.20988 -0.563023 36946.3 2.36023 1.23219 0.768579 1.03971 -0.0101167 1.21563 0.748942 1 0 -0.101387 -0.106619 -0.0564036 -0.101387 -0.106619 -0.0564036 0 0 0 -0.0175984 -0.0652889 0.02082 0.3 0.3
55 0 61.2502 11.3948 1.04549 37742.2 1.18519 -0.942082 -1.12339 0.99582 -0.00399825 -0.97815 -0.97815 1 0 0.0205097 0.328735 0.00785655 0.0205097 0.328735 0.00785655 0 0 0 -0.0249039 0.0245508 0.007692 0.3 0.3
55 1 61.2502 -7.05828 -12.5338 35012.3 -0.0236278 0.841148 1.09405 1.01608 0.000312497 0.744805 1.2115 1 0 -0.245107 0.118332 -0.0257043 -0.245107 0.118332 -0.0257043 0 0 0 0.0465216 -0.00932671 -0.000842157 0.3 0.3
55 2 61.2502 -1.20244 -0.561415 36866.9 2.2464 1.22982 0.768582 1.03971 -0.0104311 1.2115 0.744805 1 0 -0.112092 -0.121367 -0.0555958 -0.112092 -0.121367 -0.0555958 0 0 0 -0.0150197 -0.0664032 0.0213735 0.3 0.3
55 0 61.3003 11.4977 0.952992 37588.8 0.421597 -0.938056 -1.12162 0.995653 -0.00343814 -0.973579 -0.973579 1 0 0.0300289 0.342083 0.00692178 0.0300289 0.342083 0.00692178 0 0 0 -0.0283531 0.0241629 0.00653489 0.3 0.3
55 1 61.3003 -7.33353 -12.3179 35393.8 -0.794865 0.84053 1.09443 1.01655 0.00146928 0.740234 1.20692 1 0 -0.26117 0.100578 -0.0254781 -0.26117 0.100578 -0.0254781 0 0 0 0.0501397 -0.0105085 -0.00320304 0.3 0.3
55 2 61.3003 -1.27968 -0.28591 37061.5 3.18466 1.22689 0.768326 1.0394 -0.0123434 1.20692 0.740234 1 0 -0.124785 -0.138596 -0.0536061 -0.124785 -0.138596 -0.0536061 0 0 0 -0.00478537 -0.0613919 0.024846 0.3 0.3
55 0 61.3502 11.4144 0.621978 37623.4 0.135581 -0.933549 -1.11964 0.995644 -0.00249102 -0.968587 -0.968587 1 0 0.0393701 0.355725 0.00614396 0.0393701 0.355725 0.00614396 0 0 0 -0.0235856 0.0146575 0.00480965 0.3 0.3
55 1 61.3502 -7.66956 -12.3215 35209 -0.747992 0.839777 1.09434 1.01704 0.00217007 0.735241 1.20193 1 0 -0.276744 0.0838717 -0.0263374 -0.276744 0.0838717 -0.0263374 0 0 0 0.0584094 -0.00973473 -0.00462643 0.3 0.3
55 2 61.3502 -1.30382 -0.303334 36911.8 3.21319 1.22345 0.767529 1.03897 -0.0136392 1.20193 0.735241 1 0 -0.135804 -0.154113 -0.0523844 -0.135804 -0.154113 -0.0523844 0 0 0 0.000789285 -0.062663 0.0272678 0.3 0.3
55 0 61.4002 11.4648 0.786983 38122.4 1.7301 -0.928675 -1.11692 0.995338 -0.00470948 -0.963166 -0.963166 1 0 0.0488603 0.368876 0.00805982 0.0488603 0.368876 0.00805982 0 0 0 -0.0353382 0.025489 0.00897079 0.3 0.3
55 1 61.4002 -7.7689 -12.2365 35550.8 0.314596 0.838634 1.09381 1.01725 0.000681382 0.729821 1.19651 1 0 -0.292609 0.0669699 -0.0251977 -0.292609 0.0669699 -0.0251977 0 0 0 0.0616221 -0.0218773 -0.0020378 0.3 0.3
55 2 61.4002 -1.34566 -0.306797 36616.1 2.16387 1.21951 0.766045 1.03867 -0.0127241 1.19651 0.729821 1 0 -0.146676 -0.169165 -0.0526842 -0.146676 -0.169165 -0.0526842 0 0 0 0.00222939 -0.0617232 0.0253922 0.3 0.3
55 0 61.4503 11.8749 0.167967 37906.1 -0.20581 -0.923479 -1.11405 0.994999 -0.00279054 -0.957322 -0.957322 1 0 0.0591963 0.382653 0.00865786 0.0591963 0.382653 0.00865786 0 0 0 -0.0311262 0.0186675 0.00529145 0.3 0.3
55 1 61.4503 -7.93576 -12.2552 35198.2 -1.34636 0.837005 1.09263 1.01754 0.00254966 0.723977 1.19067 1 0 -0.307914 0.0508916 -0.0260272 -0.307914 0.0508916 -0.0260272 0 0 0 0.0653147 -0.0228978 -0.00585046 0.3 0.3
55 2 61.4503 -1.29938 -0.244656 36883.1 1.96199 1.21495 0.763904 1.03825 -0.0117729 1.19067 0.723977 1 0 -0.157082 -0.183668 -0.0514105 -0.157082 -0.183668 -0.0514105 0 0 0 0.00284453 -0.0656708 0.0234656 0.3 0.3
55 0 61.5003 11.0395 0.609068 37873.5 0.312018 -0.917885 -1.11042 0.994667 -0.00247876 -0.951057 -0.951057 1 0 0.0679517 0.395257 0.00915481 0.0679517 0.395257 0.00915481 0 0 0 -0.0371528 0.0210197 0.00456812 0.3 0.3
55 1 61.5003 -8.10701 -12.2776 35359.5 0.222717 0.834925 1.09077 1.01774 0.00109196 0.717711 1.1844 1 0 -0.323793 0.0346386 -0.0258146 -0.323793 0.0346386 -0.0258146 0 0 0 0.0687752 -0.0283245 -0.0031599 0.3 0.3
55 2 61.5003 -1.38493 -0.142364 36972.7 2.92591 1.20994 0.761168 1.03765 -0.0127982 1.1844 0.717711 1 0 -0.167914 -0.198384 -0.0496954 -0.167914 -0.198384 -0.0496954 0 0 0 0.00674096 -0.0637558 0.0253952 0.3 0.3
55 0 61.5502 11.686 0.344464 37773.2 1.81825 -0.911943 -1.10613 0.994413 -0.00480852 -0.944381 -0.944381 1 0 0.0775111 0.407634 0.00909124 0.0775111 0.407634 0.00909124 0 0 0 -0.0485156 0.0210688 0.00910925 0.3 0.3
55 1 61.5502 -8.19096 -12.3128 35161.2 -0.895144 0.832245 1.08819 1.01803 0.00204066 0.711035 1.17773 1 0 -0.338476 0.0197921 -0.0267117 -0.338476 0.0197921 -0.0267117 0 0 0 0.071932 -0.0280194 -0.00509262 0.3 0.3
55 2 61.5502 -1.30636 -0.136846 37075.5 2.81518 1.2043 0.757767 1.03681 -0.0132749 1.17773 0.711035 1 0 -0.17753 -0.211803 -0.0473736 -0.17753 -0.211803 -0.0473736 0 0 0 0.00798648 -0.0622029 0.0263151 0.3 0.3
55 0 61.6002 11.7324 0.30844 38047 1.64546 -0.905829 -1.10125 0.993988 -0.00598019 -0.937287 -0.937287 1 0 0.0874997 0.419713 0.0105439 0.0874997 0.419713 0.0105439 0 0 0 -0.0419901 0.0194012 0.0115562 0.3 0.3
55 1 61.6002 -8.28796 -12.3698 35093.2 -0.0756624 0.828944 1.08484 1.01845 0.00110015 0.703942 1.17063 1 0 -0.353551 0.00480183 -0.0279114 -0.353551 0.00480183 -0.0279114 0 0 0 0.0780585 -0.0370255 -0.00364833 0.3 0.3
55 2 61.6002 -1.43761 -0.210482 37070.5 3.31297 1.19827 0.753541 1.0358 -0.0144167 1.17063 0.703942 1 0 -0.18801 -0.225347 -0.0450542 -0.18801 -0.225347 -0.0450542 0 0 0 0.00911716 -0.0569708 0.0285866 0.3 0.3
55 0 61.6502 11.6629 0.198946 37843.4 -0.13855 -0.899307 -1.09574 0.993617 -0.00388706 -0.929786 -0.929786 1 0 0.0973519 0.431292 0.0107898 0.0973519 0.431292 0.0107898 0 0 0 -0.0444111 0.0240198 0.00724314 0.3 0.3
55 1 61.6502 -8.46879 -12.4477 34976.5 -0.250072 0.825147 1.08071 1.01906 0.000956265 0.696441 1.16313 1 0 -0.367945 -0.00902105 -0.0297462 -0.367945 -0.00902105 -0.0297462 0 0 0 0.0789152 -0.034237 -0.00326604 0.3 0.3
55 2 61.6502 -1.45098 -0.233131 37241.5 3.26232 1.19179 0.748532 1.03449 -0.0150757 1.16313 0.696441 1 0 -0.198046 -0.237886 -0.0417361 -0.198046 -0.237886 -0.0417361 0 0 0 0.00937219 -0.0496637 0.0299295 0.3 0.3
55 0 61.7003 11.8679 0.360922 37878.3 1.51037 -0.892643 -1.08933 0.993252 -0.00515215 -0.921864 -0.921864 1 0 0.107707 0.442072 0.0112715 0.107707 0.442072 0.0112715 0 0 0 -0.0519898 0.0171553 0.00986215 0.3 0.3
55 1 61.7003 -8.43441 -12.6171 35305.6 0.363377 0.820607 1.07566 1.01954 -0.000194694 0.688519 1.15521 1 0 -0.382297 -0.0225205 -0.0297343 -0.382297 -0.0225205 -0.0297343 0 0 0 0.0775973 -0.0349923 -0.000968734 0.3 0.3
55 2 61.7003 -1.44379 -0.136924 37185.6 4.08862 1.18478 0.742918 1.033 -0.0169628 1.15521 0.688519 1 0 -0.208091 -0.250293 -0.0387236 -0.208091 -0.250293 -0.0387236 0 0 0 0.0226644 -0.031563 0.033576 0.3 0.3
55 0 61.7502 11.961 0.277874 38120.6 0.0544076 -0.885795 -1.08219 0.992688 -0.00359089 -0.913552 -0.913552 1 0 0.118268 0.452138 0.013061 0.118268 0.452138 0.013061 0 0 0 -0.0464635 0.0183391 0.0067579 0.3 0.3
55 1 61.7502 -8.47035 -12.7177 35369.7 0.446387 0.815378 1.06982 1.01986 -0.00120165 0.680207 1.1469 1 0 -0.395309 -0.0344843 -0.029416 -0.395309 -0.0344843 -0.029416 0 0 0 0.0805141 -0.0388476 0.000840769 0.3 0.3
55 2 61.7502 -1.93949 -0.513665 36747.8 3.24395 1.178 0.736171 1.03173 -0.0168214 1.1469 0.680207 1 0 -0.218459 -0.260722 -0.0380936 -0.218459 -0.260722 -0.0380936 0 0 0 0.0248379 -0.0366481 0.0331975 0.3 0.3
55 0 61.8002 12.4336 -0.0836388 37943.1 2.21711 -0.878437 -1.07415 0.992295 -0.00422866 -0.904834 -0.904834 1 0 0.129981 0.462611 0.0138067 0.129981 0.462611 0.0138067 0 0 0 -0.0522142 0.0136295 0.0081045 0.3 0.3
55 1 61.8002 -8.56763 -12.9305 35107.6 0.943384 0.809558 1.06305 1.02028 -0.00261565 0.671489 1.13818 1 0 -0.408104 -0.0456615 -0.0304949 -0.408104 -0.0456615 -0.0304949 0 0 0 0.0768892 -0.0397798 0.00370593 0.3 0.3
55 2 61.8002 -2.00143 -0.550333 36578.8 3.7438 1.17106 0.728542 1.03078 -0.0175314 1.13818 0.671489 1 0 -0.22931 -0.270404 -0.0383452 -0.22931 -0.270404 -0.0383452 0 0 0 0.0160706 -0.0583626 0.0346115 0.3 0.3
55 0 61.8503 11.0146 1.33105 37825.2 -0.729614 -0.87088 -1.06546 0.991674 -0.00297221 -0.895716 -0.895716 1 0 0.13918 0.469971 0.0139354 0.132584 0.461614 0.0139354 0 0 0 -0.0531176 0.0173464 0.00548593 0.3 0.3
55 1 61.8503 -8.63152 -13.0242 34873.1 2.44163 0.80324 1.05556 1.02097 -0.0062477 0.662371 1.12906 1 0 -0.420256 -0.0558222 -0.0327783 -0.420256 -0.0558222 -0.0327783 0 0 0 0.0772962 -0.0484281 0.0106355 0.3 0.3
55 2 61.8503 -1.67108 -0.506015 37354.5 2.51058 1.16328 0.720234 1.02941 -0.0160314 1.12906 0.662371 1 0 -0.238578 -0.278778 -0.0343304 -0.238578 -0.278778 -0.0343304 0 0 0 0.0253291 -0.0513771 0.0314264 0.3 0.3
55 0 61.9002 11.9651 1.04306 38357.1 1.05067 -0.863096 -1.05551 0.990838 -0.00380882 -0.886211 -0.886211 1 0 0.150002 0.477104 0.0170057 0.135465 0.458681 0.0170057 0 0 0 -0.0562797 0.016507 0.0071563 0.3 0.3
55 1 61.9002 -8.58356 -13.1936 35256.5 -1.35983 0.796021 1.04715 1.02152 -0.00194644 0.652865 1.11956 1 0 -0.433201 -0.0667493 -0.0328716 -0.433201 -0.0667493 -0.0328716 0 0 0 0.0729552 -0.0360119 0.00258175 0.3 0.3
55 2 61.9002 -1.99598 -0.788675 37116.6 1.93075 1.1553 0.710921 1.02796 -0.0139742 1.11956 0.652865 1 0 -0.250769 -0.288701 -0.0318923 -0.250769 -0.288701 -0.0318923 0 0 0 0.0245795 -0.0452356 0.0274024 0.3 0.3
55 0 61.9503 11.83 1.17044 37847 -0.596816 -0.855188 -1.04492 0.990168 -0.00145887 -0.87631 -0.87631 1 0 0.161167 0.483703 0.0171148 0.138807 0.455365 0.0171148 0 0 0 -0.044367 0.00620583 0.00278078 0.3 0.3
55 1 61.9503 -8.8742 -13.2175 34997.2 -0.822024 0.78834 1.03804 1.0222 -0.000171912 0.642965 1.10966 1 0 -0.444361 -0.075482 -0.0344757 -0.444361 -0.075482 -0.0344757 0 0 0 0.070246 -0.0387265 -0.00101682 0.3 0.3
55 2 61.9503 -2.16633 -1.06122 37151.2 1.97705 1.14715 0.700511 1.02641 -0.0126237 1.10966 0.642965 1 0 -0.261152 -0.295239 -0.0291718 -0.261152 -0.295239 -0.0291718 0 0 0 0.0154836 -0.0510056 0.0248621 0.3 0.3
55 0 62.0003 11.642 1.537 38017.1 0.624891 -0.846868 -1.03345 0.989462 -0.00224263 -0.866026 -0.866026 1 0 0.172199 0.489386 0.0182804 0.142482 0.451722 0.0182804 0 0 0 -0.0544522 0.0202132 0.00393668 0.3 0.3
55 1 62.0003 -8.77946 -13.318 35276.8 -0.172219 0.779881 1.02827 1.02272 -2.56331e-05 0.632681 1.09937 1 0 -0.455058 -0.0839406 -0.0344185 -0.455058 -0.0839406 -0.0344185 0 0 0 0.0641476 -0.0406116 -0.00125189 0.3 0.3
55 2 62.0003 -2.14468 -1.12069 36975.9 -1.31167 1.13856 0.689258 1.02492 -0.00622192 1.09937 0.632681 1 0 -0.271553 -0.301107 -0.0274515 -0.271553 -0.301107 -0.0274515 0 0 0 0.00744026 -0.0660438 0.012205 0.3 0.3
55 0 62.0503 11.8733 1.76011 37849.6 0.0262656 -0.83859 -1.02121 0.98889 -0.00151186 -0.855365 -0.855365 1 0 0.183854 0.49431 0.0184161 0.146894 0.44748 0.0184161 0 0 0 -0.0472695 0.0132693 0.00271096 0.3 0.3
55 1 62.0503 -9.01562 -13.2154 35084.3 -1.0097 0.770967 1.01811 1.02329 0.00153702 0.622019 1.08871 1 0 -0.465361 -0.0921351 -0.0354466 -0.465361 -0.0921351 -0.0354466 0 0 0 0.0596705 -0.0378012 -0.00420423 0.3 0.3
55 2 62.0503 -1.9265 -0.901249 37466.3 -0.582429 1.12916 0.677695 1.02306 -0.00336202 1.08871 0.622019 1 0 -0.280742 -0.306621 -0.0230004 -0.280742 -0.306621 -0.0230004 0 0 0 0.0210147 -0.0515718 0.00618464 0.3 0.3
55 0 62.1002 11.7373 2.00415 37818.1 0.57101 -0.829996 -1.00826 0.988452 -0.00206525 -0.844336 -0.844336 1 0 0.195512 0.498564 0.0183579 0.151595 0.44293 0.0183579 0 0 0 -0.0533007 0.0158404 0.00370985 0.3 0.3
55 1 62.1002 -8.80421 -13.3616 35163.6 0.156381 0.761186 1.00742 1.02381 0.00059059 0.610991 1.07768 1 0 -0.475174 -0.1004 -0.0359247 -0.475174 -0.1004 -0.0359247 0 0 0 0.0565721 -0.0388714 -0.00228183 0.3 0.3
55 2 62.1002 -2.30387 -1.36794 37144.9 -2.05279 1.11964 0.665095 1.02122 0.00110912 1.07768 0.610991 1 0 -0.291015 -0.311661 -0.0204852 -0.291015 -0.311661 -0.0204852 0 0 0 0.0219976 -0.0461803 -0.00272701 0.3 0.3
55 0 62.1502 11.9285 2.16011 37824.5 -0.421491 -0.821396 -0.994699 0.988124 -0.000709776 -0.832927 -0.832927 1 0 0.207684 0.502298 0.0182658 0.15684 0.437907 0.0182658 0 0 0 -0.045019 0.015875 0.00106255 0.3 0.3
55 1 62.1502 -8.94849 -13.2225 35029.1 0.521508 0.750905 0.99654 1.0244 -0.000708235 0.599582 1.06627 1 0 -0.483679 -0.107885 -0.0371268 -0.483679 -0.107885 -0.0371268 0 0 0 0.0558946 -0.0425103 0.000228807 0.3 0.3
55 2 62.1502 -2.37447 -1.52604 36922.6 -2.7008 1.10982 0.651604 1.01956 0.00523982 1.06627 0.599582 1 0 -0.299826 -0.31424 -0.0191441 -0.299826 -0.31424 -0.0191441 0 0 0 0.0108308 -0.0710073 -0.0108711 0.3 0.3
55 0 62.2002 11.931 2.40312 38065.4 -0.735875 -0.812636 -0.980481 0.987684 0.000697036 -0.821158 -0.821158 1 0 0.220158 0.505495 0.019442 0.162499 0.432482 0.019442 0 0 0 -0.0485318 0.0141435 -0.00173779 0.3 0.3
55 1 62.2002 -8.81154 -13.2314 35016.6 0.0976238 0.739838 0.985378 1.02505 -0.000775904 0.587813 1.0545 1 0 -0.494121 -0.118165 -0.0383116 -0.494121 -0.118165 -0.0383116 0 0 0 0.0514981 -0.0417801 0.000476467 0.3 0.3
55 2 62.2002 -2.01973 -1.61642 37348.5 -2.63277 1.09927 0.637682 1.01772 0.00776312 1.0545 0.587813 1 0 -0.312621 -0.321302 -0.0155241 -0.307977 -0.317371 -0.0155241 0 0 0 0.011526 -0.0764905 -0.0159791 0.3 0.3
55 0 62.2502 12.1278 2.69759 37849.7 0.472309 -0.803938 -0.965608 0.987358 -0.000484209 -0.809026 -0.809026 1 0 0.233178 0.508018 0.0193282 0.168792 0.426498 0.0193282 0 0 0 -0.0463919 0.0238402 0.000415627 0.3 0.3
55 1 62.2502 -8.82739 -13.0972 35187.8 -0.870687 0.728058 0.97407 1.02559 0.000793489 0.575681 1.04237 1 0 -0.500962 -0.125809 -0.0385169 -0.500962 -0.125809 -0.0385169 0 0 0 0.046726 -0.0426782 -0.0025852 0.3 0.3
55 2 62.2502 -1.77226 -1.8957 37039 -2.66345 1.0879 0.623081 1.01599 0.00957302 1.04237 0.575681 1 0 -0.319359 -0.322539 -0.0137673 -0.309632 -0.314371 -0.0137673 0 0 0 0.00883722 -0.0833641 -0.0195317 0.3 0.3
55 0 62.3002 11.9997 2.76572 37898.2 0.413659 -0.794921 -0.950424 0.987076 -0.00110295 -0.796544 -0.796544 1 0 0.246189 0.510544 0.0195044 0.175053 0.420445 0.0195044 0 0 0 -0.0428373 0.0256821 0.00165639 0.3 0.3
55 1 62.3002 -8.86254 -12.8587 34816.3 -0.854032 0.715653 0.962826 1.02636 0.00184255 0.563199 1.02989 1 0 -0.507939 -0.134758 -0.0407754 -0.507939 -0.134758 -0.0407754 0 0 0 0.0431311 -0.0410073 -0.00457133 0.3 0.3
55 2 62.3002 -1.23013 -1.71901 37636 -1.9967 1.07532 0.60848 1.01385 0.00944039 1.02989 0.563199 1 0 -0.325917 -0.325671 -0.00868197 -0.310186 -0.312559 -0.00868197 0 0 0 0.0263312 -0.0596666 -0.0196769 0.3 0.3
55 0 62.3503 12.2819 2.89313 37771.1 -0.493609 -0.786001 -0.934925 0.986948 -6.57728e-06 -0.783699 -0.783699 1 0 0.259829 0.513001 0.018913 0.181719 0.414016 0.018913 0 0 0 -0.0442962 0.0253237 -0.000547834 0.3 0.3
55 1 62.3503 -8.82762 -12.7827 35054.3 0.102781 0.702629 0.95153 1.0271 0.000914041 0.550354 1.01704 1 0 -0.513513 -0.143271 -0.0415913 -0.513513 -0.143271 -0.0415913 0 0 0 0.0409109 -0.0422452 -0.00269327 0.3 0.3
55 2 62.3503 -1.72543 -2.71728 36317.3 -2.36112 1.06263 0.592253 1.01255 0.0103984 1.01704 0.550354 1 0 -0.331112 -0.324845 -0.0111511 -0.312055 -0.309101 -0.0111511 0 0 0 0.00401392 -0.0903908 -0.0210001 0.3 0.3
55 0 62.4002 12.3658 3.02391 37705.8 -1.40076 -0.777054 -0.919139 0.987001 0.00229281 -0.770526 -0.770526 1 0 0.273968 0.515512 0.0179361 0.188654 0.407298 0.0179361 0 0 0 -0.0362529 0.0237777 -0.00501778 0.3 0.3
55 1 62.4002 -8.48735 -12.8468 35141.9 -0.286121 0.688883 0.940283 1.02772 0.000912318 0.537181 1.00387 1 0 -0.522247 -0.156254 -0.0419397 -0.516435 -0.148881 -0.0419397 0 0 0 0.0429511 -0.0429821 -0.00274883 0.3 0.3
55 2 62.4002 -0.633048 -2.54255 37176.6 -2.03089 1.04857 0.57604 1.01117 0.010395 1.00387 0.537181 1 0 -0.341506 -0.331577 -0.00866731 -0.312213 -0.307586 -0.00866731 0 0 0 -0.000871302 -0.0891598 -0.0207722 0.3 0.3
55 0 62.4502 12.0818 3.40678 37882.3 1.80334 -0.767519 -0.90286 0.987049 -0.00160938 -0.757006 -0.757006 1 0 0.287478 0.517558 0.0178902 0.195423 0.400605 0.0178902 0 0 0 -0.0423561 0.0261219 0.00266644 0.3 0.3
55 1 62.4502 -8.26752 -12.8522 35230.4 0.0498168 0.674401 0.929055 1.02818 0.000315268 0.523661 0.990351 1 0 -0.526019 -0.165557 -0.0417449 -0.513787 -0.150017 -0.0417449 0 0 0 0.048193 -0.0429561 -0.00166632 0.3 0.3
55 2 62.4502 -0.714148 -2.47017 37159.2 -0.828219 1.03366 0.559554 1.00977 0.00845421 0.990351 0.523661 1 0 -0.343483 -0.330878 -0.00663368 -0.312531 -0.305748 -0.00663368 0 0 0 -0.00722058 -0.0879313 -0.0166074 0.3 0.3
55 0 62.5003 12.5702 3.42291 37929.1 -0.528005 -0.758253 -0.886413 0.987066 -0.000283045 -0.743147 -0.743147 1 0 0.301826 0.519699 0.0180233 0.202665 0.393504 0.0180233 0 0 0 -0.0396454 0.0278398 1.42871e-05 0.3 0.3
55 1 62.5003 -8.14892 -12.9401 35035.5 0.721631 0.659414 0.917744 1.02867 -0.00111787 0.509802 0.976493 1 0 -0.530227 -0.176015 -0.042565 -0.510842 -0.151345 -0.042565 0 0 0 0.047784 -0.0392054 0.00129981 0.3 0.3
55 2 62.5003 0.0423943 -2.09332 37670.2 -1.68776 1.01724 0.543527 1.00791 0.0082304 0.976493 0.509802 1 0 -0.345038 -0.333096 -0.00180241 -0.311195 -0.30584 -0.00180241 0 0 0 0.0100193 -0.0463172 -0.0166977 0.3 0.3
55 0 62.5502 12.4325 3.64137 37872.6 -0.765896 -0.748691 -0.869677 0.98711 0.00104241 -0.728982 -0.728982 1 0 0.316403 0.522079 0.0178242 0.209938 0.386306 0.0178242 0 0 0 -0.0333267 0.0273413 -0.00254098 0.3 0.3
55 1 62.5502 -7.94263 -13.0437 35111 -0.0170865 0.643899 0.906279 1.02909 -0.000889038 0.495637 0.962327 1 0 -0.535043 -0.187715 -0.0428455 -0.507688 -0.15283 -0.0428455 0 0 0 0.0470679 -0.0411441 0.000810347 0.3 0.3
55 2 62.5502 -0.758044 -3.07837 36482.6 0.490748 1.00143 0.52636 1.00676 0.00494495 0.962327 0.495637 1 0 -0.349675 -0.335434 -0.00371543 -0.310951 -0.304544 -0.00371543 0 0 0 -0.010148 -0.0758056 -0.00951236 0.3 0.3
55 0 62.6002 12.4064 3.84928 37964.2 0.937254 -0.738781 -0.852666 0.987095 -0.000929979 -0.714481 -0.714481 1 0 0.330519 0.524123 0.0181408 0.217107 0.379121 0.0181408 0 0 0 -0.030791 0.027896 0.00143082 0.3 0.3
55 1 62.6002 -7.80851 -13.0436 34889.8 0.733728 0.627911 0.894705 1.02965 -0.00193685 0.481136 0.947826 1 0 -0.538759 -0.198935 -0.0443211 -0.504115 -0.15464 -0.0443211 0 0 0 0.0469303 -0.0378741 0.00298648 0.3 0.3
55 2 62.6002 0.274708 -2.34747 37290.6 0.190561 0.984246 0.509707 1.00543 0.00311968 0.947826 0.481136 1 0 -0.351127 -0.337785 -0.000961151 -0.309377 -0.304774 -0.000961151 0 0 0 -0.0151465 -0.071152 -0.0057044 0.3 0.3
55 0 62.6502 13.2677 2.78874 37860.2 -1.04644 -0.729838 -0.837234 0.987129 0.00105148 -0.699673 -0.699673 1 0 0.346726 0.529297 0.0178531 0.224142 0.372152 0.0178531 0 0 0 -0.0327325 0.0266139 -0.00253907 0.3 0.3
55 1 62.6502 -8.69282 -12.2987 35182 0.332058 0.613005 0.884206 1.03005 -0.00193939 0.466327 0.933018 1 0 -0.544015 -0.211684 -0.0440812 -0.500827 -0.156319 -0.0440812 0 0 0 0.0450476 -0.0347185 0.00309815 0.3 0.3
55 2 62.6502 -1.08495 -1.30833 36979.2 0.941138 0.968608 0.494779 1.00428 0.000676617 0.933018 0.466327 1 0 -0.354758 -0.342622 -0.000267786 -0.307482 -0.305546 -0.000267786 0 0 0 -0.0214326 -0.0657576 -0.000649084 0.3 0.3
55 0 62.7002 11.635 5.80541 37765.8 -1.11164 -0.718538 -0.818008 0.987279 0.0025679 -0.684556 -0.684556 1 0 0.359444 0.528542 0.0170574 0.231794 0.364316 0.0170574 0 0 0 -0.0308447 0.0168153 -0.00539596 0.3 0.3
55 1 62.7002 -5.93501 -14.1705 34848.7 0.727955 0.594536 0.871311 1.03062 -0.00262279 0.45121 0.917901 1 0 -0.545804 -0.222946 -0.0457119 -0.49604 -0.158923 -0.0457119 0 0 0 0.0422481 -0.0358623 0.00448986 0.3 0.3
55 2 62.7002 1.88561 -3.81421 37810.1 0.810814 0.949275 0.476884 1.00256 -0.000902376 0.917901 0.45121 1 0 -0.355473 -0.345782 0.00503432 -0.305019 -0.306609 0.00503432 0 0 0 -0.0166825 -0.0553358 0.0022672 0.3 0.3
55 0 62.7502 13.6571 2.57776 37494.5 -0.767037 -0.708157 -0.800419 0.987783 0.00290764 -0.669139 -0.669139 1 0 0.375692 0.533857 0.0147448 0.238883 0.35722 0.0147448 0 0 0 -0.0292387 0.0231891 -0.00615534 0.3 0.3
55 1 62.7502 -7.78385 -12.5314 34991 1.08104 0.5773 0.859815 1.03118 -0.00367633 0.435794 0.902484 1 0 -0.547354 -0.234257 -0.0464321 -0.491179 -0.161703 -0.0464321 0 0 0 0.0400776 -0.0376166 0.00660148 0.3 0.3
55 2 62.7502 -0.384809 -1.87242 37141.8 2.14896 0.931767 0.460584 1.00099 -0.00419086 0.902484 0.435794 1 0 -0.356572 -0.348934 0.00642748 -0.302765 -0.30756 0.00642748 0 0 0 -0.0133245 -0.0454625 0.00868704 0.3 0.3
55 0 62.8003 11.8175 6.1795 37656.5 0.455741 -0.697526 -0.782567 0.988353 0.00114941 -0.653416 -0.653416 1 0 0.388576 0.533146 0.0133338 0.246742 0.349133 0.0133338 0 0 0 -0.0286411 0.0201585 -0.00258788 0.3 0.3
55 1 62.8003 -7.06751 -12.878 34849 0.817393 0.559572 0.848369 1.03185 -0.00380463 0.420071 0.886761 1 0 -0.551519 -0.249101 -0.0479403 -0.4863 -0.164486 -0.0479403 0 0 0 0.0328297 -0.0296319 0.00712465 0.3 0.3
55 2 62.8003 0.0971078 -2.28492 36912.1 4.1937 0.914475 0.444336 0.999734 -0.00962213 0.886761 0.420071 1 0 -0.361625 -0.355763 0.00667911 -0.30014 -0.308966 0.00667911 0 0 0 -0.0271359 -0.0370576 0.0197525 0.3 0.3
55 0 62.8502 13.1992 4.17323 37660.3 -2.12226 -0.686822 -0.764489 0.989048 0.00419771 -0.637432 -0.637432 1 0 0.403229 0.535264 0.011852 0.25448 0.341303 0.011852 0 0 0 -0.035584 0.0228848 -0.00880454 0.3 0.3
55 1 62.8502 -7.05727 -12.5507 34697.4 0.680226 0.541628 0.837344 1.03273 -0.00385771 0.404087 0.870777 1 0 -0.552321 -0.261665 -0.0502307 -0.480477 -0.167985 -0.0502307 0 0 0 0.0382479 -0.0366632 0.00701684 0.3 0.3
55 2 62.8502 0.166265 -1.89408 37141.4 2.39101 0.897124 0.428569 0.998516 -0.0105221 0.870777 0.404087 1 0 -0.3623 -0.35913 0.00813441 -0.297517 -0.310334 0.00813441 0 0 0 -0.00727167 -0.0269073 0.0211445 0.3 0.3
55 0 62.9003 13.138 4.54561 37337.4 -0.461898 -0.676138 -0.7466 0.990108 0.00363714 -0.62115 -0.62115 1 0 0.418412 0.538198 0.00855361 0.262265 0.333437 0.00855361 0 0 0 -0.0217158 0.0125903 -0.00741157 0.3 0.3
55 1 62.9003 -6.84263 -12.6318 34933.8 -0.116224 0.523401 0.826397 1.03356 -0.00240512 0.387805 0.854495 1 0 -0.556521 -0.27824 -0.0511479 -0.474937 -0.171257 -0.0511479 0 0 0 0.0322953 -0.031479 0.00430307 0.3 0.3
55 2 62.9003 -0.0303973 -2.37645 36791.3 4.07033 0.880504 0.412522 0.99768 -0.0137695 0.854495 0.387805 1 0 -0.371453 -0.369257 0.00746317 -0.294655 -0.31207 0.00746317 0 0 0 -0.00450327 -0.0335795 0.0276194 0.3 0.3
55 0 62.9502 13.1256 4.85847 37802.6 -2.87189 -0.665212 -0.72846 0.991039 0.00704266 -0.604612 -0.604612 1 0 0.433385 0.540907 0.00788348 0.270149 0.325479 0.00788348 0 0 0 -0.0323967 0.026207 -0.0145131 0.3 0.3
55 1 62.9502 -6.66675 -12.4669 34888.2 0.011413 0.504763 0.815585 1.0344 -0.00173724 0.371267 0.837957 1 0 -0.557311 -0.292335 -0.0523392 -0.468525 -0.175163 -0.0523392 0 0 0 0.0339037 -0.033536 0.00290686 0.3 0.3
55 2 62.9502 -0.0584348 -2.16498 37064.9 3.17065 0.864065 0.396486 0.996896 -0.0144523 0.837957 0.371267 1 0 -0.37478 -0.37327 0.00826311 -0.292543 -0.312776 0.00826311 0 0 0 -0.0042435 -0.0338958 0.0289818 0.3 0.3
55 0 63.0003 13.419 4.97758 37444.6 -0.189094 -0.654412 -0.710316 0.992201 0.0050269 -0.587792 -0.587792 1 0 0.448936 0.543973 0.00511109 0.278362 0.317296 0.00511109 0 0 0 -0.0252499 0.0197252 -0.0103042 0.3 0.3
55 1 63.0003 -6.56692 -12.2844 34926 -0.0235727 0.485875 0.805028 1.03519 -0.00115972 0.354447 0.821137 1 0 -0.558949 -0.308135 -0.053239 -0.461909 -0.179178 -0.053239 0 0 0 0.031917 -0.0289466 0.00185795 0.3 0.3
55 2 63.0003 -0.197844 -2.27088 37033.1 3.6179 0.848054 0.380293 0.996214 -0.0155169 0.821137 0.354447 1 0 -0.38091 -0.379092 0.00870716 -0.290477 -0.313448 0.00870716 0 0 0 -0.0136763 -0.0497086 0.0313853 0.3 0.3
55 0 63.0502 13.9707 4.03068 37992.3 -1.51539 -0.643484 -0.692107 0.993096 0.00583167 -0.570724 -0.570724 1 0 0.465923 0.550037 0.00549795 0.286233 0.309578 0.00549795 0 0 0 -0.0217689 0.023683 -0.0119227 0.3 0.3
55 1 63.0502 -6.43645 -12.2818 35248.5 0.277862 0.466766 0.794492 1.03566 -0.00133668 0.337378 0.804069 1 0 -0.559737 -0.323497 -0.052274 -0.45504 -0.18331 -0.052274 0 0 0 0.032337 -0.0314306 0.00216577 0.3 0.3
55 2 63.0502 0.333034 -1.90159 37646.5 1.52597 0.831467 0.364487 0.995081 -0.0129763 0.804069 0.337378 1 0 -0.385701 -0.385209 0.0125171 -0.2877 -0.315005 0.0125171 0 0 0 -0.00211452 -0.0286436 0.0259863 0.3 0.3
55 0 63.1002 12.7604 6.80811 37470.2 -1.70256 -0.63232 -0.673964 0.994114 0.00668365 -0.553404 -0.553404 1 0 0.480066 0.550862 0.00290939 0.294971 0.300879 0.00290939 0 0 0 -0.0230706 0.0218978 -0.0136217 0.3 0.3
55 1 63.1002 -6.25567 -11.9947 34992.8 -0.762498 0.447478 0.784379 1.03609 0.000376409 0.320059 0.786749 1 0 -0.563305 -0.342663 -0.0526957 -0.448305 -0.187347 -0.0526957 0 0 0 0.0288408 -0.0231188 -0.00108637 0.3 0.3
55 2 63.1002 0.107878 -2.26987 37215.9 0.994395 0.815303 0.348432 0.994013 -0.0103417 0.786749 0.320059 1 0 -0.396141 -0.395834 0.0137559 -0.28459 -0.31705 0.0137559 0 0 0 0.00204133 -0.016394 0.0206677 0.3 0.3
55 0 63.1502 14.2516 3.69551 37901.7 -0.117413 -0.620938 -0.655711 0.995134 0.00459675 -0.53584 -0.53584 1 0 0.497307 0.557554 0.00290318 0.296342 0.298037 0.00290318 0 0 0 -0.0265296 0.0210522 -0.00947413 0.3 0.3
55 1 63.1502 -6.11734 -11.9786 35211.8 -0.20453 0.427951 0.774324 1.03628 0.000541787 0.302495 0.769185 1 0 -0.564408 -0.35987 -0.0517298 -0.441051 -0.191686 -0.0517298 0 0 0 0.0273429 -0.0235531 -0.00140579 0.3 0.3
55 2 63.1502 -0.120878 -2.22065 36895.7 0.572662 0.799525 0.332215 0.993241 -0.0078309 0.769185 0.302495 1 0 -0.402833 -0.401779 0.0133269 -0.282305 -0.317953 0.0133269 0 0 0 -0.00269321 -0.0216846 0.0156921 0.3 0.3
55 0 63.2002 12.5051 6.94039 37615.6 -0.457297 -0.609821 -0.637472 0.995857 0.00382529 -0.518041 -0.518041 1 0 0.5115 0.558508 0.00125332 0.295359 0.296468 0.00125332 0 0 0 -0.0181223 0.0209441 -0.00784112 0.3 0.3
55 1 63.2002 -6.04145 -11.6415 35043.1 -0.730933 0.40833 0.764712 1.03642 0.00156259 0.284696 0.751386 1 0 -0.56588 -0.378356 -0.0516593 -0.433556 -0.196121 -0.0516593 0 0 0 0.0266197 -0.0185591 -0.00337264 0.3 0.3
55 2 63.2002 -0.0109579 -1.92776 37177.1 0.108618 0.783874 0.316328 0.992464 -0.00541522 0.751386 0.284696 1 0 -0.41104 -0.409585 0.0144397 -0.279536 -0.319588 0.0144397 0 0 0 0.000630296 -0.017283 0.0108254 0.3 0.3
55 0 63.2502 14.1156 3.82794 37680.9 -0.294488 -0.598325 -0.61904 0.996849 0.00294479 -0.500009 -0.500009 1 0 0.528758 0.565423 9.87793e-05 0.294489 0.295152 9.87793e-05 0 0 0 -0.0242347 0.0259121 -0.00620453 0.3 0.3
55 1 63.2502 -6.02104 -11.5894 35216.8 0.531353 0.388734 0.755242 1.03634 9.23703e-05 0.266664 0.733355 1 0 -0.56578 -0.395471 -0.0504893 -0.425825 -0.200611 -0.0504893 0 0 0 0.0273729 -0.0202216 -0.000461556 0.3 0.3
55 2 63.2502 -0.183719 -1.90751 37084.1 -0.774898 0.768452 0.300448 0.991783 -0.00231088 0.733355 0.266664 1 0 -0.41672 -0.414485 0.014878 -0.27718 -0.320611 0.014878 0 0 0 0.00439695 -0.0157714 0.00458725 0.3 0.3
55 0 63.3003 12.4963 6.95874 37304.7 -1.06501 -0.586901 -0.600875 0.997948 0.00382924 -0.481756 -0.481756 1 0 0.543233 0.566988 -0.00312575 0.293436 0.293498 -0.00312575 0 0 0 -0.00651549 0.00737394 -0.00768262 0.3 0.3
55 1 63.3003 -5.65866 -11.5565 35038.1 -0.34626 0.36897 0.745956 1.03625 0.000585577 0.24841 0.715101 1 0 -0.571116 -0.41862 -0.0502891 -0.419045 -0.20435 -0.0502891 0 0 0 0.0307433 -0.0185663 -0.00145677 0.3 0.3
55 2 63.3003 0.0584757 -2.10936 37201.1 -1.03451 0.753267 0.284501 0.991099 0.000156976 0.715101 0.24841 1 0 -0.432217 -0.42869 0.0159124 -0.273427 -0.323786 0.0159124 0 0 0 0.00510345 -0.0148915 -0.000351961 0.3 0.3
55 0 63.3502 13.4581 5.13173 37036.5 2.08668 -0.575331 -0.582603 0.999606 -0.0010849 -0.463311 -0.463311 1 0 0.559116 0.571477 -0.00774308 0.292442 0.291929 -0.00774308 0 0 0 -0.0318633 0.0212121 0.00183222 0.3 0.3
55 1 63.3502 -5.81327 -11.3615 35278.4 -0.473067 0.349354 0.736841 1.03592 0.00117996 0.229966 0.696656 1 0 -0.571723 -0.437077 -0.0486467 -0.411519 -0.208479 -0.0486467 0 0 0 0.026444 -0.0141861 -0.00254778 0.3 0.3
55 2 63.3502 -0.160792 -1.88985 37145.8 -0.330995 0.738309 0.268608 0.990458 0.000645034 0.696656 0.229966 1 0 -0.439604 -0.434485 0.0165632 -0.270903 -0.325171 0.0165632 0 0 0 0.00584912 -0.0163412 -0.00133791 0.3 0.3
55 0 63.4002 13.4944 5.49232 37656.2 1.2222 -0.564125 -0.564542 1.00108 -0.00269921 -0.44465 -0.44465 1 0 0.57586 0.576569 -0.00890006 0.291476 0.290284 -0.00890006 0 0 0 -0.0140874 0.0145851 0.00529596 0.3 0.3
55 1 63.4002 -5.67679 -11.2593 35194.9 -0.364777 0.32976 0.727887 1.03548 0.00137874 0.211305 0.677995 1 0 -0.574082 -0.457525 -0.0474653 -0.404397 -0.212184 -0.0474653 0 0 0 0.0259151 -0.0120928 -0.00291447 0.3 0.3
55 2 63.4002 -0.109679 -1.89866 37132.4 -0.769366 0.723533 0.252687 0.989873 0.00171347 0.677995 0.211305 1 0 -0.450189 -0.443125 0.0171042 -0.267899 -0.327432 0.0171042 0 0 0 0.0033021 -0.0179227 -0.00345667 0.3 0.3
55 0 63.4502 14.0758 4.56614 37701.3 0.194936 -0.552885 -0.546138 1.0025 -0.00220254 -0.42579 -0.42579 1 0 0.594551 0.584593 -0.00992649 0.29069 0.288664 -0.00992649 0 0 0 -0.022145 0.0205389 0.00417816 0.3 0.3
55 1 63.4502 -5.53651 -11.1484 35322.1 -0.0636905 0.310088 0.719058 1.03482 0.000990195 0.192445 0.659135 1 0 -0.575253 -0.477129 -0.0454839 -0.397044 -0.215859 -0.0454839 0 0 0 0.026503 -0.012936 -0.00215204 0.3 0.3
55 2 63.4502 -0.21173 -1.85858 37097.3 0.28789 0.708981 0.236671 0.989367 0.000648299 0.659135 0.192445 1 0 -0.459009 -0.449457 0.0173989 -0.265263 -0.329265 0.0173989 0 0 0 0.00442984 -0.0160408 -0.00133217 0.3 0.3
55 0 63.5002 12.4738 7.48749 37519.8 0.301298 -0.541874 -0.528049 1.00372 -0.00201971 -0.406753 -0.406753 1 0 0.610182 0.586679 -0.011854 0.289851 0.286503 -0.011854 0 0 0 -0.0196548 0.0253641 0.00379066 0.3 0.3
55 1 63.5002 -5.43291 -11.1547 34992.8 0.795679 0.29061 0.710359 1.03429 -0.000684816 0.173408 0.640098 1 0 -0.581124 -0.501324 -0.0453209 -0.391007 -0.218504 -0.0453209 0 0 0 0.0227538 -0.0147152 0.00120233 0.3 0.3
55 2 63.5002 0.00375018 -1.88935 36946.8 -0.341045 0.694622 0.220678 0.989068 0.000993351 0.640098 0.173408 1 0 -0.475417 -0.463085 0.0168093 -0.261307 -0.333437 0.0168093 0 0 0 0.00427833 -0.015853 -0.00202068 0.3 0.3
55 0 63.5502 13.5518 5.34243 37516.2 -0.771206 -0.530543 -0.509688 1.00504 -2.48312e-05 -0.38753 -0.38753 1 0 0.627129 0.591676 -0.0136615 0.288845 0.284691 -0.0136615 0 0 0 -0.0124322 0.0158107 -4.8619e-05 0.3 0.3
55 1 63.5502 -5.46999 -10.9337 35126.1 -0.835048 0.271191 0.701833 1.03371 0.000919711 0.154185 0.620875 1 0 -0.582257 -0.520974 -0.0443198 -0.384119 -0.221562 -0.0443198 0 0 0 0.0238217 -0.0124519 -0.00198791 0.3 0.3
55 2 63.5502 -0.178502 -1.82164 37016 -0.283499 0.68043 0.204519 0.988872 0.00112747 0.620875 0.154185 1 0 -0.484443 -0.468768 0.0165589 -0.258676 -0.335615 0.0165589 0 0 0 0.00414818 -0.0182321 -0.00229286 0.3 0.3
55 0 63.6002 14.3542 4.45612 37419.4 -0.676678 -0.519601 -0.491639 1.00671 -0.00267897 -0.368152 -0.368152 1 0 0.646792 0.600312 -0.0159304 0.2879 0.282891 -0.0159304 0 0 0 -0.0150693 0.0156137 0.00524062 0.3 0.3
55 1 63.6002 -6.6357 -10.2886 35183.8 -0.435748 0.251821 0.693485 1.03298 0.000701222 0.134807 0.601497 1 0 -0.589964 -0.545696 -0.0430459 -0.379615 -0.223091 -0.0430459 0 0 0 0.0233783 -0.0149875 -0.00157778 0.3 0.3
55 2 63.6002 -0.99918 -0.627348 37094.7 0.500648 0.666849 0.188233 0.988958 1.50233e-05 0.601497 0.134807 1 0 -0.500645 -0.481734 0.0166594 -0.254713 -0.340551 0.0166594 0 0 0 -0.00868214 -0.0382529 0.000136028 0.3 0.3
55 0 63.6503 13.1729 6.38263 37261 -0.0817335 -0.508655 -0.473299 1.00807 0.000784244 -0.348577 -0.348577 1 0 0.66454 0.605741 -0.0189981 0.287057 0.280729 -0.0189981 0 0 0 -0.0205277 0.0220013 -0.0017945 0.3 0.3
55 1 63.6503 -3.54033 -11.5769 35519.2 0.045504 0.232551 0.68529 1.03206 0.000746541 0.115231 0.581922 1 0 -0.58791 -0.564192 -0.0398832 -0.371732 -0.226282 -0.0398832 0 0 0 0.0222095 -0.0179225 -0.00169227 0.3 0.3
55 2 63.6503 1.00175 -3.10906 37199.8 -1.05311 0.652727 0.172294 0.988471 0.00170155 0.581922 0.115231 1 0 -0.507417 -0.484055 0.017289 -0.252573 -0.342391 0.017289 0 0 0 0.00535994 -0.0190426 -0.0034543 0.3 0.3
55 0 63.7002 13.365 6.0786 38006.5 -0.850522 -0.497603 -0.455042 1.00933 0.00189726 -0.328881 -0.328881 1 0 0.682246 0.611053 -0.0178325 0.286214 0.278468 -0.0178325 0 0 0 -0.0179053 0.0254844 -0.00402316 0.3 0.3
55 1 63.7002 -5.68464 -10.453 35219.9 -0.616033 0.213393 0.67734 1.03106 0.00149249 0.0955356 0.562226 1 0 -0.596314 -0.59165 -0.0384544 -0.367479 -0.227192 -0.0384544 0 0 0 0.0215693 -0.0172798 -0.00317163 0.3 0.3
55 2 63.7002 -0.388649 -1.32584 37178.8 -0.171191 0.639278 0.156022 0.988222 0.00142713 0.562226 0.0955356 1 0 -0.528415 -0.500253 0.0177474 -0.247874 -0.349465 0.0177474 0 0 0 0.0029566 -0.0169019 -0.00287936 0.3 0.3
55 0 63.7503 12.8085 7.12701 37107 0.0897109 -0.48638 -0.436539 1.01045 0.00116218 -0.309019 -0.309019 1 0 0.698201 0.613472 -0.0217265 0.285442 0.275799 -0.0217265 0 0 0 -0.00836502 0.014054 -0.00238323 0.3 0.3
55 1 63.7503 -5.37202 -10.612 34994.8 -1.13679 0.194391 0.669406 1.03023 0.00293666 0.0756734 0.542364 1 0 -0.599074 -0.613224 -0.038163 -0.362262 -0.228512 -0.038163 0 0 0 0.0159178 -0.00369328 -0.00590292 0.3 0.3
55 2 63.7503 -0.466518 -1.55873 36930.1 0.446232 0.626338 0.139574 0.98817 0.000346926 0.542364 0.0756734 1 0 -0.540222 -0.506097 0.0168249 -0.245271 -0.353386 0.0168249 0 0 0 -0.0164697 -0.0317059 -0.000432843 0.3 0.3
55 0 63.8002 14.3532 4.47535 38260.2 -0.905023 -0.474956 -0.418075 1.01124 0.00172559 -0.289048 -0.289048 1 0 0.717461 0.62167 -0.0188956 0.284677 0.273595 -0.0188956 0 0 0 -0.00875221 0.0165409 -0.00352373 0.3 0.3
55 1 63.8002 -5.26566 -10.3549 35267.8 -0.746299 0.175502 0.661893 1.02929 0.00312649 0.0557026 0.522393 1 0 -0.602666 -0.636157 -0.0363408 -0.357663 -0.229375 -0.0363408 0 0 0 0.0197641 -0.0171671 -0.00642319 0.3 0.3
55 2 63.8002 0.00167403 -1.04628 37579.1 -0.965944 0.613129 0.123707 0.987705 0.00173885 0.522393 0.0557026 1 0 -0.553179 -0.514535 0.0195315 -0.241718 -0.359451 0.0195315 0 0 0 0.00352915 -0.0181003 -0.00350979 0.3 0.3
55 0 63.8502 13.1209 6.49364 38123.5 -0.124847 -0.463479 -0.399664 1.01132 0.00170668 -0.268931 -0.268931 1 0 0.73489 0.627287 -0.0169703 0.283898 0.271098 -0.0169703 0 0 0 -0.00618335 0.0230688 -0.00348493 0.3 0.3
55 1 63.8502 -5.46057 -10.2151 35018.9 -3.56225 0.156863 0.65467 1.02851 0.00808202 0.0355855 0.502276 1 0 -0.606894 -0.659792 -0.0360038 -0.353825 -0.229675 -0.0360038 0 0 0 0.0135919 -0.00361881 -0.0161892 0.3 0.3
55 2 63.8502 -0.369329 -1.23492 37017.3 -0.795989 0.600426 0.107562 0.987431 0.00247967 0.502276 0.0355855 1 0 -0.566764 -0.522268 0.0189618 -0.238537 -0.365784 0.0189618 0 0 0 0.00367886 -0.0221256 -0.00500035 0.3 0.3
55 0 63.9002 13.208 6.25527 37897.1 -0.890775 -0.451783 -0.381272 1.01141 0.00137402 -0.248704 -0.248704 1 0 0.751959 0.63288 -0.0160565 0.283123 0.268514 -0.0160565 0 0 0 -0.0152783 0.0297396 -0.00297563 0.3 0.3
55 1 63.9002 -6.63112 -9.86222 35302.4 -1.26247 0.138548 0.647554 1.02756 0.00745661 0.0153583 0.482049 1 0 -0.617277 -0.687481 -0.0340687 -0.353063 -0.228273 -0.0340687 0 0 0 0.0177438 -0.0100445 -0.0150033 0.3 0.3
55 2 63.9002 -0.1329 -1.05071 37276.2 -0.542684 0.58785 0.0914356 0.98706 0.00254704 0.482049 0.0153583 1 0 -0.584881 -0.534351 0.019972 -0.23446 -0.375019 0.019972 0 0 0 0.00497579 -0.019249 -0.00514222 0.3 0.3
55 0 63.9503 13.0037 6.19525 37592 0.891048 -0.439846 -0.363062 1.01148 0.00216442 -0.228343 -0.228343 1 0 0.768098 0.638608 -0.0166539 0.282236 0.26597 -0.0166539 0 0 0 0.00258884 0.0173106 -0.00430661 0.3 0.3
55 1 63.9503 -3.9334 -10.6546 35450.1 -2.16335 0.120326 0.64084 1.02646 0.00855418 -0.00500207 0.461688 1 0 -0.618799 -0.710299 -0.031391 -0.349694 -0.228028 -0.031391 0 0 0 0.0209904 -0.0103606 -0.0172185 0.3 0.3
55 2 63.9503 -0.182101 -0.915602 36978.8 -0.996992 0.57537 0.0751651 0.986886 0.00331757 0.461688 -0.00500207 1 0 -0.599193 -0.542218 0.0192324 -0.231332 -0.383427 0.0192324 0 0 0 0.009744 -0.0243574 -0.0067544 0.3 0.3
55 0 64.0003 13.0922 6.24797 37184.7 0.047655 -0.427569 -0.344975 1.01212 9.51229e-05 -0.207909 -0.207909 1 0 0.78433 0.644766 -0.0194018 0.281362 0.263385 -0.0194018 0 0 0 -0.00202806 0.0174429 -0.000207941 0.3 0.3
55 1 64.0003 -6.10617 -9.89107 35487.9 -3.3069 0.102368 0.634264 1.02513 0.0112123 -0.0254362 0.441254 1 0 -0.626491 -0.73734 -0.0285353 -0.349791 -0.226044 -0.0285353 0 0 0 0.0274342 -0.00497455 -0.0224955 0.3 0.3
55 2 64.0003 -0.0764716 -0.820587 37000.6 -0.565729 0.562965 0.058731 0.986841 0.00312289 0.441254 -0.0254362 1 0 -0.615904 -0.55208 0.0186471 -0.227936 -0.393958 0.0186471 0 0 0 0.0101247 -0.0281377 -0.00638895 0.3 0.3
55 0 64.0503 12.9152 6.23052 37483.3 1.06522 -0.415249 -0.327255 1.01261 -0.00171827 -0.187391 -0.187391 1 0 0.799774 0.651091 -0.0204385 0.280542 0.26076 -0.0204385 0 0 0 -0.00239437 0.0163894 0.00341703 0.3 0.3
55 1 64.0503 -6.05879 -9.94025 35098.5 -1.61529 0.0849644 0.627925 1.02398 0.0102015 -0.0459543 0.420736 1 0 -0.631699 -0.761357 -0.0278215 -0.350265 -0.223946 -0.0278215 0 0 0 0.019872 0.00297746 -0.0203748 0.3 0.3
55 2 64.0503 -0.291328 -0.790909 36763.7 -0.0927906 0.550849 0.0418886 0.987117 0.00228856 0.420736 -0.0459543 1 0 -0.629539 -0.55768 0.0166599 -0.225843 -0.403429 0.0166599 0 0 0 -0.000800195 -0.0449926 -0.00456028 0.3 0.3
55 0 64.1002 13.1632 6.16112 37723.7 0.74092 -0.403155 -0.30983 1.01276 -0.00243486 -0.166782 -0.166782 1 0 0.81584 0.658218 -0.0202466 0.279699 0.258179 -0.0202466 0 0 0 -0.00742163 0.0338873 0.00474469 0.3 0.3
55 1 64.1002 -5.98054 -9.98984 35162 -2.77822 0.0677179 0.621784 1.02291 0.0113901 -0.0665636 0.400127 1 0 -0.642037 -0.790575 -0.0267048 -0.35384 -0.220383 -0.0267048 0 0 0 0.0250393 -0.00390214 -0.0228314 0.3 0.3
55 2 64.1002 0.51986 -0.423868 37552.6 -0.549578 0.537973 0.0251037 0.986963 0.00233247 0.400127 -0.0665636 1 0 -0.649339 -0.570835 0.0190311 -0.222274 -0.418849 0.0190311 0 0 0 0.0151648 -0.0269391 -0.00486979 0.3 0.3
55 0 64.1502 12.9137 6.18812 38128.5 0.102055 -0.390432 -0.292586 1.01273 -0.0017467 -0.146098 -0.146098 1 0 0.83122 0.6655 -0.0178179 0.278782 0.255638 -0.0178179 0 0 0 0.00251182 0.00852909 0.00350414 0.3 0.3
55 1 64.1502 -6.28106 -9.89639 34956.1 -1.00543 0.0508638 0.615913 1.02209 0.00924244 -0.087247 0.379443 1 0 -0.648865 -0.816075 -0.0268202 -0.35784 -0.21694 -0.0268202 0 0 0 0.0278045 -0.00648895 -0.0185772 0.3 0.3
55 2 64.1502 -0.127127 -0.378028 36922.4 0.840413 0.525572 0.00792855 0.987043 0.000113909 0.379443 -0.087247 1 0 -0.66285 -0.576229 0.0177356 -0.22098 -0.431265 0.0177356 0 0 0 0.0171183 -0.0260527 -0.000450852 0.3 0.3
55 0 64.2003 12.8639 6.11811 38240 1.14367 -0.37778 -0.275767 1.01232 -0.0033392 -0.125336 -0.125336 1 0 0.846312 0.673437 -0.0147479 0.278091 0.253001 -0.0147479 0 0 0 -0.00760672 0.00774453 0.00664905 0.3 0.3
55 1 64.2003 -6.49343 -10.0081 35211.2 -2.23705 0.0342739 0.610062 1.02125 0.0098689 -0.108009 0.358682 1 0 -0.656743 -0.84221 -0.0255542 -0.36397 -0.212809 -0.0255542 0 0 0 0.0256857 -0.0079743 -0.0198423 0.3 0.3
55 2 64.2003 -0.0215607 -0.386873 37098.5 0.579861 0.513194 -0.00987345 0.987131 -0.000913457 0.358682 -0.108009 1 0 -0.677538 -0.581698 0.0175818 -0.22054 -0.445316 0.0175818 0 0 0 0.0191449 -0.0202192 0.00163353 0.3 0.3
55 0 64.2502 12.8969 6.26575 37764.5 2.37447 -0.365436 -0.259225 1.01198 -0.0060544 -0.104541 -0.104541 1 0 0.861253 0.681507 -0.0142055 0.277616 0.250456 -0.0142055 0 0 0 -0.011186 0.0145371 0.0120281 0.3 0.3
55 1 64.2502 -6.68576 -9.72769 34965.7 -1.71069 0.017873 0.604708 1.02063 0.00938228 -0.128804 0.337886 1 0 -0.663316 -0.867562 -0.0257845 -0.371021 -0.208765 -0.0257845 0 0 0 0.0295672 -0.0107891 -0.0189267 0.3 0.3
55 2 64.2502 -0.166284 -0.186859 36941.4 -0.0765041 0.500936 -0.0281456 0.987374 -0.000558831 0.337886 -0.128804 1 0 -0.690409 -0.584344 0.0164677 -0.221822 -0.459362 0.0164677 0 0 0 0.0222753 -0.0258641 0.000829732 0.3 0.3
55 0 64.3002 13.1707 6.11259 37652.1 0.136389 -0.352971 -0.242809 1.01143 -0.00430361 -0.0836905 -0.0836905 1 0 0.876827 0.690231 -0.0141103 0.27753 0.247779 -0.0141103 0 0 0 -0.0140344 0.0182381 0.00847983 0.3 0.3
55 1 64.3002 -6.82384 -10.1513 35528.6 -2.18832 0.00148046 0.599114 1.0197 0.00984506 -0.149655 0.317036 1 0 -0.675125 -0.897728 -0.0228927 -0.382731 -0.20321 -0.0228927 0 0 0 0.0300825 -0.0143393 -0.0199089 0.3 0.3
55 2 64.3002 0.0258465 -0.138909 37119 0.334933 0.488586 -0.0470556 0.987579 -0.00104826 0.317036 -0.149655 1 0 -0.710344 -0.593127 0.0163581 -0.223484 -0.479879 0.0163581 0 0 0 0.0235612 -0.0365313 0.00166658 0.3 0.3
55 0 64.3503 13.1043 6.30787 37727.9 0.634754 -0.340703 -0.226608 1.01109 -0.00500579 -0.0628006 -0.0628006 1 0 0.892209 0.698671 -0.013589 0.277869 0.245025 -0.013589 0 0 0 -0.0205857 0.0158588 0.00984923 0.3 0.3
55 1 64.3503 -6.98971 -10.0603 35443 -0.231531 -0.0149988 0.593608 1.0186 0.00685194 -0.170545 0.296146 1 0 -0.681211 -0.922468 -0.0206053 -0.393813 -0.198719 -0.0206053 0 0 0 0.0286692 -0.0226068 -0.0140304 0.3 0.3
55 2 64.3503 -0.168712 0.128334 37241.1 -0.153664 0.476097 -0.0664843 0.987661 -0.00051638 0.296146 -0.170545 1 0 -0.722331 -0.593316 0.0168686 -0.228538 -0.496514 0.0168686 0 0 0 0.0271364 -0.0321923 0.000596132 0.3 0.3
55 0 64.4002 13.1146 6.06139 38012.7 -2.02502 -0.328507 -0.210418 1.01047 0.00020384 -0.0418896 -0.0418896 1 0 0.907389 0.707576 -0.0115295 0.278645 0.242355 -0.0115295 0 0 0 -0.00921415 0.00284685 -0.0004208 0.3 0.3
55 1 64.4002 -8.32809 -9.58969 35127 0.0591852 -0.0314771 0.588528 1.01757 0.00127096 -0.191456 0.275235 1 0 -0.694035 -0.95275 -0.0200325 -0.409826 -0.193265 -0.0200325 0 0 0 0.0297493 -0.0379759 -0.00310765 0.3 0.3
55 2 64.4002 -0.137419 0.253531 37256.3 0.542544 0.46339 -0.0865537 0.987633 -0.00134393 0.275235 -0.191456 1 0 -0.738711 -0.597181 0.0174508 -0.235563 -0.518482 0.0174508 0 0 0 0.0302137 -0.0321427 0.00220285 0.3 0.3
55 0 64.4502 13.2761 6.39617 37767.6 0.860637 -0.316502 -0.194302 1.0098 -0.00103079 -0.0209558 -0.0209558 1 0 0.92258 0.715867 -0.0108855 0.280251 0.239573 -0.0108855 0 0 0 -0.0188624 0.0240191 0.00183528 0.3 0.3
55 1 64.4502 -5.72724 -10.7519 35443.7 -0.595918 -0.0484123 0.583172 1.01656 0.00369361 -0.212389 0.254301 1 0 -0.696795 -0.977114 -0.0176463 -0.425159 -0.189354 -0.0176463 0 0 0 0.0324086 -0.0435496 -0.00809581 0.3 0.3
55 2 64.4502 -0.427774 0.428168 37136 0.819712 0.450581 -0.107328 0.987621 -0.00232735 0.254301 -0.212389 1 0 -0.752267 -0.597196 0.017392 -0.246448 -0.539845 0.017392 0 0 0 0.0317413 -0.0285885 0.00420198 0.3 0.3
55 0 64.5003 13.47 6.32919 38062.5 0.159369 -0.304334 -0.178127 1.00905 -0.000971629 -7.59001e-06 -7.59001e-06 1 0 0.93817 0.724339 -0.00853381 0.282888 0.236832 -0.00853381 0 0 0 -0.0244942 0.0154052 0.00175478 0.3 0.3
55 1 64.5003 -7.8952 -9.96448 35248 -2.65563 -0.065987 0.577922 1.01551 0.0067043 -0.233338 0.233353 1 0 -0.703736 -1.00501 -0.0164649 -0.445369 -0.185454 -0.0164649 0 0 0 0.0350409 -0.0473327 -0.014244 0.3 0.3
55 2 64.5003 -0.706217 0.646741 37276.1 1.14416 0.437678 -0.128776 0.987493 -0.00352267 0.233353 -0.233338 1 0 -0.766811 -0.597212 0.0181478 -0.261467 -0.563602 0.0181478 0 0 0 0.0324306 -0.026717 0.00661363 0.3 0.3
55 0 64.5502 13.4521 6.4736 37796.6 0.290552 -0.292114 -0.16175 1.00811 0.000297233 0.0209302 0.0209302 1 0 0.953324 0.732354 -0.00772615 0.286829 0.234336 -0.00772615 0 0 0 -0.0211135 0.00887273 -0.000688177 0.3 0.3
55 1 64.5502 -8.85309 -9.77475 35010.2 0.958628 -0.0840964 0.572885 1.01464 0.00251654 -0.254275 0.212415 1 0 -0.710153 -1.03132 -0.0165879 -0.466963 -0.182714 -0.0165879 0 0 0 0.0415347 -0.0598435 -0.00627976 0.3 0.3
55 2 64.5502 -1.24483 0.771465 37272 1.32235 0.424789 -0.151039 0.987282 -0.00465439 0.212415 -0.254275 1 0 -0.778174 -0.59264 0.0188571 -0.282079 -0.585228 0.0188571 0 0 0 0.0357861 -0.0272599 0.00882331 0.3 0.3
55 0 64.6002 12.8995 7.6643 38174.2 -2.0717 -0.280295 -0.145404 1.00722 0.00264772 0.0418568 0.0418568 1 0 0.966391 0.737077 -0.00476062 0.293288 0.23196 -0.00476062 0 0 0 -0.0226956 0.0147417 -0.00546323 0.3 0.3
55 1 64.6002 -6.0493 -10.6357 35692 -0.971178 -0.103243 0.567548 1.01352 0.003051 -0.275202 0.191488 1 0 -0.712826 -1.0598 -0.0129607 -0.494815 -0.181914 -0.0129607 0 0 0 0.0404714 -0.0647983 -0.00741834 0.3 0.3
55 2 64.6002 -1.57008 0.917769 37161.8 1.10001 0.411712 -0.174101 0.987102 -0.00514019 0.191488 -0.275202 1 0 -0.795844 -0.593337 0.0189633 -0.309111 -0.613521 0.0189633 0 0 0 0.0428607 -0.0345187 0.00954438 0.3 0.3
55 0 64.6502 14.104 6.06208 37732.8 -0.591781 -0.268159 -0.128909 1.00632 0.00283861 0.0627747 0.0627747 1 0 0.980744 0.74402 -0.00433983 0.300984 0.230762 -0.00433983 0 0 0 -0.0107861 -0.0116008 -0.00561485 0.3 0.3
55 1 64.6502 -8.49858 -9.90498 35253.7 -0.946575 -0.123338 0.56224 1.01243 0.0032754 -0.29612 0.170571 1 0 -0.711915 -1.08402 -0.0119353 -0.523362 -0.184166 -0.0119353 0 0 0 0.0432924 -0.0713185 -0.00810119 0.3 0.3
55 2 64.6502 -2.2962 0.913975 37253.9 0.955404 0.398392 -0.198165 0.986861 -0.00523367 0.170571 -0.29612 1 0 -0.805627 -0.584855 0.0196015 -0.343409 -0.63288 0.0196015 0 0 0 0.0476183 -0.0388269 0.0095476 0.3 0.3
55 0 64.7002 14.4333 6.56354 37515.5 -1.71818 -0.256458 -0.112257 1.00572 0.00477646 0.0836626 0.0836626 1 0 0.996167 0.751026 -0.00504751 0.313336 0.23032 -0.00504751 0 0 0 -0.0144058 -0.0117002 -0.00946909 0.3 0.3
55 1 64.7002 -8.34281 -9.99417 35386.9 -0.248456 -0.14456 0.556738 1.01128 0.00250572 -0.317008 0.149683 1 0 -0.711151 -1.09799 -0.0100732 -0.559146 -0.189205 -0.0100732 0 0 0 0.0350954 -0.0691359 -0.006229 0.3 0.3
55 2 64.7002 -2.96377 0.86283 37434.3 0.727683 0.384681 -0.223219 0.986421 -0.00486056 0.149683 -0.317008 1 0 -0.817277 -0.577221 0.0212069 -0.386284 -0.651813 0.0212069 0 0 0 0.0504311 -0.0370781 0.00879067 0.3 0.3
55 0 64.7503 15.5144 5.54095 37727.4 -0.91932 -0.24501 -0.0954971 1.00505 0.00467723 0.104541 0.104541 1 0 1.01328 0.759795 -0.00462753 0.327837 0.231557 -0.00462753 0 0 0 -0.0207473 0.00210003 -0.00937679 0.3 0.3
55 1 64.7503 -8.79479 -9.57562 35210.4 -0.86536 -0.166853 0.551294 1.01026 0.00277972 -0.337887 0.128804 1 0 -0.70565 -1.09489 -0.00926788 -0.597456 -0.199528 -0.00926788 0 0 0 0.0371308 -0.0795577 -0.00704277 0.3 0.3
55 2 64.7503 -3.95005 0.620432 37212.4 -0.227453 0.370623 -0.24943 0.986021 -0.00311377 0.128804 -0.337887 1 0 -0.824411 -0.563695 0.0215519 -0.436914 -0.660585 0.0215519 0 0 0 0.0522438 -0.0445786 0.00506629 0.3 0.3
55 0 64.8003 14.6838 6.98419 37985 -2.49298 -0.234453 -0.0801424 1.00451 0.00720187 0.125334 0.125334 1 0 1.02792 0.765591 -0.00291513 0.349939 0.235945 -0.00291513 0 0 0 -0.0234961 0.0117024 -0.0145426 0.3 0.3
55 1 64.8003 -10.6106 -8.98407 34852.7 -0.5697 -0.18792 0.546321 1.00965 0.00251581 -0.358679 0.108012 1 0 -0.7088 -1.09851 -0.0104661 -0.643111 -0.214168 -0.0104661 0 0 0 0.0404729 -0.0771002 -0.00659762 0.3 0.3
55 2 64.8003 -5.56087 2.17976 37324.3 -0.629374 0.357496 -0.273908 0.98556 -0.0014241 0.108012 -0.358679 1 0 -0.844614 -0.5646 0.0225497 -0.494982 -0.679047 0.0225497 0 0 0 0.0554944 -0.0550793 0.0013213 0.3 0.3
55 0 64.8503 16.0085 6.34497 37870.1 -2.07659 -0.221453 -0.0611969 1.0037 0.00827734 0.146081 0.146081 1 0 1.04243 0.770546 -0.00192328 0.382563 0.245087 -0.00192328 0 0 0 -0.0234097 0.00530328 -0.0166181 0.3 0.3
55 1 64.8503 -7.1719 -9.14314 35470.4 -0.948365 -0.215136 0.540053 1.00883 0.00265979 -0.379426 0.0872644 1 0 -0.694288 -1.09499 -0.00826943 -0.68534 -0.243346 -0.00826943 0 0 0 0.0478024 -0.0933558 -0.00756026 0.3 0.3
55 2 64.8503 -4.46491 -3.20661 37378.1 -0.484486 0.340528 -0.305196 0.984998 -0.000673343 0.0872644 -0.379426 1 0 -0.845591 -0.541235 0.0238107 -0.565897 -0.662672 0.0238107 0 0 0 0.0608982 -0.0684087 -0.000736343 0.3 0.3
55 0 64.9002 16.6183 6.09944 37776.2 -0.832829 -0.209589 -0.0436087 1.00307 0.00875806 0.166753 0.166753 1 0 1.05587 0.774706 -0.00143512 0.42731 0.262495 -0.00143512 0 0 0 -0.021696 0.0195237 -0.01773 0.3 0.3
55 1 64.9002 -11.9684 -7.52607 35027.2 -0.685112 -0.241432 0.53408 1.00818 0.00312569 -0.400099 0.0665919 1 0 -0.688242 -1.09383 -0.00875391 -0.72737 -0.276866 -0.00875391 0 0 0 0.0527612 -0.0927295 -0.00870886 0.3 0.3
55 2 64.9002 -8.03391 1.4125 37236.8 -0.764699 0.323912 -0.334931 0.984451 -1.68887e-05 0.0665919 -0.400099 1 0 -0.854035 -0.529607 0.0242589 -0.636132 -0.646973 0.0242589 0 0 0 0.0726939 -0.0844619 -0.00303928 0.3 0.3
55 0 64.9503 18.2629 5.33985 38163.4 -3.07262 -0.197106 -0.025747 1.00228 0.00957663 0.187378 0.187378 1 0 1.06815 0.777675 0.00119408 0.49892 0.294859 0.00119408 0 0 0 -0.0301577 0.0226668 -0.0194988 0.3 0.3
55 1 64.9503 -7.34998 -7.29181 35379.8 -1.43321 -0.269189 0.527806 1.00758 0.00349931 -0.420723 0.0459675 1 0 -0.668144 -1.09054 -0.0072064 -0.766777 -0.333093 -0.0072064 0 0 0 0.0584787 -0.0909593 -0.00967106 0.3 0.3
55 2 64.9503 -5.81808 -5.88894 37413.1 -1.37708 0.305771 -0.366206 0.983862 0.0013731 0.0459675 -0.420723 1 0 -0.851364 -0.502377 0.0257027 -0.710305 -0.597877 0.0257027 0 0 0 0.072534 -0.107015 -0.00663845 0.3 0.3
55 0 65.0002 21.0547 3.75357 37452.2 -2.59776 -0.184184 -0.00729933 1.00171 0.0105347 0.207897 0.207897 1 0 1.07967 0.780143 -0.000232687 0.619295 0.356632 -0.000232687 0 0 0 -0.0331409 0.0347802 -0.0216523 0.3 0.3
55 1 65.0002 -10.3755 -5.47629 35504.9 -1.56097 -0.298585 0.520936 1.00673 0.00387266 -0.441242 0.0254484 1 0 -0.654875 -1.09236 -0.00511337 -0.804421 -0.401842 -0.00511337 0 0 0 0.0694999 -0.111479 -0.0116415 0.3 0.3
55 2 65.0002 -8.00137 -4.0236 37397.9 -1.42711 0.28546 -0.398764 0.983183 0.00261417 0.0254484 -0.441242 1 0 -0.855213 -0.485406 0.0269678 -0.784949 -0.543973 0.0269678 0 0 0 0.0668356 -0.117332 -0.00916721 0.3 0.3
55 0 65.0502 26.6817 0.30304 38120.4 -3.38893 -0.171521 0.00960087 1.00111 0.0123415 0.228339 0.228339 1 0 1.08859 0.780679 0.00217351 0.855643 0.488581 0.00217351 0 0 0 -0.0452032 0.0460664 -0.025738 0.3 0.3
55 1 65.0502 -11.4892 -3.70177 34229.5 -2.40327 -0.326501 0.514282 1.00684 0.00629189 -0.461684 0.00500644 1 0 -0.637199 -1.08739 -0.0101534 -0.824061 -0.478883 -0.0101534 0 0 0 0.0750081 -0.0848517 -0.0157897 0.3 0.3
55 2 65.0502 -9.31681 -3.95874 37374.9 0.255969 0.265479 -0.429062 0.982466 0.00182453 0.00500644 -0.461684 1 0 -0.849485 -0.462138 0.028109 -0.839331 -0.472331 0.028109 0 0 0 0.0260701 -0.121228 -0.00523834 0.3 0.3
55 0 65.1003 31.2108 -4.55671 37198 -2.27522 -0.155114 0.03135 1.00099 0.0111468 0.248689 0.248689 1 0 1.08716 0.779986 -0.000764031 1.11951 0.703807 -0.000764031 0 0 0 -0.0643801 0.07521 -0.0247444 0.3 0.3
55 1 65.1003 -5.55287 -2.99216 35250.2 -2.37707 -0.36225 0.50496 1.0068 0.00634206 -0.482035 -0.015344 1 0 -0.61257 -1.08894 -0.00931974 -0.829916 -0.591982 -0.00931974 0 0 0 0.0983888 -0.115989 -0.0184379 0.3 0.3
55 2 65.1003 -3.39605 -9.69022 37720.9 0.177008 0.238342 -0.46647 0.981445 0.00071625 -0.015344 -0.482035 1 0 -0.840991 -0.436186 0.0311169 -0.840991 -0.436186 0.0311169 0 0 0 0.0206987 -0.142645 -0.00291507 0.3 0.3
55 0 65.1502 23.8118 -2.25435 37876.1 -5.53584 -0.137383 0.0528846 1.00064 0.0120859 0.268904 0.268904 1 0 1.08476 0.775675 0.000208596 1.08476 0.775675 0.000208596 0 0 0 -0.118602 0.124122 -0.0316402 0.3 0.3
55 1 65.1502 -10.0784 0.079353 34668.5 -1.23502 -0.397146 0.495298 1.00724 0.00633824 -0.502249 -0.0355589 1 0 -0.589576 -1.08468 -0.0120898 -0.808847 -0.70012 -0.0120898 0 0 0 0.111251 -0.113323 -0.0190334 0.3 0.3
55 2 65.1502 -7.05476 -3.13312 37162.3 0.651121 0.210961 -0.500596 0.980632 -0.000378304 -0.0355589 -0.502249 1 0 -0.82865 -0.413356 0.0309552 -0.82865 -0.413356 0.0309552 0 0 0 0.00606087 -0.174613 0.000229 0.3 0.3
55 0 65.2002 23.3877 0.218542 37750.6 -4.99975 -0.117043 0.0768185 1.00053 0.0148862 0.289017 0.289017 1 0 1.08258 0.76763 0.000235732 1.08258 0.76763 0.000235732 0 0 0 -0.152676 0.163129 -0.0424643 0.3 0.3
55 1 65.2002 -3.87968 0.857369 35473.7 -3.68015 -0.433635 0.48373 1.00725 0.00875719 -0.522362 -0.0556716 1 0 -0.55974 -1.08264 -0.0102901 -0.750857 -0.830118 -0.0102901 0 0 0 0.13554 -0.123882 -0.0260076 0.3 0.3
55 2 65.2002 -2.23601 -7.61681 37889.1 1.42011 0.180348 -0.53421 0.979431 -0.00105061 -0.0556716 -0.522362 1 0 -0.808965 -0.387667 0.0349243 -0.808965 -0.387667 0.0349243 0 0 0 -0.0372567 -0.148971 0.00488798 0.3 0.3
55 0 65.2502 22.4814 1.63201 37990.9 -3.33954 -0.0930376 0.103455 1.00001 0.0130944 0.309006 0.309006 1 0 1.07994 0.754182 0.00161888 1.07994 0.754182 0.00161888 0 0 0 -0.149288 0.140779 -0.0368728 0.3 0.3
55 1 65.2502 -2.61277 -1.93175 35292.1 -1.86201 -0.47196 0.470059 1.00722 0.00514652 -0.542351 -0.0756604 1 0 -0.524209 -1.07806 -0.0096847 -0.668298 -0.836931 -0.0096847 0 0 0 0.163236 -0.101851 -0.0186793 0.3 0.3
55 2 65.2502 0.617162 -8.71693 37571.2 0.686164 0.147031 -0.566942 0.978155 -0.00170751 -0.0756604 -0.542351 1 0 -0.775235 -0.354854 0.0369385 -0.775235 -0.354854 0.0369385 0 0 0 -0.0287627 -0.147569 0.00555093 0.3 0.3
55 0 65.3002 20.9149 3.26923 38562 -4.98707 -0.0678862 0.130327 0.999174 0.014386 0.328851 0.328851 1 0 1.0718 0.734836 0.00612573 1.0718 0.734836 0.00612573 0 0 0 -0.161202 0.158549 -0.0417909 0.3 0.3
55 1 65.3002 -2.89432 -3.76214 35229.8 0.255706 -0.507548 0.455383 1.00705 0.00417339 -0.562197 -0.0955061 1 0 -0.492344 -1.07944 -0.00931892 -0.64554 -0.820869 -0.00931892 0 0 0 0.17157 -0.06124 -0.0136495 0.3 0.3
55 2 65.3002 -3.75996 -3.49121 36987.4 1.79149 0.114965 -0.595324 0.977352 -0.00302376 -0.0955061 -0.562197 1 0 -0.759053 -0.344936 0.035771 -0.759053 -0.344936 0.035771 0 0 0 -0.0542786 -0.131265 0.00963125 0.3 0.3
55 0 65.3502 19.3073 4.5952 38314 -5.68865 -0.033001 0.166464 0.997841 0.0166638 0.34855 0.34855 1 0 1.04873 0.709616 0.00920727 1.04873 0.709616 0.00920727 0 0 0 -0.154389 0.142218 -0.0445318 0.3 0.3
55 1 65.3502 -2.26698 -4.74458 35722.1 0.595383 -0.551918 0.434468 1.00643 0.00162637 -0.581895 -0.115205 1 0 -0.451985 -1.07422 -0.00616258 -0.613387 -0.800087 -0.00616258 0 0 0 0.16216 -0.0390845 -0.0064404 0.3 0.3
55 2 65.3502 4.24305 -8.83914 37395.8 1.00232 0.0734849 -0.62797 0.976544 -0.0027775 -0.115205 -0.581895 1 0 -0.71494 -0.315841 0.036874 -0.71494 -0.315841 0.036874 0 0 0 -0.0786354 -0.106536 0.00976204 0.3 0.3
55 0 65.4002 17.8274 6.2427 38283.3 -3.25684 0.00226096 0.202476 0.996311 0.0184752 0.36811 0.36811 1 0 1.01967 0.679436 0.0122635 1.01967 0.679436 0.0122635 0 0 0 -0.141167 0.133069 -0.0465484 0.3 0.3
55 1 65.4002 -2.09381 -5.88096 34842.2 0.844368 -0.592088 0.412509 1.00627 0.000160764 -0.601455 -0.134765 1 0 -0.414116 -1.07149 -0.00795264 -0.584058 -0.781688 -0.00795264 0 0 0 0.162676 -0.0263338 -0.00246942 0.3 0.3
55 2 65.4002 -2.13171 -3.1962 37159.5 1.65016 0.034036 -0.655804 0.97584 -0.00457829 -0.134765 -0.601455 1 0 -0.685305 -0.303169 0.0364314 -0.685305 -0.303169 0.0364314 0 0 0 -0.0560975 -0.101076 0.0120101 0.3 0.3
55 0 65.4503 16.4304 7.62981 37950.4 -4.78417 0.0410438 0.240909 0.995058 0.0183711 0.387508 0.387508 1 0 0.984266 0.643961 0.0134916 0.984266 0.643961 0.0134916 0 0 0 -0.120972 0.117524 -0.0440006 0.3 0.3
55 1 65.4503 0.847738 -8.45614 34983.5 0.281267 -0.63191 0.388132 1.00629 -0.000285173 -0.620853 -0.154162 1 0 -0.367591 -1.06639 -0.00875209 -0.547337 -0.758904 -0.00875209 0 0 0 0.144157 -0.0125848 -0.000336843 0.3 0.3
55 2 65.4503 6.58639 -7.52456 37227.1 2.71747 -0.00655178 -0.681644 0.975559 -0.00688034 -0.154162 -0.620853 1 0 -0.636406 -0.282123 0.0363172 -0.636406 -0.282123 0.0363172 0 0 0 -0.0889775 -0.0743688 0.0170962 0.3 0.3
55 0 65.5002 14.916 8.96798 37658.2 -4.74063 0.0823302 0.281394 0.994132 0.0188883 0.406723 0.406723 1 0 0.943657 0.60471 0.0131178 0.943657 0.60471 0.0131178 0 0 0 -0.0940565 0.0909679 -0.0421439 0.3 0.3
55 1 65.5002 -5.41055 -5.06507 34629.5 1.6396 -0.670777 0.361774 1.00682 -0.00287823 -0.640068 -0.173378 1 0 -0.340143 -1.06585 -0.0116192 -0.526839 -0.746069 -0.0116192 0 0 0 0.122608 0.00698818 0.00619628 0.3 0.3
55 2 65.5002 -0.463042 -2.575 36769.5 3.96337 -0.0478547 -0.705388 0.97566 -0.0112382 -0.173378 -0.640068 1 0 -0.607063 -0.279167 0.0335544 -0.607063 -0.279167 0.0335544 0 0 0 -0.0798923 -0.0705034 0.0253278 0.3 0.3
55 0 65.5503 13.8784 10.1105 37625.8 -2.95142 0.125859 0.323451 0.993467 0.0185259 0.42577 0.42577 1 0 0.89896 0.56221 0.0124985 0.89896 0.56221 0.0124985 0 0 0 -0.072116 0.0785632 -0.0399422 0.3 0.3
55 1 65.5503 -0.523473 -10.5858 34216.6 0.382905 -0.708353 0.333872 1.00789 -0.00163211 -0.659115 -0.192425 1 0 -0.296932 -1.06064 -0.0168131 -0.492711 -0.725153 -0.0168131 0 0 0 0.11323 0.0262149 0.00475558 0.3 0.3
55 2 65.5503 8.40958 -5.93761 37115.6 6.31231 -0.0895362 -0.726958 0.975882 -0.0180437 -0.192425 -0.659115 1 0 -0.555673 -0.26543 0.0326693 -0.555673 -0.26543 0.0326693 0 0 0 -0.0807598 -0.0326646 0.0374435 0.3 0.3
55 0 65.6003 12.4419 11.1098 37744.7 -2.55638 0.171013 0.36635 0.992895 0.0158476 0.444648 0.444648 1 0 0.850811 0.51809 0.0123935 0.850811 0.51809 0.0123935 0 0 0 -0.0527167 0.0587189 -0.0332696 0.3 0.3
55 1 65.6003 0.701526 -7.72526 35458.2 2.11226 -0.744535 0.304882 1.00852 -0.00434421 -0.677993 -0.211303 1 0 -0.265092 -1.05821 -0.0151297 -0.468485 -0.70973 -0.0151297 0 0 0 0.0908601 0.0332188 0.0102089 0.3 0.3
55 2 65.6003 3.55961 -3.04038 36878.5 8.05185 -0.130743 -0.746758 0.976428 -0.0254337 -0.211303 -0.677993 1 0 -0.514914 -0.261062 0.030269 -0.514914 -0.261062 0.030269 0 0 0 -0.0688381 -0.0258596 0.0517977 0.3 0.3
55 0 65.6503 11.4731 12.2544 37799.6 -1.55242 0.217183 0.409778 0.992629 0.0182451 0.463289 0.463289 1 0 0.800089 0.471967 0.0124462 0.800089 0.471967 0.0124462 0 0 0 -0.0287868 0.0477853 -0.0371944 0.3 0.3
55 1 65.6503 -3.26901 -8.57126 34689 1.28863 -0.778606 0.275309 1.00948 -0.00484592 -0.696634 -0.229944 1 0 -0.232685 -1.05204 -0.0180266 -0.442314 -0.692941 -0.0180266 0 0 0 0.0733454 0.0382884 0.0111051 0.3 0.3
55 2 65.6503 5.10125 -2.89159 36924.3 8.29961 -0.171486 -0.764684 0.977201 -0.0310937 -0.229944 -0.696634 1 0 -0.470333 -0.255271 0.0280835 -0.470333 -0.255271 0.0280835 0 0 0 -0.0681342 -0.000642046 0.0622554 0.3 0.3
55 0 65.7002 10.1228 12.4869 37902.1 -0.915279 0.26435 0.452622 0.992321 0.0110259 0.481741 0.481741 1 0 0.747226 0.426776 0.0129769 0.747226 0.426776 0.0129769 0 0 0 -0.0138155 0.0111362 -0.0221301 0.3 0.3
55 1 65.7002 -2.43864 -9.03091 34214.3 1.99675 -0.810727 0.245282 1.01103 -0.00615966 -0.715086 -0.248396 1 0 -0.209099 -1.05169 -0.0232635 -0.425375 -0.681386 -0.0232635 0 0 0 0.0808348 0.0422034 0.0140391 0.3 0.3
55 2 65.7002 5.60397 -2.72631 36886.6 8.73608 -0.211038 -0.781489 0.978171 -0.0353888 -0.248396 -0.715086 1 0 -0.43674 -0.260346 0.0256511 -0.43674 -0.260346 0.0256511 0 0 0 -0.0540651 0.0101437 0.0705449 0.3 0.3
55 0 65.7503 10.2892 13.6276 36986.8 -4.86115 0.306121 0.491172 0.99257 0.0154948 0.499997 0.499997 1 0 0.694991 0.380405 0.00833968 0.694991 0.380405 0.00833968 0 0 0 0.0104334 0.00649124 -0.0309575 0.3 0.3
55 1 65.7503 -4.52969 -7.08374 35074.1 3.53916 -0.838258 0.218017 1.01232 -0.0101623 -0.733342 -0.266652 1 0 -0.187366 -1.04572 -0.0237082 -0.407397 -0.669666 -0.0237082 0 0 0 0.0678953 0.0240596 0.0211552 0.3 0.3
55 2 65.7503 2.57599 -1.39854 36983.7 9.11185 -0.245255 -0.795481 0.979245 -0.0389097 -0.266652 -0.733342 1 0 -0.402414 -0.260403 0.0236877 -0.402414 -0.260403 0.0236877 0 0 0 -0.0455492 0.0202644 0.0774017 0.3 0.3
55 0 65.8002 5.48723 16.3134 37696.5 0.699725 0.357534 0.536438 0.992986 0.00893904 0.518014 0.518014 1 0 0.633839 0.329702 0.00773782 0.633839 0.329702 0.00773782 0 0 0 0.0273807 -0.0310577 -0.0183074 0.3 0.3
55 1 65.8002 0.459351 -12.0969 33749.8 2.23963 -0.870257 0.184559 1.01458 -0.0103385 -0.75136 -0.284669 1 0 -0.158791 -1.04092 -0.0317054 -0.385169 -0.655588 -0.0317054 0 0 0 0.0720878 0.0243086 0.021569 0.3 0.3
55 2 65.8002 9.03946 -3.1219 36467.9 9.67552 -0.285101 -0.811461 0.980846 -0.0421764 -0.284669 -0.75136 1 0 -0.360031 -0.258593 0.0188115 -0.360031 -0.258593 0.0188115 0 0 0 -0.0451107 0.0243375 0.0838564 0.3 0.3
55 0 65.8503 13.5887 9.90606 37332 -3.2358 0.40235 0.576507 0.993918 0.00834994 0.535819 0.535819 1 0 0.590797 0.293965 0.0048188 0.590797 0.293965 0.0048188 0 0 0 0.0445189 -0.0228265 -0.0172135 0.3 0.3
55 1 65.8503 -5.08137 -6.59281 35295.6 4.11289 -0.89805 0.154052 1.01642 -0.0127637 -0.769165 -0.302474 1 0 -0.139814 -1.03455 -0.0307989 -0.369354 -0.645963 -0.0307989 0 0 0 0.0652365 0.0152087 0.0260388 0.3 0.3
55 2 65.8503 1.77564 -0.701129 37916.2 10.0966 -0.319341 -0.825316 0.981856 -0.0449314 -0.302474 -0.769165 1 0 -0.329738 -0.260057 0.0221111 -0.329738 -0.260057 0.0221111 0 0 0 -0.0219163 0.0268414 0.0896123 0.3 0.3
55 0 65.9002 7.51491 14.9218 37392.7 -1.45961 0.445847 0.614371 0.995132 0.00692037 0.553383 0.553383 1 0 0.541895 0.254199 0.00227775 0.541895 0.254199 0.00227775 0 0 0 0.0636813 -0.0516729 -0.0154987 0.3 0.3
55 1 65.9002 -0.0908867 -12.3327 34009.4 3.21717 -0.924488 0.123472 1.0185 -0.01433 -0.786728 -0.320038 1 0 -0.118229 -1.03242 -0.0373491 -0.353862 -0.63688 -0.0373491 0 0 0 0.0530371 0.0301471 0.029474 0.3 0.3
55 2 65.9002 8.25984 -2.75389 37340.9 9.73919 -0.351388 -0.838555 0.982188 -0.0464964 -0.320038 -0.786728 1 0 -0.300386 -0.265576 0.0219135 -0.300386 -0.265576 0.0219135 0 0 0 -0.0290813 0.0611874 0.0921898 0.3 0.3
55 0 65.9502 8.15645 13.8755 37127.6 0.676552 0.483646 0.646815 0.9962 0.00526872 0.570701 0.570701 1 0 0.495045 0.217657 -0.00180587 0.495045 0.217657 -0.00180587 0 0 0 0.0448289 -0.0304552 -0.0112242 0.3 0.3
55 1 65.9502 -4.69866 -6.90845 35254.1 5.21934 -0.947847 0.0958614 1.02017 -0.0185689 -0.804046 -0.337356 1 0 -0.102956 -1.02742 -0.0365908 -0.341716 -0.630764 -0.0365908 0 0 0 0.0794717 -0.00331759 0.0370374 0.3 0.3
55 2 65.9502 1.57622 -0.69946 38017.7 8.67547 -0.378266 -0.85039 0.982056 -0.0453233 -0.337356 -0.804046 1 0 -0.278172 -0.268933 0.025786 -0.278172 -0.268933 0.025786 0 0 0 -0.0128821 0.0508389 0.0903813 0.3 0.3
55 0 66.0002 8.3188 13.661 36761.5 1.99769 0.527421 0.683881 0.998468 -0.000772128 0.587772 0.587772 1 0 0.451184 0.184356 -0.00791519 0.451184 0.184356 -0.00791519 0 0 0 0.0695299 -0.0683848 -0.000833185 0.3 0.3
55 1 66.0002 -0.348043 -12.3834 33339.7 3.95106 -0.97454 0.0623303 1.02303 -0.0185993 -0.821117 -0.354427 1 0 -0.0820952 -1.02291 -0.0466347 -0.326159 -0.623118 -0.0466347 0 0 0 0.0413981 0.0312451 0.0378601 0.3 0.3
55 2 66.0002 7.05266 -2.85379 37662.5 4.70749 -0.408585 -0.86475 0.981658 -0.0379314 -0.354427 -0.821117 1 0 -0.250965 -0.268859 0.0276741 -0.250965 -0.268859 0.0276741 0 0 0 0.0046471 0.0352693 0.075975 0.3 0.3
55 0 66.0502 8.05511 13.8998 36925.4 2.08494 0.565199 0.715477 1.00102 -0.00515101 0.60458 0.60458 1 0 0.410007 0.15355 -0.013109 0.410007 0.15355 -0.013109 0 0 0 0.069637 -0.0619413 0.00815499 0.3 0.3
55 1 66.0502 -4.72099 -7.08828 34401.4 5.95755 -0.998321 0.0316595 1.02626 -0.0207378 -0.837925 -0.371234 1 0 -0.0681618 -1.01667 -0.0503131 -0.314744 -0.618347 -0.0503131 0 0 0 0.0688164 0.00283497 0.0416008 0.3 0.3
55 2 66.0502 1.41838 -1.08148 37750.8 3.46922 -0.434047 -0.878214 0.980754 -0.0300337 -0.371234 -0.837925 1 0 -0.233838 -0.270182 0.0302885 -0.233838 -0.270182 0.0302885 0 0 0 -0.00381079 0.0455267 0.0600053 0.3 0.3
55 0 66.1002 8.204 13.4668 37193.9 2.5515 0.600698 0.744781 1.00349 -0.00753811 0.621122 0.621122 1 0 0.372095 0.126256 -0.0169043 0.372095 0.126256 -0.0169043 0 0 0 0.0682965 -0.0679787 0.0127707 0.3 0.3
55 1 66.1002 -0.0380499 -12.4833 32445.7 3.66551 -1.02077 0.00140464 1.03038 -0.0209254 -0.854468 -0.387777 1 0 -0.0485192 -0.992842 -0.0651454 -0.291748 -0.607252 -0.0651454 0 0 0 0.0394961 0.0214365 0.0422877 0.3 0.3
55 2 66.1002 5.99088 -3.40691 38571.6 1.29659 -0.457379 -0.891736 0.979246 -0.0230413 -0.387777 -0.854468 1 0 -0.213164 -0.268131 0.037509 -0.213164 -0.268131 0.037509 0 0 0 -0.0110123 0.056297 0.0457955 0.3 0.3
55 0 66.1502 8.29204 13.2865 37493.6 0.149424 0.633956 0.771781 1.00543 -0.00648941 0.637413 0.637413 1 0 0.337401 0.102232 -0.0190523 0.337401 0.102232 -0.0190523 0 0 0 0.0861485 -0.0927327 0.00900519 0.3 0.3
55 1 66.1502 -2.77068 -9.2059 33791.3 4.56871 -1.04247 -0.028828 1.03502 -0.0215627 -0.870758 -0.404068 1 0 -0.0333106 -0.963128 -0.0721108 -0.269149 -0.596402 -0.0721108 0 0 0 0.0607189 0.00906467 0.0434244 0.3 0.3
55 2 66.1502 2.5821 -1.94348 37564.2 -0.594924 -0.478859 -0.905236 0.977675 -0.0142273 -0.404068 -0.870758 1 0 -0.197722 -0.266255 0.0390732 -0.197722 -0.266255 0.0390732 0 0 0 0.0019249 0.0228353 0.0284794 0.3 0.3
55 0 66.2002 6.33693 14.6297 37813 1.91208 0.665088 0.796549 1.00729 -0.00799703 0.653409 0.653409 1 0 0.300748 0.0772633 -0.0193529 0.300748 0.0772633 -0.0193529 0 0 0 0.0808803 -0.0902193 0.0123706 0.3 0.3
55 1 66.2002 -2.00874 -9.90547 34158.3 4.25336 -1.06335 -0.0585979 1.03943 -0.021282 -0.886754 -0.420064 1 0 -0.0213631 -0.936061 -0.0773386 -0.249961 -0.587755 -0.0773386 0 0 0 0.0378678 0.0289877 0.0431283 0.3 0.3
55 2 66.2002 3.00968 -2.42583 37340.9 -2.24054 -0.498748 -0.918856 0.976365 -0.00593517 -0.420064 -0.886754 1 0 -0.187978 -0.267168 0.03967 -0.187978 -0.267168 0.03967 0 0 0 -0.0191846 0.031193 0.0115732 0.3 0.3
55 0 66.2503 11.4573 10.2392 38000.1 4.71881 0.693604 0.818956 1.00867 -0.012102 0.669123 0.669123 1 0 0.27718 0.0640038 -0.0184754 0.27718 0.0640038 -0.0184754 0 0 0 0.0805522 -0.0813893 0.0209626 0.3 0.3
55 1 66.2503 -3.53011 -8.04167 34837.3 1.86986 -1.08321 -0.0881856 1.04346 -0.0172129 -0.902469 -0.435778 1 0 -0.0103852 -0.910395 -0.0786585 -0.231862 -0.579399 -0.0786585 0 0 0 0.0530571 0.0199236 0.03497 0.3 0.3
55 2 66.2503 2.70377 -2.38075 37348.5 -4.69096 -0.517092 -0.932252 0.975245 0.00363751 -0.435778 -0.902469 1 0 -0.175864 -0.263466 0.0402357 -0.175864 -0.263466 0.0402357 0 0 0 -0.0232476 0.0596695 -0.00797259 0.3 0.3
55 0 66.3002 7.92102 12.899 37232.7 2.9548 0.720963 0.838994 1.01007 -0.0145898 0.684535 0.684535 1 0 0.251709 0.0496905 -0.0216633 0.251709 0.0496905 -0.0216633 0 0 0 0.0691532 -0.0737017 0.0266675 0.3 0.3
55 1 66.3002 0.141294 -12.7785 34250.2 3.84945 -1.10228 -0.117242 1.04664 -0.0177393 -0.91788 -0.451189 1 0 0.00390198 -0.877292 -0.083012 -0.208215 -0.568411 -0.083012 0 0 0 0.0518636 0.0249378 0.0361421 0.3 0.3
55 2 66.3002 2.0978 -2.3603 36917.5 -7.2806 -0.533558 -0.945405 0.974684 0.0145385 -0.451189 -0.91788 1 0 -0.169878 -0.263113 0.038257 -0.169878 -0.263113 0.038257 0 0 0 -0.0215459 0.0404256 -0.0295213 0.3 0.3
55 0 66.3502 6.95842 13.028 37726.6 1.21154 0.745962 0.857104 1.01129 -0.0118182 0.699652 0.699652 1 0 0.224269 0.0353278 -0.0217776 0.224269 0.0353278 -0.0217776 0 0 0 0.0692886 -0.0692223 0.0212652 0.3 0.3
55 1 66.3502 -2.54117 -9.48004 34926.3 3.07624 -1.12018 -0.146359 1.04942 -0.0168547 -0.932997 -0.466307 1 0 0.0152819 -0.846844 -0.0831065 -0.187526 -0.55891 -0.0831065 0 0 0 0.0625052 0.0198111 0.0343485 0.3 0.3
55 2 66.3502 1.63368 -2.30148 37243.2 -9.09019 -0.548322 -0.95825 0.974285 0.0247841 -0.466307 -0.932997 1 0 -0.163583 -0.260079 0.0379971 -0.163583 -0.260079 0.0379971 0 0 0 -0.0257553 0.0313304 -0.049987 0.3 0.3
55 0 66.4003 11.6753 9.63696 37745.1 1.82455 0.769228 0.873149 1.01265 -0.0121594 0.714474 0.714474 1 0 0.208118 0.0298442 -0.0218031 0.208118 0.0298442 -0.0218031 0 0 0 0.0892439 -0.0920185 0.0202577 0.3 0.3
55 1 66.4003 -2.13461 -9.95176 34697.1 -0.110115 -1.13706 -0.174942 1.05178 -0.0109662 -0.947819 -0.481129 1 0 0.024899 -0.817326 -0.0842845 -0.168259 -0.550232 -0.0842845 0 0 0 0.0369174 0.0315133 0.022521 0.3 0.3
55 2 66.4003 1.22772 -2.18301 37762.4 -11.687 -0.561575 -0.970706 0.973599 0.0359552 -0.481129 -0.947819 1 0 -0.159927 -0.257777 0.0403882 -0.159927 -0.257777 0.0403882 0 0 0 -0.0232198 0.0320885 -0.0723125 0.3 0.3
55 0 66.4502 8.60315 11.4445 37291.5 5.62607 0.788073 0.885833 1.01333 -0.0173252 0.728958 0.728958 1 0 0.189997 0.0238055 -0.0242046 0.189997 0.0238055 -0.0242046 0 0 0 0.0640269 -0.0758897 0.0322634 0.3 0.3
55 1 66.4502 -3.29996 -8.33228 34675.8 0.442682 -1.15132 -0.200538 1.05376 -0.00793903 -0.962303 -0.495613 1 0 0.0312675 -0.79169 -0.0851603 -0.152671 -0.543488 -0.0851603 0 0 0 0.0536573 0.0220173 0.0164758 0.3 0.3
55 2 66.4502 0.125524 -1.36815 37669.2 -11.9257 -0.572318 -0.981831 0.972794 0.0438764 -0.495613 -0.962303 1 0 -0.158981 -0.256183 0.0420978 -0.158981 -0.256183 0.0420978 0 0 0 -0.0210965 0.0200439 -0.0880017 0.3 0.3
55 0 66.5002 8.15534 11.4321 37608.1 2.34028 0.809623 0.899607 1.01427 -0.0154301 0.743134 0.743134 1 0 0.171329 0.0183562 -0.0246524 0.171329 0.0183562 -0.0246524 0 0 0 0.052524 -0.0597669 0.0293155 0.3 0.3
55 1 66.5002 -0.867075 -12.8292 34124.9 1.62944 -1.16719 -0.231269 1.05587 -0.00786298 -0.976479 -0.509788 1 0 0.0391524 -0.758539 -0.0887875 -0.132428 -0.53387 -0.0887875 0 0 0 0.0521556 0.0261736 0.0164156 0.3 0.3
55 2 66.5002 1.28312 -3.3735 37955.3 -14.8048 -0.583914 -0.995015 0.971659 0.0537898 -0.509788 -0.976479 1 0 -0.15998 -0.254483 0.0453907 -0.15998 -0.254483 0.0453907 0 0 0 -0.0218442 0.0234145 -0.107901 0.3 0.3
55 0 66.5502 10.6092 9.68456 37506.7 2.05609 0.827328 0.910349 1.01516 -0.0141763 0.756982 0.756982 1 0 0.158151 0.0170138 -0.025672 0.158151 0.0170138 -0.025672 0 0 0 0.0558249 -0.0710845 0.026397 0.3 0.3
55 1 66.5502 -2.60007 -9.54158 34654.8 0.23849 -1.18073 -0.259034 1.05758 -0.00551985 -0.990327 -0.523637 1 0 0.0458764 -0.727641 -0.0891488 -0.113657 -0.52462 -0.0891488 0 0 0 0.0566465 0.024465 0.0117382 0.3 0.3
55 2 66.5502 -0.338829 -1.75435 37294.8 -14.4139 -0.593124 -1.00682 0.970832 0.0598116 -0.523637 -0.990327 1 0 -0.159702 -0.249786 0.0449736 -0.159702 -0.249786 0.0449736 0 0 0 -0.0233351 0.0234546 -0.119985 0.3 0.3
55 0 66.6002 10.2796 9.76888 37487.6 2.60093 0.843493 0.919797 1.01601 -0.0141747 0.770503 0.770503 1 0 0.147023 0.0173072 -0.0266834 0.147023 0.0173072 -0.0266834 0 0 0 0.0552289 -0.0765087 0.0262677 0.3 0.3
55 1 66.6002 -2.40887 -10.147 34797.9 -0.613996 -1.19317 -0.286396 1.05883 -0.002585 -1.00385 -0.537158 1 0 0.0510269 -0.697118 -0.0886472 -0.0957698 -0.51564 -0.0886472 0 0 0 0.0353814 0.0339127 0.00577162 0.3 0.3
55 2 66.6002 -0.564209 -1.95053 37279 -14.165 -0.601089 -1.01836 0.970249 0.063488 -0.537158 -1.00385 1 0 -0.161963 -0.245974 0.0445618 -0.161963 -0.245974 0.0445618 0 0 0 -0.0264716 0.0109845 -0.12722 0.3 0.3
55 0 66.6503 10.9578 9.15385 38084.6 1.76413 0.857602 0.92763 1.0163 -0.0127235 0.783688 0.783688 1 0 0.138659 0.0196114 -0.0242935 0.138659 0.0196114 -0.0242935 0 0 0 0.0546141 -0.0765031 0.0233852 0.3 0.3
55 1 66.6503 -2.2991 -10.2304 34790.1 -1.21132 -1.20476 -0.313411 1.05971 0.000358935 -1.01703 -0.550342 1 0 0.0558411 -0.66608 -0.0879645 -0.0775272 -0.506058 -0.0879645 0 0 0 0.0552931 0.0180274 -0.000219637 0.3 0.3
55 2 66.6503 -0.965252 -1.87576 37381.5 -13.7184 -0.607867 -1.02959 0.969788 0.0652047 -0.550342 -1.01703 1 0 -0.16466 -0.241096 0.0445831 -0.16466 -0.241096 0.0445831 0 0 0 -0.0231894 0.0045195 -0.130563 0.3 0.3
55 0 66.7002 10.8743 9.00124 37412.8 2.97985 0.87058 0.934438 1.01675 -0.0135422 0.796521 0.796521 1 0 0.131638 0.0230797 -0.0256493 0.131638 0.0230797 -0.0256493 0 0 0 0.046018 -0.0691165 0.0255174 0.3 0.3
55 1 66.7002 -2.39782 -10.2785 34916.5 -0.628772 -1.21534 -0.339889 1.06014 0.0013902 -1.02987 -0.563176 1 0 0.056799 -0.638087 -0.0863515 -0.0628159 -0.498721 -0.0863515 0 0 0 0.0396776 0.0276995 -0.00223158 0.3 0.3
55 2 66.7002 -1.13166 -1.77299 37448.4 -12.2202 -0.614023 -1.04049 0.969393 0.0638945 -0.563176 -1.02987 1 0 -0.172875 -0.241253 0.0448378 -0.172875 -0.241253 0.0448378 0 0 0 -0.0229851 -0.00759189 -0.127798 0.3 0.3
55 0 66.7502 11.7544 8.39121 38293.6 2.08047 0.881548 0.939875 1.0165 -0.0124834 0.809003 0.809003 1 0 0.1272 0.0280441 -0.0218451 0.1272 0.0280441 -0.0218451 0 0 0 0.0353103 -0.0585813 0.0239474 0.3 0.3
55 1 66.7502 -2.39804 -10.1437 34764.7 -1.42851 -1.22498 -0.365779 1.06033 0.00335638 -1.04235 -0.575658 1 0 0.0597301 -0.607537 -0.0853829 -0.045454 -0.488491 -0.0853829 0 0 0 0.0415605 0.0224992 -0.00624701 0.3 0.3
55 2 66.7502 -1.39592 -1.73124 37297.1 -12.1337 -0.619471 -1.05109 0.969189 0.0628404 -0.575658 -1.04235 1 0 -0.176334 -0.235964 0.0441563 -0.176334 -0.235964 0.0441563 0 0 0 -0.0181751 -0.0139067 -0.125646 0.3 0.3
55 0 66.8002 11.6559 8.25198 37440.8 2.61861 0.891594 0.944534 1.01646 -0.0126584 0.821143 0.821143 1 0 0.123643 0.0336456 -0.0228823 0.123643 0.0336456 -0.0228823 0 0 0 0.0255744 -0.0494449 0.024695 0.3 0.3
55 1 66.8002 -2.44159 -10.0343 34863.9 -2.00461 -1.2337 -0.391018 1.0602 0.00564366 -1.05449 -0.587798 1 0 0.062033 -0.57716 -0.083636 -0.0283983 -0.477643 -0.083636 0 0 0 0.0334616 0.0252714 -0.010867 0.3 0.3
55 2 66.8002 -1.45506 -1.69279 37325 -9.12999 -0.624553 -1.06137 0.96912 0.0571035 -0.587798 -1.05449 1 0 -0.179523 -0.230314 0.0435787 -0.179523 -0.230314 0.0435787 0 0 0 -0.0183609 -0.0168507 -0.114123 0.3 0.3
55 0 66.8503 12.0817 8.18332 37804.3 1.35074 0.900455 0.948824 1.01624 -0.010588 0.832916 0.832916 1 0 0.121432 0.0392064 -0.0216106 0.121432 0.0392064 -0.0216106 0 0 0 0.0108191 -0.0396362 0.0209665 0.3 0.3
55 1 66.8503 -2.25724 -10.0611 34834.7 -1.867 -1.24186 -0.415565 1.05983 0.00690428 -1.06626 -0.599571 1 0 0.0620918 -0.549238 -0.0819412 -0.0137005 -0.468053 -0.0819412 0 0 0 0.0350953 0.0197485 -0.0134649 0.3 0.3
55 2 66.8503 -1.36514 -1.62317 37122.9 -7.63763 -0.629714 -1.07127 0.969344 0.050867 -0.599571 -1.06626 1 0 -0.185254 -0.227988 0.0417947 -0.185254 -0.227988 0.0417947 0 0 0 -0.0164098 -0.0275068 -0.101565 0.3 0.3
55 0 66.9003 12.8019 7.45357 37757.8 0.740835 0.908572 0.952366 1.01586 -0.00831164 0.844328 0.844328 1 0 0.121118 0.0458056 -0.0206694 0.121118 0.0458056 -0.0206694 0 0 0 0.011846 -0.0313155 0.0164403 0.3 0.3
55 1 66.9003 -2.53955 -9.98283 34778.4 -0.926877 -1.24883 -0.439445 1.05931 0.00625765 -1.07767 -0.610983 1 0 0.0624532 -0.520133 -0.0804189 0.00165951 -0.456592 -0.0804189 0 0 0 0.0322833 0.0281853 -0.0120632 0.3 0.3
55 2 66.9003 -1.28437 -1.73751 37272.1 -5.61818 -0.635023 -1.081 0.969677 0.0432994 -0.610983 -1.07767 1 0 -0.187572 -0.22279 0.0407907 -0.187572 -0.22279 0.0407907 0 0 0 -0.0113672 -0.0428752 -0.0864035 0.3 0.3
55 0 66.9502 12.075 7.84717 37793.5 0.819133 0.916049 0.955773 1.0155 -0.00689614 0.855358 0.855358 1 0 0.119784 0.0514115 -0.0194789 0.119784 0.0514115 -0.0194789 0 0 0 0.00789156 -0.0237417 0.0136998 0.3 0.3
55 1 66.9502 -2.79925 -8.40621 34749.7 -1.22689 -1.25526 -0.462662 1.05853 0.00486619 -1.0887 -0.622013 1 0 0.0600449 -0.496891 -0.0789606 0.0124893 -0.44818 -0.0789606 0 0 0 0.0395808 0.0225003 -0.00928958 0.3 0.3
55 2 66.9502 -1.34774 -1.00815 37414 -5.33242 -0.6407 -1.09042 0.970141 0.0377856 -0.622013 -1.0887 1 0 -0.190883 -0.220643 0.0404691 -0.190883 -0.220643 0.0404691 0 0 0 -0.00892983 -0.0476706 -0.0753985 0.3 0.3
55 0 67.0003 12.0714 7.69652 37968.7 -0.606495 0.922828 0.958961 1.01479 -0.00356187 0.866021 0.866021 1 0 0.117466 0.0560406 -0.0172908 0.117466 0.0560406 -0.0172908 0 0 0 0.00223664 -0.0224528 0.00709909 0.3 0.3
55 1 67.0003 -1.71617 -12.1482 35093.5 -0.65159 -1.26079 -0.485028 1.05764 0.00541648 -1.09937 -0.632676 1 0 0.0606472 -0.464766 -0.0755073 0.0292244 -0.433284 -0.0755073 0 0 0 0.0427172 0.0271325 -0.0102568 0.3 0.3
55 2 67.0003 -0.336101 -2.83543 36939 -4.36576 -0.64716 -1.09981 0.970704 0.0324683 -0.632676 -1.09937 1 0 -0.189084 -0.212958 0.037436 -0.189084 -0.212958 0.037436 0 0 0 -0.00658831 -0.0484381 -0.0648079 0.3 0.3
55 0 67.0502 12.7728 7.3621 37773 0.754987 0.929332 0.962053 1.01409 -0.00359922 0.8763 0.8763 1 0 0.116345 0.0607195 -0.0161929 0.116345 0.0607195 -0.0161929 0 0 0 -0.00524458 -0.0191751 0.0072491 0.3 0.3
55 1 67.0502 -2.56171 -9.53477 34949.3 -0.314171 -1.26552 -0.507026 1.05642 0.00423048 -1.10964 -0.642954 1 0 0.0580636 -0.437999 -0.072869 0.0412307 -0.421412 -0.072869 0 0 0 0.0455857 0.025116 -0.00789125 0.3 0.3
55 2 67.0502 -0.393444 -1.74765 37381.7 -3.88903 -0.654463 -1.10913 0.97134 0.0281186 -0.642954 -1.10964 1 0 -0.187564 -0.208004 0.036931 -0.187564 -0.208004 0.036931 0 0 0 -0.00277679 -0.0558451 -0.056189 0.3 0.3
55 0 67.1002 12.9541 7.40993 37554.4 -0.00815621 0.93549 0.965501 1.01324 -0.00233303 0.886197 0.886197 1 0 0.115618 0.0645096 -0.0162428 0.115618 0.0645096 -0.0162428 0 0 0 -0.0114576 -0.0240618 0.00480433 0.3 0.3
55 1 67.1002 -2.48937 -10.0195 35302.9 -1.77883 -1.2694 -0.528419 1.05472 0.00579947 -1.11954 -0.652852 1 0 0.0560764 -0.410225 -0.0681346 0.0536423 -0.407859 -0.0681346 0 0 0 0.0339117 0.0242902 -0.0111896 0.3 0.3
55 2 67.1002 0.0553019 -2.12894 36904 -2.91259 -0.662559 -1.11844 0.972356 0.0237168 -0.652852 -1.11954 1 0 -0.182457 -0.200828 0.0336208 -0.182457 -0.200828 0.0336208 0 0 0 -0.0118804 -0.0466108 -0.0471748 0.3 0.3
55 0 67.1502 12.7022 7.54757 38364.9 -1.96346 0.941534 0.968987 1.01236 0.00170164 0.895706 0.895706 1 0 0.114272 0.067087 -0.0117704 0.114272 0.067087 -0.0117704 0 0 0 -0.00780034 -0.0175145 -0.00333513 0.3 0.3
55 1 67.1502 -2.81387 -10.6296 34956.3 0.773042 -1.27261 -0.549309 1.05296 0.00270468 -1.12905 -0.66236 1 0 0.052681 -0.383554 -0.0653452 0.052681 -0.383554 -0.0653452 0 0 0 0.0457106 0.0226813 -0.00489262 0.3 0.3
55 2 67.1502 0.398081 -2.17715 37067 -2.1356 -0.671338 -1.12759 0.973509 0.0193887 -0.66236 -1.12905 1 0 -0.176272 -0.194025 0.0313036 -0.176272 -0.194025 0.0313036 0 0 0 -0.00872507 -0.0464999 -0.0385878 0.3 0.3
55 0 67.2002 12.949 7.61164 38060 0.136132 0.946676 0.97284 1.01107 0.00100383 0.904822 0.904822 1 0 0.11278 0.0683396 -0.00915488 0.11278 0.0683396 -0.00915488 0 0 0 -0.0244662 -0.0197319 -0.0017665 0.3 0.3
55 1 67.2002 -3.09497 -10.836 35116.5 0.135319 -1.27507 -0.569584 1.05098 0.00163077 -1.13817 -0.671477 1 0 0.0501383 -0.355807 -0.0615175 0.0501383 -0.355807 -0.0615175 0 0 0 0.0337852 0.0271474 -0.00280363 0.3 0.3
55 2 67.2002 0.754294 -2.21154 36894.1 -0.932062 -0.68073 -1.1365 0.974949 0.0144925 -0.671477 -1.13817 1 0 -0.166613 -0.18518 0.027912 -0.166613 -0.18518 0.027912 0 0 0 -0.00981019 -0.0409347 -0.0287915 0.3 0.3
55 0 67.2502 12.6148 8.23057 37770.2 -1.8707 0.951846 0.97717 1.00995 0.00379523 0.91354 0.91354 1 0 0.110141 0.0670906 -0.00801617 0.110141 0.0670906 -0.00801617 0 0 0 -0.0208531 -0.0178576 -0.00740499 0.3 0.3
55 1 67.2502 -3.34605 -11.228 35050.2 -0.860583 -1.27692 -0.589379 1.04892 0.00253564 -1.14689 -0.680195 1 0 0.045459 -0.329978 -0.0581253 0.045459 -0.329978 -0.0581253 0 0 0 0.0373888 0.0180871 -0.00473421 0.3 0.3
55 2 67.2502 1.15112 -2.36798 36965.6 0.608702 -0.69069 -1.14533 0.976525 0.00867895 -0.680195 -1.14689 1 0 -0.157777 -0.178268 0.0249631 -0.157777 -0.178268 0.0249631 0 0 0 -0.0125984 -0.0275093 -0.0171868 0.3 0.3
55 0 67.3002 13.5179 7.59826 37512.9 -2.18533 0.956499 0.98204 1.00877 0.00397389 0.921858 0.921858 1 0 0.108797 0.0657436 -0.00827383 0.108797 0.0657436 -0.00827383 0 0 0 -0.0276713 -0.0221769 -0.00764219 0.3 0.3
55 1 67.3002 -3.62304 -11.3886 35014.1 0.800941 -1.27798 -0.608558 1.04679 0.000389772 -1.1552 -0.688513 1 0 0.0417398 -0.302911 -0.0549172 0.0417398 -0.302911 -0.0549172 0 0 0 0.0324926 0.0184091 -0.000480564 0.3 0.3
55 2 67.3002 1.2325 -2.37903 37020 1.54953 -0.700723 -1.15392 0.978183 0.00320607 -0.688513 -1.1552 1 0 -0.146188 -0.169124 0.0222719 -0.146188 -0.169124 0.0222719 0 0 0 -0.0147558 -0.018023 -0.0062796 0.3 0.3
55 0 67.3502 12.8363 8.81858 38100.7 -0.457883 0.961007 0.987406 1.00791 0.00497709 0.929771 0.929771 1 0 0.106087 0.0612087 -0.00530496 0.106087 0.0612087 -0.00530496 0 0 0 -0.024567 -0.0224871 -0.00967935 0.3 0.3
55 1 67.3502 -3.66213 -11.5844 35084.5 -1.48153 -1.27881 -0.627011 1.04459 0.00271688 -1.16312 -0.696426 1 0 0.0369678 -0.277714 -0.0513737 0.0369678 -0.277714 -0.0513737 0 0 0 0.0255201 0.0150458 -0.00524236 0.3 0.3
55 2 67.3502 1.50266 -2.46544 37248.7 1.9226 -0.710838 -1.16232 0.979686 -0.00105603 -0.696426 -1.16312 1 0 -0.135446 -0.161303 0.0208791 -0.135446 -0.161303 0.0208791 0 0 0 -0.0162836 -0.008932 0.00218488 0.3 0.3
55 0 67.4002 13.5294 8.17468 37329.5 -0.310326 0.965234 0.993305 1.00703 0.00386762 0.937275 0.937275 1 0 0.104245 0.0567127 -0.00682187 0.104245 0.0567127 -0.00682187 0 0 0 -0.0288643 -0.0175819 -0.0074826 0.3 0.3
55 1 67.4002 -3.88829 -11.5969 35263.4 1.45611 -1.27902 -0.644556 1.04215 -0.000625829 -1.17062 -0.70393 1 0 0.0338188 -0.251399 -0.0468707 0.0338188 -0.251399 -0.0468707 0 0 0 0.0237102 0.0114812 0.00138789 0.3 0.3
55 2 67.4002 1.32215 -2.50082 37155.4 2.89142 -0.720406 -1.17045 0.981176 -0.00555845 -0.70393 -1.17062 1 0 -0.122022 -0.150317 0.0189632 -0.122022 -0.150317 0.0189632 0 0 0 -0.0196286 -0.00332255 0.0111501 0.3 0.3
55 0 67.4502 12.8956 9.41691 38289.4 -3.53023 0.969121 0.99968 1.00611 0.00843793 0.944371 0.944371 1 0 0.100744 0.0487931 -0.00289346 0.100744 0.0487931 -0.00289346 0 0 0 -0.0176057 -0.0162215 -0.0167345 0.3 0.3
55 1 67.4502 -4.01697 -11.9228 35167.2 0.11526 -1.27892 -0.661386 1.03966 -0.000609845 -1.17772 -0.711026 1 0 0.0286693 -0.227761 -0.043022 0.0286693 -0.227761 -0.043022 0 0 0 0.0183505 0.00981321 0.0013098 0.3 0.3
55 2 67.4502 1.39151 -2.52818 37259.7 3.04426 -0.729458 -1.17826 0.98251 -0.00880925 -0.711026 -1.17772 1 0 -0.112361 -0.142775 0.0177617 -0.112361 -0.142775 0.0177617 0 0 0 -0.0196043 0.00799944 0.0175413 0.3 0.3
55 0 67.5002 13.3707 8.99415 37718.8 -0.919706 0.972825 1.00638 1.00515 0.00721537 0.951052 0.951052 1 0 0.097519 0.040475 -0.00241252 0.097519 0.040475 -0.00241252 0 0 0 -0.0210477 -0.0200198 -0.0142217 0.3 0.3
55 1 67.5002 -4.01848 -11.8738 35361.2 0.805231 -1.27859 -0.677231 1.03694 -0.00174187 -1.1844 -0.717707 1 0 0.0255819 -0.203362 -0.0380982 0.0255819 -0.203362 -0.0380982 0 0 0 0.0140256 0.0104771 0.00355734 0.3 0.3
55 2 67.5002 1.24272 -2.56941 37135.9 3.97367 -0.737731 -1.18573 0.983848 -0.0124988 -0.717707 -1.1844 1 0 -0.100562 -0.132334 0.0159265 -0.100562 -0.132334 0.0159265 0 0 0 -0.0231797 0.00507889 0.0249412 0.3 0.3
55 0 67.5502 13.5562 8.86463 37694.5 -1.34622 0.976306 1.01337 1.00433 0.00745643 0.957315 0.957315 1 0 0.0945701 0.0322105 -0.00194096 0.0945701 0.0322105 -0.00194096 0 0 0 -0.0060647 -0.0183596 -0.014858 0.3 0.3
55 1 67.5502 -4.18719 -11.9657 35238 0.37238 -1.27797 -0.692124 1.03416 -0.00180535 -1.19066 -0.72397 1 0 0.022346 -0.180217 -0.0339594 0.022346 -0.180217 -0.0339594 0 0 0 0.0134282 0.000312039 0.00361287 0.3 0.3
55 2 67.5502 1.32619 -2.47982 37150.5 3.75818 -0.745444 -1.19267 0.985151 -0.0145886 -0.72397 -1.19066 1 0 -0.0895546 -0.122642 0.0142812 -0.0895546 -0.122642 0.0142812 0 0 0 -0.0204611 0.0019518 0.0291597 0.3 0.3
55 0 67.6002 13.0409 10.2512 38125.5 -2.03928 0.97942 1.02033 1.00325 0.00811291 0.963159 0.963159 1 0 0.0901421 0.0205911 0.000852694 0.0901421 0.0205911 0.000852694 0 0 0 -0.0113938 -0.0194628 -0.0161161 0.3 0.3
55 1 67.6002 -4.22133 -11.9688 35175.4 -0.197411 -1.2772 -0.706017 1.03139 -0.00088136 -1.1965 -0.729814 1 0 0.0199931 -0.157639 -0.0301915 0.0199931 -0.157639 -0.0301915 0 0 0 0.0113236 -0.0040787 0.00173966 0.3 0.3
55 2 67.6002 1.25477 -2.57806 37019.1 3.48887 -0.752476 -1.19926 0.986543 -0.0155167 -0.729814 -1.1965 1 0 -0.0782797 -0.112121 0.011948 -0.0782797 -0.112121 0.011948 0 0 0 -0.0222459 -0.00434656 0.0310851 0.3 0.3
55 0 67.6502 13.2489 9.83962 37739.1 -1.10459 0.98261 1.02771 1.00233 0.00724002 0.968579 0.968579 1 0 0.0855151 0.00884376 0.00136043 0.0855151 0.00884376 0.00136043 0 0 0 -0.00808164 -0.0122171 -0.0144312 0.3 0.3
55 1 67.6502 -4.27815 -11.9879 35177.2 -0.594741 -1.27642 -0.718797 1.02869 0.000399322 -1.20192 -0.735234 1 0 0.0167116 -0.137881 -0.0265532 0.0167116 -0.137881 -0.0265532 0 0 0 0.00305324 -0.004332 -0.000805261 0.3 0.3
55 2 67.6502 1.26441 -2.54641 37304.2 3.82822 -0.758878 -1.20535 0.987708 -0.0167178 -0.735234 -1.20192 1 0 -0.0701522 -0.104519 0.0113138 -0.0701522 -0.104519 0.0113138 0 0 0 -0.0222591 -0.00190133 0.0334604 0.3 0.3
55 0 67.7002 13.2494 10.0973 37873.4 -1.66309 0.985565 1.03502 1.0014 0.0076075 0.973575 0.973575 1 0 0.0804847 -0.00359003 0.002672 0.0804847 -0.00359003 0.002672 0 0 0 -0.0105253 -0.0097651 -0.0151642 0.3 0.3
55 1 67.7002 -4.10876 -11.8395 35156.8 -0.179309 -1.27583 -0.73038 1.02603 0.000567013 -1.20692 -0.74023 1 0 0.0161514 -0.117738 -0.0231329 0.0161514 -0.117738 -0.0231329 0 0 0 0.00011172 -0.00544678 -0.00113433 0.3 0.3
55 2 67.7002 1.33406 -2.55949 37273.8 3.07557 -0.764816 -1.21099 0.988754 -0.0162862 -0.74023 -1.20692 1 0 -0.0592292 -0.0941004 0.0105126 -0.0592292 -0.0941004 0.0105126 0 0 0 -0.0220307 0.00151953 0.0325592 0.3 0.3
55 0 67.7502 13.3606 10.2571 38069.8 -2.34426 0.988153 1.04219 1.00032 0.00897204 0.978144 0.978144 1 0 0.0753126 -0.0165503 0.00497821 0.0753126 -0.0165503 0.00497821 0 0 0 -0.00185192 -0.0226968 -0.0179245 0.3 0.3
55 1 67.7502 -4.04685 -11.7739 35488.4 2.16801 -1.27525 -0.740744 1.02314 -0.0032401 -1.21149 -0.744799 1 0 0.0161478 -0.0991448 -0.0179874 0.0161478 -0.0991448 -0.0179874 0 0 0 0.000252582 -0.0103643 0.006479 0.3 0.3
55 2 67.7502 1.30794 -2.60911 37025.7 2.9981 -0.770203 -1.21623 0.989898 -0.0158376 -0.744799 -1.21149 1 0 -0.0490172 -0.084148 0.00843418 -0.0490172 -0.084148 0.00843418 0 0 0 -0.0221803 -0.00181008 0.0316986 0.3 0.3
55 0 67.8002 13.2708 10.1877 37746.1 -0.277562 0.990849 1.04952 0.999347 0.00645565 0.982285 0.982285 1 0 0.0697976 -0.0291871 0.0054074 0.0697976 -0.0291871 0.0054074 0 0 0 -0.00566189 -0.0176445 -0.012862 0.3 0.3
55 1 67.8002 -3.97099 -11.6006 35232.3 0.427968 -1.27477 -0.749818 1.02032 -0.00286562 -1.21563 -0.74894 1 0 0.0171865 -0.0818494 -0.0144341 0.0171865 -0.0818494 -0.0144341 0 0 0 -0.00202121 -0.0106915 0.00574214 0.3 0.3
55 2 67.8002 1.37796 -2.61474 37146.5 3.30801 -0.775151 -1.22102 0.990999 -0.0160474 -0.74894 -1.21563 1 0 -0.0385758 -0.0739705 0.00713974 -0.0385758 -0.0739705 0.00713974 0 0 0 -0.0227068 -0.0056294 0.0321623 0.3 0.3
55 0 67.8502 12.7632 11.627 37913.3 -3.81585 0.993415 1.05672 0.998472 0.0106196 0.985993 0.985993 1 0 0.062535 -0.0450868 0.00679061 0.062535 -0.0450868 0.00679061 0 0 0 0.00512537 -0.0138753 -0.0212757 0.3 0.3
55 1 67.8502 -3.77691 -11.5085 35479.1 0.678406 -1.27457 -0.757653 1.01739 -0.00303709 -1.21934 -0.752648 1 0 0.0184599 -0.0669324 -0.00960032 0.0184599 -0.0669324 -0.00960032 0 0 0 -0.00236174 -0.0114794 0.00608784 0.3 0.3
55 2 67.8502 1.32257 -2.68397 37216.7 2.13327 -0.779521 -1.22542 0.991983 -0.0142665 -0.752648 -1.21934 1 0 -0.0298833 -0.0652305 0.00626979 -0.0298833 -0.0652305 0.00626979 0 0 0 -0.025342 -0.00304045 0.0285749 0.3 0.3
55 0 67.9002 13.055 10.9403 37829.8 -1.02408 0.995894 1.06383 0.997618 0.00877552 0.98927 0.98927 1 0 0.055233 -0.0602517 0.00759959 0.055233 -0.0602517 0.00759959 0 0 0 0.00578095 -0.0158571 -0.0175977 0.3 0.3
55 1 67.9002 -3.70694 -11.2668 35414.6 0.441943 -1.2745 -0.764185 1.01441 -0.00275173 -1.22262 -0.755925 1 0 0.0216519 -0.0525018 -0.00527992 0.0216519 -0.0525018 -0.00527992 0 0 0 -0.00788456 -0.00722042 0.00553202 0.3 0.3
55 2 67.9002 1.46337 -2.69759 37188.8 1.77285 -0.783568 -1.22939 0.992909 -0.0124667 -0.755925 -1.22262 1 0 -0.0196026 -0.0550776 0.00529245 -0.0196026 -0.0550776 0.00529245 0 0 0 -0.0242341 -0.00215436 0.024962 0.3 0.3
55 0 67.9502 13.0162 11.2735 38202.8 -1.85442 0.998076 1.07062 0.996507 0.00893251 0.992113 0.992113 1 0 0.0476797 -0.0756493 0.0104441 0.0476797 -0.0756493 0.0104441 0 0 0 0.00694898 -0.013632 -0.0179132 0.3 0.3
55 1 67.9502 -3.46927 -11.0713 35463.7 1.00555 -1.27468 -0.769439 1.01138 -0.0035152 -1.22546 -0.758768 1 0 0.0258388 -0.0397 -0.000785022 0.0258388 -0.0397 -0.000785022 0 0 0 -0.00248031 -0.00726676 0.00703948 0.3 0.3
55 2 67.9502 1.25763 -2.6684 37397.3 1.07641 -0.786894 -1.23284 0.993592 -0.0100709 -0.758768 -1.22546 1 0 -0.010037 -0.0453055 0.00555205 -0.010037 -0.0453055 0.00555205 0 0 0 -0.0248162 -0.00689015 0.0202293 0.3 0.3
55 0 68.0003 13.0449 11.4209 37915.2 -2.64272 0.99992 1.07704 0.995463 0.01033 0.994521 0.994521 1 0 0.0399308 -0.0911817 0.0115735 0.0399308 -0.0911817 0.0115735 0 0 0 0.0107726 -0.0181489 -0.0207593 0.3 0.3
55 1 68.0003 -3.28215 -10.9519 35286.1 0.579585 -1.2751 -0.773591 1.00847 -0.00331416 -1.22787 -0.761176 1 0 0.0314882 -0.0277039 0.00260428 0.0314882 -0.0277039 0.00260428 0 0 0 0.00111274 -0.0117373 0.00662191 0.3 0.3
55 2 68.0003 1.44951 -2.77162 37352.2 1.45058 -0.789909 -1.23594 0.994124 -0.00915656 -0.761176 -1.22787 1 0 0.000267203 -0.034862 0.00560141 0.000267203 -0.034862 0.00560141 0 0 0 -0.024428 0.00101498 0.0183024 0.3 0.3
55 0 68.0503 12.6736 11.9127 37776.2 1.14464 1.00175 1.08331 0.994585 0.00498551 0.996492 0.996492 1 0 0.0314575 -0.10719 0.0119692 0.0314575 -0.10719 0.0119692 0 0 0 0.00955553 -0.0173207 -0.0100543 0.3 0.3
55 1 68.0503 -3.01755 -10.7823 35572.4 2.50128 -1.27576 -0.776616 1.00548 -0.00636517 -1.22984 -0.763147 1 0 0.0374301 -0.0177358 0.00741189 0.0374301 -0.0177358 0.00741189 0 0 0 0.00528258 -0.00893596 0.012707 0.3 0.3
55 2 68.0503 1.3408 -2.77307 37366.1 0.7539 -0.792326 -1.23856 0.994496 -0.007415 -0.763147 -1.22984 1 0 0.00879288 -0.025978 0.00582353 0.00879288 -0.025978 0.00582353 0 0 0 -0.0239564 0.00651587 0.0147532 0.3 0.3
55 0 68.1002 12.697 11.8902 37719.9 0.0484153 1.00324 1.0889 0.993895 0.00315942 0.998026 0.998026 1 0 0.0227973 -0.122827 0.0120004 0.0227973 -0.122827 0.0120004 0 0 0 0.0179561 -0.0248298 -0.00654254 0.3 0.3
55 1 68.1002 -3.04005 -10.8034 35267.1 1.06869 -1.27628 -0.778871 1.00266 -0.00602475 -1.23137 -0.76468 1 0 0.044669 -0.00755299 0.0103372 0.044669 -0.00755299 0.0103372 0 0 0 0.00928113 -0.00338327 0.012034 0.3 0.3
55 2 68.1002 1.24949 -2.84097 37249.4 1.60443 -0.794077 -1.24081 0.994844 -0.00766051 -0.76468 -1.23137 1 0 0.0182674 -0.0156559 0.00547206 0.0182674 -0.0156559 0.00547206 0 0 0 -0.0270808 0.0103017 0.0151833 0.3 0.3
55 0 68.1502 12.5523 12.0725 37722.1 -0.362001 1.00453 1.09395 0.993362 0.00257821 0.999122 0.999122 1 0 0.0137139 -0.138308 0.0119549 0.0137139 -0.138308 0.0119549 0 0 0 0.0270437 -0.0303777 -0.00556832 0.3 0.3
55 1 68.1502 -2.71667 -10.6129 35405.6 0.533944 -1.27703 -0.780219 0.999902 -0.00490505 -1.23247 -0.765777 1 0 0.0528655 0.0016529 0.0139465 0.0528655 0.0016529 0.0139465 0 0 0 0.00800497 -0.00209468 0.00980184 0.3 0.3
55 2 68.1502 1.03053 -2.83291 37206.3 0.604485 -0.794963 -1.24259 0.995198 -0.00611384 -0.765777 -1.23247 1 0 0.026715 -0.00569485 0.00495489 0.026715 -0.00569485 0.00495489 0 0 0 -0.0257663 0.00725677 0.0121353 0.3 0.3
55 0 68.2002 12.7018 12.2101 38016.1 0.557024 1.0052 1.0984 0.992713 0.00072671 0.99978 0.99978 1 0 0.00492271 -0.153511 0.0134499 0.00492271 -0.153511 0.0134499 0 0 0 0.0278499 -0.0281307 -0.00184547 0.3 0.3
55 1 68.2002 -2.63714 -10.5988 35367.7 0.726637 -1.27776 -0.780878 0.997233 -0.00446792 -1.23313 -0.766435 1 0 0.0617986 0.0104778 0.0171442 0.0617986 0.0104778 0.0171442 0 0 0 0.0111225 0.00291429 0.00895222 0.3 0.3
55 2 68.2002 0.989264 -2.92174 37266.5 0.514813 -0.795155 -1.244 0.9955 -0.00493094 -0.766435 -1.23313 1 0 0.0347932 0.00445812 0.00480381 0.0347932 0.00445812 0.00480381 0 0 0 -0.0232262 0.00633875 0.00978901 0.3 0.3
55 0 68.2503 12.4165 12.335 38024.3 1.1126 1.00569 1.10218 0.991983 -0.00145228 1 1 1 0 -0.00431299 -0.168341 0.0148724 -0.00431299 -0.168341 0.0148724 0 0 0 0.0288673 -0.0302318 0.00246877 0.3 0.3
55 1 68.2503 -2.55776 -10.5322 35545.5 1.4028 -1.27829 -0.780865 0.994546 -0.00528258 -1.23335 -0.766655 1 0 0.0710268 0.01878 0.0211357 0.0710268 0.01878 0.0211357 0 0 0 0.0147501 0.0095031 0.0106357 0.3 0.3
55 2 68.2503 0.969908 -2.985 37349.7 1.15077 -0.794768 -1.24504 0.995683 -0.00518332 -0.766655 -1.23335 1 0 0.0424029 0.0144841 0.00512115 0.0424029 0.0144841 0.00512115 0 0 0 -0.0238847 0.000812044 0.0103577 0.3 0.3
55 0 68.3002 12.5202 12.3321 38269.5 0.740735 1.00566 1.10515 0.990981 -0.00223319 0.999781 0.999781 1 0 -0.0133973 -0.182539 0.0176417 -0.0133973 -0.182539 0.0176417 0 0 0 0.0254995 -0.0276585 0.0041145 0.3 0.3
55 1 68.3002 -2.43475 -10.503 35323.7 1.1751 -1.27863 -0.780263 0.992035 -0.00545746 -1.23313 -0.766436 1 0 0.0807639 0.0269125 0.0237143 0.0807639 0.0269125 0.0237143 0 0 0 0.01765 0.0104068 0.0110074 0.3 0.3
55 2 68.3002 0.876938 -3.04218 37242.6 0.0160764 -0.793753 -1.2457 0.995868 -0.00347987 -0.766436 -1.23313 1 0 0.0498428 0.0247799 0.00486223 0.0498428 0.0247799 0.00486223 0 0 0 -0.0227449 0.000180492 0.00695814 0.3 0.3
55 0 68.3502 12.4617 12.4649 37744.9 1.80579 1.00514 1.10741 0.990228 -0.00457095 0.999124 0.999124 1 0 -0.0224113 -0.196259 0.0174419 -0.0224113 -0.196259 0.0174419 0 0 0 0.0256479 -0.029848 0.00876089 0.3 0.3
55 1 68.3502 -2.45934 -10.4939 35498.4 0.351448 -1.27859 -0.779153 0.989535 -0.00417024 -1.23247 -0.765778 1 0 0.0905928 0.0349161 0.0271546 0.0905928 0.0349161 0.0271546 0 0 0 0.0188386 0.0180048 0.00851082 0.3 0.3
55 2 68.3502 0.971055 -3.16336 37386.5 0.458274 -0.792369 -1.24608 0.995919 -0.00310137 -0.765778 -1.23247 1 0 0.0573875 0.0353173 0.00545561 0.0573875 0.0353173 0.00545561 0 0 0 -0.0246029 0.00296966 0.0061667 0.3 0.3
55 0 68.4003 12.346 12.346 37785.4 0.832653 1.00415 1.10882 0.98955 -0.00452329 0.998027 0.998027 1 0 -0.0316534 -0.209114 0.0175479 -0.0316534 -0.209114 0.0175479 0 0 0 0.0265967 -0.0325462 0.00861572 0.3 0.3
55 1 68.4003 -2.49959 -10.4839 35372.3 -0.00692558 -1.27808 -0.777572 0.987175 -0.00271604 -1.23137 -0.764682 1 0 0.100262 0.042768 0.0296959 0.100262 0.042768 0.0296959 0 0 0 0.0214627 0.0188227 0.00563464 0.3 0.3
55 2 68.4003 0.859977 -3.26749 37286.4 -0.352786 -0.790431 -1.24618 0.995955 -0.00147881 -0.764682 -1.23137 1 0 0.0645478 0.0459406 0.00548526 0.0645478 0.0459406 0.00548526 0 0 0 -0.0254259 0.00357455 0.00291242 0.3 0.3
55 0 68.4502 12.5103 12.6063 37912.5 1.73797 1.00283 1.10949 0.989042 -0.00602102 0.996494 0.996494 1 0 -0.0404768 -0.221795 0.0182505 -0.0404768 -0.221795 0.0182505 0 0 0 0.0316833 -0.0323371 0.0115328 0.3 0.3
55 1 68.4502 -2.49917 -10.485 35653.4 1.12363 -1.27703 -0.775552 0.984727 -0.00362678 -1.22984 -0.763149 1 0 0.109973 0.0508299 0.0336463 0.109973 0.0508299 0.0336463 0 0 0 0.0202628 0.0239026 0.00749665 0.3 0.3
55 2 68.4502 0.774123 -3.32483 37194.2 -0.0599449 -0.787932 -1.2459 0.99605 -0.000890546 -0.763149 -1.22984 1 0 0.0719248 0.0571036 0.00505019 0.0719248 0.0571036 0.00505019 0 0 0 -0.0268898 0.00272738 0.00174458 0.3 0.3
55 0 68.5003 12.5122 12.3145 38319.6 0.0957936 1.00073 1.1092 0.988085 -0.00430369 0.994523 0.994523 1 0 -0.0491938 -0.233426 0.0211183 -0.0491938 -0.233426 0.0211183 0 0 0 0.0316559 -0.0383291 0.00800328 0.3 0.3
55 1 68.5003 -2.602 -10.5092 35292.3 0.520695 -1.27531 -0.773136 0.982535 -0.00318949 -1.22787 -0.761177 1 0 0.119034 0.0587074 0.0353889 0.119034 0.0587074 0.0353889 0 0 0 0.0234913 0.0299504 0.00673198 0.3 0.3
55 2 68.5003 0.72688 -3.34338 37012.8 -0.897594 -0.784905 -1.2452 0.99635 0.000904708 -0.761177 -1.22787 1 0 0.0787082 0.0678296 0.0036186 0.0787082 0.0678296 0.0036186 0 0 0 -0.0267736 0.00170693 -0.00183243 0.3 0.3
55 0 68.5502 12.5956 12.5244 37884.3 0.163248 0.998323 1.10844 0.987381 -0.0033349 0.992117 0.992117 1 0 -0.0577307 -0.244927 0.0214611 -0.0577307 -0.244927 0.0214611 0 0 0 0.0374224 -0.0420787 0.0058849 0.3 0.3
55 1 68.5502 -2.61435 -10.5459 35555.1 1.3024 -1.27297 -0.770363 0.980348 -0.00421736 -1.22546 -0.758772 1 0 0.128124 0.0670743 0.0385015 0.128124 0.0670743 0.0385015 0 0 0 0.025217 0.0303876 0.00881958 0.3 0.3
55 2 68.5502 0.811247 -3.48504 37176.2 -0.821363 -0.781573 -1.24417 0.99666 0.00199239 -0.758772 -1.22546 1 0 0.0862313 0.0792675 0.0031149 0.0862313 0.0792675 0.0031149 0 0 0 -0.0277067 -0.00273982 -0.0039472 0.3 0.3
55 0 68.6002 12.5619 12.4459 38143.3 1.06061 0.995331 1.10687 0.986496 -0.00401327 0.989275 0.989275 1 0 -0.066171 -0.255778 0.0233265 -0.066171 -0.255778 0.0233265 0 0 0 0.0295193 -0.0386281 0.00745869 0.3 0.3
55 1 68.6002 -2.87843 -10.5895 35374.7 0.3981 -1.26971 -0.767259 0.978335 -0.00338565 -1.22262 -0.75593 1 0 0.135937 0.0751503 0.0403961 0.135937 0.0751503 0.0403961 0 0 0 0.0248602 0.0349068 0.00720684 0.3 0.3
55 2 68.6002 0.719488 -3.46669 37124.4 -1.16659 -0.777756 -1.24266 0.997038 0.00330977 -0.75593 -1.22262 1 0 0.0930149 0.0899785 0.0022559 0.0930149 0.0899785 0.0022559 0 0 0 -0.0271206 -0.00737042 -0.00652025 0.3 0.3
55 0 68.6503 12.5087 12.5674 37846.6 1.43902 0.991923 1.10469 0.985789 -0.00502601 0.985997 0.985997 1 0 -0.074625 -0.266333 0.0234293 -0.074625 -0.266333 0.0234293 0 0 0 0.0202789 -0.0278411 0.00977124 0.3 0.3
55 1 68.6503 -2.98223 -10.6316 35584.8 -0.331147 -1.2657 -0.763844 0.976298 -0.00164819 -1.21934 -0.752651 1 0 0.143299 0.0835258 0.0433503 0.143299 0.0835258 0.0433503 0 0 0 0.0218242 0.0364566 0.003695 0.3 0.3
55 2 68.6503 0.876665 -3.54672 36929.6 -1.03482 -0.773746 -1.24074 0.997637 0.00396112 -0.752651 -1.21934 1 0 0.1003 0.100812 0.000318339 0.1003 0.100812 0.000318339 0 0 0 -0.0274258 -0.00905762 -0.00779887 0.3 0.3
55 0 68.7002 12.6669 12.4532 37910.1 -0.322302 0.987948 1.10179 0.985164 -0.00297782 0.98229 0.98229 1 0 -0.0828313 -0.276358 0.0238952 -0.0828313 -0.276358 0.0238952 0 0 0 0.0281932 -0.036715 0.00543959 0.3 0.3
55 1 68.7002 -3.17305 -10.5895 35550 1.207 -1.2608 -0.759984 0.974309 -0.00301365 -1.21564 -0.748945 1 0 0.149917 0.0919076 0.0459085 0.149917 0.0919076 0.0459085 0 0 0 0.0248588 0.0368455 0.00648684 0.3 0.3
55 2 68.7002 1.04351 -3.74391 37067.8 -1.38608 -0.769679 -1.23858 0.998282 0.004946 -0.748945 -1.21564 1 0 0.108408 0.112174 -0.000820754 0.108408 0.112174 -0.000820754 0 0 0 -0.0303602 -0.00482702 -0.00981993 0.3 0.3
55 0 68.7502 12.8546 12.6508 37956.7 -0.294748 0.983277 1.09852 0.984578 -0.00158452 0.978151 0.978151 1 0 -0.0905486 -0.286468 0.0245208 -0.0905486 -0.286468 0.0245208 0 0 0 0.0280119 -0.0373254 0.00264702 0.3 0.3
55 1 68.7502 -3.40642 -10.7237 35571 0.363824 -1.25497 -0.75588 0.972362 -0.00255605 -1.2115 -0.744806 1 0 0.155904 0.100819 0.0484545 0.155904 0.100819 0.0484545 0 0 0 0.0228868 0.0372047 0.00553914 0.3 0.3
55 2 68.7502 0.948309 -3.65877 36965.6 -1.06587 -0.765211 -1.23587 0.999058 0.00502768 -0.744806 -1.2115 1 0 0.116729 0.123477 -0.00257042 0.116729 0.123477 -0.00257042 0 0 0 -0.0334274 0.00251058 -0.0100988 0.3 0.3
55 0 68.8003 12.6973 12.6428 37998.6 -0.384151 0.978338 1.09475 0.983998 -0.000475909 0.973579 0.973579 1 0 -0.0985057 -0.296403 0.0253035 -0.0985057 -0.296403 0.0253035 0 0 0 0.0249572 -0.0376657 0.000481966 0.3 0.3
55 1 68.8003 -3.57973 -10.7343 35469.1 -0.694026 -1.24835 -0.751448 0.970545 -0.000477084 -1.20692 -0.740234 1 0 0.160774 0.109419 0.0503026 0.160774 0.109419 0.0503026 0 0 0 0.0229521 0.0365664 0.00137409 0.3 0.3
55 2 68.8003 0.942284 -3.67903 37066.5 -0.964434 -0.760331 -1.23263 0.999849 0.00497127 -0.740234 -1.20692 1 0 0.124494 0.134036 -0.00373921 0.124494 0.134036 -0.00373921 0 0 0 -0.0397151 0.000126744 -0.00994707 0.3 0.3
55 0 68.8502 12.9937 12.6125 38168 -0.334126 0.97266 1.09038 0.983286 0.000100238 0.968591 0.968591 1 0 -0.105876 -0.306004 0.0269648 -0.105876 -0.306004 0.0269648 0 0 0 0.0253342 -0.0466054 -0.00079104 0.3 0.3
55 1 68.8502 -3.79819 -10.8215 35561.6 0.855788 -1.24086 -0.746745 0.968782 -0.00162084 -1.20194 -0.735246 1 0 0.165128 0.118504 0.052537 0.165128 0.118504 0.052537 0 0 0 0.0270134 0.0388119 0.0037669 0.3 0.3
55 2 68.8502 1.01197 -3.6183 37033.7 0.563373 -0.755119 -1.22877 1.00068 0.00230862 -0.735246 -1.20194 1 0 0.132669 0.144508 -0.00509625 0.132669 0.144508 -0.00509625 0 0 0 -0.0407228 0.00669462 -0.00475456 0.3 0.3
55 0 68.9003 12.4882 13.2196 37774.2 -0.369939 0.96656 1.08575 0.982806 0.000692821 0.963163 0.963163 1 0 -0.114242 -0.316697 0.0263685 -0.114242 -0.316697 0.0263685 0 0 0 0.0215091 -0.0351572 -0.00176409 0.3 0.3
55 1 68.9003 -4.11428 -10.942 35321.4 -0.821042 -1.23241 -0.741845 0.967277 0.000371798 -1.19651 -0.729818 1 0 0.167824 0.127243 0.0532735 0.167824 0.127243 0.0532735 0 0 0 0.0275715 0.0354581 -0.000254886 0.3 0.3
55 2 68.9003 0.964458 -3.59467 37137.2 0.657052 -0.749409 -1.2243 1.00145 0.000346042 -0.729818 -1.19651 1 0 0.139722 0.153655 -0.00584781 0.139722 0.153655 -0.00584781 0 0 0 -0.0413632 0.012197 -0.000944537 0.3 0.3
55 0 68.9502 13.7317 12.2222 37811.8 -3.36519 0.959957 1.08067 0.982514 0.00576962 0.957324 0.957324 1 0 -0.12043 -0.325635 0.0260167 -0.12043 -0.325635 0.0260167 0 0 0 0.0341538 -0.047579 -0.012357 0.3 0.3
55 1 68.9502 -4.18284 -11.1133 35494.6 -0.90974 -1.22343 -0.736852 0.965873 0.00183753 -1.19067 -0.723979 1 0 0.17234 0.138532 0.0548542 0.17234 0.138532 0.0548542 0 0 0 0.0296662 0.0334385 -0.00317989 0.3 0.3
55 2 68.9502 0.921427 -3.60032 37117.8 1.08762 -0.743198 -1.21925 1.00217 -0.001656 -0.723979 -1.19067 1 0 0.149795 0.165709 -0.00666817 0.149795 0.165709 -0.00666817 0 0 0 -0.0444186 0.0161217 0.00295481 0.3 0.3
55 0 69.0002 13.2739 13.0147 38195.3 0.453072 0.952407 1.07513 0.982012 0.00310626 0.951062 0.951062 1 0 -0.126611 -0.335245 0.027694 -0.126611 -0.335245 0.027694 0 0 0 0.0254938 -0.0402162 -0.00672701 0.3 0.3
55 1 69.0002 -4.45449 -11.3009 35606 -0.479631 -1.21366 -0.731811 0.964453 0.00210355 -1.18441 -0.717716 1 0 0.174094 0.148322 0.0568669 0.174094 0.148322 0.0568669 0 0 0 0.0336561 0.0290806 -0.00371869 0.3 0.3
55 2 69.0002 0.759425 -3.40561 37148.8 1.16246 -0.736278 -1.21339 1.00283 -0.00308991 -0.717716 -1.18441 1 0 0.156011 0.173737 -0.00726575 0.156011 0.173737 -0.00726575 0 0 0 -0.0461011 0.0146291 0.00584437 0.3 0.3
55 0 69.0502 13.2786 13.0988 37720 -1.17308 0.944516 1.06938 0.981791 0.00387414 0.944388 0.944388 1 0 -0.132884 -0.345152 0.0266019 -0.132884 -0.345152 0.0266019 0 0 0 0.0290731 -0.0442046 -0.00839374 0.3 0.3
55 1 69.0502 -4.52753 -11.4616 35630.5 -1.43504 -1.20343 -0.726708 0.963031 0.00383374 -1.17773 -0.711043 1 0 0.17637 0.15931 0.0588701 0.17637 0.15931 0.0588701 0 0 0 0.0337432 0.0241985 -0.00726083 0.3 0.3
55 2 69.0502 0.591722 -3.39401 37090 1.62838 -0.728591 -1.2069 1.00348 -0.00479071 -0.711043 -1.17773 1 0 0.162493 0.182252 -0.00814246 0.162493 0.182252 -0.00814246 0 0 0 -0.0455256 0.0115259 0.00932169 0.3 0.3
55 0 69.1002 13.7036 12.9013 38047.6 -2.07796 0.935754 1.06297 0.981493 0.00583969 0.937287 0.937287 1 0 -0.138333 -0.354605 0.0273983 -0.138333 -0.354605 0.0273983 0 0 0 0.0339123 -0.0499564 -0.0125321 0.3 0.3
55 1 69.1002 -4.65888 -11.7363 35604.3 -0.231597 -1.19266 -0.721646 0.96164 0.00296426 -1.17063 -0.703942 1 0 0.177935 0.170586 0.0606296 0.177935 0.170586 0.0606296 0 0 0 0.0319878 0.0202498 -0.00560568 0.3 0.3
55 2 69.1002 0.581137 -3.31962 36936 1.13611 -0.720324 -1.19974 1.00426 -0.00510809 -0.703942 -1.17063 1 0 0.168081 0.189714 -0.00982445 0.168081 0.189714 -0.00982445 0 0 0 -0.0422727 0.0100893 0.0100053 0.3 0.3
55 0 69.1503 13.9495 13.1343 38104.8 -0.360889 0.926082 1.05623 0.981107 0.00446307 0.929776 0.929776 1 0 -0.142924 -0.364168 0.0283772 -0.142924 -0.364168 0.0283772 0 0 0 0.0256176 -0.0491622 -0.00955947 0.3 0.3
55 1 69.1503 -4.77513 -11.9673 35613.1 -2.10286 -1.18153 -0.716618 0.960294 0.00545597 -1.16312 -0.696431 1 0 0.180783 0.183801 0.0623273 0.180783 0.183801 0.0623273 0 0 0 0.031098 0.0113443 -0.0107371 0.3 0.3
55 2 69.1503 0.584424 -3.18962 37151.4 2.791 -0.711607 -1.19186 1.00493 -0.00798706 -0.696431 -1.16312 1 0 0.175412 0.198469 -0.0102347 0.175412 0.198469 -0.0102347 0 0 0 -0.0418834 0.000801305 0.015961 0.3 0.3
55 0 69.2003 13.7329 13.1896 37788.2 -0.563472 0.916165 1.04902 0.980932 0.00381487 0.92186 0.92186 1 0 -0.147667 -0.373521 0.0275684 -0.147667 -0.373521 0.0275684 0 0 0 0.0254091 -0.0484652 -0.0082485 0.3 0.3
55 1 69.2003 -4.81562 -12.0525 35529.9 -1.07402 -1.17009 -0.711406 0.959061 0.00544878 -1.15521 -0.688515 1 0 0.182085 0.195692 0.0634552 0.182085 0.195692 0.0634552 0 0 0 0.0253195 0.0126836 -0.0107381 0.3 0.3
55 2 69.2003 0.602468 -3.17211 36973.8 2.79 -0.702497 -1.18341 1.00567 -0.00997135 -0.688515 -1.15521 1 0 0.180212 0.204384 -0.0116573 0.180212 0.204384 -0.0116573 0 0 0 -0.0416303 -0.000739586 0.0199628 0.3 0.3
55 0 69.2502 14.1383 13.3496 37867.4 -0.535669 0.905412 1.04149 0.980849 0.00326749 0.913551 0.913551 1 0 -0.151631 -0.382967 0.0272309 -0.151631 -0.382967 0.0272309 0 0 0 0.0291605 -0.051395 -0.00728742 0.3 0.3
55 1 69.2502 -4.92646 -12.2374 35471 -1.64124 -1.15837 -0.706009 0.957998 0.00636941 -1.1469 -0.680206 1 0 0.18566 0.210014 0.0641453 0.18566 0.210014 0.0641453 0 0 0 0.0200333 0.0120341 -0.0126192 0.3 0.3
55 2 69.2502 0.696002 -3.04 37240.1 3.1852 -0.693182 -1.17432 1.00623 -0.0119596 -0.680206 -1.1469 1 0 0.188625 0.213178 -0.0115045 0.188625 0.213178 -0.0115045 0 0 0 -0.042018 0.00129373 0.0238978 0.3 0.3
55 0 69.3002 14.2106 13.3532 37953 -0.557531 0.894069 1.03345 0.980775 0.00296865 0.904832 0.904832 1 0 -0.155178 -0.392123 0.0272823 -0.155178 -0.392123 0.0272823 0 0 0 0.0325388 -0.0477357 -0.00671664 0.3 0.3
55 1 69.3002 -4.79565 -12.3405 35596.8 -1.82165 -1.14663 -0.700331 0.956965 0.00727054 -1.13818 -0.671487 1 0 0.187922 0.222585 0.0654172 0.187922 0.222585 0.0654172 0 0 0 0.0157339 0.00722665 -0.0144849 0.3 0.3
55 2 69.3002 0.570395 -2.95399 37137 3.68962 -0.683365 -1.16459 1.00673 -0.0141787 -0.671487 -1.13818 1 0 0.193809 0.21851 -0.0119301 0.193809 0.21851 -0.0119301 0 0 0 -0.0433064 0.00625296 0.0282297 0.3 0.3
55 0 69.3502 14.3146 13.407 37779.8 -1.27454 0.882262 1.02497 0.980869 0.00403257 0.895717 0.895717 1 0 -0.158544 -0.40114 0.0263107 -0.158544 -0.40114 0.0263107 0 0 0 0.0344977 -0.038154 -0.00872609 0.3 0.3
55 1 69.3502 -4.67207 -12.4611 35433.4 0.618537 -1.13486 -0.694275 0.956124 0.00382177 -1.12906 -0.662372 1 0 0.191272 0.235658 0.0656301 0.191272 0.235658 0.0656301 0 0 0 0.0135404 0.00757451 -0.00759251 0.3 0.3
55 2 69.3502 0.746752 -2.74687 37198.5 4.6713 -0.673401 -1.15411 1.00712 -0.0172769 -0.662372 -1.12906 1 0 0.200091 0.223916 -0.01192 0.200091 0.223916 -0.01192 0 0 0 -0.0370953 0.00916547 0.0343917 0.3 0.3
55 0 69.4002 13.8639 14.0589 38235.9 0.279959 0.869437 1.01579 0.980679 0.00196017 0.886209 0.886209 1 0 -0.162939 -0.411243 0.0278744 -0.162939 -0.411243 0.0278744 0 0 0 0.039838 -0.0478466 -0.00487561 0.3 0.3
55 1 69.4002 -4.40459 -12.5743 35393.6 -0.124779 -1.12331 -0.687834 0.955479 0.00272409 -1.11955 -0.652864 1 0 0.194879 0.247943 0.0655385 0.194879 0.247943 0.0655385 0 0 0 0.00791436 -0.00467263 -0.00546674 0.3 0.3
55 2 69.4002 0.561355 -2.81704 37143.5 4.97706 -0.662882 -1.1432 1.00747 -0.0198097 -0.652864 -1.11955 1 0 0.204704 0.227877 -0.0121736 0.204704 0.227877 -0.0121736 0 0 0 -0.0395716 0.00346111 0.0395613 0.3 0.3
55 0 69.4502 16.0811 12.3681 38056.9 -0.296191 0.856036 1.00598 0.980494 0.00156257 0.876315 0.876315 1 0 -0.162622 -0.41752 0.0283301 -0.162622 -0.41752 0.0283301 0 0 0 0.0458953 -0.0484695 -0.00423956 0.3 0.3
55 1 69.4502 -4.3454 -12.5177 35465.1 -1.25649 -1.11189 -0.680742 0.954952 0.00390892 -1.10966 -0.642969 1 0 0.201799 0.262222 0.065721 0.201799 0.262222 0.065721 0 0 0 0.00215558 0.000723031 -0.00781708 0.3 0.3
55 2 69.4502 0.60307 -2.58346 37295.5 4.61175 -0.652048 -1.13165 1.00763 -0.0209532 -0.642969 -1.10966 1 0 0.214372 0.236319 -0.0115239 0.214372 0.236319 -0.0115239 0 0 0 -0.0364778 0.01055 0.0417245 0.3 0.3
55 0 69.5002 14.5784 13.5272 37762.8 0.0918542 0.842163 0.995416 0.980509 0.000719796 0.866034 0.866034 1 0 -0.164187 -0.424717 0.0272127 -0.16414 -0.42465 0.0272127 0 0 0 0.0482292 -0.0447442 -0.00251975 0.3 0.3
55 1 69.5002 -4.17294 -12.4751 35503.7 -0.374525 -1.1006 -0.672956 0.954496 0.00322351 -1.09938 -0.632689 1 0 0.206824 0.273211 0.0659832 0.206824 0.273211 0.0659832 0 0 0 -0.00393851 0.00609014 -0.00645906 0.3 0.3
55 2 69.5002 0.573076 -2.69638 37194.2 4.41559 -0.640817 -1.11978 1.00775 -0.0213102 -0.632689 -1.09938 1 0 0.218676 0.239536 -0.0114082 0.218676 0.239536 -0.0114082 0 0 0 -0.0381041 0.00505363 0.0425353 0.3 0.3
55 0 69.5502 15.0946 13.0699 37627.4 -0.272401 0.827972 0.984246 0.980809 0.000901241 0.855373 0.855373 1 0 -0.165786 -0.431451 0.0253694 -0.161432 -0.425201 0.0253694 0 0 0 0.0416435 -0.0376745 -0.00258785 0.3 0.3
55 1 69.5502 -4.01625 -12.3749 35732.6 -0.69983 -1.08943 -0.664358 0.953916 0.00331773 -1.08872 -0.622028 1 0 0.213549 0.284298 0.0674168 0.213549 0.284298 0.0674168 0 0 0 -0.00307704 0.00218991 -0.00663886 0.3 0.3
55 2 69.5502 0.576932 -2.40791 37455.1 4.3697 -0.629269 -1.10721 1.00758 -0.0215317 -0.622028 -1.08872 1 0 0.22462 0.243744 -0.00976491 0.22462 0.243744 -0.00976491 0 0 0 -0.0347153 0.00869866 0.0429227 0.3 0.3
55 0 69.6003 14.3264 13.5237 37796 0.75599 0.81316 0.972208 0.981202 -0.000937592 0.844324 0.844324 1 0 -0.169695 -0.439185 0.0244103 -0.159874 -0.425011 0.0244103 0 0 0 0.051348 -0.0416951 0.00080534 0.3 0.3
55 1 69.6003 -3.75227 -12.3384 35680.9 -0.392699 -1.0785 -0.655004 0.953297 0.0028663 -1.07767 -0.610979 1 0 0.220116 0.293549 0.068458 0.220116 0.293549 0.068458 0 0 0 -0.00681244 -0.00100071 -0.00572924 0.3 0.3
55 2 69.6003 0.514119 -2.5171 37238.4 3.87963 -0.617296 -1.09433 1.00737 -0.0207968 -0.610979 -1.07767 1 0 0.228801 0.246381 -0.00932387 0.228801 0.246381 -0.00932387 0 0 0 -0.0360304 0.00375664 0.0415358 0.3 0.3
55 0 69.6503 16.9996 11.6457 37561.2 -1.12616 0.798295 0.959643 0.981862 0.000910132 0.832926 0.832926 1 0 -0.168472 -0.442763 0.0220476 -0.156658 -0.425586 0.0220476 0 0 0 0.0573902 -0.0481794 -0.0032047 0.3 0.3
55 1 69.6503 -3.50893 -12.1787 35466.1 0.254564 -1.06778 -0.644758 0.952849 0.0014905 -1.06627 -0.599581 1 0 0.231026 0.305268 0.0682691 0.231026 0.305268 0.0682691 0 0 0 -0.00750927 0.00158956 -0.002987 0.3 0.3
55 2 69.6503 0.559945 -2.29789 37588.8 2.88918 -0.605111 -1.08093 1.00684 -0.0187337 -0.599581 -1.06627 1 0 0.238347 0.253861 -0.00686372 0.238347 0.253861 -0.00686372 0 0 0 -0.0350314 0.00699164 0.0373531 0.3 0.3
55 0 69.7002 15.435 12.6503 38065.7 -0.000997469 0.782749 0.946133 0.982315 0.000598989 0.821159 0.821159 1 0 -0.16933 -0.447081 0.0224945 -0.154548 -0.425441 0.0224945 0 0 0 0.0504478 -0.0373131 -0.00214006 0.3 0.3
55 1 69.7002 -3.24457 -12.012 35512.9 -1.66705 -1.05737 -0.633612 0.95249 0.00376444 -1.0545 -0.587814 1 0 0.239625 0.31261 0.0683105 0.239625 0.31261 0.0683105 0 0 0 -0.0104667 0.0031824 -0.00754566 0.3 0.3
55 2 69.7002 0.436583 -2.34543 37205.5 1.90439 -0.592476 -1.0672 1.00636 -0.0157051 -0.587814 -1.0545 1 0 0.242843 0.256492 -0.00654398 0.242843 0.256492 -0.00654398 0 0 0 -0.0334506 0.00959409 0.0312557 0.3 0.3
55 0 69.7502 15.6421 12.4177 38009.2 0.324235 0.767235 0.932136 0.982667 -6.09279e-05 0.809027 0.809027 1 0 -0.17079 -0.451121 0.0225069 -0.152973 -0.424855 0.0225069 0 0 0 0.0366545 -0.0254976 -0.000345492 0.3 0.3
55 1 69.7502 -3.08658 -11.8936 35425.9 0.0918675 -1.04702 -0.621612 0.952295 0.00236022 -1.04237 -0.575682 1 0 0.249664 0.319846 0.0677601 0.249664 0.319846 0.0677601 0 0 0 -0.0068783 0.000636319 -0.00472265 0.3 0.3
55 2 69.7502 0.370621 -2.35014 37158.9 1.75193 -0.579409 -1.0532 1.00597 -0.0133911 -0.575682 -1.04237 1 0 0.247985 0.260047 -0.00636701 0.247985 0.260047 -0.00636701 0 0 0 -0.0359144 0.00638299 0.0266728 0.3 0.3
55 0 69.8003 14.7939 13.079 37603.5 -1.05737 0.751571 0.917499 0.983317 0.00152788 0.796525 0.796525 1 0 -0.175222 -0.45711 0.0203248 -0.1526 -0.423546 0.0203248 0 0 0 0.0477081 -0.0297099 -0.00376585 0.3 0.3
55 1 69.8003 -2.68798 -11.6655 35383.2 1.1722 -1.0369 -0.608626 0.952278 -0.000406583 -1.02987 -0.56318 1 0 0.259663 0.324964 0.0668923 0.259663 0.324964 0.0668923 0 0 0 -0.0132327 0.00354998 0.000789697 0.3 0.3
55 2 69.8003 0.357295 -2.12772 37385.3 1.26476 -0.565979 -1.03861 1.00543 -0.0110815 -0.56318 -1.02987 1 0 0.251774 0.261878 -0.00493926 0.251774 0.261878 -0.00493926 0 0 0 -0.0321594 0.0131343 0.0219556 0.3 0.3
55 0 69.8503 17.3999 10.6803 37581.7 -0.0756076 0.735889 0.902469 0.984109 0.00113318 0.783695 0.783695 1 0 -0.174705 -0.457891 0.0181145 -0.151089 -0.422567 0.0181145 0 0 0 0.0440379 -0.0226358 -0.00276557 0.3 0.3
55 1 69.8503 -2.61939 -11.4999 35273.3 -1.63045 -1.02676 -0.594826 0.952506 0.0023884 -1.01704 -0.55035 1 0 0.273742 0.332821 0.0653437 0.273742 0.332821 0.0653437 0 0 0 -0.017325 0.0112038 -0.00487411 0.3 0.3
55 2 69.8503 0.0832207 -2.12686 36855 0.197555 -0.551922 -1.02375 1.00526 -0.00770841 -0.55035 -1.01704 1 0 0.260746 0.269477 -0.00652437 0.260746 0.269477 -0.00652437 0 0 0 -0.0332772 0.00347642 0.0153613 0.3 0.3
55 0 69.9002 15.3993 12.1447 37805.6 -0.506769 0.720338 0.886742 0.984912 0.00138608 0.770524 0.770524 1 0 -0.177525 -0.460412 0.0171065 -0.151137 -0.420655 0.0171065 0 0 0 0.0467085 -0.0325075 -0.00353269 0.3 0.3
55 1 69.9002 -2.2579 -11.2327 35649.7 0.212228 -1.01682 -0.580082 0.952614 0.00124816 -1.00387 -0.537178 1 0 0.284921 0.335843 0.0658027 0.284662 0.335624 0.0658027 0 0 0 -0.0108233 0.00859407 -0.0025429 0.3 0.3
55 2 69.9002 0.204563 -2.0678 37388 -1.39181 -0.537633 -1.00852 1.00491 -0.00289325 -0.537178 -1.00387 1 0 0.263821 0.27096 -0.00508684 0.263821 0.27096 -0.00508684 0 0 0 -0.0294273 0.0124287 0.00560436 0.3 0.3
55 0 69.9502 15.9447 11.7076 38013.3 -1.67761 0.704715 0.870668 0.985526 0.00367197 0.757006 0.757006 1 0 -0.18071 -0.462829 0.0171941 -0.151479 -0.418449 0.0171941 0 0 0 0.0440985 -0.0272184 -0.00794671 0.3 0.3
55 1 69.9502 -2.54049 -10.7362 35469.1 0.743393 -1.00663 -0.564452 0.952805 -0.000435079 -0.990351 -0.523661 1 0 0.297304 0.33898 0.0651155 0.287511 0.330768 0.0651155 0 0 0 -0.0118504 0.0146559 0.000783354 0.3 0.3
55 2 69.9502 -0.0651198 -1.99433 37079.6 -1.53142 -0.522726 -0.992938 1.0047 0.000666735 -0.523661 -0.990351 1 0 0.267909 0.273894 -0.00552828 0.267909 0.273894 -0.00552828 0 0 0 -0.0276547 0.0026938 -0.00137085 0.3 0.3
55 0 70.0002 15.0346 12.5507 38053.9 0.608837 0.68884 0.854048 0.985953 0.00324017 0.743164 0.743164 1 0 -0.186651 -0.467525 0.0175116 -0.152784 -0.415734 0.0175116 0 0 0 0.040638 -0.033696 -0.00716743 0.3 0.3
55 1 70.0002 -2.44324 -10.4317 35443.4 0.480648 -0.996279 -0.547977 0.953084 -0.00111931 -0.976509 -0.509819 1 0 0.308599 0.339859 0.0642979 0.290901 0.325135 0.0642979 0 0 0 -0.0124973 0.0171731 0.00213143 0.3 0.3
55 2 70.0002 -0.0621865 -2.02369 37110.8 -2.76515 -0.50747 -0.977145 1.00456 0.00508646 -0.509819 -0.976509 1 0 0.270009 0.275081 -0.00573584 0.270009 0.275081 -0.00573584 0 0 0 -0.0260628 0.00149442 -0.0101933 0.3 0.3
55 0 70.0502 17.4034 9.87333 37791.6 -1.7464 0.673307 0.837198 0.98646 0.00364476 0.728979 0.728979 1 0 -0.188168 -0.466782 0.016436 -0.153338 -0.413025 0.016436 0 0 0 0.0444128 -0.0312817 -0.00798705 0.3 0.3
55 1 70.0502 -2.32234 -10.0549 35490.4 0.569901 -0.986004 -0.530835 0.953391 -0.0016757 -0.962325 -0.495634 1 0 0.324209 0.343796 0.063707 0.294424 0.319239 0.063707 0 0 0 -0.00590735 0.0123506 0.003315 0.3 0.3
55 2 70.0502 -0.0357809 -2.13626 37214.8 -2.63039 -0.491998 -0.961339 1.00441 0.00774253 -0.495634 -0.962325 1 0 0.278522 0.283027 -0.00540971 0.278522 0.283027 -0.00540971 0 0 0 -0.0242052 0.00357667 -0.0155297 0.3 0.3
55 0 70.1002 14.6776 12.8543 37977.1 0.701931 0.65756 0.819915 0.987034 0.0013178 0.714484 0.714484 1 0 -0.194935 -0.471474 0.0164917 -0.155271 -0.40976 0.0164917 0 0 0 0.0412535 -0.0168989 -0.00298488 0.3 0.3
55 1 70.1002 -2.60205 -9.53756 35205.1 0.502607 -0.975076 -0.512606 0.953982 -0.00205064 -0.947829 -0.481139 1 0 0.335639 0.342813 0.0614741 0.298479 0.312483 0.0614741 0 0 0 -0.0141975 0.030539 0.00388506 0.3 0.3
55 2 70.1002 -0.237078 -2.09489 37261.2 -3.08799 -0.476042 -0.945367 1.00421 0.0103279 -0.481139 -0.947829 1 0 0.280978 0.285456 -0.0048649 0.280978 0.285456 -0.0048649 0 0 0 -0.0200954 -0.00166327 -0.0206405 0.3 0.3
55 0 70.1502 16.1631 10.6495 37458.6 -1.42906 0.642207 0.802456 0.987792 0.00320905 0.699679 0.699679 1 0 -0.200322 -0.473142 0.0136429 -0.157561 -0.40601 0.0136429 0 0 0 0.0387059 -0.0171854 -0.00675219 0.3 0.3
55 1 70.1502 -2.09914 -9.57582 35624.5 0.0183687 -0.964525 -0.494159 0.954426 -0.00136095 -0.933024 -0.466333 1 0 0.349144 0.342896 0.0615809 0.302686 0.305404 0.0615809 0 0 0 -0.00687307 0.0204431 0.0026518 0.3 0.3
55 2 70.1502 -0.136787 -2.26811 37266.3 -3.21048 -0.459942 -0.929474 1.00396 0.0122526 -0.466333 -0.933024 1 0 0.284768 0.289598 -0.00429894 0.284768 0.289598 -0.00429894 0 0 0 -0.0167608 -0.00546696 -0.024461 0.3 0.3
55 0 70.2003 15.836 11.0944 37486.6 2.81446 0.62687 0.784423 0.988604 -0.00269621 0.684547 0.684547 1 0 -0.205906 -0.474555 0.0110508 -0.160137 -0.402003 0.0110508 0 0 0 0.0438495 -0.021928 0.00491318 0.3 0.3
55 1 70.2003 -2.1419 -9.23518 35390.8 -0.529458 -0.953862 -0.475153 0.954984 1.52036e-05 -0.917892 -0.451202 1 0 0.361517 0.341086 0.0602481 0.307158 0.297771 0.0602481 0 0 0 0.00210691 0.0189789 -1.04146e-05 0.3 0.3
55 2 70.2003 -0.286106 -2.39853 37207.8 -2.82275 -0.44343 -0.913664 1.00372 0.0128695 -0.451202 -0.917892 1 0 0.286511 0.292535 -0.00405055 0.286511 0.292535 -0.00405055 0 0 0 -0.017182 -0.00190719 -0.0257242 0.3 0.3
55 0 70.2502 15.5718 10.9492 37847.5 0.447402 0.611875 0.766459 0.989615 -0.00105878 0.669152 0.669152 1 0 -0.212619 -0.476026 0.0104071 -0.163528 -0.397432 0.0104071 0 0 0 0.0334082 -0.0162713 0.0018461 0.3 0.3
55 1 70.2502 -2.40456 -8.79787 35571.4 -0.361164 -0.942781 -0.45566 0.955458 0.000633606 -0.902497 -0.435807 1 0 0.376727 0.341995 0.0599777 0.311175 0.290465 0.0599777 0 0 0 0.00562373 0.021275 -0.00120746 0.3 0.3
55 2 70.2502 -0.284093 -2.46397 37462.8 -3.07051 -0.426726 -0.897911 1.00328 0.01369 -0.435807 -0.902497 1 0 0.292878 0.300518 -0.00238295 0.292878 0.300518 -0.00238295 0 0 0 -0.0157662 -0.000278261 -0.0273796 0.3 0.3
55 0 70.3002 15.3021 10.7854 37806.6 0.207334 0.597139 0.74805 0.990578 0.000544732 0.653431 0.653431 1 0 -0.220309 -0.477157 0.00945878 -0.167824 -0.392263 0.00945878 0 0 0 0.0559429 -0.020007 -0.00164974 0.3 0.3
55 1 70.3002 -1.68032 -9.96627 35437.8 1.73219 -0.931411 -0.435808 0.955954 -0.00438728 -0.886776 -0.420086 1 0 0.391059 0.343554 0.0589088 0.314423 0.284116 0.0589088 0 0 0 0.0141782 0.0125762 0.00886413 0.3 0.3
55 2 70.3002 0.802456 -3.87345 37196 -3.73118 -0.409701 -0.882337 1.00288 0.0149416 -0.420086 -0.886776 1 0 0.298998 0.308972 -0.00223646 0.298998 0.308972 -0.00223646 0 0 0 -0.012495 -0.00381595 -0.0298612 0.3 0.3
55 0 70.3503 15.4841 10.924 37818.2 1.44747 0.582504 0.729443 0.991082 -0.00283614 0.637423 0.637423 1 0 -0.228192 -0.478913 0.00864118 -0.172053 -0.387087 0.00864118 0 0 0 0.0398227 -0.0203772 0.0052679 0.3 0.3
55 1 70.3503 -3.29588 -6.67967 35464.1 0.229367 -0.919533 -0.415692 0.956559 -0.00201204 -0.870768 -0.404078 1 0 0.402232 0.339077 0.0580121 0.318836 0.275497 0.0580121 0 0 0 0.00382946 0.0272598 0.00407667 0.3 0.3
55 2 70.3503 -2.024 -1.15618 37041.4 -2.56651 -0.392435 -0.866934 1.00273 0.0145521 -0.404078 -0.870768 1 0 0.299654 0.312928 -0.00288298 0.297863 0.309997 -0.00288298 0 0 0 -0.0209603 -0.00861077 -0.0290168 0.3 0.3
55 0 70.4002 15.0634 10.3954 37954.4 -0.542208 0.56814 0.710429 0.99169 -0.00300608 0.621171 0.621171 1 0 -0.237291 -0.48007 0.00863061 -0.177492 -0.381152 0.00863061 0 0 0 0.0441379 -0.0182892 0.00561019 0.3 0.3
55 1 70.4002 -1.78659 -9.03479 35527.5 1.45572 -0.907855 -0.395736 0.957086 -0.00369628 -0.854516 -0.387825 1 0 0.414695 0.337465 0.0574457 0.32223 0.268168 0.0574457 0 0 0 0.0140727 0.0263486 0.00757881 0.3 0.3
55 2 70.4002 -0.070616 -3.08034 37188.6 -2.76073 -0.37503 -0.851528 1.00256 0.0142817 -0.387825 -0.854516 1 0 0.301299 0.317971 -0.00272106 0.296053 0.309283 -0.00272106 0 0 0 -0.0281516 -0.00157301 -0.028545 0.3 0.3
55 0 70.4503 15.2823 10.3129 37840.6 0.219608 0.55394 0.691563 0.99238 -0.00169443 0.604597 0.604597 1 0 -0.24653 -0.481303 0.00801944 -0.183078 -0.375073 0.00801944 0 0 0 0.0430106 -0.0265909 0.00281798 0.3 0.3
55 1 70.4503 -2.27843 -8.4321 35392.5 0.803574 -0.895832 -0.375891 0.957704 -0.00373657 -0.837943 -0.371252 1 0 0.430169 0.339642 0.056115 0.324602 0.261914 0.056115 0 0 0 0.0210644 0.0243395 0.00773049 0.3 0.3
55 2 70.4503 -0.734624 -2.46427 37138.3 -2.93312 -0.357349 -0.836101 1.00245 0.0144377 -0.371252 -0.837943 1 0 0.309258 0.329762 -0.00291364 0.295959 0.307467 -0.00291364 0 0 0 -0.0130325 -0.0110762 -0.0288054 0.3 0.3
55 0 70.5002 14.9349 10.2641 37475.3 0.146839 0.539819 0.672467 0.99309 -0.0013561 0.587799 0.587799 1 0 -0.256574 -0.482737 0.0054647 -0.189276 -0.368628 0.0054647 0 0 0 0.0305311 -0.0225553 0.00236834 0.3 0.3
55 1 70.5002 -2.03523 -8.48072 35430.9 1.17933 -0.883894 -0.356365 0.95836 -0.00442387 -0.821144 -0.354453 1 0 0.442389 0.338963 0.0550141 0.326894 0.255503 0.0550141 0 0 0 0.0201739 0.0233562 0.00908443 0.3 0.3
55 2 70.5002 -0.645915 -2.67909 36911.8 -2.51022 -0.339652 -0.820837 1.0026 0.0138381 -0.354453 -0.821144 1 0 0.310615 0.335255 -0.00437794 0.293838 0.306768 -0.00437794 0 0 0 -0.00882273 -0.0245248 -0.0275712 0.3 0.3
55 0 70.5502 15.0764 10.244 38056.3 0.861253 0.525756 0.653344 0.993791 -0.0023861 0.570727 0.570727 1 0 -0.266619 -0.484624 0.00622549 -0.195414 -0.362225 0.00622549 0 0 0 0.0283118 -0.0227815 0.00445046 0.3 0.3
55 1 70.5502 -2.40953 -8.45238 35053.7 1.70636 -0.871333 -0.337094 0.959378 -0.00569866 -0.804072 -0.337382 1 0 0.455003 0.340171 0.0517839 0.328137 0.250231 0.0517839 0 0 0 0.022074 0.0313434 0.0117454 0.3 0.3
55 2 70.5502 -0.621028 -2.8711 37197.1 -3.01919 -0.322065 -0.806014 1.0027 0.0142973 -0.337382 -0.804072 1 0 0.314571 0.34391 -0.00424897 0.292335 0.305635 -0.00424897 0 0 0 -0.0114202 -0.0267777 -0.0284457 0.3 0.3
55 0 70.6003 14.5518 10.0519 37775 0.137387 0.512015 0.634286 0.994229 -0.00194284 0.553368 0.553368 1 0 -0.277909 -0.486666 0.00531521 -0.202533 -0.355286 0.00531521 0 0 0 0.0288209 -0.0323807 0.00341989 0.3 0.3
55 1 70.6003 -2.07259 -8.70218 35480.1 -0.215017 -0.85893 -0.318388 0.960308 -0.00335199 -0.786714 -0.320023 1 0 0.466453 0.340904 0.050959 0.328957 0.245357 0.050959 0 0 0 0.0230441 0.0321052 0.00707528 0.3 0.3
55 2 70.6003 -0.376565 -2.96686 37257.9 -3.54275 -0.304805 -0.791376 1.00271 0.0154663 -0.320023 -0.786714 1 0 0.316345 0.350142 -0.00387048 0.290313 0.304705 -0.00387048 0 0 0 -0.0123229 -0.0224378 -0.030798 0.3 0.3
55 0 70.6502 15.0975 10.1269 38241.4 1.01631 0.497974 0.615333 0.994616 -0.00298026 0.53584 0.53584 1 0 -0.288322 -0.489438 0.00712929 -0.208886 -0.348804 0.00712929 0 0 0 0.0219616 -0.0278801 0.00565529 0.3 0.3
55 1 70.6502 -2.80578 -8.55065 35431 0.246735 -0.845822 -0.300175 0.961209 -0.00261708 -0.769185 -0.302495 1 0 0.483436 0.349211 0.0497547 0.32774 0.243138 0.0497547 0 0 0 0.0308775 0.0206405 0.00555377 0.3 0.3
55 2 70.6502 -0.694828 -2.64519 37045.9 -2.71396 -0.287666 -0.777018 1.00284 0.0148646 -0.302495 -0.769185 1 0 0.329586 0.36811 -0.00465908 0.292048 0.301583 -0.00465908 0 0 0 -0.0159684 -0.0172921 -0.0295942 0.3 0.3
55 0 70.7003 14.5972 9.7691 37252.9 0.0541529 0.484195 0.596491 0.994791 -0.0022369 0.51803 0.51803 1 0 -0.299451 -0.491962 0.00341372 -0.216025 -0.341888 0.00341372 0 0 0 0.0293261 -0.0358287 0.00394955 0.3 0.3
55 1 70.7003 -2.41812 -8.78954 35360.4 0.0560452 -0.832732 -0.28238 0.962167 -0.00169848 -0.751375 -0.284684 1 0 0.493897 0.351674 0.0481834 0.3269 0.240225 0.0481834 0 0 0 0.0281689 0.0348265 0.00388841 0.3 0.3
55 2 70.7003 -0.403241 -3.00447 37036.3 -2.94674 -0.270721 -0.762877 1.00308 0.0148882 -0.284684 -0.751375 1 0 0.332078 0.375369 -0.0054629 0.290396 0.300313 -0.0054629 0 0 0 -0.0228163 -0.0200737 -0.0295519 0.3 0.3
55 0 70.7502 14.1474 9.74415 38909.1 -1.63188 0.46962 0.578095 0.994608 0.00114324 0.500011 0.500011 1 0 -0.312039 -0.495146 0.00914893 -0.224165 -0.334479 0.00914893 0 0 0 0.0223048 -0.0466234 -0.00280732 0.3 0.3
55 1 70.7502 -2.89198 -8.99612 35532.4 0.515893 -0.819009 -0.265227 0.963005 -0.00195214 -0.733356 -0.266666 1 0 0.505323 0.357266 0.0476029 0.324701 0.239062 0.0476029 0 0 0 0.0367447 0.0221496 0.00431219 0.3 0.3
55 2 70.7502 -0.509474 -2.79007 37117.7 -3.09386 -0.253792 -0.748676 1.00331 0.0150982 -0.266666 -0.733356 1 0 0.337691 0.38562 -0.00583182 0.290069 0.298279 -0.00583182 0 0 0 -0.0171337 -0.0216942 -0.0300145 0.3 0.3
55 0 70.8003 15.2319 10.233 37404.1 1.39231 0.455615 0.559592 0.994896 -0.00152816 0.481763 0.481763 1 0 -0.322214 -0.499901 0.0062042 -0.230216 -0.328296 0.0062042 0 0 0 0.0176018 -0.0319197 0.00277587 0.3 0.3
55 1 70.8003 -3.16243 -9.20775 35297.8 -1.11984 -0.804717 -0.248704 0.963959 0.000668241 -0.715108 -0.248417 1 0 0.51597 0.364122 0.0457014 0.321457 0.239375 0.0457014 0 0 0 0.0376583 0.0246535 -0.000872538 0.3 0.3
55 2 70.8003 -0.410321 -2.86896 36968.1 -3.55041 -0.237012 -0.73459 1.00369 0.0160326 -0.248417 -0.715108 1 0 0.343421 0.39593 -0.00706341 0.289952 0.296022 -0.00706341 0 0 0 -0.0185791 -0.0235084 -0.0318519 0.3 0.3
55 0 70.8502 14.3429 9.78694 37876 0.901721 0.44114 0.541565 0.994989 -0.00283995 0.463311 0.463311 1 0 -0.33376 -0.504941 0.00631518 -0.237407 -0.321538 0.00631518 0 0 0 0.01683 -0.0305021 0.00542406 0.3 0.3
55 1 70.8502 -2.30919 -10.488 35496.7 0.484538 -0.790221 -0.232887 0.96488 0.000843041 -0.696656 -0.229966 1 0 0.531315 0.377446 0.0449899 0.316808 0.24227 0.0449899 0 0 0 0.0400809 0.0217567 -0.00125043 0.3 0.3
55 2 70.8502 0.702604 -3.62776 37285.7 -2.75961 -0.22041 -0.720661 1.004 0.0153557 -0.229966 -0.696656 1 0 0.357334 0.413808 -0.00649607 0.293403 0.29212 -0.00649607 0 0 0 -0.0216686 -0.0254882 -0.0304408 0.3 0.3
55 0 70.9002 14.5832 9.88245 37891.1 0.0724066 0.426699 0.523948 0.995253 -0.00182517 0.444648 0.444648 1 0 -0.344651 -0.510421 0.00634486 -0.244277 -0.315041 0.00634486 0 0 0 0.0164872 -0.0213815 0.00347441 0.3 0.3
55 1 70.9002 -4.98354 -8.10236 35016.2 -0.0338925 -0.774992 -0.217493 0.966016 -1.02688e-05 -0.677994 -0.211303 1 0 0.537085 0.382711 0.0415666 0.312177 0.243943 0.0415666 0 0 0 0.0310159 0.0354023 0.000569662 0.3 0.3
55 2 70.9002 -1.65889 -1.50987 37017.8 -3.00683 -0.204152 -0.706678 1.00422 0.0152807 -0.211303 -0.677994 1 0 0.359429 0.420351 -0.00747371 0.292601 0.289985 -0.00747371 0 0 0 -0.0182318 -0.0274809 -0.0303162 0.3 0.3
55 0 70.9502 14.2069 10.0535 37603.7 2.58072 0.412355 0.506533 0.995631 -0.00551254 0.425793 0.425793 1 0 -0.356126 -0.516938 0.00477997 -0.251514 -0.308463 0.00477997 0 0 0 0.0121429 -0.0178884 0.0109172 0.3 0.3
55 1 70.9502 -3.47039 -10.3292 35985 -1.1584 -0.759406 -0.202776 0.96663 0.00194381 -0.659138 -0.192448 1 0 0.547183 0.394286 0.043642 0.306118 0.248361 0.043642 0 0 0 0.0359016 0.0228553 -0.00347817 0.3 0.3
55 2 70.9502 0.318285 -3.07259 37024.1 -1.68543 -0.188065 -0.692821 1.00459 0.0130683 -0.192448 -0.659138 1 0 0.369621 0.434333 -0.00832261 0.295453 0.286179 -0.00832261 0 0 0 -0.0186889 -0.03265 -0.0258368 0.3 0.3
55 0 71.0002 14.1225 9.96178 37915.6 2.59646 0.397673 0.489463 0.99553 -0.00798408 0.406748 0.406748 1 0 -0.367573 -0.523765 0.00499743 -0.259028 -0.301871 0.00499743 0 0 0 0.0100978 -0.0179862 0.0158784 0.3 0.3
55 1 71.0002 -3.93722 -10.3116 35387.6 0.539457 -0.743445 -0.188716 0.967337 0.000420217 -0.640093 -0.173403 1 0 0.554154 0.404489 0.0422141 0.299677 0.25325 0.0422141 0 0 0 0.0420869 0.0160524 -0.000502792 0.3 0.3
55 2 71.0002 0.215753 -2.91665 37285.5 -1.51674 -0.172303 -0.679124 1.0048 0.0112018 -0.173403 -0.640093 1 0 0.374917 0.443139 -0.00771534 0.296879 0.283142 -0.00771534 0 0 0 -0.0148953 -0.021486 -0.022246 0.3 0.3
55 0 71.0503 13.7555 10.1327 38247 3.60514 0.383411 0.472593 0.995562 -0.0113478 0.387517 0.387517 1 0 -0.379704 -0.531569 0.00697596 -0.267156 -0.295135 0.00697596 0 0 0 0.00785481 -0.017105 0.0226299 0.3 0.3
55 1 71.0503 -4.29684 -10.4578 35399.1 -0.417604 -0.72733 -0.175206 0.968058 0.00100092 -0.620862 -0.154171 1 0 0.567327 0.422091 0.041092 0.291446 0.261193 0.041092 0 0 0 0.035422 0.0160067 -0.00171868 0.3 0.3
55 2 71.0503 0.118245 -2.42439 37257.9 -1.66898 -0.156692 -0.665422 1.00489 0.0102404 -0.154171 -0.620862 1 0 0.392576 0.464043 -0.00730455 0.303983 0.277375 -0.00730455 0 0 0 -0.022429 -0.0060395 -0.0204148 0.3 0.3
55 0 71.1003 14.8771 9.19305 38173.4 5.41263 0.36901 0.456031 0.995165 -0.0165986 0.368127 0.368127 1 0 -0.388948 -0.536882 0.0085316 -0.271058 -0.290275 0.0085316 0 0 0 0.0081199 -0.0188728 0.0331239 0.3 0.3
55 1 71.1003 -4.45705 -10.7903 35226.6 -0.240982 -0.710891 -0.162199 0.96895 0.00105877 -0.601472 -0.134782 1 0 0.573796 0.434394 0.0390073 0.283646 0.268287 0.0390073 0 0 0 0.0395386 0.00854636 -0.001949 0.3 0.3
55 2 71.1003 0.0704937 -2.71692 37184.2 -0.885974 -0.140828 -0.651873 1.00495 0.00827926 -0.134782 -0.601472 1 0 0.398159 0.473561 -0.0072343 0.306342 0.274038 -0.0072343 0 0 0 -0.0204218 0.000279326 -0.0165624 0.3 0.3
55 0 71.1503 12.4522 11.7996 38027.3 3.03724 0.354938 0.439837 0.994785 -0.0161505 0.348571 0.348571 1 0 -0.403673 -0.548235 0.00936886 -0.268503 -0.288937 0.00936886 0 0 0 0.0107889 -0.0181721 0.0322061 0.3 0.3
55 1 71.1503 -4.80559 -11.0564 35137.5 2.16417 -0.693899 -0.149552 0.970048 -0.00285125 -0.581916 -0.115226 1 0 0.580755 0.44874 0.0364523 0.274929 0.276882 0.0364523 0 0 0 0.0329733 0.0134124 0.00592456 0.3 0.3
55 2 71.1503 0.0413611 -2.5381 37071.5 -1.17756 -0.124704 -0.638267 1.00508 0.00746547 -0.115226 -0.581916 1 0 0.406167 0.485852 -0.00774136 0.310188 0.270116 -0.00774136 0 0 0 -0.0148545 0.00442452 -0.0149644 0.3 0.3
55 0 71.2002 14.1562 10.0895 37723.5 6.67694 0.340741 0.423462 0.994544 -0.0218821 0.328877 0.328877 1 0 -0.416256 -0.557218 0.00857836 -0.265593 -0.287365 0.00857836 0 0 0 0.002389 -0.0145466 0.0437514 0.3 0.3
55 1 71.2002 -4.54846 -11.4017 35414.5 0.84389 -0.677159 -0.13733 0.971071 -0.00337508 -0.562222 -0.0955315 1 0 0.585991 0.461656 0.0354231 0.266217 0.285482 0.0354231 0 0 0 0.0383811 0.000905239 0.00676879 0.3 0.3
55 2 71.2002 -0.0879677 -2.72719 36717.1 -0.730134 -0.108088 -0.624879 1.00557 0.00618215 -0.0955315 -0.562222 1 0 0.410522 0.495693 -0.0102179 0.312602 0.266979 -0.0102179 0 0 0 -0.0173069 0.00241077 -0.0123857 0.3 0.3
55 0 71.2502 14.8832 9.30149 37799.7 3.86654 0.326692 0.407213 0.994465 -0.0211767 0.309032 0.309032 1 0 -0.426741 -0.563628 0.00824553 -0.262007 -0.285694 0.00824553 0 0 0 0.0214071 -0.0281585 0.0420617 0.3 0.3
55 1 71.2502 -5.1274 -11.6358 35370.3 1.6899 -0.6603 -0.125441 0.972061 -0.00507232 -0.542377 -0.0756869 1 0 0.600454 0.484566 0.0341125 0.255227 0.298257 0.0341125 0 0 0 0.0364152 -0.0017414 0.0101147 0.3 0.3
55 2 71.2502 -0.0934616 -2.19963 37129 -1.11951 -0.0913027 -0.611449 1.00596 0.00599031 -0.0756869 -0.542377 1 0 0.428175 0.519051 -0.0103276 0.322273 0.260965 -0.0103276 0 0 0 -0.0117283 0.0021401 -0.0119935 0.3 0.3
55 0 71.3002 12.5226 11.8448 37485.2 4.66763 0.31288 0.391104 0.994784 -0.0218041 0.289048 0.289048 1 0 -0.441989 -0.575532 0.00608529 -0.258826 -0.284346 0.00608529 0 0 0 0.00166662 -0.0148495 0.0436006 0.3 0.3
55 1 71.3002 -5.15071 -11.9342 35611 0.669616 -0.643273 -0.113769 0.972833 -0.00451094 -0.522393 -0.0557024 1 0 0.604922 0.498139 0.0341802 0.245676 0.308447 0.0341802 0 0 0 0.0326479 -0.00300574 0.00897405 0.3 0.3
55 2 71.3002 -0.0581886 -2.53267 37003.5 -0.123402 -0.0741274 -0.598108 1.00641 0.00421365 -0.0557024 -0.522393 1 0 0.430683 0.528076 -0.0112584 0.325059 0.258095 -0.0112584 0 0 0 -0.0103245 -0.00476063 -0.00840288 0.3 0.3
55 0 71.3502 14.4135 9.78421 37694.7 1.38706 0.298771 0.374883 0.995158 -0.016919 0.26893 0.26893 1 0 -0.455131 -0.5848 0.00508989 -0.255138 -0.28272 0.00508989 0 0 0 0.014384 -0.02198 0.0336844 0.3 0.3
55 1 71.3502 -5.18573 -12.1598 35410.5 0.860576 -0.626507 -0.102234 0.973598 -0.00450903 -0.502275 -0.035585 1 0 0.61291 0.51502 0.0331384 0.235285 0.320299 0.0331384 0 0 0 0.0316175 -0.0106344 0.00885121 0.3 0.3
55 2 71.3502 0.140945 -2.51186 37062.2 -0.853014 -0.0569371 -0.584988 1.00686 0.00424834 -0.035585 -0.502275 1 0 0.437849 0.542162 -0.0118082 0.331151 0.25424 -0.0118082 0 0 0 -0.00913227 -0.0112958 -0.00844534 0.3 0.3
55 0 71.4003 14.079 9.91354 37332.3 2.86281 0.285039 0.358531 0.99593 -0.0149433 0.248697 0.248697 1 0 -0.468544 -0.593578 0.00196292 -0.251279 -0.28098 0.00196292 0 0 0 0.020307 -0.0268076 0.0296197 0.3 0.3
55 1 71.4003 -5.51511 -12.486 35346.9 -1.69297 -0.609687 -0.0909337 0.974404 -0.000128051 -0.482043 -0.0153521 1 0 0.61842 0.529913 0.0318398 0.224979 0.332269 0.0318398 0 0 0 0.0277868 -0.00449749 0.000193638 0.3 0.3
55 2 71.4003 0.334318 -2.63882 37248.5 0.34383 -0.0397529 -0.572094 1.00713 0.00223856 -0.0153521 -0.482043 1 0 0.441304 0.55291 -0.0113053 0.335983 0.251135 -0.0113053 0 0 0 -0.0162616 -0.00410861 -0.00444387 0.3 0.3
55 0 71.4502 14.2615 9.95536 37417.5 0.61141 0.271394 0.342286 0.997008 -0.00790389 0.228365 0.228365 1 0 -0.482154 -0.602775 -0.000662873 -0.247111 -0.279248 -0.000662873 0 0 0 0.00491839 -0.0155409 0.0157702 0.3 0.3
55 1 71.4502 -4.72235 -13.4177 35279.5 0.388411 -0.593197 -0.0796488 0.975304 -0.000773892 -0.46171 0.00498058 1 0 0.635904 0.555524 0.0302293 0.213151 0.348644 0.0302293 0 0 0 0.029245 -0.0092167 0.00141318 0.3 0.3
55 2 71.4502 0.304481 -2.1971 37187 -0.935726 -0.0224571 -0.559276 1.00731 0.00305517 0.00498058 -0.46171 1 0 0.45814 0.577357 -0.0111488 0.349958 0.245446 -0.0111488 0 0 0 -0.0184344 -0.00530551 -0.00606173 0.3 0.3
55 0 71.5002 15.3034 8.47886 37228.1 -1.52876 0.257865 0.325584 0.998241 -0.00530291 0.207928 0.207928 1 0 -0.493453 -0.608575 -0.00442796 -0.242421 -0.277123 -0.00442796 0 0 0 0.00981835 -0.0207449 0.0105047 0.3 0.3
55 1 71.5002 -7.11388 -11.8913 35141.3 2.05826 -0.576928 -0.0683099 0.97633 -0.00394422 -0.441273 0.0254171 1 0 0.639342 0.568064 0.0278568 0.202417 0.361903 0.0278568 0 0 0 0.0196654 -0.00885365 0.00780186 0.3 0.3
55 2 71.5002 0.359404 -2.29506 37315.7 0.584601 -0.00478481 -0.546289 1.0073 0.00104233 0.0254171 -0.441273 1 0 0.460465 0.587648 -0.0101984 0.356562 0.242738 -0.0101984 0 0 0 -0.0178214 0.00100421 -0.00209368 0.3 0.3
55 0 71.5503 13.1333 11.0327 37712.6 -4.74194 0.244864 0.309153 0.999123 0.00425079 0.187383 0.187383 1 0 -0.510192 -0.620508 -0.0054994 -0.238434 -0.275399 -0.0054994 0 0 0 0.0116902 -0.0528437 -0.00881367 0.3 0.3
55 1 71.5503 -5.34845 -13.5929 35396.6 0.426395 -0.560952 -0.0569736 0.977301 -0.00336941 -0.420729 0.0459618 1 0 0.648697 0.585307 0.0269284 0.191491 0.377573 0.0269284 0 0 0 0.0181508 -0.0129874 0.00662137 0.3 0.3
55 2 71.5503 0.534664 -2.51454 37035.1 -1.03439 0.0130661 -0.533693 1.00739 0.00239604 0.0459618 -0.420729 1 0 0.465943 0.60206 -0.0107843 0.366328 0.239849 -0.0107843 0 0 0 -0.0213015 0.00519783 -0.00484773 0.3 0.3
55 0 71.6002 14.8454 8.55547 38109.3 -3.15381 0.233251 0.294374 1.00029 0.00814924 0.166779 0.166779 1 0 -0.525012 -0.628921 -0.00445642 -0.23397 -0.273273 -0.00445642 0 0 0 0.00459415 -0.0438001 -0.0164032 0.3 0.3
55 1 71.6002 -4.75871 -14.2974 35602.6 -0.839969 -0.546955 -0.0466915 0.978034 -0.000906433 -0.400124 0.0665661 1 0 0.659635 0.602561 0.0271053 0.18141 0.393506 0.0271053 0 0 0 0.0218546 -0.0203906 0.00159024 0.3 0.3
55 2 71.6002 1.72601 -3.15121 37165.3 -0.397879 0.0295519 -0.522238 1.00742 0.00225106 0.0665661 -0.400124 1 0 0.47168 0.616349 -0.0105497 0.37719 0.237547 -0.0105497 0 0 0 -0.0166058 0.00647535 -0.00455606 0.3 0.3
55 0 71.6502 14.8534 8.96112 36490.5 -3.9835 0.21902 0.276303 1.00227 0.0120937 0.146099 0.146099 1 0 -0.539781 -0.637651 -0.0123777 -0.22926 -0.271252 -0.0123777 0 0 0 0.00379493 -0.0135651 -0.0242144 0.3 0.3
55 1 71.6502 -6.52805 -13.4026 35196.3 0.107042 -0.530243 -0.0337797 0.979032 -0.000730359 -0.379444 0.0872463 1 0 0.674587 0.623354 0.025058 0.16981 0.41409 0.025058 0 0 0 0.0093367 -0.00917038 0.00141794 0.3 0.3
55 2 71.6502 -1.24862 -0.934849 36830.2 0.0710106 0.050226 -0.508236 1.0077 0.00140099 0.0872463 -0.379444 1 0 0.47974 0.635751 -0.0121899 0.393638 0.235555 -0.0121899 0 0 0 -0.0160871 0.00161497 -0.00281507 0.3 0.3
55 0 71.7002 15.2133 7.92729 37351.7 -4.74831 0.206962 0.260076 1.00406 0.0159999 0.12535 0.12535 1 0 -0.553593 -0.643886 -0.0151461 -0.224217 -0.268895 -0.0151461 0 0 0 -0.0112728 -0.00842236 -0.0319545 0.3 0.3
55 1 71.7002 -6.93852 -13.2373 35140.3 -0.335038 -0.515625 -0.0217837 0.979964 5.33314e-05 -0.358695 0.107995 1 0 0.68193 0.635773 0.0228255 0.160454 0.432361 0.0228255 0 0 0 0.00854822 -0.0150329 -0.000170921 0.3 0.3
55 2 71.7002 1.33033 -2.76001 37047 0.109616 0.0693061 -0.49563 1.00798 0.00074561 0.107995 -0.358695 1 0 0.481185 0.648201 -0.0125782 0.406058 0.235772 -0.0125782 0 0 0 -0.0211456 0.00193797 -0.00151179 0.3 0.3
55 0 71.7503 13.5843 10.4265 37621.6 -5.16678 0.194908 0.244052 1.006 0.0192778 0.104532 0.104532 1 0 -0.571868 -0.655806 -0.0166869 -0.219987 -0.267104 -0.0166869 0 0 0 -0.00410555 -0.0137926 -0.0385307 0.3 0.3
55 1 71.7503 -5.61499 -14.6148 35435.2 -0.584338 -0.501343 -0.0093631 0.980873 0.00097095 -0.337877 0.128813 1 0 0.693655 0.650663 0.0222358 0.151632 0.453382 0.0222358 0 0 0 0.0115404 -0.0210829 -0.0020637 0.3 0.3
55 2 71.7503 1.05105 -2.49215 37105.6 -0.340222 0.0887417 -0.483078 1.00822 0.00106853 0.128813 -0.337877 1 0 0.483772 0.662491 -0.012711 0.421711 0.237438 -0.012711 0 0 0 -0.0106599 0.00108631 -0.00214288 0.3 0.3
55 0 71.8002 15.0226 8.27244 37543.6 -6.05968 0.1834 0.228272 1.0078 0.0224754 0.0836894 0.0836894 1 0 -0.588378 -0.664953 -0.0186259 -0.215432 -0.265238 -0.0186259 0 0 0 -0.0113717 -0.0105585 -0.0448959 0.3 0.3
55 1 71.8002 -5.07414 -15.5345 35291.5 -0.859366 -0.487547 0.00334986 0.981872 0.000672978 -0.317035 0.149656 1 0 0.706902 0.665619 0.0207985 0.144371 0.475547 0.0207985 0 0 0 0.00795616 -0.0195327 -0.00142374 0.3 0.3
55 2 71.8002 2.58283 -3.3558 36891.6 -0.138745 0.108478 -0.470561 1.00867 0.000645637 0.149656 -0.317035 1 0 0.486922 0.67654 -0.0140395 0.438346 0.24041 -0.0140395 0 0 0 -0.022338 0.00602261 -0.00135863 0.3 0.3
55 0 71.8502 14.7975 8.95536 37077.7 -4.98433 0.172042 0.212576 1.00945 0.0222267 0.0628063 0.0628063 1 0 -0.605297 -0.675067 -0.0230088 -0.210863 -0.263883 -0.0230088 0 0 0 -0.00216832 -0.0229173 -0.0444351 0.3 0.3
55 1 71.8502 -6.45869 -14.6396 35388.7 -0.50007 -0.474356 0.0165751 0.982758 0.00225569 -0.296152 0.170539 1 0 0.724849 0.68377 0.0199975 0.137346 0.503573 0.0199975 0 0 0 -0.00151331 -0.0158145 -0.00449956 0.3 0.3
55 2 71.8502 -0.394245 -1.48548 37196.2 0.872389 0.128492 -0.458122 1.00886 -0.000920997 0.170539 -0.296152 1 0 0.492116 0.695986 -0.013609 0.462984 0.247343 -0.013609 0 0 0 -0.0259097 0.0168189 0.00162431 0.3 0.3
55 0 71.9002 14.6995 8.85978 37195.6 -7.63951 0.161166 0.197391 1.01158 0.0234319 0.0418913 0.0418913 1 0 -0.622727 -0.685378 -0.0265612 -0.206613 -0.263045 -0.0265612 0 0 0 -0.0120948 -0.0213185 -0.0467428 0.3 0.3
55 1 71.9002 -5.90444 -15.3024 35448.6 -0.256713 -0.461516 0.0303088 0.983476 0.00255584 -0.275237 0.191454 1 0 0.737429 0.69477 0.0195455 0.133824 0.530492 0.0195455 0 0 0 -0.00424365 -0.0128792 -0.00508448 0.3 0.3
55 2 71.9002 2.07845 -3.1947 37064.3 -1.1931 0.149254 -0.445508 1.0091 0.00134967 0.191454 -0.275237 1 0 0.490438 0.70816 -0.0139586 0.482094 0.257835 -0.0139586 0 0 0 -0.0189854 0.0202381 -0.00289173 0.3 0.3
55 0 71.9503 15.4741 7.85322 37357.4 -3.55221 0.150158 0.182353 1.01354 0.0249197 0.0209429 0.0209429 1 0 -0.638287 -0.693019 -0.0292004 -0.202333 -0.263149 -0.0292004 0 0 0 -0.0043901 -0.0242697 -0.049795 0.3 0.3
55 1 71.9503 -6.55102 -14.848 35374 -0.752157 -0.449236 0.0447145 0.984107 0.00255344 -0.254288 0.212402 1 0 0.750078 0.703736 0.0187222 0.133665 0.562189 0.0187222 0 0 0 -0.0032893 -0.0177314 -0.00507793 0.3 0.3
55 2 71.9503 1.92408 -3.25873 37014.5 -0.841023 0.170506 -0.432865 1.00938 0.00234811 0.212402 -0.254288 1 0 0.490073 0.722429 -0.014514 0.504933 0.273158 -0.014514 0 0 0 -0.00920424 0.00779733 -0.0047322 0.3 0.3
55 0 72.0002 13.6929 10.6415 37574.6 -4.89591 0.139668 0.167704 1.01556 0.0271693 1.518e-05 1.518e-05 1 0 -0.657946 -0.706288 -0.0305704 -0.199454 -0.264494 -0.0305704 0 0 0 -0.00781102 -0.00802745 -0.0543148 0.3 0.3
55 1 72.0002 -4.42372 -17.546 35558.6 -0.493004 -0.437276 0.0597906 0.984673 0.00253612 -0.23336 0.23333 1 0 0.766349 0.715257 0.0189965 0.136263 0.594666 0.0189965 0 0 0 -0.00515264 -0.0170637 -0.00502848 0.3 0.3
55 2 72.0002 2.22277 -3.8534 37047.9 0.0481001 0.192083 -0.420428 1.00965 0.00145277 0.23333 -0.23336 1 0 0.486631 0.734526 -0.0148554 0.525908 0.293807 -0.0148554 0 0 0 -0.0126804 0.0127526 -0.00298651 0.3 0.3
55 0 72.0503 15.0223 8.88747 37473.1 -5.28348 0.12921 0.153299 1.01744 0.0265153 -0.02094 -0.02094 1 0 -0.6758 -0.717403 -0.0324071 -0.197205 -0.267839 -0.0324071 0 0 0 -0.00694719 -0.00921235 -0.0530056 0.3 0.3
55 1 72.0503 -5.53784 -16.411 35370.6 -1.2388 -0.425805 0.0755739 0.985155 0.00377957 -0.212405 0.254285 1 0 0.784811 0.726628 0.0182402 0.144162 0.633762 0.0182402 0 0 0 -0.00996601 -0.017361 -0.00747303 0.3 0.3
55 2 72.0503 2.41213 -4.35709 37006.8 0.039044 0.214226 -0.408056 1.00995 0.0007606 0.254285 -0.212405 1 0 0.489233 0.753739 -0.0154112 0.554546 0.322475 -0.0154112 0 0 0 -0.0290555 0.0237773 -0.00186694 0.3 0.3
55 0 72.1002 14.6199 9.42036 37365.5 -3.08892 0.119875 0.140224 1.01874 0.0219886 -0.0418591 -0.0418591 1 0 -0.693634 -0.728227 -0.034657 -0.196715 -0.274091 -0.034657 0 0 0 0.00443168 -0.0272784 -0.0440455 0.3 0.3
55 1 72.1002 -4.81099 -17.1289 35408.1 -0.454399 -0.415887 0.0904499 0.985604 0.00328457 -0.191486 0.275204 1 0 0.800309 0.732909 0.0177829 0.159619 0.673387 0.0177829 0 0 0 -0.0217721 -0.00667828 -0.00649687 0.3 0.3
55 2 72.1002 4.02763 -5.78832 37057.1 0.407532 0.23475 -0.396842 1.01022 -0.000348178 0.275204 -0.191486 1 0 0.487543 0.767877 -0.0156625 0.575817 0.355178 -0.0156625 0 0 0 -0.0348605 0.0334523 0.000113364 0.3 0.3
55 0 72.1503 14.4778 9.8623 37135 -6.12467 0.108781 0.124542 1.02074 0.0228572 -0.0627827 -0.0627827 1 0 -0.711539 -0.739311 -0.0380413 -0.198937 -0.284681 -0.0380413 0 0 0 -0.00553562 -0.0145101 -0.0456797 0.3 0.3
55 1 72.1503 -4.029 -17.7847 35354.9 -1.16807 -0.404234 0.109605 0.986159 0.00417204 -0.170563 0.296128 1 0 0.81501 0.736229 0.0170403 0.183663 0.713753 0.0170403 0 0 0 -0.0149738 -0.0149945 -0.00823231 0.3 0.3
55 2 72.1503 0.0623093 -4.6569 36812.9 -0.0323078 0.260921 -0.382657 1.01068 -0.000319532 0.296128 -0.170563 1 0 0.475882 0.776591 -0.0172738 0.588047 0.402658 -0.0172738 0 0 0 -0.0427198 0.0314574 -3.27959e-05 0.3 0.3
55 0 72.2003 14.39 10.0879 37581.9 -2.76149 0.0986677 0.110473 1.02246 0.0226648 -0.0836692 -0.0836692 1 0 -0.729451 -0.750151 -0.038793 -0.205505 -0.302182 -0.038793 0 0 0 0.0077425 -0.0243507 -0.0454314 0.3 0.3
55 1 72.2003 -3.4513 -18.2563 35349.3 -0.555117 -0.393537 0.128021 0.98664 0.00365497 -0.149676 0.317014 1 0 0.835272 0.743304 0.016306 0.218897 0.761284 0.016306 0 0 0 -0.0263822 0.00223735 -0.00734012 0.3 0.3
55 2 72.2003 2.73135 -6.95523 37127.2 1.025 0.285597 -0.369206 1.01101 -0.0022126 0.317014 -0.149676 1 0 0.47152 0.791311 -0.0170664 0.601314 0.458246 -0.0170664 0 0 0 -0.0513968 0.0402041 0.00339401 0.3 0.3
55 0 72.2503 14.0377 11.1619 36992.7 -4.35996 0.0884473 0.0963661 1.02423 0.0213989 -0.104525 -0.104525 1 0 -0.746708 -0.761108 -0.042808 -0.219266 -0.330824 -0.042808 0 0 0 0.000342851 -0.0240258 -0.0428083 0.3 0.3
55 1 72.2503 -2.68293 -17.3921 35241.6 0.32419 -0.383162 0.147597 0.98718 0.00184875 -0.128821 0.33787 1 0 0.849332 0.740415 0.0149827 0.272124 0.803117 0.0149827 0 0 0 -0.034479 0.00654292 -0.00381089 0.3 0.3
55 2 72.2503 1.66487 -7.62353 36697.6 1.70331 0.311266 -0.355031 1.01162 -0.00421992 0.33787 -0.128821 1 0 0.462279 0.801611 -0.0193067 0.600453 0.521692 -0.0193067 0 0 0 -0.0573556 0.0174653 0.00794264 0.3 0.3
55 0 72.3003 13.2958 12.0691 37305.2 -4.23198 0.0782296 0.0822597 1.02598 0.0186062 -0.125323 -0.125323 1 0 -0.763891 -0.771364 -0.0448384 -0.246189 -0.378637 -0.0448384 0 0 0 0.00191439 -0.022199 -0.037238 0.3 0.3
55 1 72.3003 -0.116289 -20.7299 35443.4 -0.939413 -0.372723 0.168402 0.98771 0.00199999 -0.108022 0.358669 1 0 0.867496 0.742816 0.0148103 0.330472 0.840759 0.0148103 0 0 0 -0.0374957 0.015533 -0.00429206 0.3 0.3
55 2 72.3003 1.04015 -8.48002 36980.8 2.79427 0.337654 -0.339843 1.01218 -0.00776916 0.358669 -0.108022 1 0 0.451103 0.809474 -0.0198615 0.585246 0.591214 -0.0198615 0 0 0 -0.0817066 0.0229229 0.0146154 0.3 0.3
55 0 72.3502 12.1141 14.4365 37378.3 -3.90497 0.0681551 0.0681621 1.02758 0.0185072 -0.146068 -0.146068 1 0 -0.78091 -0.781869 -0.046452 -0.298787 -0.464183 -0.046452 0 0 0 0.0109063 -0.024544 -0.0371537 0.3 0.3
55 1 72.3502 -0.269803 -16.7576 35394.9 0.861594 -0.361756 0.190503 0.988126 0.000106171 -0.0872772 0.379413 1 0 0.882958 0.737491 0.0143401 0.41843 0.869683 0.0143401 0 0 0 -0.0455681 0.0314895 -0.000930064 0.3 0.3
55 2 72.3502 0.0847173 -9.13457 37528.7 2.56516 0.364651 -0.323121 1.01224 -0.00972875 0.379413 -0.0872772 1 0 0.442413 0.818253 -0.0174476 0.557474 0.666408 -0.0174476 0 0 0 -0.0908444 0.0264763 0.0182761 0.3 0.3
55 0 72.4002 9.29891 18.9532 37544.5 -3.81301 0.0577123 0.0534903 1.02885 0.0180924 -0.166735 -0.166735 1 0 -0.796752 -0.790832 -0.0470224 -0.415158 -0.64277 -0.0470224 0 0 0 0.0269643 -0.0377546 -0.0367057 0.3 0.3
55 1 72.4002 3.12529 -20.371 35554.3 0.732875 -0.350107 0.21419 0.988507 -0.00162125 -0.0666098 0.400081 1 0 0.898303 0.734222 0.0148014 0.507283 0.883723 0.0148014 0 0 0 -0.0564351 0.0504169 0.0018215 0.3 0.3
55 2 72.4002 -1.13794 -9.87347 37233.9 4.17049 0.392172 -0.304878 1.01217 -0.0133137 0.400081 -0.0666098 1 0 0.427483 0.819095 -0.016683 0.504683 0.736376 -0.016683 0 0 0 -0.0986666 0.011737 0.0260815 0.3 0.3
55 0 72.4502 4.16044 24.5748 37224.4 -3.70819 0.047726 0.0399463 1.03014 0.0190491 -0.187366 -0.187366 1 0 -0.81208 -0.798854 -0.0492528 -0.627131 -0.892929 -0.0492528 0 0 0 0.0590249 -0.0383338 -0.0392558 0.3 0.3
55 1 72.4502 3.5163 -16.8554 35106.3 0.670643 -0.338848 0.236578 0.988949 -0.00235109 -0.0459793 0.420711 1 0 0.910407 0.725558 0.0127763 0.617722 0.874432 0.0127763 0 0 0 -0.0437802 0.0572788 0.00345086 0.3 0.3
55 2 72.4502 -0.320747 -11.3432 36984 4.34912 0.417128 -0.286708 1.01219 -0.0158172 0.420711 -0.0459793 1 0 0.418432 0.82158 -0.0171278 0.444631 0.798413 -0.0171278 0 0 0 -0.109628 -0.00375569 0.0318894 0.3 0.3
55 0 72.5002 3.94766 17.4489 38028.8 -2.72873 0.0360483 0.0233155 1.03086 0.0156665 -0.2079 -0.2079 1 0 -0.825361 -0.803715 -0.0467954 -0.751856 -0.852595 -0.0467954 0 0 0 0.103877 -0.0741911 -0.0352567 0.3 0.3
55 1 72.5002 5.64117 -15.3434 35551.5 2.58458 -0.324906 0.263345 0.989284 -0.00687693 -0.0254456 0.441245 1 0 0.917845 0.711192 0.0133419 0.737552 0.831084 0.0133419 0 0 0 -0.0634905 0.0888161 0.0109522 0.3 0.3
55 2 72.5002 -3.2176 -8.39728 36920.9 4.38109 0.444938 -0.264473 1.01231 -0.017679 0.441245 -0.0254456 1 0 0.401542 0.814167 -0.017843 0.401542 0.814167 -0.017843 0 0 0 -0.125261 -0.00733801 0.0358897 0.3 0.3
55 0 72.5502 5.01126 14.2479 37279.4 -5.19258 0.0213463 0.00250523 1.03169 0.0158319 -0.228336 -0.228336 1 0 -0.833575 -0.801545 -0.0485175 -0.833575 -0.801545 -0.0485175 0 0 0 0.153309 -0.116853 -0.0407975 0.3 0.3
55 1 72.5502 6.02491 -10.7115 34826.4 2.72127 -0.307065 0.294313 0.990093 -0.00909123 -0.00500956 0.461681 1 0 0.924652 0.695683 0.00979627 0.871907 0.742549 0.00979627 0 0 0 -0.0349428 0.107081 0.0163387 0.3 0.3
55 2 72.5502 -4.05192 -5.47608 37102.8 6.6716 0.475062 -0.237086 1.01236 -0.0223098 0.461681 -0.00500956 1 0 0.389858 0.807136 -0.0175417 0.389858 0.807136 -0.0175417 0 0 0 -0.139804 -0.0191546 0.0460758 0.3 0.3
55 0 72.6002 4.85344 17.8445 37236.3 -1.38933 0.00553341 -0.018953 1.03261 0.0110681 -0.248671 -0.248671 1 0 -0.842057 -0.801563 -0.0501428 -0.842057 -0.801563 -0.0501428 0 0 0 0.117461 -0.132915 -0.0300505 0.3 0.3
55 1 72.6002 4.56681 -13.5066 35436.2 1.75291 -0.287957 0.323877 0.990734 -0.00919884 0.0153261 0.482017 1 0 0.922428 0.675684 0.00976771 0.886226 0.700132 0.00976771 0 0 0 -0.0246454 0.138338 0.0167359 0.3 0.3
55 2 72.6002 -1.00244 -6.77341 37375.6 6.38455 0.501782 -0.20946 1.01211 -0.0247589 0.482017 0.0153261 1 0 0.373074 0.788811 -0.0157535 0.373074 0.788811 -0.0157535 0 0 0 -0.12658 -0.0374842 0.0520068 0.3 0.3
55 0 72.6503 7.28949 13.9746 37845.5 -2.2034 -0.0130006 -0.0433815 1.03305 0.00468377 -0.268917 -0.268917 1 0 -0.843546 -0.79282 -0.0483129 -0.843546 -0.79282 -0.0483129 0 0 0 0.136932 -0.159418 -0.0203742 0.3 0.3
55 1 72.6503 4.24591 -15.2872 35469.4 2.5363 -0.265861 0.354106 0.991207 -0.00962885 0.0355714 0.502262 1 0 0.921245 0.662001 0.00976138 0.878275 0.69091 0.00976138 0 0 0 0.00395124 0.152028 0.0196147 0.3 0.3
55 2 72.6503 -1.55491 -5.0901 37222.8 5.93944 0.527467 -0.17934 1.01178 -0.0259134 0.502262 0.0355714 1 0 0.361498 0.769695 -0.0148234 0.361498 0.769695 -0.0148234 0 0 0 -0.123995 -0.0407541 0.0544733 0.3 0.3
55 0 72.7003 8.11489 13.6167 37384.8 2.0505 -0.0344367 -0.0701617 1.03334 0.00422346 -0.28904 -0.28904 1 0 -0.838966 -0.779297 -0.0490726 -0.838966 -0.779297 -0.0490726 0 0 0 0.140409 -0.159922 -0.0197645 0.3 0.3
55 1 72.7003 -1.14344 -9.74665 36107.5 2.89527 -0.24031 0.384748 0.991062 -0.0116005 0.055695 0.522385 1 0 0.903996 0.634771 0.0133816 0.859095 0.664906 0.0133816 0 0 0 -0.00674514 0.156808 0.0227432 0.3 0.3
55 2 72.7003 -1.43811 -4.05545 37389.1 5.61305 0.552016 -0.147011 1.01121 -0.0263637 0.522385 0.055695 1 0 0.349326 0.744297 -0.0128599 0.349326 0.744297 -0.0128599 0 0 0 -0.117656 -0.0372689 0.0550294 0.3 0.3
55 0 72.7502 9.10773 12.7605 37330.2 1.10288 -0.0590512 -0.0991973 1.03361 -0.00183333 -0.309007 -0.309007 1 0 -0.828733 -0.761511 -0.0499043 -0.828733 -0.761511 -0.0499043 0 0 0 0.107622 -0.150835 -0.00445738 0.3 0.3
55 1 72.7502 0.154274 -13.1298 34956.1 2.51617 -0.211002 0.415469 0.991364 -0.0110794 0.0756619 0.542352 1 0 0.8889 0.617274 0.0105692 0.845537 0.646388 0.0105692 0 0 0 0.0165286 0.158702 0.0235443 0.3 0.3
55 2 72.7502 -1.50004 -2.76555 37361.4 5.20408 0.575617 -0.112668 1.01049 -0.0261126 0.542352 0.0756619 1 0 0.346592 0.723303 -0.0110845 0.346592 0.723303 -0.0110845 0 0 0 -0.0977087 -0.0355716 0.0540412 0.3 0.3
55 0 72.8002 10.0109 11.939 38279.1 2.39718 -0.0870622 -0.130542 1.03368 -0.00606131 -0.328855 -0.328855 1 0 -0.813269 -0.739765 -0.0453952 -0.813269 -0.739765 -0.0453952 0 0 0 0.0992777 -0.143685 0.00501848 0.3 0.3
55 1 72.8002 -1.32837 -12.278 35903.9 2.21619 -0.178623 0.445901 0.991171 -0.0106794 0.0955098 0.5622 1 0 0.863558 0.595241 0.013325 0.826806 0.61997 0.013325 0 0 0 0.0263964 0.127062 0.0230835 0.3 0.3
55 2 72.8002 -1.43572 -2.24211 37009.6 4.17923 0.59845 -0.0769912 1.00995 -0.0237875 0.5622 0.0955098 1 0 0.33602 0.690895 -0.0111997 0.33602 0.690895 -0.0111997 0 0 0 -0.0918452 -0.0503706 0.0499601 0.3 0.3
55 0 72.8503 10.7733 11.3843 37167.1 2.59478 -0.117396 -0.163313 1.03376 -0.00843304 -0.34857 -0.34857 1 0 -0.793587 -0.715225 -0.0471502 -0.793587 -0.715225 -0.0471502 0 0 0 0.0814198 -0.120432 0.0119994 0.3 0.3
55 1 72.8503 -2.78588 -11.7893 34830.1 2.19159 -0.142959 0.476126 0.991558 -0.0106167 0.115225 0.581915 1 0 0.833119 0.574049 0.00988756 0.807124 0.591628 0.00988756 0 0 0 0.0218831 0.129097 0.0226939 0.3 0.3
55 2 72.8503 -1.16157 -1.20669 37377.6 3.02051 0.620197 -0.0399512 1.00921 -0.0206762 0.581915 0.115225 1 0 0.328944 0.657822 -0.00920196 0.328944 0.657822 -0.00920196 0 0 0 -0.079038 -0.0496826 0.0433652 0.3 0.3
55 0 72.9002 12.4182 10.2187 37769.7 1.35004 -0.150077 -0.197631 1.03341 -0.0116887 -0.368112 -0.368112 1 0 -0.768415 -0.687196 -0.045192 -0.768415 -0.687196 -0.045192 0 0 0 0.076227 -0.112249 0.019147 0.3 0.3
55 1 72.9002 -0.869996 -13.6755 35252.5 2.53453 -0.104761 0.505646 0.992016 -0.00890486 0.134767 0.601457 1 0 0.804324 0.558001 0.00903901 0.790232 0.567586 0.00903901 0 0 0 0.0314552 0.109258 0.019559 0.3 0.3
55 2 72.9002 0.404631 -3.16105 37159.2 1.48938 0.641081 -0.00215794 1.00842 -0.0160296 0.601457 0.134767 1 0 0.32584 0.628991 -0.00852899 0.32584 0.628991 -0.00852899 0 0 0 -0.0680154 -0.0517158 0.0338496 0.3 0.3
55 0 72.9503 16.2227 7.24276 37971 3.26637 -0.185065 -0.232923 1.03264 -0.0114321 -0.387509 -0.387509 1 0 -0.732353 -0.650994 -0.0422298 -0.732353 -0.650994 -0.0422298 0 0 0 0.0654557 -0.112754 0.019218 0.3 0.3
55 1 72.9503 -8.91094 -8.52244 34933.2 0.312775 -0.06436 0.534757 0.992767 -0.00766459 0.154164 0.620854 1 0 0.760697 0.535571 0.00624769 0.760697 0.535571 0.00624769 0 0 0 0.0280021 0.102071 0.0167812 0.3 0.3
55 2 72.9503 -3.07635 3.9243 37431.7 -0.00393248 0.661284 0.0361746 1.00765 -0.0106346 0.620854 0.154164 1 0 0.320836 0.590148 -0.00631089 0.320836 0.590148 -0.00631089 0 0 0 -0.0560978 -0.0463193 0.0225835 0.3 0.3
55 0 73.0002 10.7932 12.5174 37545.5 2.94276 -0.222002 -0.268941 1.03219 -0.0129456 -0.406727 -0.406727 1 0 -0.70527 -0.625187 -0.0415782 -0.70527 -0.625187 -0.0415782 0 0 0 0.040401 -0.0696109 0.024506 0.3 0.3
55 1 73.0002 -2.20894 -14.2742 35292.1 1.83342 -0.0219521 0.563109 0.993568 -0.00792129 0.173382 0.640072 1 0 0.723683 0.519874 0.00547183 0.723683 0.519874 0.00547183 0 0 0 0.0316317 0.0909169 0.0173002 0.3 0.3
55 2 73.0002 -0.328056 -0.202801 36961.5 -1.1011 0.680749 0.0747732 1.00703 -0.00516507 0.640072 0.173382 1 0 0.314394 0.551178 -0.00677538 0.314394 0.551178 -0.00677538 0 0 0 -0.0508698 -0.0399378 0.0113518 0.3 0.3
55 0 73.0502 16.1521 7.82331 37151.6 2.0951 -0.2603 -0.305044 1.03195 -0.0165603 -0.425764 -0.425764 1 0 -0.669795 -0.592753 -0.0429626 -0.669795 -0.592753 -0.0429626 0 0 0 0.0162021 -0.0410215 0.0327979 0.3 0.3
55 1 73.0502 -11.6044 -8.80413 35452.9 -0.928974 0.0213719 0.590577 0.994059 -0.00365522 0.192419 0.659109 1 0 0.673061 0.498785 0.00549003 0.673061 0.498785 0.00549003 0 0 0 0.0562976 0.0410593 0.00847114 0.3 0.3
55 2 73.0502 -0.715687 1.39606 37090.8 -2.07861 0.699603 0.113293 1.00651 -0.000221879 0.659109 0.192419 1 0 0.314493 0.517846 -0.00645011 0.314493 0.517846 -0.00645011 0 0 0 -0.0103649 -0.0492584 0.00069923 0.3 0.3
55 0 73.1003 16.3408 8.12477 37008.5 4.55448 -0.299036 -0.341352 1.03206 -0.0156602 -0.444633 -0.444633 1 0 -0.631584 -0.559321 -0.0451066 -0.631584 -0.559321 -0.0451066 0 0 0 0.0469027 -0.0616511 0.0298987 0.3 0.3
55 1 73.1003 -7.36311 -12.3168 34347.6 0.850601 0.0658806 0.617223 0.995459 -0.00389648 0.211287 0.677978 1 0 0.624604 0.480695 -0.00063365 0.624604 0.480695 -0.00063365 0 0 0 0.0188263 0.0726623 0.00848277 0.3 0.3
55 2 73.1003 -0.405881 1.66574 36893.8 -3.07622 0.71758 0.151339 1.00623 0.00488903 0.677978 0.211287 1 0 0.310025 0.47926 -0.00732974 0.310025 0.47926 -0.00732974 0 0 0 0.00198916 -0.024916 -0.00980364 0.3 0.3
55 0 73.1502 19.3782 5.57971 36499.3 3.66965 -0.338207 -0.377126 1.03269 -0.0161336 -0.463281 -0.463281 1 0 -0.586278 -0.520115 -0.0501454 -0.586278 -0.520115 -0.0501454 0 0 0 0.00908963 -0.0237179 0.0321635 0.3 0.3
55 1 73.1502 -9.41723 -11.5131 34793.3 0.404258 0.110953 0.643147 0.997085 -0.00315796 0.229936 0.696627 1 0 0.57599 0.464633 -0.00405758 0.57599 0.464633 -0.00405758 0 0 0 0.0303751 0.0450915 0.00700326 0.3 0.3
55 2 73.1502 -0.677591 1.88312 36830.6 -3.18706 0.735437 0.188379 1.00621 0.00850759 0.696627 0.229936 1 0 0.307511 0.444135 -0.00858581 0.307511 0.444135 -0.00858581 0 0 0 0.0122217 -0.0234214 -0.01716 0.3 0.3
55 0 73.2002 13.3061 10.9387 37102.7 2.47929 -0.37739 -0.412641 1.03381 -0.0149722 -0.481743 -0.481743 1 0 -0.553631 -0.493163 -0.0518514 -0.553631 -0.493163 -0.0518514 0 0 0 -0.0101867 -0.00467207 0.0299699 0.3 0.3
55 1 73.2002 -7.2317 -13.0741 35059.5 -0.297242 0.156367 0.668438 0.998868 -0.001906 0.248398 0.715088 1 0 0.532447 0.451865 -0.00621137 0.532447 0.451865 -0.00621137 0 0 0 0.0368704 0.0171337 0.0041287 0.3 0.3
55 2 73.2002 0.73896 -0.647799 37128.2 -3.62928 0.75283 0.224202 1.00619 0.0116492 0.715088 0.248398 1 0 0.30643 0.414764 -0.008257 0.30643 0.414764 -0.008257 0 0 0 0.0301427 -0.0179508 -0.0235731 0.3 0.3
55 0 73.2502 18.713 6.49194 36826.2 1.15626 -0.416088 -0.446958 1.03504 -0.0117794 -0.499986 -0.499986 1 0 -0.514702 -0.461376 -0.0553113 -0.514702 -0.461376 -0.0553113 0 0 0 -0.0118747 0.00717024 0.0235172 0.3 0.3
55 1 73.2502 -12.4744 -10.5619 34458.7 -1.99318 0.201632 0.693072 1.00113 0.00113438 0.266641 0.733331 1 0 0.484926 0.439277 -0.0117078 0.484926 0.439277 -0.0117078 0 0 0 0.0329169 0.00980335 -0.00210773 0.3 0.3
55 2 73.2502 -0.92976 3.16172 36917.8 -3.13694 0.769964 0.258526 1.00636 0.0130032 0.733331 0.266641 1 0 0.308481 0.387302 -0.00920124 0.308481 0.387302 -0.00920124 0 0 0 0.0374282 -0.00758544 -0.0261539 0.3 0.3
55 0 73.3002 18.2045 7.04434 36870.8 1.32127 -0.453991 -0.480357 1.03653 -0.0100922 -0.518012 -0.518012 1 0 -0.476142 -0.430521 -0.0584564 -0.476142 -0.430521 -0.0584564 0 0 0 -0.00533229 0.00091103 0.0201823 0.3 0.3
55 1 73.3002 -14.8289 -9.51649 34346.7 -1.63947 0.246024 0.716901 1.0034 0.00400937 0.284667 0.751358 1 0 0.426536 0.419419 -0.0177021 0.426536 0.419419 -0.0177021 0 0 0 0.0352094 -0.0126636 -0.00824314 0.3 0.3
55 2 73.3002 -1.62893 4.09175 36744.1 -4.4524 0.786848 0.29103 1.0066 0.0159799 0.751358 0.284667 1 0 0.300622 0.350138 -0.0110902 0.300622 0.350138 -0.0110902 0 0 0 0.0449128 -0.0137804 -0.0322795 0.3 0.3
55 0 73.3503 18.0635 7.19212 37597.5 -2.04467 -0.486964 -0.509051 1.03745 -0.00337147 -0.53582 -0.53582 1 0 -0.43944 -0.401891 -0.0575599 -0.43944 -0.401891 -0.0575599 0 0 0 -0.0221985 0.0124554 0.00660524 0.3 0.3
55 1 73.3503 -7.65154 -13.675 35575.3 -2.48334 0.284881 0.737584 1.00529 0.00623172 0.302475 0.769165 1 0 0.38489 0.408669 -0.0168555 0.38489 0.408669 -0.0168555 0 0 0 0.0521925 -0.0506073 -0.013793 0.3 0.3
55 2 73.3503 1.12945 -1.67507 37150.3 -4.842 0.801832 0.318594 1.00684 0.0185131 0.769165 0.302475 1 0 0.299356 0.327487 -0.0107257 0.299356 0.327487 -0.0107257 0 0 0 0.0624344 -0.0202385 -0.0376803 0.3 0.3
55 0 73.4002 18.544 6.80282 36481.9 1.8796 -0.526353 -0.543017 1.0391 -0.00563592 -0.55338 -0.55338 1 0 -0.404073 -0.374505 -0.0629183 -0.404073 -0.374505 -0.0629183 0 0 0 -0.0331538 0.0369009 0.0106635 0.3 0.3
55 1 73.4002 -16.0585 -9.0657 34378.7 -3.69111 0.330215 0.761881 1.00769 0.00997137 0.320035 0.786725 1 0 0.335314 0.394856 -0.0228071 0.335314 0.394856 -0.0228071 0 0 0 0.0459642 -0.0664987 -0.0214885 0.3 0.3
55 2 73.4002 -1.78211 3.94812 37025.8 -4.02532 0.819747 0.34983 1.00708 0.0190298 0.786725 0.320035 1 0 0.295876 0.301362 -0.0111586 0.295876 0.301362 -0.0111586 0 0 0 0.0610168 -0.0149705 -0.0385376 0.3 0.3
55 0 73.4503 18.369 7.43619 37291.5 1.95151 -0.560097 -0.572148 1.04057 -0.00546195 -0.570709 -0.570709 1 0 -0.370534 -0.349625 -0.063436 -0.370534 -0.349625 -0.063436 0 0 0 -0.0420131 0.0470407 0.0099409 0.3 0.3
55 1 73.4503 -10.768 -12.125 34809.5 -3.20644 0.369026 0.782889 1.01007 0.0119628 0.337364 0.804054 1 0 0.292831 0.382638 -0.0259616 0.292831 0.382638 -0.0259616 0 0 0 0.0374368 -0.0574875 -0.0250168 0.3 0.3
55 2 73.4503 0.0520764 0.0126634 36895.8 -3.61648 0.835778 0.376096 1.00745 0.0188093 0.804054 0.337364 1 0 0.292771 0.280857 -0.0122554 0.292771 0.280857 -0.0122554 0 0 0 0.0449014 -0.00512785 -0.0377456 0.3 0.3
55 0 73.5002 18.1827 7.23711 37181.1 -0.410723 -0.592264 -0.599476 1.04193 -0.00455252 -0.587777 -0.587777 1 0 -0.339809 -0.326679 -0.0647006 -0.339809 -0.326679 -0.0647006 0 0 0 -0.0471139 0.0597056 0.00770449 0.3 0.3
55 1 73.5002 -11.2603 -11.8044 35362.4 -2.42387 0.404849 0.802775 1.01195 0.0103131 0.354432 0.821122 1 0 0.255403 0.372304 -0.0260715 0.255403 0.372304 -0.0260715 0 0 0 0.0689236 -0.118255 -0.0247567 0.3 0.3
55 2 73.5002 -0.397942 0.264227 37194.9 -2.85149 0.851659 0.400157 1.00764 0.0171485 0.821122 0.354432 1 0 0.288339 0.262518 -0.0116496 0.288339 0.262518 -0.0116496 0 0 0 0.0608617 -0.0111425 -0.0346544 0.3 0.3
55 0 73.5502 20.6452 5.45358 37102.4 -2.17951 -0.622875 -0.625309 1.04293 0.000505119 -0.604587 -0.604587 1 0 -0.305806 -0.301669 -0.0662293 -0.305806 -0.301669 -0.0662293 0 0 0 -0.0383149 0.0570231 -0.00210368 0.3 0.3
55 1 73.5502 -11.1883 -11.8582 33674.7 -2.92069 0.437867 0.821698 1.01486 0.0119646 0.371241 0.837932 1 0 0.225288 0.366148 -0.0354541 0.225288 0.366148 -0.0354541 0 0 0 0.0493944 -0.0917942 -0.0262314 0.3 0.3
55 2 73.5502 -0.450195 0.184785 37026.1 -3.32716 0.867392 0.422409 1.00785 0.0171109 0.837932 0.371241 1 0 0.289653 0.252752 -0.0120267 0.289653 0.252752 -0.0120267 0 0 0 0.0479725 0.00149366 -0.0341976 0.3 0.3
55 0 73.6002 16.8909 8.25056 37395.6 -1.30447 -0.651026 -0.649458 1.04385 0.00213531 -0.621135 -0.621135 1 0 -0.280735 -0.2834 -0.0659852 -0.280735 -0.2834 -0.0659852 0 0 0 -0.0453991 0.0650947 -0.00575238 0.3 0.3
55 1 73.6002 -10.3372 -12.1849 34321 -2.39124 0.467584 0.839535 1.01799 0.0112666 0.38779 0.854481 1 0 0.19582 0.356877 -0.0408521 0.19582 0.356877 -0.0408521 0 0 0 0.0538533 -0.106966 -0.0254579 0.3 0.3
55 2 73.6002 -0.557792 -0.320386 37119.4 -1.95365 0.883052 0.442739 1.00798 0.0146461 0.854481 0.38779 1 0 0.28294 0.238099 -0.0118079 0.28294 0.238099 -0.0118079 0 0 0 0.0390957 -0.000356839 -0.0293059 0.3 0.3
55 0 73.6503 15.9889 9.28541 37574.5 -2.38124 -0.677627 -0.671921 1.04441 0.00458893 -0.63742 -0.63742 1 0 -0.262593 -0.271264 -0.0646713 -0.262593 -0.271264 -0.0646713 0 0 0 -0.0506115 0.0781448 -0.0111668 0.3 0.3
55 1 73.6503 -8.17472 -13.5609 34674.2 -3.37913 0.494364 0.856487 1.02133 0.0126756 0.404075 0.870765 1 0 0.177184 0.353458 -0.0444566 0.177184 0.353458 -0.0444566 0 0 0 0.0459974 -0.0961217 -0.0276007 0.3 0.3
55 2 73.6503 0.275765 -2.08152 36769.1 -1.61328 0.898799 0.461351 1.00826 0.0123377 0.870765 0.404075 1 0 0.281165 0.23234 -0.0135331 0.281165 0.23234 -0.0135331 0 0 0 0.0398817 -0.0117309 -0.0249153 0.3 0.3
55 0 73.7003 18.5953 7.07385 37033 -0.868053 -0.701928 -0.692893 1.04517 0.00367636 -0.653424 -0.653424 1 0 -0.241822 -0.256846 -0.0662306 -0.241822 -0.256846 -0.0662306 0 0 0 -0.03829 0.0574531 -0.00845749 0.3 0.3
55 1 73.7003 -11.7503 -10.7423 34239.3 -3.1683 0.518164 0.872639 1.02432 0.0139825 0.420079 0.886769 1 0 0.151618 0.342384 -0.0504758 0.151618 0.342384 -0.0504758 0 0 0 0.0346629 -0.0807268 -0.0293929 0.3 0.3
55 2 73.7003 -2.47915 0.682719 37005.1 -0.574019 0.914939 0.477978 1.00869 0.00911354 0.886769 0.420079 1 0 0.269257 0.218717 -0.0138722 0.269257 0.218717 -0.0138722 0 0 0 0.0151019 -0.0302308 -0.0184582 0.3 0.3
55 0 73.7503 17.3887 8.06392 37139.5 -0.667446 -0.724639 -0.71241 1.04567 0.00430794 -0.66913 -0.66913 1 0 -0.22404 -0.244604 -0.066951 -0.22404 -0.244604 -0.066951 0 0 0 -0.0292502 0.0524965 -0.00938779 0.3 0.3
55 1 73.7503 -8.51146 -13.003 35405.9 -1.57476 0.539764 0.888202 1.02675 0.0119422 0.435785 0.902476 1 0 0.140348 0.341378 -0.0497099 0.140348 0.341378 -0.0497099 0 0 0 0.0266592 -0.0733894 -0.0248818 0.3 0.3
55 2 73.7503 -0.255715 -1.65314 37103.8 -0.0522701 0.930414 0.493678 1.00893 0.00624289 0.902476 0.435785 1 0 0.271014 0.220091 -0.0137246 0.271014 0.220091 -0.0137246 0 0 0 0.00454523 -0.0281531 -0.0125511 0.3 0.3
55 0 73.8002 18.875 6.66738 37205.5 -1.43169 -0.746155 -0.730961 1.04615 0.0052252 -0.684535 -0.684535 1 0 -0.20423 -0.23006 -0.0672713 -0.20423 -0.23006 -0.0672713 0 0 0 -0.0210685 0.0545516 -0.0110297 0.3 0.3
55 1 73.8002 -8.46933 -12.5043 35300 -1.70364 0.559017 0.90349 1.02864 0.0107378 0.45119 0.917881 1 0 0.125933 0.333703 -0.0495483 0.125933 0.333703 -0.0495483 0 0 0 0.0218535 -0.0710682 -0.0222678 0.3 0.3
55 2 73.8002 -0.564237 -1.21361 37246 -0.781209 0.945395 0.508633 1.00897 0.00536566 0.917881 0.45119 1 0 0.262509 0.211631 -0.0127702 0.262509 0.211631 -0.0127702 0 0 0 0.0277684 -0.017207 -0.0109717 0.3 0.3
55 0 73.8502 16.3896 8.72025 37115.4 -2.44301 -0.765813 -0.748392 1.04669 0.00731161 -0.699654 -0.699654 1 0 -0.190518 -0.220133 -0.0680292 -0.190518 -0.220133 -0.0680292 0 0 0 -0.0301189 0.0576653 -0.0154998 0.3 0.3
55 1 73.8502 -8.11162 -12.4718 35122.1 -2.47742 0.576168 0.918494 1.03019 0.0112654 0.466309 0.932999 1 0 0.115969 0.327389 -0.0500013 0.115969 0.327389 -0.0500013 0 0 0 0.016667 -0.0671095 -0.0231042 0.3 0.3
55 2 73.8502 -1.35283 -2.21439 36497.2 0.0538675 0.961059 0.521576 1.0095 0.00355995 0.932999 0.466309 1 0 0.254798 0.208545 -0.0159615 0.254798 0.208545 -0.0159615 0 0 0 0.000365127 -0.0400121 -0.00712864 0.3 0.3
55 0 73.9002 15.5382 9.51937 37466.3 -1.88811 -0.783948 -0.764717 1.04682 0.00775284 -0.714465 -0.714465 1 0 -0.181714 -0.214113 -0.0667368 -0.181714 -0.214113 -0.0667368 0 0 0 -0.0334154 0.0665702 -0.0166293 0.3 0.3
55 1 73.9002 -7.67056 -12.3411 34846.3 -1.55872 0.591402 0.933427 1.03166 0.00997645 0.48112 0.947811 1 0 0.108187 0.320118 -0.0516799 0.108187 0.320118 -0.0516799 0 0 0 0.0188879 -0.0658382 -0.0205869 0.3 0.3
55 2 73.9002 -0.793995 -1.80121 37048.5 0.944982 0.975989 0.534112 1.00992 0.00084822 0.947811 0.48112 1 0 0.246841 0.204659 -0.0159189 0.246841 0.204659 -0.0159189 0 0 0 -0.00620952 -0.0424303 -0.00156508 0.3 0.3
55 0 73.9502 17.2648 8.05858 37501.4 -1.93681 -0.800811 -0.780119 1.04679 0.00852473 -0.728958 -0.728958 1 0 -0.171228 -0.206558 -0.0652286 -0.171228 -0.206558 -0.0652286 0 0 0 -0.0216943 0.0447138 -0.01754 0.3 0.3
55 1 73.9502 -7.17322 -12.1858 34928 -1.48721 0.604813 0.948391 1.03296 0.009101 0.495613 0.962303 1 0 0.106113 0.315405 -0.0526444 0.106113 0.315405 -0.0526444 0 0 0 0.0160108 -0.0601313 -0.0186926 0.3 0.3
55 2 73.9502 -0.802078 -2.29317 37034.7 0.457627 0.990454 0.545645 1.01026 -4.44211e-05 0.962303 0.495613 1 0 0.245008 0.20781 -0.016108 0.245008 0.20781 -0.016108 0 0 0 -0.0130976 -0.0575893 0.00046613 0.3 0.3
52 0 74.0002 -12.5416 36.7962 10000 -0.113042 -0.816212 -0.794484 1.04671 0.0058015 -1 -1 0.3 0 -1 -1 -2.32574 -1 -1 -2.32574 0 0 0 -0.0216774 0.0427461 -0.0120698 0.3 0.3
52 1 74.0002 14.58 -13.74 10000 -0.775428 0.61661 0.963198 1.03406 0.00731002 0.766655 1.23335 0.3 0 1 0.020656 -2.39671 0.694539 0.340708 -2.39671 0 0 0 0.0155963 -0.0540908 -0.0150479 0.3 0.3
52 2 74.0002 21.0073 -30.8445 10000 0.754811 1.00457 0.556703 1.01055 -0.00122257 1.23335 0.766655 0.3 0 0.840634 1 -2.51046 0.840634 1 -2.51046 0 0 0 -0.014276 -0.0529771 0.0028243 0.3 0.3
52 0 74.0503 27.164 -3.38181 15000 0.844242 -0.830686 -0.808284 1.0458 0.00267231 -1 -1 0.325017 0 -0.266356 -0.252626 -0.56 -0.266356 -0.252626 -0.56 0 0 0 0.00746138 0.031067 -0.00522941 0.3 0.3
52 1 74.0503 -13.8349 -11.1701 15000 0.984704 0.626765 0.977939 1.03444 0.00333198 0.766655 1.23335 0.325017 0 0.21094 0.291884 -0.56 0.21094 0.291884 -0.56 0 0 0 0.00454618 -0.0358533 -0.00674658 0.3 0.3
52 2 74.0503 -11.0573 12.6107 15000 2.39175 1.01811 0.567459 1.01029 -0.00459995 1.23335 0.766655 0.325017 0 0.276289 0.222849 -0.56 0.276289 0.222849 -0.56 0 0 0 -0.0390016 -0.0336261 0.00985886 0.3 0.3
52 0 74.1002 -22.1948 46.455 20000 7.15826 -0.845146 -0.822938 1.04075 -0.0106967 -1 -1 0.350002 0 -1.26563 -1.30356 -0.56 -1.26563 -1.30356 -0.56 0 0 0 0.126288 -0.0649482 0.0173399 0.3 0.3
52 1 74.1002 32.0183 -53.5086 20000 -0.841692 0.636906 0.993098 1.0307 0.00349358 0.766655 1.23335 0.350002 0 1.2222 1.41113 -0.56 1.2222 1.41113 -0.56 0 0 0 -0.0111787 0.0562378 -0.00730447 0.3 0.3
52 2 74.1002 39.53 -40.7167 20000 5.41071 1.0317 0.578965 1.00574 -0.013027 1.23335 0.766655 0.350002 0 1.34279 1.31907 -0.56 1.34279 1.31907 -0.56 0 0 0 -0.15576 0.0189945 0.0246529 0.3 0.3
52 0 74.1503 35.3151 -8.86205 25000 10.8392 -0.860049 -0.839188 1.02849 -0.0296956 -1 -1 0.375019 0 -0.250429 -0.286628 -0.56 -0.250429 -0.286628 -0.56 0 0 0 0.190298 -0.105172 0.0497053 0.3 0.3
52 1 74.1503 -25.302 7.73136 25000 1.39728 0.646805 1.00797 1.01747 0.000189711 0.766655 1.23335 0.375019 0 0.213745 0.393138 -0.56 0.213745 0.393138 -0.56 0 0 0 0.00682387 0.0456977 -0.000223578 0.3 0.3
52 2 74.1503 -20.1508 16.5274 25000 11.5569 1.04551 0.592535 0.993367 -0.0281447 1.23335 0.766655 0.375019 0 0.329323 0.306004 -0.56 0.329323 0.306004 -0.56 0 0 0 -0.222457 0.0157108 0.0548938 0.3 0.3
52 0 74.2002 16.3305 7.63067 30000 9.73149 -0.876498 -0.858337 1.0091 -0.042412 -1 -1 0.399978 0 -0.212793 -0.244498 -0.56 -0.212793 -0.244498 -0.56 0 0 0 0.229843 -0.167037 0.0663828 0.3 0.3
52 1 74.2002 -3.79311 -14.3639 30000 -0.675373 0.65582 1.02271 0.992118 -3.35901e-05 0.766655 1.23335 0.399978 0 0.189926 0.360548 -0.56 0.189926 0.360548 -0.56 0 0 0 0.0506639 -0.11279 -0.00279352 0.3 0.3
52 2 74.2002 0.605173 -1.40052 30000 14.0801 1.05993 0.60921 0.972354 -0.0441308 1.23335 0.766655 0.399978 0 0.297089 0.271264 -0.56 0.297089 0.271264 -0.56 0 0 0 -0.294088 0.0389894 0.0834952 0.3 0.3
52 0 74.2503 18.6657 5.49227 35000 11.7253 -0.894694 -0.879807 0.983977 -0.0456579 -1 -1 0.425015 0 -0.179021 -0.204329 -0.56 -0.179021 -0.204329 -0.56 0 0 0 0.133429 -0.133663 0.0828117 0.3 0.3
52 1 74.2503 -5.09664 -12.0828 35000 -4.53659 0.663726 1.03643 0.959503 0.00142425 0.766655 1.23335 0.425015 0 0.174979 0.334755 -0.56 0.174979 0.334755 -0.56 0 0 0 0.150422 -0.183639 -0.0167452 0.3 0.3
52 2 74.2503 -2.26407 3.70987 35000 16.1523 1.07464 0.629651 0.943078 -0.0565924 1.23335 0.766655 0.425015 0 0.269801 0.232908 -0.56 0.269801 0.232908 -0.56 0 0 0 -0.213364 0.0406893 0.109559 0.3 0.3
52 0 74.3003 16.2939 8.00352 36779.8 11.0992 -0.914352 -0.903261 0.954828 -0.046113 -1 -1 0.450034 0 -0.149284 -0.168638 -0.56 -0.149284 -0.168638 -0.56 0 0 0 -0.00873332 0.00669068 0.092231 0.3 0.3
52 1 74.3003 -3.04129 -13.8475 38403 3.08619 0.66962 1.04923 0.9217 -0.00118421 0.766655 1.23335 0.450034 0 0.16496 0.312988 -0.56 0.16496 0.312988 -0.56 0 0 0 0.0677445 -0.0933031 -0.000791533 0.3 0.3
52 2 74.3003 -1.13664 2.53985 40000 14.5117 1.08977 0.652835 0.90832 -0.0603186 1.23335 0.766655 0.450034 0 0.24408 0.193494 -0.56 0.24408 0.193494 -0.56 0 0 0 -0.0643627 -0.0224973 0.121505 0.3 0.3
52 0 74.3502 21.4484 2.69711 41779.8 4.24078 -0.934582 -0.927568 0.924583 -0.0378511 -1 -1 0.474999 0 -0.111211 -0.123135 -0.56 -0.111211 -0.123135 -0.56 0 0 0 -0.0118152 0.00518545 0.0756913 0.3 0.3
52 1 74.3502 -2.13004 -13.6969 39436.6 1.53369 0.672916 1.06076 0.880458 -0.00262495 0.766655 1.23335 0.474999 0 0.159355 0.293398 -0.56 0.159355 0.293398 -0.56 0 0 0 0.0201183 -0.0705433 0.00454351 0.3 0.3
52 2 74.3502 -1.85353 3.93985 41977.9 6.42182 1.10459 0.677136 0.870799 -0.0510614 1.23335 0.766655 0.474999 0 0.218876 0.152182 -0.532863 0.218876 0.152182 -0.532863 0 0 0 -0.0143756 -0.0564725 0.102617 0.3 0.3
52 0 74.4002 17.3611 7.04091 33524.7 1.24493 -0.954461 -0.950813 0.895006 -0.0267757 -1 -1 0.499999 0 -0.0806664 -0.0876136 -0.545141 -0.0806664 -0.0876136 -0.545141 0 0 0 -0.0395529 0.0125551 0.0533211 0.3 0.3
52 1 74.4002 -1.57049 -14.2332 44436.6 -1.19645 0.674239 1.07174 0.840002 -0.00027853 0.766655 1.23335 0.499999 0 0.157405 0.276653 -0.200963 0.157405 0.276653 -0.200963 0 0 0 0.0397723 -0.0765998 -0.000966643 0.3 0.3
52 2 74.4002 -1.58465 3.69737 46977.9 3.75101 1.11877 0.701015 0.832727 -0.0404587 1.23335 0.766655 0.499999 0 0.194782 0.111587 -0.151126 0.194782 0.111587 -0.151126 0 0 0 0.00511918 -0.0247611 0.0808825 0.3 0.3
52 0 74.4502 21.2248 2.77313 38524.7 -3.49998 -0.97308 -0.971598 0.867086 -0.014199 -1 -1 0.525002 0 -0.0457635 -0.0482841 -0.201007 -0.0457635 -0.0482841 -0.201007 0 0 0 -0.102559 0.0731967 0.0246969 0.3 0.3
52 1 74.4502 -1.5244 -11.6983 48141.9 -1.32902 0.674068 1.0829 0.802422 0.00262217 0.766655 1.23335 0.525002 0 0.157398 0.255761 -0.0568683 0.157398 0.255761 -0.0568683 0 0 0 -0.0103851 -0.031255 -0.00508276 0.3 0.3
52 2 74.4502 -1.89321 3.87162 41658.1 -0.132492 1.13258 0.723817 0.796735 -0.0267616 1.23335 0.766655 0.525002 0 0.171303 0.0728241 -0.0764089 0.171303 0.0728241 -0.0764089 0 0 0 0.0594789 -0.00528106 0.0533964 0.3 0.3
52 0 74.5002 19.0904 5.24907 37921.1 -2.34439 -0.990534 -0.99038 0.841073 -0.00513684 -1 -1 0.549999 0 -0.0160914 -0.0163535 -0.152392 -0.0160914 -0.0163535 -0.152392 0 0 0 -0.0716083 0.0447471 0.00867979 0.3 0.3
52 1 74.5002 -0.644787 -12.7138 33209.2 -2.14042 0.672225 1.09417 0.770255 0.00506739 0.766655 1.23335 0.549999 0 0.160531 0.236606 -0.0216545 0.160531 0.236606 -0.0216545 0 0 0 0.0130501 -0.0560091 -0.0105046 0.3 0.3
52 2 74.5002 -2.85342 3.34422 38446.9 -4.4631 1.14705 0.744145 0.765874 -0.0107026 1.23335 0.766655 0.549999 0 0.146694 0.0382673 -0.0214271 0.146694 0.0382673 -0.0214271 0 0 0 0.0695719 -0.0155548 0.020878 0.3 0.3
52 0 74.5502 18.0573 6.40634 37955 -4.85163 -1.00587 -1.00598 0.816287 0.00309862 -1 -1 0.574999 0 0.0074553 0.00753778 -0.104264 0.0074553 0.00753778 -0.104264 0 0 0 -0.112253 0.0744388 -0.0103956 0.3 0.3
52 1 74.5502 -0.235138 -11.9454 32619.8 -6.11579 0.668842 1.10583 0.745586 0.0130041 0.766655 1.23335 0.574999 0 0.166282 0.21678 0.00931862 0.166282 0.21678 0.00931862 0 0 0 0.0324891 -0.0840554 -0.0274018 0.3 0.3
52 2 74.5502 -2.77398 2.66765 37685.5 -7.30663 1.16134 0.761577 0.739668 0.00481852 1.23335 0.766655 0.574999 0 0.122403 0.00863243 0.0251934 0.122403 0.00863243 0.0251934 0 0 0 0.0783175 -0.0210924 -0.0104714 0.3 0.3
52 0 74.6002 19.6942 4.67057 42955 -6.10322 -1.01955 -1.01887 0.792895 0.0121789 -1 -1 0.600006 0 0.0309151 0.0299975 -0.0310731 0.0309151 0.0299975 -0.0310731 0 0 0 -0.0890252 0.0652983 -0.0273051 0.3 0.3
52 1 74.6002 0.561707 -11.9423 30590.5 -5.73853 0.663659 1.11722 0.729376 0.0184755 0.766655 1.23335 0.600006 0 0.175092 0.197412 0.0243437 0.175092 0.197412 0.0243437 0 0 0 0.0212606 -0.0429338 -0.0374202 0.3 0.3
52 2 74.6002 -3.25849 2.44963 39450.7 -8.47209 1.17573 0.776439 0.716276 0.0177152 1.23335 0.766655 0.600006 0 0.0979512 -0.0166326 0.0783308 0.0979512 -0.0166326 0.0783308 0 0 0 0.105913 0.00353287 -0.0352948 0.3 0.3
52 0 74.6503 19.0532 5.73225 40925.1 -5.19657 -1.03115 -1.02879 0.771255 0.0166512 -1 -1 0.625018 0 0.0512032 0.0475422 0.0265614 0.0512032 0.0475422 0.0265614 0 0 0 -0.0818575 0.0529885 -0.0355141 0.3 0.3
52 1 74.6503 1.0368 -11.4033 33233.8 -1.19459 0.657501 1.12876 0.718244 0.0144536 0.766655 1.23335 0.625018 0 0.185561 0.177791 0.0506212 0.185561 0.177791 0.0506212 0 0 0 -0.0141146 0.00471899 -0.0289423 0.3 0.3
52 2 74.6503 -4.09782 1.19015 40297.8 -10.0663 1.19056 0.787373 0.695181 0.0280239 1.23335 0.766655 0.625018 0 0.072734 -0.0352211 0.132868 0.072734 -0.0352211 0.132868 0 0 0 0.0898786 -0.0205692 -0.0570397 0.3 0.3
52 0 74.7002 19.2346 5.53126 43168.6 -8.81133 -1.04079 -1.03633 0.751115 0.0250689 -1 -1 0.650004 0 0.0693371 0.0617602 0.0947916 0.0693371 0.0617602 0.0947916 0 0 0 -0.0890912 0.0635856 -0.0530535 0.3 0.3
52 1 74.7002 1.40179 -10.8917 36754.7 1.65184 0.650926 1.14065 0.708612 0.00683397 0.766655 1.23335 0.650004 0 0.196739 0.157584 0.0909252 0.196739 0.157584 0.0909252 0 0 0 -0.0144426 0.0143775 -0.0137726 0.3 0.3
52 2 74.7002 -3.87872 1.1665 42436.8 -12.6649 1.20474 0.795946 0.674273 0.0399409 1.23335 0.766655 0.650004 0 0.0486364 -0.0497951 0.195102 0.0486364 -0.0497951 0.195102 0 0 0 0.106178 -0.00510611 -0.0802873 0.3 0.3
52 0 74.7503 17.7539 7.17659 36652.6 -7.18547 -1.04878 -1.04147 0.733004 0.0285451 -1 -1 0.675018 0 0.0816926 0.0696789 0.124055 0.0816926 0.0696789 0.124055 0 0 0 -0.0806285 0.0538422 -0.0593374 0.3 0.3
52 1 74.7503 1.14324 -10.1136 38851.6 0.526301 0.644971 1.15331 0.698882 0.00360445 0.766655 1.23335 0.675018 0 0.206862 0.13606 0.139538 0.206862 0.13606 0.139538 0 0 0 -0.0104315 0.035969 -0.00739781 0.3 0.3
52 2 74.7503 -4.55993 0.121755 41840.3 -13.5656 1.2189 0.801276 0.654475 0.0487939 1.23335 0.766655 0.675018 0 0.0245586 -0.0588553 0.251203 0.0245586 -0.0588553 0.251203 0 0 0 0.105652 -0.0204907 -0.0988517 0.3 0.3
52 0 74.8002 18.1998 7.1232 40669.8 -6.10286 -1.05464 -1.04402 0.717966 0.0297151 -1 -1 0.699999 0 0.0919462 0.0744268 0.174392 0.0919462 0.0744268 0.174392 0 0 0 -0.0757117 0.0590073 -0.0617429 0.3 0.3
52 1 74.8002 0.503764 -10.5339 38345.2 1.42275 0.640372 1.16647 0.689279 -0.00012301 0.766655 1.23335 0.699999 0 0.214174 0.116139 0.183843 0.214174 0.116139 0.183843 0 0 0 -0.0166301 0.0579137 -0.000235571 0.3 0.3
52 2 74.8002 -5.14251 -0.849333 41136.5 -13.227 1.23278 0.80331 0.637001 0.0537735 1.23335 0.766655 0.699999 0 0.000963628 -0.0623137 0.302606 0.000963628 -0.0623137 0.302606 0 0 0 0.0797014 -0.0543662 -0.109892 0.3 0.3
50 0 74.8502 13.7844 11.5017 10000 -0 -1.05863 -1.04468 0.706826 0.0328191 -1.05863 -1.04468 0 0 0.0919462 0.0744268 0.174392 0.0919462 0.0744268 0.174392 0 0 0 -0.0603233 0.0532424 -0.0673099 0.3 0.3
50 1 74.8502 -7.41337 -5.06734 10000 -0 0.637314 1.17898 0.68119 -0.00424388 0.637314 1.17898 0 0 0.214174 0.116139 0.183843 0.214174 0.116139 0.183843 0 0 0 -0.0175417 0.0655093 0.00791787 0.3 0.3
50 2 74.8502 -2.88775 -3.968 10000 -0 1.24401 0.803298 0.623256 0.055041 1.24401 0.803298 0 0 0.000963628 -0.0623137 0.302606 0.000963628 -0.0623137 0.302606 0 0 0 0.0884953 -0.0298887 -0.111581 0.3 0.3
50 0 74.9002 15.2219 10.6418 15000 -0 -1.0615 -1.04373 0.696069 0.0313805 -1.05863 -1.04468 0 0 0.0919462 0.0744268 0.174392 0.0919462 0.0744268 0.174392 0 0 0 -0.0585067 0.0498916 -0.0642778 0.3 0.3
50 1 74.9002 -3.44621 -6.71422 15000 -0 0.635199 1.19348 0.673177 -0.010175 0.637314 1.17898 0 0 0.214174 0.116139 0.183843 0.214174 0.116139 0.183843 0 0 0 -0.00927842 0.0571355 0.0200937 0.3 0.3
50 2 74.9002 -4.73616 -4.05086 15000 -0 1.25569 0.800392 0.610796 0.0573835 1.24401 0.803298 0 0 0.000963628 -0.0623137 0.302606 0.000963628 -0.0623137 0.302606 0 0 0 0.0709148 -0.0449568 -0.116526 0.3 0.3
50 0 74.9503 15.0957 10.6507 20000 -0 -1.06328 -1.04195 0.681396 0.0314771 -1.05863 -1.04468 0 0 0.0919462 0.0744268 0.174392 0.0919462 0.0744268 0.174392 0 0 0 -0.0191441 0.0354819 -0.063317 0.3 0.3
50 1 74.9503 -3.62003 -6.27967 20000 -0 0.633995 1.20823 0.661193 -0.0118477 0.637314 1.17898 0 0 0.214174 0.116139 0.183843 0.214174 0.116139 0.183843 0 0 0 0.0241022 0.0161693 0.0238934 0.3 0.3
50 2 74.9503 -4.49696 -4.15659 20000 -0 1.26656 0.796162 0.595598 0.0557672 1.24401 0.803298 0 0 0.000963628 -0.0623137 0.302606 0.000963628 -0.0623137 0.302606 0 0 0 0.0291452 -0.0452424 -0.112292 0.3 0.3
50 0 75.0003 15.1779 10.67 25000 -0 -1.06457 -1.03979 0.65723 0.0309686 -1.05863 -1.04468 0 0 0.0919462 0.0744268 0.174392 0.0919462 0.0744268 0.174392 0 0 0 0.0255399 0.0132652 -0.0617842 0.3 0.3
50 1 75.0003 -3.52359 -5.97474 25000 -0 0.633151 1.22281 0.640579 -0.0129392 0.637314 1.17898 0 0 0.214174 0.116139 0.183843 0.214174 0.116139 0.183843 0 0 0 0.0552501 -0.00561913 0.0257337 0.3 0.3
50 2 75.0003 -4.54911 -4.14899 25000 -0 1.27662 0.791471 0.572748 0.0523396 1.24401 0.803298 0 0 0.000963628 -0.0623137 0.302606 0.000963628 -0.0623137 0.302606 0 0 0 -0.00177954 -0.0495547 -0.104715 0.3 0.3
50 0 75.0503 15.2282 10.693 30000 -0 -1.0656 -1.03751 0.622271 0.0333225 -1.05863 -1.04468 0 0 0.0919462 0.0744268 0.174392 0.0919462 0.0744268 0.174392 0 0 0 0.0165596 0.00393802 -0.0666271 0.3 0.3
50 1 75.0503 -3.69591 -5.61882 30000 -0 0.632785 1.23713 0.609768 -0.0150782 0.637314 1.17898 0 0 0.214174 0.116139 0.183843 0.214174 0.116139 0.183843 0 0 0 0.0487572 0.0106151 0.0304257 0.3 0.3
50 2 75.0503 -4.63414 -4.53966 30000 -0 1.28594 0.7862 0.541357 0.0497418 1.24401 0.803298 0 0 0.000963628 -0.0623137 0.302606 0.000963628 -0.0623137 0.302606 0 0 0 -0.00898932 -0.0627721 -0.0992926 0.3 0.3
50 0 75.1002 15.2464 10.5499 35000 -0 -1.06647 -1.03547 0.576544 0.0346192 -1.05863 -1.04468 0 0 0.0919462 0.0744268 0.174392 0.0919462 0.0744268 0.174392 0 0 0 0.003893 0.0167485 -0.0692222 0.3 0.3
50 1 75.1002 -3.44703 -5.40737 35000 -0 0.632306 1.25093 0.568911 -0.0166253 0.637314 1.17898 0 0 0.214174 0.116139 0.183843 0.214174 0.116139 0.183843 0 0 0 0.0670324 0.00497656 0.0334378 0.3 0.3
50 2 75.1002 -4.70718 -4.45348 35000 -0 1.29457 0.781034 0.501466 0.0433326 1.24401 0.803298 0 0 0.000963628 -0.0623137 0.302606 0.000963628 -0.0623137 0.302606 0 0 0 0.0014998 -0.074007 -0.0868073 0.3 0.3
50 0 75.1503 15.4233 10.207 40000 -0 -1.06747 -1.03411 0.522445 0.0361899 -1.05863 -1.04468 0 0 0.0919462 0.0744268 0.174392 0.0919462 0.0744268 0.174392 0 0 0 0.0300031 -0.000307372 -0.0724083 0.3 0.3
50 1 75.1503 -3.57957 -5.22691 40000 -0 0.632016 1.26406 0.520491 -0.0195483 0.637314 1.17898 0 0 0.214174 0.116139 0.183843 0.214174 0.116139 0.183843 0 0 0 0.0764948 -0.0198406 0.0383703 0.3 0.3
50 2 75.1503 -4.3593 -4.64542 40000 -0 1.30194 0.775871 0.455098 0.0398069 1.24401 0.803298 0 0 0.000963628 -0.0623137 0.302606 0.000963628 -0.0623137 0.302606 0 0 0 -0.0101438 -0.0781662 -0.0793001 0.3 0.3
50 0 75.2003 15.2938 10.5606 45000 -0 -1.06828 -1.03261 0.463386 0.0362905 -1.05863 -1.04468 0 0 0.0919462 0.0744268 0.174392 0.0919462 0.0744268 0.174392 0 0 0 0.0132643 0.00903102 -0.0725394 0.3 0.3
50 1 75.2003 -3.57559 -5.24156 42773.8 -0 0.631813 1.27621 0.468187 -0.0205773 0.637314 1.17898 0 0 0.214174 0.116139 0.183843 0.214174 0.116139 0.183843 0 0 0 0.0714287 -0.0055777 0.0409847 0.3 0.3
50 2 75.2003 -4.15989 -5.06957 44845 -0 1.3081 0.770373 0.404385 0.037487 1.24401 0.803298 0 0 0.000963628 -0.0623137 0.302606 0.000963628 -0.0623137 0.302606 0 0 0 -0.00982949 -0.081774 -0.0746532 0.3 0.3
50 0 75.2503 15.5381 9.96313 43680.2 -0 -1.06931 -1.032 0.403216 0.0343772 -1.05863 -1.04468 0 0 0.0919462 0.0744268 0.174392 0.0919462 0.0744268 0.174392 0 0 0 0.0276738 0.00881984 -0.0686531 0.3 0.3
50 1 75.2503 -2.99352 -5.37952 40382.6 -0 0.630847 1.28707 0.415068 -0.0202049 0.637314 1.17898 0 0 0.214174 0.116139 0.183843 0.214174 0.116139 0.183843 0 0 0 0.0906252 -0.0343704 0.0389014 0.3 0.3
50 2 75.2503 -3.67438 -5.16798 42741.7 -0 1.31267 0.764879 0.352249 0.0379687 1.24401 0.803298 0 0 0.000963628 -0.0623137 0.302606 0.000963628 -0.0623137 0.302606 0 0 0 0.00639064 -0.0711502 -0.0762317 0.3 0.3
50 0 75.3003 15.4152 9.91106 44486.8 -0 -1.07019 -1.03187 0.34081 0.0349273 -1.05863 -1.04468 0 0 0.0919462 0.0744268 0.174392 0.0919462 0.0744268 0.174392 0 0 0 0.0195052 0.0115512 -0.0697606 0.3 0.3
50 1 75.3003 -2.96034 -5.13739 39497.2 -0 0.629571 1.29713 0.362011 -0.0152236 0.637314 1.17898 0 0 0.214174 0.116139 0.183843 0.214174 0.116139 0.183843 0 0 0 0.0855451 -0.0146232 0.0298512 0.3 0.3
50 2 75.3003 -3.36907 -5.72383 43154.8 -0 1.31584 0.758869 0.298139 0.0336841 1.24401 0.803298 0 0 0.000963628 -0.0623137 0.302606 0.000963628 -0.0623137 0.302606 0 0 0 -0.00160193 -0.0752773 -0.0673684 0.3 0.3
50 0 75.3502 15.4584 9.59553 28804.6 -0 -1.07104 -1.03244 0.295118 0.0328962 -1.05863 -1.04468 0 0 0.0919462 0.0744268 0.174392 0.0919462 0.0744268 0.174392 0 0 0 0.0253688 0.0133509 -0.0656416 0.3 0.3
50 1 75.3502 -2.76445 -7.0269 27062.3 -0 0.627923 1.30358 0.323681 -0.0143488 0.637314 1.17898 0 0 0.214174 0.116139 0.183843 0.214174 0.116139 0.183843 0 0 0 0.082699 -0.0161333 0.0280565 0.3 0.3
50 2 75.3502 -2.3514 -5.23361 30480.4 -0 1.31672 0.753646 0.257373 0.0324159 1.24401 0.803298 0 0 0.000963628 -0.0623137 0.302606 0.000963628 -0.0623137 0.302606 0 0 0 -0.000828678 -0.066238 -0.0648513 0.3 0.3
50 0 75.4003 15.3839 9.21652 33804.6 -0 -1.07172 -1.03384 0.251069 0.030595 -1.05863 -1.04468 0 0 0.0919462 0.0744268 0.174392 0.0919462 0.0744268 0.174392 0 0 0 0.0261394 0.0232865 -0.0609045 0.3 0.3
50 1 75.4003 -2.38944 -6.3923 32062.3 -0 0.625656 1.309 0.287401 -0.0124181 0.637314 1.17898 0 0 0.214174 0.116139 0.183843 0.214174 0.116139 0.183843 0 0 0 0.078448 -0.0186249 0.0241262 0.3 0.3
50 2 75.4003 -2.33319 -5.79504 35480.4 -0 1.31647 0.748211 0.217262 0.0281354 1.24401 0.803298 0 0 0.000963628 -0.0623137 0.302606 0.000963628 -0.0623137 0.302606 0 0 0 -0.0312915 -0.0872136 -0.0549731 0.3 0.3
50 0 75.4503 15.462 8.77422 38360.1 -0 -1.07238 -1.03618 0.209943 0.0311513 -1.05863 -1.04468 0 0 0.0919462 0.0744268 0.174392 0.0919462 0.0744268 0.174392 0 0 0 0.0308014 0.0242597 -0.0619509 0.3 0.3
50 1 75.4503 -2.0365 -6.64418 35423.4 -0 0.622734 1.31313 0.25378 -0.0106775 0.637314 1.17898 0 0 0.214174 0.116139 0.183843 0.214174 0.116139 0.183843 0 0 0 0.068296 -0.0196089 0.0206991 0.3 0.3
50 2 75.4503 -1.57082 -5.53995 40480.4 -0 1.31453 0.743373 0.177817 0.0260243 1.24401 0.803298 0 0 0.000963628 -0.0623137 0.302606 0.000963628 -0.0623137 0.302606 0 0 0 -0.0291437 -0.0660771 -0.0511252 0.3 0.3
50 0 75.5003 15.0607 8.6593 43360.1 -0 -1.07244 -1.03901 0.168353 0.0323699 -1.05863 -1.04468 0 0 0.0919462 0.0744268 0.174392 0.0919462 0.0744268 0.174392 0 0 0 0.0173119 0.0220212 -0.0645668 0.3 0.3
50 1 75.5003 -2.27203 -6.99998 37922.7 -0 0.619993 1.31588 0.219684 -0.0120812 0.637314 1.17898 0 0 0.214174 0.116139 0.183843 0.214174 0.116139 0.183843 0 0 0 0.0744493 -0.0148058 0.023629 0.3 0.3
50 2 75.5003 -1.55918 -5.79631 45480.4 -0 1.31186 0.738691 0.138141 0.0277912 1.24401 0.803298 0 0 0.000963628 -0.0623137 0.302606 0.000963628 -0.0623137 0.302606 0 0 0 -0.0287753 -0.0472893 -0.0549303 0.3 0.3
50 0 75.5503 15.4899 8.56936 48175.1 -0 -1.07283 -1.04208 0.125739 0.031351 -1.05863 -1.04468 0 0 0.0919462 0.0744268 0.174392 0.0919462 0.0744268 0.174392 0 0 0 0.00053215 0.0197281 -0.0627101 0.3 0.3
50 1 75.5503 -1.90861 -7.05334 42922.7 -0 0.616918 1.3177 0.184316 -0.0116238 0.637314 1.17898 0 0 0.214174 0.116139 0.183843 0.214174 0.116139 0.183843 0 0 0 0.0676923 -0.0127246 0.022831 0.3 0.3
50 2 75.5503 0 -0 0 -0 1.30821 0.735124 0.0994776 0.0293484 1.24401 0.803298 0 0 0.000963628 -0.0623137 0.302606 0.000963628 -0.0623137 0.302606 0 0 0 -0.0284633 -0.0469289 -0.0580593 0.3 0.3
50 0 75.6003 0 -0 0 -0 -1.07272 -1.04513 0.0853437 0.0321175 -1.05863 -1.04468 0 0 0.0919462 0.0744268 0.174392 0.0919462 0.0744268 0.174392 0 0 0 -0.00649601 0.0162691 -0.0643013 0.3 0.3
50 1 75.6003 -1.6705 -7.06837 44699.7 -0 0.613534 1.31886 0.149706 -0.0107444 0.637314 1.17898 0 0 0.214174 0.116139 0.183843 0.214174 0.116139 0.183843 0 0 0 0.0701502 -0.0117832 0.0210893 0.3 0.3
50 2 75.6003 0 -0 0 -0 1.30372 0.731679 0.0628841 0.0341581 1.24401 0.803298 0 0 0.000963628 -0.0623137 0.302606 0.000963628 -0.0623137 0.302606 0 0 0 -0.0278325 -0.0513914 -0.0676432 0.3 0.3
50 0 75.6502 0 -0 0 -0 -1.07268 -1.04786 0.0502039 0.0251291 -1.05863 -1.04468 0 0 0.0919462 0.0744268 0.174392 0.0919462 0.0744268 0.174392 0 0 0 0.000346414 0.0376548 -0.0502659 0.3 0.3
50 1 75.6502 0 -0 0 -0 0.610197 1.31896 0.118513 -0.0127221 0.637314 1.17898 0 0 0.214174 0.116139 0.183843 0.214174 0.116139 0.183843 0 0 0 0.0607858 -0.00961342 0.0251647 0.3 0.3
50 2 75.6502 0 -0 0 -0 1.29835 0.728889 0.0232866 0.0428414 1.24401 0.803298 0 0 0.000963628 -0.0623137 0.302606 0.000963628 -0.0623137 0.302606 0 0 0 -0.023022 -0.0585076 -0.0850778 0.3 0.3
50 0 75.7003 0 -0 0 -0 -1.07344 -1.04975 0.0209685 0.0180579 -1.05863 -1.04468 0 0 0.0919462 0.0744268 0.174392 0.0919462 0.0744268 0.174392 0 0 0 0.00989044 0.0434649 -0.0359117 0.3 0.3
50 1 75.7003 0 -0 0 -0 0.606049 1.31849 0.0922901 -0.0185812 0.637314 1.17898 0 0 0.214174 0.116139 0.183843 0.214174 0.116139 0.183843 0 0 0 0.0559115 -0.0419198 0.0360148 0.3 0.3
50 2 75.7003 0 -0 0 -0 1.29773 0.726686 0.0015825 0.0403009 1.24401 0.803298 0 0 0.000963628 -0.0623137 0.302606 0.000963628 -0.0623137 0.302606 0 0 0 -0.0115617 0.0102021 -0.0806851 0.3 0.3
50 0 75.7503 0 -0 0 -0 -1.07456 -1.04941 0.027472 0.0279803 -1.05863 -1.04468 0 0 0.0919462 0.0744268 0.174392 0.0919462 0.0744268 0.174392 0 0 0 0.090942 0.0342471 -0.0544755 0.3 0.3
50 1 75.7503 0 -0 0 -0 0.601099 1.31741 0.0641127 -0.018519 0.637314 1.17898 0 0 0.214174 0.116139 0.183843 0.214174 0.116139 0.183843 0 0 0 0.016903 -0.0823262 0.0363766 0.3 0.3
50 2 75.7503 0 -0 0 -0 1.30218 0.726156 0.0038155 0.0236659 1.24401 0.803298 0 0 0.000963628 -0.0623137 0.302606 0.000963628 -0.0623137 0.302606 0 0 0 -0.00480327 0.0481374 -0.0474656 0.3 0.3
50 0 75.8003 0 -0 0 -0 -1.07525 -1.04824 0.0232486 0.0285869 -1.05863 -1.04468 0 0 0.0919462 0.0744268 0.174392 0.0919462 0.0744268 0.174392 0 0 0 0.0476054 0.0379817 -0.0563038 0.3 0.3
50 1 75.8003 0 -0 0 -0 0.594481 1.3167 0.0258883 -0.0268271 0.637314 1.17898 0 0 0.214174 0.116139 0.183843 0.214174 0.116139 0.183843 0 0 0 -0.0334208 -0.158086 0.0564836 0.3 0.3
50 2 75.8003 0 -0 0 -0 1.30451 0.7262 -0.00139736 0.00885183 1.24401 0.803298 0 0 0.000963628 -0.0623137 0.302606 0.000963628 -0.0623137 0.302606 0 0 0 -0.0142229 0.00628877 -0.0177491 0.3 0.3
50 0 75.8503 0 -0 0 -0 -1.07593 -1.04863 0.0214537 0.029986 -1.05863 -1.04468 0 0 0.0919462 0.0744268 0.174392 0.0919462 0.0744268 0.174392 0 0 0 0.00635455 0.0316459 -0.0598883 0.3 0.3
50 1 75.8503 0 -0 0 -0 0.593488 1.31148 0.00314169 -0.0820116 0.637314 1.17898 0 0 0.214174 0.116139 0.183843 0.214174 0.116139 0.183843 0 0 0 -0.029511 -0.0503597 0.165021 0.3 0.3
50 2 75.8503 0 -0 0 -0 1.30478 0.726196 -0.001712 0.00789771 1.24401 0.803298 0 0 0.000963628 -0.0623137 0.302606 0.000963628 -0.0623137 0.302606 0 0 0 -0.0161306 -0.00488407 -0.0157568 0.3 0.3
50 0 75.9003 0 -0 0 -0 -1.07577 -1.04863 0.0214663 0.0271058 -1.05863 -1.04468 0 0 0.0919462 0.0744268 0.174392 0.0919462 0.0744268 0.174392 0 0 0 0.00460458 0.0295842 -0.0541563 0.3 0.3
50 1 75.9003 0 -0 0 -0 0.592792 1.3083 0.00902375 -0.170208 0.637314 1.17898 0 0 0.214174 0.116139 0.183843 0.214174 0.116139 0.183843 0 0 0 0.103611 -0.159836 0.335344 0.3 0.3
50 2 75.9003 0 -0 0 -0 1.30479 0.72648 -0.00161613 0.00541551 1.24401 0.803298 0 0 0.000963628 -0.0623137 0.302606 0.000963628 -0.0623137 0.302606 0 0 0 -0.0178661 -0.0132672 -0.0107132 0.3 0.3
50 0 75.9503 0 -0 0 -0 -1.07578 -1.04862 0.0214303 0.0275117 -1.05863 -1.04468 0 0 0.0919462 0.0744268 0.174392 0.0919462 0.0744268 0.174392 0 0 0 0.00510605 0.0293959 -0.0549615 0.3 0.3
50 1 75.9503 0 -0 0 -0 0.591927 1.3096 0.00204417 -0.21426 0.637314 1.17898 0 0 0.214174 0.116139 0.183843 0.214174 0.116139 0.183843 0 0 0 0.016413 -0.011617 0.431794 0.3 0.3
50 2 75.9503 0 -0 0 -0 1.30477 0.726274 -0.0017311 0.00796042 1.24401 0.803298 0 0 0.000963628 -0.0623137 0.302606 0.000963628 -0.0623137 0.302606 0 0 0 -0.0151093 -0.00147853 -0.0159103 0.3 0.3
50 0 76.0003 0 -0 0 -0 -1.07587 -1.04855 0.021296 0.0268372 -1.05863 -1.04468 0 0 0.0919462 0.0744268 0.174392 0.0919462 0.0744268 0.174392 0 0 0 0.00493417 0.0353022 -0.0536024 0.3 0.3
50 1 76.0003 0 -0 0 -0 0.592304 1.3084 0.00155538 -0.217217 0.637314 1.17898 0 0 0.214174 0.116139 0.183843 0.214174 0.116139 0.183843 0 0 0 0.0221836 -0.00299507 0.437919 0.3 0.3
50 2 76.0003 0 -0 0 -0 1.30475 0.726529 -0.00157688 0.0060647 1.24401 0.803298 0 0 0.000963628 -0.0623137 0.302606 0.000963628 -0.0623137 0.302606 0 0 0 -0.0191464 -0.010039 -0.0120341 0.3 0.3
50 0 76.0503 0 -0 0 -0 -1.07583 -1.04856 0.021311 0.0259088 -1.05863 -1.04468 0 0 0.0919462 0.0744268 0.174392 0.0919462 0.0744268 0.174392 0 0 0 0.00278632 0.0352329 -0.0517824 0.3 0.3
50 1 76.0503 0 -0 0 -0 0.592308 1.30866 0.00183653 -0.217618 0.637314 1.17898 0 0 0.214174 0.116139 0.183843 0.214174 0.116139 0.183843 0 0 0 0.0193251 6.91454e-05 0.438768 0.3 0.3
50 2 76.0503 0 -0 0 -0 1.30469 0.726284 -0.00182578 0.00751407 1.24401 0.803298 0 0 0.000963628 -0.0623137 0.302606 0.000963628 -0.0623137 0.302606 0 0 0 -0.0124524 0.000843893 -0.0150338 0.3 0.3
50 0 76.1002 0 -0 0 -0 -1.07584 -1.04856 0.0213046 0.0263326 -1.05863 -1.04468 0 0 0.0919462 0.0744268 0.174392 0.0919462 0.0744268 0.174392 0 0 0 0.00375232 0.0343717 -0.0526146 0.3 0.3
50 1 76.1002 0 -0 0 -0 0.592212 1.30877 0.00181947 -0.217838 0.637314 1.17898 0 0 0.214174 0.116139 0.183843 0.214174 0.116139 0.183843 0 0 0 0.0201136 -0.00509504 0.439171 0.3 0.3
50 2 76.1002 0 -0 0 -0 1.30478 0.726519 -0.00158744 0.00645964 1.24401 0.803298 0 0 0.000963628 -0.0623137 0.302606 0.000963628 -0.0623137 0.302606 0 0 0 -0.0186731 -0.0101966 -0.0128249 0.3 0.3
50 0 76.1502 0 -0 0 -0 -1.07579 -1.04862 0.0214046 0.0276316 -1.05863 -1.04468 0 0 0.0919462 0.0744268 0.174392 0.0919462 0.0744268 0.174392 0 0 0 0.00567743 0.0289517 -0.055194 0.3 0.3
50 1 76.1502 0 -0 0 -0 0.592276 1.3087 0.00185762 -0.218696 0.637314 1.17898 0 0 0.214174 0.116139 0.183843 0.214174 0.116139 0.183843 0 0 0 0.0222592 -0.00394016 0.440941 0.3 0.3
50 2 76.1502 0 -0 0 -0 1.30473 0.726533 -0.0015699 0.00575584 1.24401 0.803298 0 0 0.000963628 -0.0623137 0.302606 0.000963628 -0.0623137 0.302606 0 0 0 -0.0185768 -0.00706093 -0.0114467 0.3 0.3
50 0 76.2003 0 -0 0 -0 -1.07579 -1.04864 0.0214386 0.0273416 -1.05863 -1.04468 0 0 0.0919462 0.0744268 0.174392 0.0919462 0.0744268 0.174392 0 0 0 0.00387174 0.0290976 -0.0546395 0.3 0.3
50 1 76.2003 0 -0 0 -0 0.592194 1.30879 0.00180364 -0.217944 0.637314 1.17898 0 0 0.214174 0.116139 0.183843 0.214174 0.116139 0.183843 0 0 0 0.0205337 -0.00479947 0.43939 0.3 0.3
50 2 76.2003 0 -0 0 -0 1.30475 0.726597 -0.00170272 0.00649943 1.24401 0.803298 0 0 0.000963628 -0.0623137 0.302606 0.000963628 -0.0623137 0.302606 0 0 0 -0.0146968 -0.00409479 -0.0129692 0.3 0.3
50 0 76.2503 0 -0 0 -0 -1.0758 -1.04862 0.0213869 0.0275448 -1.05863 -1.04468 0 0 0.0919462 0.0744268 0.174392 0.0919462 0.0744268 0.174392 0 0 0 0.0061897 0.0295336 -0.0550114 0.3 0.3
50 1 76.2503 0 -0 0 -0 0.592304 1.30865 0.00190364 -0.219943 0.637314 1.17898 0 0 0.214174 0.116139 0.183843 0.214174 0.116139 0.183843 0 0 0 0.0269706 0.00352525 0.443602 0.3 0.3
50 2 76.2503 0 -0 0 -0 1.30475 0.7263 -0.00178032 0.00764703 1.24401 0.803298 0 0 0.000963628 -0.0623137 0.302606 0.000963628 -0.0623137 0.302606 0 0 0 -0.014856 -0.000362635 -0.0152919 0.3 0.3
50 0 76.3003 0 -0 0 -0 -1.07578 -1.04863 0.0214203 0.0274642 -1.05863 -1.04468 0 0 0.0919462 0.0744268 0.174392 0.0919462 0.0744268 0.174392 0 0 0 0.00550398 0.0296799 -0.0548598 0.3 0.3
50 1 76.3003 0 -0 0 -0 0.592208 1.3088 0.00183678 -0.218258 0.637314 1.17898 0 0 0.214174 0.116139 0.183843 0.214174 0.116139 0.183843 0 0 0 0.021992 -0.00662181 0.440015 0.3 0.3
50 2 76.3003 0 -0 0 -0 1.30479 0.726518 -0.0015816 0.00707475 1.24401 0.803298 0 0 0.000963628 -0.0623137 0.302606 0.000963628 -0.0623137 0.302606 0 0 0 -0.0199499 -0.00859126 -0.0140648 0.3 0.3
50 0 76.3502 0 -0 0 -0 -1.07583 -1.0486 0.0213362 0.0267128 -1.05863 -1.04468 0 0 0.0919462 0.0744268 0.174392 0.0919462 0.0744268 0.174392 0 0 0 0.00165817 0.0330032 -0.0534118 0.3 0.3
50 1 76.3502 0 -0 0 -0 0.592298 1.30868 0.00185254 -0.21872 0.637314 1.17898 0 0 0.214174 0.116139 0.183843 0.214174 0.116139 0.183843 0 0 0 0.0222435 -0.00402755 0.440989 0.3 0.3
50 2 76.3502 0 -0 0 -0 1.30473 0.72647 -0.00159104 0.00597496 1.24401 0.803298 0 0 0.000963628 -0.0623137 0.302606 0.000963628 -0.0623137 0.302606 0 0 0 -0.0172022 -0.00984636 -0.0118659 0.3 0.3
50 0 76.4003 0 -0 0 -0 -1.07594 -1.04859 0.0211935 0.0279943 -1.05863 -1.04468 0 0 0.0919462 0.0744268 0.174392 0.0919462 0.0744268 0.174392 0 0 0 0.00724335 0.037827 -0.0558693 0.3 0.3
50 1 76.4003 0 -0 0 -0 0.592233 1.3086 0.00192288 -0.220497 0.637314 1.17898 0 0 0.214174 0.116139 0.183843 0.214174 0.116139 0.183843 0 0 0 0.0305681 -0.00275013 0.44466 0.3 0.3
50 2 76.4003 0 -0 0 -0 1.30473 0.726308 -0.00180065 0.00727688 1.24401 0.803298 0 0 0.000963628 -0.0623137 0.302606 0.000963628 -0.0623137 0.302606 0 0 0 -0.0149403 0.000622123 -0.014559 0.3 0.3
50 0 76.4503 0 -0 0 -0 -1.07594 -1.04859 0.0211866 0.027934 -1.05863 -1.04468 0 0 0.0919462 0.0744268 0.174392 0.0919462 0.0744268 0.174392 0 0 0 0.00701606 0.0381204 -0.0557521 0.3 0.3
50 1 76.4503 0 -0 0 -0 0.592269 1.30867 0.00190386 -0.220247 0.637314 1.17898 0 0 0.214174 0.116139 0.183843 0.214174 0.116139 0.183843 0 0 0 0.0274963 0.0037368 0.44423 0.3 0.3
50 2 76.4503 0 -0 0 -0 1.3048 0.726322 -0.00175311 0.00725197 1.24401 0.803298 0 0 0.000963628 -0.0623137 0.302606 0.000963628 -0.0623137 0.302606 0 0 0 -0.0138163 -0.00365021 -0.0144792 0.3 0.3
50 0 76.5003 0 -0 0 -0 -1.07578 -1.04866 0.0214381 0.0276169 -1.05863 -1.04468 0 0 0.0919462 0.0744268 0.174392 0.0919462 0.0744268 0.174392 0 0 0 0.00361984 0.0285985 -0.0551948 0.3 0.3
50 1 76.5003 0 -0 0 -0 0.592265 1.3087 0.0018762 -0.217662 0.637314 1.17898 0 0 0.214174 0.116139 0.183843 0.214174 0.116139 0.183843 0 0 0 0.0243312 0.00125254 0.438884 0.3 0.3
50 2 76.5003 0 -0 0 -0 1.30472 0.726351 -0.00174417 0.00674326 1.24401 0.803298 0 0 0.000963628 -0.0623137 0.302606 0.000963628 -0.0623137 0.302606 0 0 0 -0.0083139 -0.000887184 -0.0134831 0.3 0.3
50 0 76.5503 0 -0 0 -0 -1.07587 -1.04857 0.0212914 0.0266362 -1.05863 -1.04468 0 0 0.0919462 0.0744268 0.174392 0.0919462 0.0744268 0.174392 0 0 0 0.00391969 0.0333363 -0.0532209 0.3 0.3
50 1 76.5503 0 -0 0 -0 0.592237 1.3087 0.0018994 -0.218395 0.637314 1.17898 0 0 0.214174 0.116139 0.183843 0.214174 0.116139 0.183843 0 0 0 0.0247722 -0.000805475 0.440363 0.3 0.3
50 2 76.5503 0 -0 0 -0 1.30473 0.726482 -0.00158564 0.00654974 1.24401 0.803298 0 0 0.000963628 -0.0623137 0.302606 0.000963628 -0.0623137 0.302606 0 0 0 -0.018196 -0.0091701 -0.0130168 0.3 0.3
50 0 76.6003 0 -0 0 -0 -1.07589 -1.04858 0.0212635 0.0272092 -1.05863 -1.04468 0 0 0.0919462 0.0744268 0.174392 0.0919462 0.0744268 0.174392 0 0 0 0.00536539 0.0360431 -0.0543374 0.3 0.3
50 1 76.6003 0 -0 0 -0 0.592181 1.3088 0.00182959 -0.216946 0.637314 1.17898 0 0 0.214174 0.116139 0.183843 0.214174 0.116139 0.183843 0 0 0 0.0216995 0.000122558 0.437396 0.3 0.3
50 2 76.6003 0 -0 0 -0 1.30471 0.726366 -0.00170045 0.00644968 1.24401 0.803298 0 0 0.000963628 -0.0623137 0.302606 0.000963628 -0.0623137 0.302606 0 0 0 -0.0101588 4.68031e-06 -0.0128996 0.3 0.3
