px py yaw vaim_x vaim_y vset_x vset_y min_dist
-0.85433 -1.67669 0.0433657 0 0 -0.399 0 0
-0.85433 -1.67669 0.0432548 0 0 -0.399 0 0
-0.854318 -1.67669 0.0433129 0 0 -0.399 0 0
-0.854343 -1.67669 0.043315 0 0 -0.399 0 0
-0.854325 -1.6767 0.0432759 0 0 -0.399 0 0
-0.854338 -1.67669 0.0432488 0 0 -0.399 0 0
-0.854319 -1.6767 0.0432927 0 0 -0.399 0 0
-0.854344 -1.67669 0.0432309 0 0 -0.399 0 0.948
-0.85433 -1.6767 0.0433151 0 0 0 -0 0.948
-0.854345 -1.67669 0.0431982 0 0 0 -0 0.948
-0.854295 -1.67667 0.043 0 0 0 -0 0.948
-0.854349 -1.67668 0.0432529 0 0 0 -0 0.950006
-0.854295 -1.67667 0.0429426 0 0 0 -0 0.950006
-0.854352 -1.67668 0.0432342 0 0 0 -0 0.949999
-0.854321 -1.6767 0.0432319 0 0 0 -0 0.949999
-0.854347 -1.67669 0.04329 0 0 0 -0 0.950001
-0.854339 -1.67668 0.0432514 0 0 0 -0 0.95
-0.854339 -1.67669 0.0432957 0 0 0 -0 0.95
-0.854357 -1.67669 0.043243 0 0 0 -0 0.948001
-0.854321 -1.6767 0.0432792 0 0 0 -0 0.948001
-0.854347 -1.67669 0.0432242 0 0 0 -0 0.95
-0.854336 -1.67669 0.0432886 0 0 0 -0 0.95
-0.854338 -1.67669 0.043299 0 0 0 -0 0.95
-0.85435 -1.67669 0.04324 0 0 0 -0 0.950001
-0.854304 -1.67668 0.0429261 0 0 0 -0 0.950001
-0.854353 -1.67669 0.0432646 0 0 0 -0 0.949998
-0.85433 -1.6767 0.0432728 0 0 0 -0 0.950001
-0.854341 -1.6767 0.043257 0 0 0 -0 0.950001
-0.854364 -1.67668 0.0432978 0 0 0 -0 0.950002
-0.854308 -1.67668 0.0430018 0 0 0 -0 0.950002
-0.854348 -1.6767 0.0433342 0 0 0 -0 0.949997
-0.85434 -1.67669 0.0432467 0 0 0 -0 0.948002
-0.854324 -1.6767 0.0432156 0 0 0 -0 0.948002
-0.854366 -1.67669 0.0432598 0 0 0 -0 0.95
-0.854335 -1.6767 0.0432292 0 0 0 -0 0.949999
-0.854332 -1.6767 0.0432949 0 0 0 -0 0.949999
-0.854339 -1.67669 0.0431972 0 0 0 -0 0.950002
-0.854325 -1.67671 0.0431716 0 0 0 -0 0.949998
-0.854339 -1.67671 0.0432898 0 0 0 -0 0.949998
-0.854357 -1.67669 0.0432384 0 0 0 -0 0.949997
-0.854332 -1.67671 0.0432067 0 0 0 -0 0.948004
-0.854356 -1.6767 0.043312 0 0 0 -0 0.948004
-0.854348 -1.67669 0.0432428 0 0 0 -0 0.950004
-0.854316 -1.6767 0.0432266 0 0 0 -0 0.950004
-0.854342 -1.67669 0.0433092 1.38905 -0.00162053 1.38905 -0.00162053 0.949996
-0.854342 -1.6767 0.0432908 1.38905 -0.0012069 1.38905 -0.0012069 0.949999
-0.854325 -1.67671 0.0432689 1.38907 -0.00103415 1.38907 -0.00103415 0.949999
-0.854355 -1.67671 0.0433388 1.38907 -0.00103415 1.38907 -0.00103415 0.949998
-0.854344 -1.6767 0.0432819 1.38905 -0.00104135 1.38905 -0.00104135 0.950005
-0.854331 -1.67671 0.0432561 1.38909 -0.000870661 1.38909 -0.000870661 0.950005
-0.854361 -1.6767 0.0433733 1.38909 -0.000870661 1.38909 -0.000870661 0.95
-0.854351 -1.67669 0.0433258 1.38909 -0.00159013 1.38909 -0.00159013 0.949998
-0.854318 -1.6767 0.0431978 1.38909 -0.00151818 1.38909 -0.00151818 0.949998
-0.854348 -1.67669 0.043275 1.38908 -0.00135667 1.38908 -0.00135667 0.950001
-0.854345 -1.67669 0.0432767 1.38908 -0.00109665 1.38908 -0.00109665 0.949999
-0.854328 -1.67671 0.0432527 1.3891 -0.000846876 1.3891 -0.000846876 0.949999
-0.854357 -1.67671 0.0433575 1.38906 -0.000686048 1.38906 -0.000686048 0.949997
-0.854354 -1.6767 0.0433066 1.38906 -0.000832462 1.38906 -0.000832462 0.950003
-0.854316 -1.67668 0.0429872 1.38909 -0.00121004 1.38909 -0.00121004 0.950003
-0.854356 -1.67671 0.0433298 1.38909 -0.00121004 1.38909 -0.00121004 0.950002
-0.854348 -1.67669 0.0433163 1.38907 -0.000848166 1.38907 -0.000848166 0.949993
-0.854323 -1.6767 0.0432074 1.38907 -0.00105501 1.38907 -0.00105501 0.949993
-0.854349 -1.6767 0.0433528 1.38905 -0.00123416 1.38905 -0.00123416 0.950003
-0.854339 -1.67668 0.043295 1.38905 -0.00136038 1.38905 -0.00136038 0.949999
-0.854341 -1.6767 0.0432202 1.38905 -0.000571494 1.38905 -0.000571494 0.95
-0.854345 -1.6767 0.0432962 1.38909 -0.000679451 1.38909 -0.000679451 0.95
-0.85435 -1.67669 0.0432763 1.38908 -0.00129594 1.38908 -0.00129594 0.95
-0.854332 -1.67669 0.043238 1.3891 -0.0015017 1.3891 -0.0015017 0.951999
-0.854331 -1.67669 0.0432761 1.3891 -0.0015017 1.3891 -0.0015017 0.951999
-0.854351 -1.67668 0.0432923 1.38907 -0.00144929 1.38907 -0.00144929 0.95
-0.854333 -1.6767 0.0432744 1.38907 -0.00136719 1.38907 -0.00136719 0.95
-0.854327 -1.6767 0.0431425 1.38907 -0.00136719 1.38907 -0.00136719 0.95
-0.84953 -1.67763 0.0520813 1.38907 -0.000690224 1.38907 -0.000690224 0.949998
-0.830025 -1.67968 0.0569353 1.38907 -0.00115686 1.38907 -0.00115686 0.951997
-0.795198 -1.6835 0.0372445 1.38814 -0.00276028 1.38814 -0.00276028 0.951997
-0.745841 -1.68861 0.00416271 1.38814 -0.00277762 1.38814 -0.00277762 0.96061
-0.685688 -1.6947 -0.0217618 1.39432 -0.000999197 1.39432 -0.000999197 0.984158
-0.619033 -1.70141 -0.0292772 1.3943 0.00792512 1.3943 0.00792512 0.984158
-0.549095 -1.70802 -0.0304668 1.3943 0.00792512 1.3943 0.00792512 1.01801
-0.478003 -1.71418 -0.0314062 1.37691 0.10054 1.37691 0.10054 1.07054
-0.406889 -1.71933 -0.0295918 1.37691 0.10054 1.37691 0.10054 1.07054
-0.336378 -1.72177 -0.0239834 1.39149 0.16125 1.39149 0.16125 1.12962
-0.265042 -1.72318 -0.0145546 1.39106 0.164951 1.39106 0.164951 1.1891
-0.193691 -1.7221 -0.00879067 1.37537 0.171227 1.37537 0.171227 1.1891
-0.122262 -1.7198 -0.00168804 1.37473 0.176277 1.37473 0.176277 1.14126
-0.051269 -1.71669 0.011566 1.41886 0.15801 1.41886 0.15801 1.02967
0.0202115 -1.71259 0.0273831 1.38162 0.149923 1.38162 0.149923 1.02967
0.0929887 -1.70797 0.0426673 1.38162 0.14991 1.38162 0.14991 0.929021
0.165056 -1.70184 0.049847 1.40372 0.130185 1.40372 0.130185 0.929021
0.237437 -1.69514 0.0576794 1.40372 0.130185 1.40372 0.130185 0.829536
0.309642 -1.68805 0.0649745 1.40789 0.0594582 1.40789 0.0594582 0.722933
0.382036 -1.68054 0.0701369 1.40765 0.0648253 1.29481 0.118349 0.722933
0.453434 -1.67423 0.0731738 1.42649 0.048542 1.29196 0.11235 0.628534
0.521156 -1.66659 0.0767749 1.42625 0.0549126 1.19689 0.193487 0.544187
0.587169 -1.65806 0.079868 1.42625 0.0549126 1.19689 0.193487 0.544187
0.649488 -1.64715 0.0812707 1.34775 0.137766 1.16282 0.275609 0.471552
0.710862 -1.63462 0.0868755 1.34693 0.145527 1.06862 0.2662 0.471552
0.770034 -1.6194 0.0939336 1.33789 0.26427 1.06862 0.2662 0.426343
0.825863 -1.60377 0.10547 1.3414 0.245814 0.988168 0.22149 0.409254
0.87992 -1.58843 0.120133 1.33379 0.28307 0.916853 0.145829 0.409254
0.929963 -1.57435 0.136819 1.33379 0.28307 0.916853 0.145829 0.41018
0.977331 -1.56247 0.158674 1.33714 0.266824 0.8634 0.0560957 0.377458
1.02342 -1.55083 0.179334 1.34305 0.23528 0.809569 -0.0364157 0.377458
1.06755 -1.54268 0.200804 1.34305 0.23528 0.809569 -0.0364157 0.348069
1.10932 -1.53739 0.222712 1.28794 0.288399 0.746362 -0.107798 0.326754
1.1505 -1.5328 0.243431 1.28794 0.288399 0.746362 -0.107798 0.326754
1.1902 -1.52941 0.270674 1.25281 0.346987 0.685135 -0.146537 0.30954
1.22879 -1.52593 0.299608 1.25768 0.328911 0.632267 -0.180585 0.294397
1.26513 -1.5239 0.332664 1.25768 0.328911 0.632267 -0.180585 0.294397
1.29969 -1.52271 0.366944 1.21074 0.40571 0.582308 -0.186778 0.28231
1.33375 -1.52075 0.401276 1.21567 0.39069 0.563185 -0.184336 0.28231
1.36619 -1.51859 0.439403 1.21995 0.448846 0.563185 -0.184336 0.27226
1.39388 -1.51595 0.476381 1.22489 0.4352 0.568188 -0.162623 0.26254
1.42754 -1.51147 0.521211 1.22976 0.42122 0.582722 -0.13961 0.26254
1.45855 -1.50484 0.560599 1.22976 0.42122 0.582722 -0.13961 0.255158
1.48855 -1.49589 0.599478 1.2336 0.409851 0.566252 -0.074318 0.252271
1.51816 -1.4847 0.640318 1.29332 0.45478 0.566252 -0.074318 0.252271
1.54241 -1.47219 0.680124 1.29505 0.449832 0.521181 -0.0130729 0.249568
1.57038 -1.4558 0.722803 1.31774 0.43609 0.465186 0.0607735 0.247662
1.59153 -1.43905 0.766867 1.31774 0.43609 0.465186 0.0607735 0.247662
1.6077 -1.42066 0.811388 1.33894 0.409883 0.440179 0.109758 0.249477
1.6234 -1.40278 0.850071 1.3376 0.414258 0.440686 0.147958 0.246896
1.63542 -1.38151 0.897917 1.36195 0.368437 0.440686 0.147958 0.246896
1.64632 -1.36064 0.928852 1.36232 0.367059 0.429411 0.171177 0.242984
1.65477 -1.33677 0.971727 1.36506 0.356724 0.501575 0.179768 0.242984
1.66364 -1.3144 1.01026 1.36406 0.276539 0.501575 0.179768 0.237977
1.67217 -1.28918 1.04261 1.36611 0.266265 0.468439 0.179784 0.235353
1.68031 -1.26296 1.07061 1.37881 0.225557 0.466539 0.176122 0.235353
1.68643 -1.23619 1.09339 1.37881 0.225557 0.466539 0.176122 0.238743
1.69141 -1.21093 1.12104 1.37842 0.21702 0.466317 0.175266 0.242419
1.69642 -1.18538 1.14824 1.37773 0.221354 0.446564 0.175881 0.242419
1.70066 -1.16025 1.17548 1.37773 0.221354 0.446564 0.175881 0.246147
1.7039 -1.13495 1.19874 1.37585 0.208544 0.453734 0.160355 0.250969
1.70613 -1.11034 1.21858 1.37653 0.203994 0.457892 0.158163 0.250969
1.70793 -1.0856 1.23853 1.34399 0.190195 0.457892 0.158163 0.250196
1.7107 -1.06112 1.25794 1.34688 0.168564 0.498977 0.127933 0.250958
1.71256 -1.0361 1.27523 1.34987 0.154935 0.535997 0.107883 0.250958
1.71553 -1.00999 1.29064 1.34987 0.154935 0.535997 0.107883 0.252107
1.71993 -0.982136 1.30304 1.35152 0.139771 0.495018 0.110171 0.252846
1.72499 -0.953647 1.32811 1.3209 0.121905 0.4657 0.110043 0.252846
1.727 -0.928147 1.3336 1.3209 0.121905 0.4657 0.110043 0.257793
1.72877 -0.903631 1.34471 1.34678 0.145217 0.423558 0.133085 0.258612
1.72999 -0.879764 1.35551 1.34422 0.167249 0.387666 0.133343 0.258612
1.72951 -0.857256 1.36769 1.34422 0.167249 0.387666 0.133343 0.256646
1.72802 -0.83622 1.38071 1.34679 0.145133 0.411983 0.120853 0.255366
1.72691 -0.815245 1.38914 1.34521 0.136457 0.400886 0.112753 0.255366
1.72566 -0.793593 1.40018 1.35727 0.130234 0.400886 0.112753 0.252453
1.72537 -0.771368 1.40836 1.36033 0.0930643 0.426741 0.0929895 0.248694
1.72459 -0.749701 1.41532 1.3623 0.0573928 0.459228 0.0633569 0.248694
1.72473 -0.727366 1.42342 1.3623 0.0573928 0.459228 0.0633569 0.246796
1.72623 -0.703469 1.42897 1.35139 0.000520518 0.528264 0.0164632 0.245206
1.7285 -0.679053 1.43458 1.351 -0.032645 0.599541 -0.0216775 0.245206
1.73394 -0.651694 1.44074 1.35619 -0.0335744 0.599541 -0.0216775 0.244865
1.7399 -0.621032 1.44377 1.36008 -0.0660262 0.57409 -0.0984139 0.249489
1.74748 -0.590296 1.44656 1.3591 -0.0838103 0.564234 -0.18436 0.249489
1.75758 -0.561962 1.45241 1.35319 -0.0857465 0.564234 -0.18436 0.256378
1.77062 -0.53453 1.45588 1.35244 -0.0968621 0.527174 -0.206768 0.268962
1.78405 -0.507373 1.45594 1.33899 -0.0937166 0.527174 -0.206768 0.268962
1.79803 -0.481554 1.46 1.33943 -0.0871629 0.510387 -0.203799 0.27388
1.81165 -0.455718 1.46528 1.33441 -0.071823 0.483549 -0.16767 0.259516
1.82549 -0.431384 1.4672 1.33454 -0.0693178 0.454347 -0.128566 0.259516
1.8366 -0.407395 1.48051 1.33454 -0.0693178 0.454347 -0.128566 0.253508
1.84595 -0.384746 1.48573 1.33469 -0.0396677 0.42814 -0.0956596 0.252181
1.85434 -0.362588 1.4902 1.33469 -0.0396677 0.42814 -0.0956596 0.252181
1.8622 -0.34053 1.49808 1.33519 -0.0155452 0.395099 -0.0656654 0.252052
1.86929 -0.319324 1.50627 1.33527 0.00415531 0.368844 -0.048531 0.249602
1.87469 -0.299299 1.515 1.35498 0.0195937 0.368844 -0.048531 0.249602
1.87873 -0.281133 1.5146 1.36563 0.0528987 0.343685 -0.0290385 0.245586
1.88257 -0.262719 1.52934 1.37946 0.0772907 0.334677 -0.014355 0.240221
1.8858 -0.245135 1.53414 1.35443 0.07104 0.334677 -0.014355 0.240221
1.88902 -0.228018 1.55391 1.35339 0.0887321 0.327213 -0.00019757 0.232788
1.89081 -0.210731 1.56578 1.37701 0.122797 0.321052 0.0163824 0.228978
1.89224 -0.194154 1.57477 1.37701 0.122797 0.321052 0.0163824 0.228978
1.89212 -0.176982 1.59374 1.36001 0.135534 0.345363 0.0267458 0.226359
1.89185 -0.160094 1.6051 1.35774 0.156624 0.364573 0.0450077 0.225664
1.89071 -0.142524 1.61899 1.35611 0.170225 0.418756 0.0696455 0.225664
1.8891 -0.123226 1.62774 1.36242 0.172923 0.418756 0.0696455 0.223742
1.88612 -0.101184 1.64517 1.36098 0.183896 0.492116 0.112164 0.223412
1.88263 -0.0779333 1.65412 1.38686 0.190898 0.621226 0.183918 0.223412
1.87619 -0.0518909 1.67095 1.38686 0.190898 0.621226 0.183918 0.224789
1.86798 -0.0218361 1.67442 1.36075 0.172623 0.686057 0.195103 0.22897
1.85864 0.00994982 1.68379 1.36295 0.15428 0.694058 0.145644 0.22897
1.84802 0.0444168 1.70235 1.36315 0.154283 0.694058 0.145644 0.237639
1.83904 0.079044 1.71414 1.35305 0.12262 0.69974 0.0858145 0.255343
1.82874 0.115201 1.72352 1.3553 0.0946598 0.685502 0.0290366 0.255343
1.82172 0.151221 1.73449 1.36502 0.0938148 0.685502 0.0290366 0.284809
1.81644 0.186347 1.74683 1.36531 0.0896181 0.630529 0.0105552 0.303699
1.81184 0.22112 1.75674 1.37224 0.0958945 0.579433 0.00369025 0.303699
1.80673 0.252744 1.76988 1.37224 0.0958945 0.579433 0.00369025 0.293877
1.8029 0.282111 1.78223 1.37263 0.0900712 0.531068 -0.00245703 0.286103
1.79867 0.310997 1.79176 1.37211 0.0976376 0.485451 0.00383603 0.286103
1.79418 0.337768 1.80381 1.37211 0.0976376 0.485451 0.00383603 0.277845
1.78962 0.36216 1.81492 1.34292 0.0956768 0.456906 -0.00741189 0.272633
1.78501 0.386498 1.82997 1.34295 0.0951906 0.394302 0.00901895 0.272633
1.78011 0.410041 1.84439 1.35443 0.143998 0.394302 0.00901895 0.26479
1.77521 0.429979 1.85898 1.35626 0.125618 0.357477 0.00528833 0.254599
1.77088 0.449029 1.8801 1.32917 0.108539 0.323563 0.00140428 0.254599
1.76632 0.466705 1.89965 1.32917 0.108539 0.323563 0.00140428 0.24649
1.76193 0.483341 1.92411 1.3308 0.0863011 0.305751 -0.00658442 0.241266
1.75704 0.499019 1.94486 1.36252 0.150585 0.312965 -0.0224439 0.241266
1.75257 0.514474 1.96625 1.36252 0.150585 0.312965 -0.0224439 0.233234
1.74838 0.529993 1.99502 1.32658 0.0924944 0.344506 -0.0409068 0.228957
1.74385 0.546244 2.01952 1.32721 0.0829374 0.434534 -0.0761647 0.228957
1.73897 0.565094 2.04204 1.33109 0.0797058 0.434534 -0.0761647 0.221897
1.73288 0.587019 2.06396 1.33187 0.0654118 0.696513 -0.144361 0.218652
1.7261 0.612859 2.08785 1.31383 0.0386579 0.878153 -0.14425 0.218652
1.71746 0.648187 2.09812 1.3137 0.0445569 0.878153 -0.14425 0.21885
1.70546 0.689181 2.12009 1.31354 0.0490347 0.869577 -0.0521049 0.22695
1.69014 0.731793 2.14188 1.34216 0.130296 0.844128 0.00113794 0.22695
1.67012 0.772004 2.16863 1.34216 0.130296 0.844128 0.00113794 0.242062
1.64863 0.809704 2.19386 1.34182 0.201989 0.823061 0.0946157 0.266273
1.62455 0.845852 2.22353 1.33406 0.248155 0.811503 0.162671 0.266273
1.59807 0.878283 2.26116 1.33312 0.325521 0.811503 0.162671 0.300077
1.56886 0.907963 2.29271 1.32202 0.390202 0.791021 0.206384 0.317519
1.53779 0.936572 2.32683 1.31557 0.411421 0.766579 0.222565 0.317519
1.50525 0.96221 2.36149 1.32632 0.423609 0.766579 0.222565 0.326381
1.4721 0.985171 2.39649 1.32352 0.432269 0.774462 0.205209 0.305803
1.43753 1.0072 2.4325 1.29577 0.367132 0.757722 0.181163 0.305803
1.40279 1.02852 2.46562 1.29577 0.367132 0.757722 0.181163 0.298008
1.36848 1.04911 2.49739 1.3066 0.349596 0.795422 0.125734 0.305079
1.33388 1.06937 2.53103 1.30467 0.356716 0.807879 0.0521636 0.305079
1.29839 1.09131 2.56558 1.30467 0.356716 0.807879 0.0521636 0.310481
1.26309 1.11448 2.59516 1.23502 0.266373 0.752114 0.0643693 0.313933
1.22801 1.13678 2.62891 1.23415 0.270402 0.687671 0.100861 0.313933
1.19441 1.15502 2.65907 1.35669 0.321136 0.687671 0.100861 0.309869
1.16107 1.17046 2.68686 1.35506 0.327973 0.578055 0.169777 0.300977
1.12786 1.18374 2.71351 1.36446 0.322066 0.578055 0.169777 0.300977
1.09755 1.19191 2.74181 1.36144 0.334581 0.484417 0.217789 0.29797
1.06768 1.19789 2.77116 1.35203 0.370784 0.400265 0.266908 0.297799
1.04092 1.19924 2.79883 1.35205 0.3391 0.402918 0.24119 0.297799
1.01728 1.19708 2.82355 1.33402 0.404256 0.344718 0.305257 0.291917
0.994643 1.19409 2.84437 1.29006 0.472736 0.316315 0.332141 0.274305
0.973466 1.18835 2.86529 1.29006 0.472736 0.316315 0.332141 0.274305
0.953318 1.18031 2.88041 1.33002 0.514607 0.290061 0.348557 0.258456
0.935564 1.17224 2.89627 1.31385 0.554604 0.280976 0.369067 0.258456
0.914733 1.16095 2.91311 1.31385 0.554604 0.280976 0.369067 0.245847
0.896565 1.14965 2.93154 1.29543 0.531471 0.280923 0.390772 0.240497
0.87819 1.13781 2.94867 1.28999 0.544558 0.291 0.415077 0.240497
0.859627 1.12538 2.96003 1.32001 0.490942 0.291 0.415077 0.239736
0.841406 1.11183 2.97154 1.3209 0.488535 0.320132 0.430683 0.24256
0.82298 1.09765 2.98377 1.32431 0.479204 0.339996 0.40426 0.24256
0.803766 1.08256 2.99444 1.32431 0.479204 0.339996 0.40426 0.24756
0.78367 1.06872 3.00349 1.35518 0.419583 0.369517 0.450782 0.252949
0.763233 1.05478 3.01236 1.36627 0.339665 0.352633 0.360006 0.252949
0.742906 1.04023 3.0118 1.36627 0.339665 0.352633 0.360006 0.26038
0.722619 1.02644 3.01342 1.38613 0.291304 0.389752 0.457741 0.267463
0.701979 1.01271 3.0166 1.38957 0.274441 0.406719 0.472078 0.267463
0.680525 0.997549 3.01211 1.40429 0.241971 0.406719 0.472078 0.273175
0.657521 0.98072 3.01333 1.40672 0.227399 0.409175 0.483471 0.27823
0.633927 0.963239 3.01702 1.42201 0.188029 0.541546 0.524009 0.27823
0.608878 0.945515 3.01718 1.39787 0.175601 0.541546 0.524009 0.284781
0.580571 0.927099 3.01667 1.40119 0.146814 0.60465 0.421433 0.289998
0.550475 0.909319 3.01524 1.41207 0.0712987 0.656215 0.300002 0.289998
0.518194 0.895263 3.00952 1.41207 0.0712987 0.656215 0.300002 0.298121
0.483654 0.885673 3.00005 1.46579 -0.0203877 0.693688 0.169994 0.312995
0.448886 0.878799 2.98992 1.46335 -0.0869471 0.737257 0.0412173 0.312995
0.413244 0.877443 2.98609 1.4452 -0.101828 0.737257 0.0412173 0.326415
0.376972 0.88177 2.98016 1.43969 -0.16214 0.766108 -0.059894 0.307879
0.340086 0.889014 2.97027 1.43285 -0.214284 0.816207 -0.15853 0.307879
0.30204 0.900473 2.9625 1.47072 -0.200368 0.816207 -0.15853 0.298442
0.263682 0.915976 2.94955 1.46645 -0.229576 0.86586 -0.22011 0.296606
0.225462 0.932974 2.94227 1.47603 -0.210398 0.86586 -0.22011 0.296606
0.185989 0.95266 2.93159 1.47469 -0.21957 0.825137 -0.190922 0.301673
0.145836 0.973041 2.92555 1.4339 -0.136588 0.711713 -0.105794 0.312022
0.107767 0.991566 2.91725 1.4339 -0.136588 0.711713 -0.105794 0.312022
0.0737501 1.00642 2.91332 1.43431 -0.12947 0.341605 -0.219361 0.281467
0.0436297 1.01982 2.90352 1.4332 -0.0980195 0.216408 -0.208169 0.227727
0.0245748 1.03034 2.88752 1.4332 -0.0980195 0.216408 -0.208169 0.227727
0.0140378 1.04045 2.88756 1.45 -0.0840754 0.102021 -0.188317 0.198966
0.00690549 1.05129 2.89059 1.44392 -0.157032 0.0470062 -0.225983 0.198966
0.00340592 1.06106 2.89753 1.39218 -0.102838 0.0446656 -0.189653 0.1831
0.00247893 1.07015 2.90471 1.38714 -0.156794 0.0109044 -0.222331 0.175411
0.00277105 1.07901 2.91333 1.43488 -0.128214 -0.00635398 -0.178119 0.175411
0.00366743 1.08741 2.91712 1.42175 -0.122751 -0.00655862 -0.172209 0.175072
0.00533182 1.0955 2.92851 1.42269 -0.111311 -0.00816264 -0.167024 0.177882
0.00675927 1.10226 2.93706 1.42131 -0.10528 -0.0110101 -0.0611597 0.177882
0.00807558 1.1084 2.94487 1.42131 -0.10528 -0.0110101 -0.0611597 0.177732
0.00855804 1.11126 2.95191 1.41988 -0.135537 -0.010013 -0.0711197 0.181834
0.00885041 1.11182 2.95684 1.42081 -0.12544 -0.0101073 -0.0326175 0.181834
0.00902413 1.11259 2.96322 1.42201 -0.133397 -0.0101073 -0.0326175 0.182837
0.00901003 1.11332 2.9669 1.42143 -0.139444 -0.00512756 -0.0473046 0.182959
0.00940545 1.11436 2.97029 1.42055 -0.148171 -0.0020778 -0.0940365 0.182959
0.00967676 1.11663 2.97711 1.41828 -0.172078 -0.00298951 -0.117996 0.181974
0.0102636 1.12042 2.98152 1.41702 -0.182133 -0.00273488 -0.139682 0.18597
0.0112128 1.12587 2.9895 1.41769 -0.180729 -0.00393445 -0.107968 0.18597
0.0120884 1.13182 2.99491 1.41769 -0.180729 -0.00393445 -0.107968 0.185967
0.0123854 1.13582 3.00009 1.41748 -0.189798 0.000209378 -0.127577 0.186907
0.0128565 1.14031 3.00659 1.41818 -0.187744 0.000147052 -0.0774578 0.186907
0.0133443 1.14492 3.01167 1.41818 -0.187744 0.000147052 -0.0774578 0.188867
0.0137666 1.14878 3.0169 1.41747 -0.199959 -0.0042674 -0.091334 0.189906
0.0140829 1.15224 3.02358 1.41356 -0.225937 0.0215591 -0.298986 0.188917
0.0144522 1.15931 3.02408 1.41329 -0.228603 0.0215591 -0.298986 0.188917
0.0146783 1.17159 3.02946 1.41261 -0.232774 0.0282661 -0.291567 0.189955
0.0150495 1.18523 3.03777 1.41193 -0.238513 0.0540038 -0.286963 0.192886
0.0149978 1.19884 3.03985 1.41193 -0.238513 0.0540038 -0.286963 0.192886
0.0135578 1.21213 3.04939 1.4123 -0.236337 0.0823967 -0.267565 0.195521
0.011491 1.22548 3.05848 1.35619 -0.217954 0.111984 -0.254321 0.201217
0.0085949 1.23842 3.0595 1.35619 -0.217954 0.111984 -0.254321 0.201217
0.00364789 1.25117 3.07645 1.42026 -0.158678 0.150965 -0.225795 0.207158
-0.00217914 1.26356 3.0871 1.42309 -0.130914 0.170491 -0.192565 0.210964
-0.00908897 1.27452 3.09209 1.4175 -0.103199 0.189674 -0.164935 0.210964
-0.0164508 1.28512 3.09476 1.4175 -0.103199 0.189674 -0.164935 0.213942
-0.0259472 1.29405 3.10734 1.40517 -0.0797373 0.210575 -0.144417 0.217074
-0.0356172 1.30233 3.11271 1.39797 -0.0534456 0.221709 -0.119227 0.217074
-0.0453872 1.31027 3.12375 1.39797 -0.0534456 0.221709 -0.119227 0.217392
-0.0562382 1.31712 3.13198 1.43501 -0.0148368 0.230483 -0.092889 0.210952
-0.0670057 1.32347 3.1353 1.43495 0.0195229 0.216944 -0.0529911 0.210952
-0.0782663 1.32865 -3.14078 1.40976 0.014828 0.216944 -0.0529911 0.209463
-0.0898129 1.33212 -3.13305 1.40923 0.0416365 0.200468 -0.0247061 0.208925
-0.10013 1.33486 -3.12123 1.39454 0.0730268 0.181388 0.00116759 0.208925
-0.110032 1.33657 -3.11277 1.42382 0.0755117 0.181388 0.00116759 0.211426
-0.119533 1.33739 -3.10604 1.42136 0.112737 0.165183 0.0235529 0.210588
-0.126436 1.33772 -3.09928 1.39171 0.139782 0.154484 0.0392858 0.210588
-0.136592 1.3373 -3.08822 1.39171 0.139782 0.154484 0.0392858 0.199906
-0.144291 1.33599 -3.08281 1.42392 0.153245 0.142664 0.0470361 0.192036
-0.152347 1.33483 -3.07733 1.42337 0.158295 0.139279 0.0563992 0.192036
-0.159285 1.3332 -3.07339 1.39986 0.164272 0.139279 0.0563992 0.187555
-0.166078 1.33072 -3.06917 1.39922 0.169646 0.139403 0.0609329 0.184674
-0.172998 1.32863 -3.06477 1.40076 0.156464 0.145116 0.0617905 0.18517
-0.18004 1.32638 -3.05923 1.42729 0.164921 0.145116 0.0617905 0.18517
-0.186738 1.3238 -3.05641 1.42895 0.149878 0.167178 0.0633811 0.186286
-0.194463 1.32124 -3.05124 1.41022 0.145978 0.195518 0.0638627 0.189051
-0.202402 1.31846 -3.05068 1.41236 0.123591 0.242711 0.0606163 0.189051
-0.212768 1.31539 -3.04474 1.39175 0.128094 0.242711 0.0606163 0.192285
-0.22392 1.31315 -3.04531 1.39306 0.112973 0.336292 0.0650162 0.196845
-0.23765 1.31061 -3.04279 1.38638 0.176999 0.574988 0.0771964 0.196845
-0.256329 1.30765 -3.04583 1.40646 0.178047 0.574988 0.0771964 0.200802
-0.282593 1.30408 -3.0522 1.41486 0.0894777 1.2179 0.0923262 0.207591
-0.316309 1.29992 -3.05571 1.43058 0.0745136 1.17733 0.0208186 0.207591
-0.362516 1.29545 -3.06363 1.43058 0.0745136 1.17733 0.0208186 0.217072
-0.417231 1.29278 -3.07152 1.37964 0.0877914 1.08668 0.0256305 0.236563
-0.475983 1.28964 -3.07687 1.38175 0.0435543 0.957243 -0.0660652 0.236563
-0.531557 1.28755 -3.07449 1.38789 0.0688646 0.9515 -0.0438245 0.271458
-0.581676 1.28836 -3.07975 1.36249 0.133277 0.775783 -0.034236 0.327176
-0.630511 1.28848 -3.06053 1.35915 0.163834 0.632935 -0.0600714 0.327176
-0.670364 1.29015 -3.05754 1.38231 0.300582 0.596444 0.0582846 0.388895
-0.703448 1.28899 -3.03844 1.37255 0.342401 0.441498 0.0212126 0.329656
-0.732139 1.28609 -3.01912 1.37501 0.332368 0.343723 -0.0728381 0.329656
-0.754303 1.2845 -3.00213 1.37501 0.332368 0.343723 -0.0728381 0.293533
-0.772404 1.2858 -2.97682 1.34614 0.45767 0.215652 0.043404 0.254312
-0.7877 1.28666 -2.94992 1.29995 0.54905 0.0993421 0.124538 0.254312
-0.796066 1.28296 -2.92356 1.29995 0.54905 0.0993421 0.124538 0.219859
-0.800619 1.2768 -2.90305 1.31749 0.436059 0.0771479 -0.0273324 0.220108
-0.805248 1.27112 -2.87235 1.30126 0.482335 0.04269 0.073658 0.220108
-0.809174 1.27132 -2.85064 1.35567 0.364 0.0746463 -0.0278786 0.203417
-0.811133 1.27064 -2.83363 1.31597 0.488428 -0.0048689 0.167745 0.181161
-0.813253 1.26857 -2.8073 1.32973 0.392465 -0.0356543 0.109789 0.181161
-0.811723 1.26314 -2.78555 1.32973 0.392465 -0.0356543 0.109789 0.195097
-0.810209 1.25985 -2.76121 1.31032 0.453077 -0.0185788 0.202472 0.192003
-0.807895 1.25578 -2.73452 1.34071 0.469956 -0.0108189 0.239088 0.192003
-0.804673 1.24778 -2.71134 1.34071 0.469956 -0.0108189 0.239088 0.184998
-0.801238 1.23854 -2.69462 1.35888 0.408056 -0.026752 0.244364 0.172799
-0.797225 1.22825 -2.67475 1.27645 0.619459 -0.025339 0.417092 0.172799
-0.791535 1.21671 -2.65963 1.29649 0.444092 -0.0249331 0.403785 0.189922
-0.782755 1.20087 -2.64576 1.28777 0.468795 0.0216051 0.356612 0.191999
-0.774818 1.18434 -2.63437 1.25943 0.540324 0.0340837 0.296075 0.191999
-0.768468 1.16846 -2.6297 1.31449 0.36082 0.0340837 0.296075 0.183935
-0.764667 1.15437 -2.62028 1.27328 0.48665 0.0170125 0.430985 0.20171
-0.759868 1.14022 -2.6197 1.30452 0.381699 0.0589954 0.299532 0.20171
-0.752918 1.12382 -2.61101 1.30452 0.381699 0.0589954 0.299532 0.212137
-0.74857 1.10888 -2.61116 1.31128 0.341348 0.0871374 0.291126 0.215901
-0.745949 1.0948 -2.61392 1.31057 0.344038 0.084026 0.289339 0.215901
-0.744265 1.0807 -2.61202 1.25937 0.306396 0.0855996 0.254051 0.225951
-0.742765 1.0666 -2.61378 1.26999 0.222863 0.118568 0.297764 0.236704
-0.7414 1.05251 -2.62043 1.27362 0.201106 0.18469 0.402872 0.236704
-0.740675 1.03564 -2.62199 1.26925 0.154712 0.176234 0.357235 0.235925
-0.740676 1.01596 -2.62929 1.26796 0.164932 0.244884 0.468256 0.239754
-0.741138 0.995011 -2.63941 1.26143 0.127712 0.316086 0.502896 0.239754
-0.742379 0.971128 -2.65118 1.26143 0.127712 0.316086 0.502896 0.245597
-0.74599 0.944204 -2.65944 1.25721 0.0824497 0.351044 0.407764 0.249449
-0.750694 0.915979 -2.66944 1.24067 0.0286435 0.356493 0.290984 0.249449
-0.757658 0.889727 -2.68189 1.24067 0.0286435 0.356493 0.290984 0.255587
-0.767653 0.867988 -2.69341 1.20997 -0.0903672 0.348654 0.157577 0.27595
-0.778598 0.848887 -2.70661 1.19288 -0.221913 0.334654 0.0285326 0.27595
-0.792111 0.835043 -2.72246 1.14487 -0.284317 0.334654 0.0285326 0.288174
-0.806877 0.826091 -2.7457 1.10175 -0.421554 0.305065 -0.0557447 0.269764
-0.821875 0.819727 -2.76183 1.08449 -0.475622 0.296288 -0.133656 0.269764
-0.836773 0.817303 -2.7791 1.08449 -0.475622 0.296288 -0.133656 0.248054
-0.851957 0.817808 -2.79279 1.05918 -0.529594 0.286042 -0.172146 0.233069
-0.867362 0.819282 -2.80643 1.04818 -0.479767 0.295171 -0.193046 0.233069
-0.883496 0.821497 -2.82119 1.04818 -0.479767 0.295171 -0.193046 0.223392
-0.899979 0.825145 -2.83032 1.08628 -0.400232 0.307852 -0.198532 0.216565
-0.916428 0.829169 -2.83882 1.0867 -0.399068 0.337882 -0.189918 0.216565
-0.933779 0.833279 -2.84213 1.0461 -0.392639 0.337882 -0.189918 0.215225
-0.952479 0.836625 -2.84726 1.05835 -0.358314 0.362055 -0.158323 0.214785
-0.971837 0.839529 -2.851 1.06315 -0.343817 0.444504 -0.157683 0.214785
-0.992194 0.840927 -2.85327 1.08566 -0.255152 0.444504 -0.157683 0.215241
-1.01583 0.842444 -2.85084 1.08684 -0.250075 0.603489 -0.158654 0.218828
-1.04207 0.842816 -2.84172 1.09109 -0.230829 1.02488 -0.161102 0.218828
-1.07597 0.841779 -2.8235 1.09109 -0.230829 1.02488 -0.161102 0.223281
-1.1202 0.837567 -2.82206 1.05884 -0.12744 1.05884 -0.12744 0.235366
-1.17057 0.830079 -2.81457 1.06112 -0.106803 1.06112 -0.106803 0.235366
-1.22432 0.820477 -2.79911 1.02822 -0.0967381 1.02822 -0.0967381 0.258133
-1.2783 0.808636 -2.78324 1.03078 -0.0639371 1.03078 -0.0639371 0.294564
-1.33044 0.795836 -2.76744 1.03254 -0.0217577 1.03254 -0.0217577 0.294564
-1.38182 0.780744 -2.75268 1.1717 0.556657 1.1717 0.556657 0.340702
-1.43071 0.761277 -2.72643 1.14877 0.60257 1.14877 0.60257 0.393985
-1.47465 0.731424 -2.68076 1.06302 0.750063 1.06302 0.750063 0.393985
-1.51174 0.697725 -2.64771 1.06302 0.750063 1.06302 0.750063 0.449208
-1.53732 0.667016 -2.6243 1.00084 0.841279 1.00084 0.841279 0.49728
-1.56372 0.631424 -2.59034 0.979357 0.866188 0.979357 0.866188 0.49728
-1.58968 0.589402 -2.54943 0.979357 0.866188 0.979357 0.866188 0.534803
-1.61287 0.541247 -2.50712 0.9305 0.889539 0.9305 0.889539 0.576032
-1.6325 0.488009 -2.47037 0.858769 0.958971 0.858769 0.958971 0.576032
-1.64921 0.430246 -2.42551 1.01321 0.924925 1.01321 0.924925 0.614938
-1.66154 0.369133 -2.37325 0.781599 1.12747 0.781599 1.12747 0.660432
-1.66912 0.307451 -2.33062 0.957129 0.969495 0.957129 0.969495 0.660432
-1.66779 0.255866 -2.28628 0.984003 0.92475 0.984003 0.92475 0.708659
-1.66236 0.213921 -2.24354 0.939711 0.969725 0.843584 0.926325 0.708659
-1.65858 0.158266 -2.20504 1.12543 0.765523 0.940317 0.694142 0.654542
-1.65574 0.10476 -2.16623 1.13256 0.754933 0.85684 0.659398 0.598139
-1.65479 0.0487825 -2.12271 1.19266 0.6005 0.786328 0.500336 0.598139
-1.6537 -0.00624776 -2.07971 1.19266 0.6005 0.786328 0.500336 0.531973
-1.6514 -0.060438 -2.03887 1.26426 0.513335 0.686637 0.410571 0.466529
-1.65016 -0.109145 -2.00369 1.27515 0.485657 0.68929 0.303726 0.466529
-1.6488 -0.1529 -1.96866 1.27515 0.485657 0.68929 0.303726 0.404305
-1.64633 -0.194169 -1.93436 1.30141 0.38199 0.561452 0.204396 0.349655
-1.64659 -0.232355 -1.89992 1.31089 0.34805 0.437876 0.145348 0.349655
-1.64786 -0.26397 -1.8757 1.31089 0.34805 0.437876 0.145348 0.301785
-1.64912 -0.289754 -1.85025 1.32163 0.304719 0.3411 0.0869452 0.269058
-1.64968 -0.312034 -1.82057 1.31171 0.263199 0.3411 0.0869452 0.269058
-1.65023 -0.330461 -1.78822 1.31697 0.235497 0.249511 0.066899 0.242441
-1.65042 -0.346898 -1.75986 1.31569 0.178295 0.213584 0.0293069 0.242441
-1.65056 -0.360502 -1.73548 1.32793 0.171557 0.213584 0.0293069 0.224964
-1.65135 -0.37093 -1.70989 1.33282 0.128143 0.178794 0.0058964 0.210145
-1.6525 -0.380954 -1.684 1.3365 0.0812768 0.141161 -0.00715618 0.210145
-1.65363 -0.390032 -1.66077 1.3365 0.0812768 0.141161 -0.00715618 0.202192
-1.65464 -0.397415 -1.63783 1.33798 0.0341361 0.125374 -0.0169826 0.195056
-1.65509 -0.404394 -1.61679 1.33842 -0.000983711 0.117188 -0.0271431 0.195056
-1.65566 -0.411069 -1.59536 1.33842 -0.000983711 0.117188 -0.0271431 0.190645
-1.65688 -0.417376 -1.57567 1.33403 -0.0285477 0.106185 -0.0328321 0.18622
-1.65785 -0.423514 -1.5569 1.33319 -0.0554281 0.101508 -0.0382154 0.184027
-1.65877 -0.429135 -1.54114 1.35456 -0.045593 0.101508 -0.0382154 0.184027
-1.66025 -0.434484 -1.52582 1.35386 -0.0628975 0.0980553 -0.0400093 0.181997
-1.66162 -0.43922 -1.51146 1.3292 -0.0823798 0.0897656 -0.0413515 0.181997
-1.66319 -0.444936 -1.49517 1.3292 -0.0823798 0.0897656 -0.0413515 0.181801
-1.66453 -0.449629 -1.48426 1.36025 -0.0697567 0.0970675 -0.0399486 0.180716
-1.66566 -0.453656 -1.47392 1.35348 -0.0714877 0.0922054 -0.0399301 0.182798
-1.66658 -0.45971 -1.46172 1.35348 -0.0714877 0.0922054 -0.0399301 0.182798
-1.66754 -0.464841 -1.45108 1.34128 -0.0868978 0.106818 -0.0366342 0.182433
-1.66879 -0.470222 -1.43954 1.34109 -0.089798 0.122091 -0.0380263 0.183806
-1.66988 -0.475945 -1.42767 1.35776 -0.0820423 0.122091 -0.0380263 0.183806
-1.67059 -0.482556 -1.41929 1.35861 -0.0664797 0.183023 -0.0386095 0.183565
-1.67118 -0.490261 -1.41091 1.34497 -0.0796171 0.254505 -0.0443264 0.185842
-1.67165 -0.501385 -1.40329 1.34364 -0.0995286 0.53191 -0.0574932 0.185842
-1.67235 -0.516879 -1.39399 1.34364 -0.0995286 0.53191 -0.0574932 0.186331
-1.67285 -0.540828 -1.39266 1.3438 -0.113867 1.18933 -0.0671349 0.194357
-1.67201 -0.572245 -1.38845 1.34446 -0.105756 1.34446 -0.105756 0.194357
-1.6696 -0.617619 -1.39648 1.33188 -0.109801 1.33188 -0.109801 0.204094
-1.66723 -0.674546 -1.40827 1.33287 -0.0970478 1.33287 -0.0970478 0.220995
-1.6652 -0.73883 -1.40959 1.33529 -0.0543958 1.33529 -0.0543958 0.220995
-1.66237 -0.80622 -1.40683 1.33529 -0.0543958 1.33529 -0.0543958 0.271051
-1.65753 -0.874642 -1.39863 1.33636 0.010268 1.33636 0.010268 0.34258
-1.65125 -0.943641 -1.39146 1.30804 0.250993 1.30804 0.250993 0.34258
-1.64055 -1.01106 -1.36944 1.30804 0.250993 1.30804 0.250993 0.43616
-1.62322 -1.07553 -1.33705 1.21223 0.544242 1.21223 0.544242 0.53834
-1.6 -1.13752 -1.29844 1.21223 0.544242 1.21223 0.544242 0.53834
-1.56889 -1.19337 -1.24775 1.12612 0.652181 1.12612 0.652181 0.637091
-1.53266 -1.24667 -1.21117 1.10985 0.679493 1.10985 0.679493 0.713277
-1.49216 -1.29745 -1.16261 1.06063 0.899684 1.06063 0.899684 0.713277
-1.44643 -1.34219 -1.11261 1.02375 0.915339 1.02375 0.915339 0.765844
-1.39513 -1.38069 -1.06497 1.01622 0.923697 1.01622 0.923697 0.810842
-1.33983 -1.41415 -1.01858 1.01842 0.948869 1.01842 0.948869 0.810842
-1.28156 -1.44314 -0.976879 1.01255 0.955125 1.01255 0.955125 0.833284
-1.22116 -1.46917 -0.928591 0.997397 0.904833 0.997397 0.904833 0.833284
-1.15827 -1.49155 -0.883715 0.997397 0.904833 0.997397 0.904833 0.839689
-1.09458 -1.51135 -0.836775 0.941118 0.800677 0.941118 0.800677 0.848006
-1.03058 -1.52778 -0.789598 1.1056 0.919809 1.1056 0.919809 0.848006
-0.96757 -1.54192 -0.737089 1.1056 0.919809 1.1056 0.919809 0.854747
-0.902026 -1.55408 -0.691137 1.10842 0.818895 1.10842 0.818895 0.865094
-0.838711 -1.56301 -0.649428 1.10842 0.818895 1.10842 0.818895 0.865094
-0.786919 -1.56295 -0.612675 1.16441 0.738877 1.16441 0.738877 0.881641
-0.740573 -1.55583 -0.569023 1.16305 0.741024 1.16305 0.741024 0.897789
-0.688986 -1.55181 -0.521058 1.21306 0.670565 1.21306 0.670565 0.897789
-0.635917 -1.54962 -0.498035 1.21182 0.672808 1.21182 0.672808 0.891867
-0.590921 -1.54315 -0.476327 1.21223 0.672077 1.21223 0.672077 0.891867
-0.540959 -1.54095 -0.447483 1.31695 0.527142 1.31695 0.527142 0.91443
-0.484964 -1.54436 -0.43149 1.31545 0.530877 1.31545 0.530877 0.9273
-0.423609 -1.55233 -0.413178 1.31663 0.510351 1.31663 0.510351 0.9273
-0.358351 -1.56148 -0.392415 1.31663 0.510351 1.31663 0.510351 0.97854
-0.290898 -1.57066 -0.369899 1.36167 0.442226 1.36167 0.442226 1.05261
-0.221443 -1.57798 -0.345373 1.36167 0.442226 1.36167 0.442226 1.05261
-0.151531 -1.58379 -0.32012 1.35995 0.447485 1.35995 0.447485 1.11853
-0.0801795 -1.59027 -0.296969 1.3423 0.38552 1.3423 0.38552 1.11853
-0.00864979 -1.59568 -0.268665 1.3423 0.38552 1.3423 0.38552 1.02182
0.0630289 -1.60009 -0.243862 1.34114 0.332056 1.34114 0.332056 0.919321
0.135004 -1.60324 -0.222395 1.34072 0.333738 1.34072 0.333738 0.919321
0.206004 -1.6055 -0.206009 1.39105 0.296062 1.39105 0.296062 0.831158
0.277296 -1.60676 -0.186456 1.39136 0.294607 1.39136 0.294607 0.741006
0.349072 -1.60707 -0.166212 1.35872 0.261522 1.35872 0.261522 0.741006
0.42109 -1.6078 -0.152828 1.40607 0.230733 1.31178 0.252611 0.655189
0.492708 -1.60839 -0.138445 1.40612 0.230407 1.17959 0.307755 0.655189
0.561305 -1.60693 -0.124959 1.36366 0.181933 1.16033 0.251358 0.579826
0.625641 -1.60306 -0.113235 1.36292 0.18742 1.09403 0.317952 0.509154
0.687004 -1.59871 -0.0983967 1.30766 0.297492 1.0276 0.353091 0.509154
0.7459 -1.59136 -0.0817081 1.30766 0.297492 1.0276 0.353091 0.447346
0.80214 -1.58143 -0.0588087 1.29084 0.367326 0.940911 0.317273 0.421405
0.856638 -1.56983 -0.0380418 1.29584 0.349275 0.88384 0.253015 0.421405
0.907497 -1.55857 -0.0118834 1.29584 0.349275 0.88384 0.253015 0.406207
0.95444 -1.54795 0.0158423 1.26613 0.416601 0.83688 0.161644 0.373346
1.00063 -1.53706 0.0435698 1.27407 0.391654 0.796395 0.0630421 0.373346
1.04422 -1.52946 0.0787484 1.27827 0.438687 0.796395 0.0630421 0.344058
1.08601 -1.52466 0.112361 1.28669 0.413349 0.752177 -0.0279733 0.320991
1.1271 -1.51981 0.146465 1.24042 0.44412 0.752177 -0.0279733 0.320991
1.16613 -1.51614 0.180017 1.23141 0.452982 0.691142 -0.0861932 0.301863
1.20488 -1.51244 0.218601 1.23882 0.432292 0.630857 -0.129099 0.301863
1.24068 -1.51087 0.255265 1.20421 0.480792 0.61041 -0.106956 0.287645
1.2741 -1.50935 0.296625 1.21084 0.463842 0.575855 -0.157031 0.274343
1.30627 -1.50686 0.336685 1.17194 0.431214 0.562778 -0.194458 0.274343
1.33726 -1.50503 0.379177 1.17194 0.431214 0.562778 -0.194458 0.264352
1.36858 -1.50424 0.418686 1.19133 0.459867 0.550857 -0.194461 0.254945
1.39901 -1.50232 0.45918 1.19674 0.44562 0.56892 -0.180437 0.254945
1.42996 -1.49851 0.50595 1.19674 0.44562 0.56892 -0.180437 0.246334
1.4605 -1.49312 0.546783 1.27573 0.479927 0.590993 -0.14025 0.24245
1.49091 -1.48602 0.585976 1.27835 0.472908 0.543127 -0.072318 0.24245
1.52047 -1.47602 0.630299 1.26571 0.449022 0.543127 -0.072318 0.242185
1.54683 -1.46303 0.677572 1.26583 0.448696 0.505603 0.0100653 0.241765
1.57116 -1.44856 0.721061 1.30478 0.432496 0.446629 0.0679145 0.241765
1.59147 -1.43109 0.765587 1.30478 0.432496 0.446629 0.0679145 0.244333
1.6072 -1.41331 0.807007 1.31811 0.419563 0.360285 0.113633 0.244163
1.62104 -1.39491 0.859387 1.34536 0.385042 0.381055 0.150173 0.244163
1.63038 -1.3765 0.900239 1.34536 0.385042 0.381055 0.150173 0.240019
1.63815 -1.35734 0.937003 1.37102 0.318889 0.463351 0.159984 0.234462
1.64553 -1.33634 0.972428 1.37443 0.303863 0.484448 0.163228 0.234462
1.65465 -1.31279 1.01309 1.36558 0.24565 0.484448 0.163228 0.226639
1.66367 -1.2871 1.04463 1.369 0.225797 0.483392 0.150822 0.226817
1.67176 -1.26165 1.07148 1.369 0.225797 0.483392 0.150822 0.226817
1.67912 -1.23539 1.09545 1.36942 0.223203 0.477311 0.151744 0.230188
1.6862 -1.20943 1.12865 1.36768 0.233636 0.467016 0.149031 0.235804
1.69168 -1.18412 1.15436 1.38001 0.188508 0.457126 0.154041 0.235804
1.69642 -1.15923 1.18583 1.38001 0.188508 0.457126 0.154041 0.241344
1.7003 -1.13418 1.20778 1.37907 0.195216 0.456471 0.147394 0.246499
1.70279 -1.10931 1.22698 1.37907 0.195216 0.456471 0.147394 0.246499
1.70558 -1.08442 1.25096 1.34621 0.166092 0.466456 0.132052 0.248765
1.70785 -1.05958 1.27283 1.34734 0.158809 0.507352 0.124549 0.247332
1.71026 -1.03476 1.28801 1.34945 0.139745 0.541953 0.0944124 0.247332
1.71292 -1.00813 1.30289 1.34945 0.139745 0.541953 0.0944124 0.248095
1.71753 -0.979689 1.31707 1.35168 0.116285 0.506719 0.0925523 0.250785
1.72241 -0.951039 1.33526 1.32067 0.0953391 0.506719 0.0925523 0.250785
1.72524 -0.924571 1.34751 1.3194 0.111586 0.461794 0.105125 0.253305
1.72755 -0.898474 1.35894 1.34543 0.12544 0.4306 0.114716 0.25596
1.72897 -0.874134 1.36868 1.34345 0.145121 0.397424 0.120692 0.25596
1.72882 -0.851356 1.37874 1.34345 0.145121 0.397424 0.120692 0.256322
1.72784 -0.830269 1.38705 1.34137 0.127981 0.409224 0.114168 0.254611
1.72656 -0.808947 1.40073 1.34137 0.127981 0.409224 0.114168 0.254611
1.72589 -0.787399 1.40907 1.35106 0.10762 0.417868 0.103378 0.251725
1.72549 -0.765008 1.41504 1.35285 0.0821302 0.432721 0.0856363 0.248771
1.72521 -0.742944 1.41834 1.36681 0.0434612 0.478043 0.0565829 0.248771
1.72582 -0.719759 1.42648 1.36681 0.0434612 0.478043 0.0565829 0.246273
1.72797 -0.694948 1.43161 1.3675 0.00162618 0.548269 0.0131033 0.246033
1.73094 -0.669192 1.43524 1.34605 -0.0440822 0.596408 -0.0338133 0.246033
1.73684 -0.640561 1.44295 1.34605 -0.0440822 0.596408 -0.0338133 0.246381
1.74355 -0.610306 1.4437 1.34713 -0.067628 0.57324 -0.112075 0.252071
1.75112 -0.579936 1.44734 1.34617 -0.0846903 0.559706 -0.190146 0.252071
1.76179 -0.551557 1.45006 1.3382 -0.0866123 0.559706 -0.190146 0.259164
1.77491 -0.524414 1.4563 1.33742 -0.0978098 0.522065 -0.204668 0.273091
1.78869 -0.497435 1.45672 1.3607 -0.0769204 0.501145 -0.194335 0.273091
1.80244 -0.472418 1.46162 1.35739 -0.0728168 0.501145 -0.194335 0.268965
1.81569 -0.44785 1.46806 1.35703 -0.0791386 0.484043 -0.170751 0.257428
1.82792 -0.423781 1.46969 1.35504 -0.0557417 0.449496 -0.125602 0.257428
1.83961 -0.400175 1.48198 1.35504 -0.0557417 0.449496 -0.125602 0.252704
1.84809 -0.377306 1.48839 1.35942 -0.0322754 0.422568 -0.0919482 0.252139
1.85708 -0.355383 1.49734 1.35979 -0.0063934 0.388609 -0.0603634 0.252139
1.86334 -0.33393 1.50386 1.3741 0.00845876 0.388609 -0.0603634 0.251755
1.86849 -0.314004 1.5099 1.34488 0.019164 0.366426 -0.0462639 0.248534
1.87372 -0.295035 1.52202 1.34451 0.036952 0.342124 -0.0319729 0.248534
1.87898 -0.277329 1.52342 1.35819 0.0479064 0.342124 -0.0319729 0.244236
1.8811 -0.25968 1.54363 1.3578 0.057905 0.335179 -0.0224536 0.239667
1.88307 -0.242136 1.5511 1.37674 0.0880892 0.32126 -0.00445709 0.239667
1.88697 -0.225757 1.56191 1.37674 0.0880892 0.32126 -0.00445709 0.233253
1.88876 -0.208864 1.57444 1.37366 0.108982 0.316976 0.00839924 0.229277
1.88974 -0.191825 1.58773 1.37223 0.125721 0.336131 0.0183595 0.229277
1.89028 -0.175406 1.5993 1.37223 0.125721 0.336131 0.0183595 0.226041
1.88985 -0.158514 1.6106 1.37706 0.146783 0.368786 0.0368662 0.222794
1.88956 -0.141065 1.61931 1.37539 0.161722 0.418694 0.0588179 0.222794
1.88658 -0.12114 1.63369 1.36164 0.159972 0.418694 0.0588179 0.222072
1.88505 -0.0999512 1.64458 1.35924 0.179154 0.488181 0.105945 0.221124
1.88232 -0.0795514 1.65591 1.38399 0.183847 0.614333 0.172674 0.221124
1.87406 -0.0498404 1.67294 1.38399 0.183847 0.614333 0.172674 0.222897
1.86683 -0.0200043 1.67874 1.35914 0.166506 0.686819 0.189983 0.227394
1.85765 0.0122412 1.68786 1.37192 0.156295 0.696521 0.1494 0.23704
1.84723 0.0468418 1.70411 1.37192 0.156295 0.696521 0.1494 0.23704
1.8378 0.0819872 1.7183 1.3939 0.140385 0.694009 0.0994191 0.252982
1.82754 0.117748 1.72461 1.39694 0.105876 0.692461 0.0316509 0.280686
1.8191 0.153377 1.73741 1.36176 0.0932706 0.692461 0.0316509 0.280686
1.81345 0.188844 1.74726 1.36213 0.0878207 0.639158 0.0144824 0.302856
1.80822 0.224157 1.76054 1.38729 0.101075 0.584751 -0.00475378 0.292192
1.80308 0.256539 1.7724 1.369 0.0892247 0.584751 -0.00475378 0.292192
1.79919 0.286365 1.78235 1.36957 0.0799458 0.539133 -0.0124767 0.283674
1.79508 0.315769 1.79526 1.34935 0.0865583 0.49047 -0.00648139 0.275468
1.79037 0.343299 1.80829 1.34935 0.0865583 0.49047 -0.00648139 0.275468
1.78639 0.368522 1.8202 1.33606 0.0872663 0.456088 -0.0103685 0.269293
1.78195 0.392873 1.83394 1.33673 0.0763462 0.4024 -0.0103058 0.262392
1.77731 0.416547 1.84959 1.3752 0.16337 0.4024 -0.0103058 0.262392
1.77307 0.437025 1.86421 1.37687 0.148728 0.360911 -0.000632069 0.255457
1.76873 0.456951 1.88708 1.37884 0.129151 0.322704 -0.00485401 0.247197
1.76448 0.474631 1.91011 1.32595 0.127027 0.322704 -0.00485401 0.247197
1.76008 0.490932 1.93139 1.32771 0.106998 0.308099 -0.00926411 0.240029
1.75596 0.506438 1.95613 1.35391 0.139319 0.314229 -0.0261546 0.23459
1.75181 0.521866 1.98202 1.35391 0.139319 0.314229 -0.0261546 0.23459
1.74708 0.537405 2.00611 1.31849 0.085789 0.353942 -0.0528997 0.22802
1.74224 0.554049 2.03073 1.31926 0.0730464 0.445939 -0.0802603 0.222179
1.73755 0.57382 2.05145 1.31926 0.0730464 0.445939 -0.0802603 0.222179
1.73099 0.596355 2.07338 1.32487 0.0581325 0.732674 -0.159141 0.218357
1.72345 0.623162 2.09833 1.32518 0.0506458 0.87689 -0.136972 0.217783
1.71293 0.658607 2.11942 1.34832 0.0792746 0.87689 -0.136972 0.217783
1.69861 0.699636 2.14241 1.34812 0.0824576 0.87254 -0.0313614 0.223046
1.68149 0.742333 2.16062 1.33267 0.107071 0.843309 0.00767245 0.239788
1.66081 0.781828 2.192 1.33267 0.107071 0.843309 0.00767245 0.239788
1.63822 0.818923 2.22326 1.32879 0.147613 0.821258 0.0688263 0.264911
1.6128 0.854628 2.24887 1.32111 0.277482 0.802185 0.144786 0.295522
1.58628 0.886745 2.28355 1.31112 0.321373 0.797505 0.180373 0.295522
1.55682 0.915406 2.31664 1.31159 0.33873 0.797505 0.180373 0.314174
1.52457 0.942591 2.34773 1.30558 0.361225 0.792337 0.193689 0.324234
1.49159 0.968823 2.37932 1.31736 0.388395 0.792337 0.193689 0.324234
1.45807 0.993295 2.41489 1.31385 0.400111 0.753304 0.202389 0.30801
1.42362 1.0164 2.44759 1.31945 0.381234 0.76987 0.165813 0.305811
1.38955 1.03687 2.47968 1.31945 0.381234 0.76987 0.165813 0.305811
1.35502 1.05779 2.51546 1.32056 0.377361 0.819415 0.099091 0.304332
1.31978 1.07807 2.5493 1.25463 0.28566 0.800197 0.059471 0.31067
1.28407 1.10043 2.58151 1.25463 0.28566 0.800197 0.059471 0.31067
1.24866 1.12292 2.6099 1.21884 0.245793 0.753777 0.070348 0.313462
1.21304 1.14415 2.64038 1.21818 0.249037 0.691985 0.0991724 0.308081
1.17846 1.16227 2.66942 1.38351 0.337568 0.691985 0.0991724 0.308081
1.1448 1.17695 2.69325 1.34697 0.308248 0.571947 0.171209 0.301152
1.11528 1.18857 2.7225 1.34288 0.325587 0.476218 0.22742 0.301152
1.08314 1.19567 2.75543 1.36571 0.322588 0.476218 0.22742 0.296387
1.05671 1.19746 2.77705 1.35828 0.352569 0.395185 0.249348 0.297364
1.03083 1.19769 2.80229 1.31222 0.405581 0.341704 0.302654 0.297364
1.00778 1.19518 2.82746 1.31222 0.405581 0.341704 0.302654 0.29394
0.986521 1.18987 2.85035 1.33799 0.468471 0.311456 0.326112 0.272769
0.965945 1.18255 2.87143 1.30488 0.554046 0.287968 0.348119 0.272769
0.946751 1.17385 2.8909 1.30488 0.554046 0.287968 0.348119 0.256061
0.928145 1.16387 2.9065 1.28461 0.599547 0.283417 0.375032 0.248399
0.910431 1.15362 2.91976 1.27929 0.610818 0.292025 0.385128 0.248399
0.892154 1.14255 2.93808 1.29934 0.499997 0.292025 0.385128 0.243336
0.87351 1.1302 2.95576 1.29392 0.513863 0.310011 0.40887 0.24403
0.855106 1.11735 2.97013 1.32454 0.463707 0.336256 0.42471 0.24403
0.836199 1.10383 2.98306 1.32454 0.463707 0.336256 0.42471 0.245985
0.816756 1.09003 2.99058 1.31091 0.427989 0.349776 0.406506 0.250632
0.796773 1.07626 2.99796 1.34024 0.367312 0.379926 0.443818 0.250632
0.776158 1.06209 3.00392 1.34024 0.367312 0.379926 0.443818 0.256191
0.755218 1.04716 3.0064 1.36231 0.319902 0.366584 0.355927 0.262609
0.733702 1.03175 3.01325 1.36264 0.318519 0.395927 0.461627 0.262609
0.712622 1.01746 3.01327 1.3792 0.278888 0.39501 0.456544 0.269715
0.690497 1.00153 3.02034 1.38258 0.261599 0.412669 0.467631 0.274995
0.668697 0.98486 3.01778 1.38538 0.246341 0.407705 0.480525 0.274995
0.645818 0.967516 3.01819 1.43358 0.194685 0.407705 0.480525 0.281531
0.622535 0.950124 3.01932 1.43566 0.178766 0.580392 0.490486 0.288414
0.598769 0.932759 3.01425 1.44704 0.144174 0.580392 0.490486 0.288414
0.571484 0.916196 3.00457 1.44972 0.11411 0.619162 0.389793 0.293356
0.545161 0.899438 2.99873 1.46003 0.0463043 0.665911 0.276933 0.30078
0.525435 0.882574 2.98406 1.46003 0.0463043 0.665911 0.276933 0.30078
0.504134 0.873952 2.97682 1.45759 -0.0212783 0.697791 0.165596 0.302211
0.464986 0.867253 2.96406 1.4347 -0.0858436 0.737998 0.0464846 0.302211
0.429426 0.867322 2.95541 1.4347 -0.0858436 0.737998 0.0464846 0.317483
0.392626 0.872299 2.94554 1.4824 -0.129889 0.75771 -0.0354181 0.305233
0.356017 0.880486 2.93823 1.47721 -0.17947 0.8042 -0.129591 0.305233
0.318649 0.892411 2.92966 1.4431 -0.163642 0.8042 -0.129591 0.295339
0.280878 0.908377 2.92154 1.43806 -0.203212 0.790409 -0.219283 0.293294
0.243239 0.925722 2.91777 1.45014 -0.189961 0.681851 -0.287347 0.293294
0.207382 0.945635 2.907 1.45014 -0.189961 0.681851 -0.287347 0.297455
0.175272 0.967275 2.89948 1.4481 -0.204896 0.569282 -0.323484 0.30852
0.145589 0.990027 2.88948 1.45544 -0.169838 0.496717 -0.388046 0.30852
0.120691 1.0126 2.88527 1.45544 -0.169838 0.496717 -0.388046 0.325177
0.0993234 1.036 2.87774 1.42214 -0.107028 0.468019 -0.428415 0.296013
0.0796026 1.06014 2.87526 1.41854 -0.14717 0.420862 -0.432648 0.296013
0.0613759 1.08523 2.88568 1.40161 -0.0907811 0.420862 -0.432648 0.266141
0.0449005 1.11088 2.88942 1.39821 -0.133199 0.474882 -0.392426 0.241769
0.0281826 1.13558 2.90017 1.39488 -0.164447 0.486428 -0.358118 0.241769
0.0106985 1.15999 2.9124 1.42849 -0.0917063 0.486428 -0.358118 0.226375
-0.00846525 1.18324 2.91811 1.42698 -0.11284 0.494854 -0.319372 0.238103
-0.028899 1.20537 2.92881 1.38106 -0.0446337 0.593755 -0.216146 0.238103
-0.0516789 1.22547 2.94199 1.38106 -0.0446337 0.593755 -0.216146 0.235122
-0.0778746 1.24307 2.95898 1.3868 -0.0075466 0.552427 -0.148422 0.240942
-0.10504 1.25894 2.9668 1.3861 0.044654 0.514112 -0.0506237 0.240942
-0.132401 1.27001 2.98905 1.3834 0.0484122 0.514112 -0.0506237 0.253927
-0.157925 1.27775 3.00179 1.39953 0.14486 0.523827 0.0619205 0.238716
-0.183514 1.28419 3.01771 1.39953 0.14486 0.523827 0.0619205 0.238716
-0.210024 1.28704 3.03125 1.3839 0.172375 0.495883 0.0918363 0.242534
-0.236901 1.28796 3.04452 1.37687 0.221577 0.54344 0.154404 0.243664
-0.263256 1.28679 3.05498 1.36711 0.223007 0.54344 0.154404 0.243664
-0.291307 1.28436 3.07311 1.3645 0.238426 0.921525 0.305058 0.236377
-0.32321 1.2797 3.08034 1.40478 0.228482 1.10395 0.209622 0.23973
-0.364118 1.27644 3.08379 1.36824 0.226974 1.10395 0.209622 0.23973
-0.4144 1.27453 3.08091 1.37407 0.188494 1.00551 0.132073 0.255424
-0.468565 1.27248 3.08588 1.36578 0.191476 0.887483 0.124608 0.28415
-0.520076 1.27026 3.09673 1.36578 0.191476 0.887483 0.124608 0.28415
-0.566934 1.26852 3.11191 1.36827 0.172769 0.741685 0.0655679 0.333147
-0.611177 1.26565 3.13384 1.36641 0.186958 0.564937 0.0641366 0.385811
-0.648738 1.26496 3.14011 1.33287 0.321864 0.543968 0.200969 0.385811
-0.679501 1.26158 -3.12841 1.32151 0.365711 0.394019 0.157834 0.338028
-0.705274 1.2552 -3.11331 1.31725 0.380748 0.294642 0.134726 0.288485
-0.726269 1.24748 -3.08373 1.21007 0.684804 0.236388 0.338056 0.288485
-0.740137 1.23901 -3.05291 1.1155 0.829993 0.112149 0.385202 0.255374
-0.749944 1.22565 -3.02551 1.07411 0.83677 0.0580662 0.320928 0.255374
-0.75777 1.20705 -2.9964 1.07411 0.83677 0.0580662 0.320928 0.249292
-0.761318 1.19045 -2.95913 1.13078 0.774458 0.0666813 0.290514 0.238161
-0.76326 1.17665 -2.93473 1.08369 0.839086 0.0662648 0.239157 0.225084
-0.765495 1.16347 -2.90913 1.08369 0.839086 0.0662648 0.239157 0.225084
-0.767801 1.15178 -2.88068 1.17075 0.607918 0.0582182 0.167506 0.221499
-0.770498 1.14085 -2.8542 1.11416 0.706306 0.00847162 0.33497 0.221499
-0.770779 1.13041 -2.84013 1.20381 0.615823 0.0448661 0.226602 0.222551
-0.769013 1.11786 -2.82436 1.18836 0.645134 0.0163416 0.346247 0.222544
-0.767659 1.10541 -2.80906 1.21392 0.551094 0.0182866 0.328876 0.222544
-0.765225 1.09061 -2.79449 1.21392 0.551094 0.0182866 0.328876 0.212362
-0.762289 1.07533 -2.78381 1.19765 0.585627 0.0122301 0.423645 0.217882
-0.759 1.05867 -2.76787 1.20114 0.578424 0.054298 0.527415 0.217882
-0.754281 1.03876 -2.75801 1.20114 0.578424 0.054298 0.527415 0.225657
-0.74931 1.01514 -2.74882 1.2086 0.334363 0.0809684 0.282017 0.224629
-0.744406 0.991845 -2.74144 1.20429 0.34956 0.115461 0.435231 0.224629
-0.742918 0.972929 -2.73837 1.21378 0.282091 0.110243 0.368919 0.221147
-0.742629 0.954029 -2.7364 1.21154 0.291533 0.182679 0.510998 0.234766
-0.742487 0.932995 -2.74222 1.22514 0.174734 0.246312 0.429737 0.234766
-0.743096 0.908662 -2.74296 1.22338 0.140666 0.246312 0.429737 0.240044
-0.746486 0.884268 -2.74944 1.22592 0.116499 0.266235 0.330782 0.251333
-0.752015 0.86019 -2.7596 1.2183 0.00289932 0.29533 0.188517 0.251333
-0.759938 0.840298 -2.77094 1.2183 0.00289932 0.29533 0.188517 0.26458
-0.76993 0.825229 -2.78402 1.17806 -0.205983 0.277067 0.0862863 0.270757
-0.781316 0.812599 -2.79837 1.16019 -0.290212 0.250044 0.00952798 0.270757
-0.793007 0.804837 -2.81325 1.18666 -0.230196 0.250044 0.00952798 0.267272
-0.803677 0.80067 -2.8257 1.16968 -0.304945 0.228208 -0.0500093 0.246678
-0.815059 0.797254 -2.83551 1.16968 -0.304945 0.228208 -0.0500093 0.246678
-0.826599 0.795292 -2.84626 1.09621 -0.37237 0.209924 -0.0836728 0.232194
-0.837753 0.794049 -2.85875 1.0848 -0.404399 0.190485 -0.0942881 0.21787
-0.848028 0.794499 -2.8709 1.10469 -0.346577 0.175075 -0.0998308 0.21787
-0.857455 0.795568 -2.88089 1.10469 -0.346577 0.175075 -0.0998308 0.209625
-0.866575 0.797447 -2.88814 1.11331 -0.31778 0.152532 -0.0842288 0.203553
-0.875644 0.798963 -2.89211 1.12576 -0.270383 0.125602 -0.0629655 0.203553
-0.883396 0.800514 -2.89872 1.12576 -0.270383 0.125602 -0.0629655 0.198982
-0.889717 0.801385 -2.90898 1.11568 -0.215591 0.115266 -0.0565746 0.195722
-0.895554 0.801735 -2.91651 1.1275 -0.141305 0.0845452 -0.0367437 0.195722
-0.901075 0.802423 -2.92126 1.10332 -0.171987 0.0845452 -0.0367437 0.192621
-0.905504 0.80281 -2.92143 1.11406 -0.0760296 0.042901 -0.015804 0.190489
-0.909344 0.80287 -2.9206 1.11893 -0.174832 0.0364605 -0.0156054 0.190489
-0.911391 0.803377 -2.92128 1.11893 -0.174832 0.0364605 -0.0156054 0.18845
-0.912507 0.803283 -2.91637 1.11902 -0.125758 -0.0040868 -0.00182923 0.176643
-0.913315 0.803232 -2.91263 1.11293 -0.0937111 -0.0450254 0.0137743 0.176643
-0.913284 0.803235 -2.91219 1.11293 -0.0937111 -0.0450254 0.0137743 0.174396
-0.912679 0.803071 -2.90916 1.10378 -0.151636 -0.0579175 0.0161143 0.173301
-0.911325 0.802845 -2.90294 1.10334 -0.154831 -0.0634235 0.0172859 0.162101
-0.909431 0.802305 -2.90126 1.10404 -0.148071 -0.0634235 0.0172859 0.162101
-0.907445 0.801842 -2.89406 1.11263 -0.0536972 -0.0910714 0.0299951 0.162597
-0.905151 0.800881 -2.88886 1.11164 -0.0873558 -0.088355 0.0308217 0.168887
-0.902203 0.800558 -2.88479 1.11798 -0.0566298 -0.088355 0.0308217 0.168887
-0.897432 0.80012 -2.88027 1.1128 -0.121546 -0.0705876 0.0247203 0.159517
-0.894047 0.799787 -2.87675 1.11941 -0.00335854 -0.0860023 0.0357723 0.157727
-0.891118 0.79886 -2.87321 1.11941 -0.00335854 -0.0860023 0.0357723 0.157727
-0.887479 0.798249 -2.86668 1.13165 0.0844181 -0.0817979 0.0405465 0.167975
-0.883916 0.797526 -2.86432 1.13344 -0.0553259 -0.0535802 0.0292793 0.161487
-0.880262 0.796604 -2.86218 1.10958 0.0758669 -0.0535802 0.0292793 0.161487
-0.878388 0.79544 -2.86298 1.09748 0.180176 -0.0591666 0.0384628 0.159516
-0.876626 0.793831 -2.86493 1.09362 0.202276 -0.0579449 0.0425206 0.167061
-0.873628 0.792935 -2.86788 1.11652 0.138506 -0.0441452 0.0317201 0.167061
-0.871036 0.791826 -2.87041 1.11652 0.138506 -0.0441452 0.0317201 0.16743
-0.869091 0.790612 -2.87542 1.11841 0.158265 -0.0411219 0.0313782 0.160957
-0.866574 0.790022 -2.87777 1.11116 0.203009 -0.0516414 0.0399524 0.160957
-0.864717 0.788942 -2.8812 1.11873 0.195489 -0.0516414 0.0399524 0.168187
-0.862496 0.787792 -2.88055 1.12928 0.142919 -0.0360661 0.0315652 0.167444
-0.860084 0.786398 -2.88523 1.12897 0.145302 -0.0360768 0.0328846 0.167444
-0.858029 0.786002 -2.88832 1.13462 0.141614 -0.0360768 0.0328846 0.167679
-0.856289 0.785136 -2.88888 1.13063 0.170616 -0.0347323 0.03268 0.167333
-0.854838 0.783986 -2.88993 1.13896 0.148962 -0.0348686 0.0334025 0.168659
-0.853128 0.782908 -2.89047 1.13896 0.148962 -0.0348686 0.0334025 0.168659
-0.851448 0.781969 -2.89113 1.14425 0.141106 -0.030397 0.0331338 0.167546
-0.84983 0.780737 -2.88863 1.14009 0.171542 -0.0330527 0.0337912 0.167666
-0.848306 0.779868 -2.88784 1.14218 0.156984 -0.0323209 0.0340572 0.167666
-0.846512 0.778989 -2.89144 1.10174 0.173271 -0.0323209 0.0340572 0.169816
-0.844827 0.777949 -2.89155 1.10405 0.157873 -0.0282697 0.0315897 0.167512
-0.84313 0.776771 -2.89419 1.10769 0.159845 -0.0316388 0.0350728 0.167512
-0.840986 0.776218 -2.89749 1.10769 0.159845 -0.0316388 0.0350728 0.17092
-0.838826 0.775473 -2.90162 1.11666 0.121613 -0.0260368 0.0305182 0.170481
-0.836878 0.774632 -2.90456 1.11642 0.123858 -0.024912 0.033052 0.170481
-0.835312 0.77352 -2.90564 1.12109 0.126269 -0.024912 0.033052 0.168413
-0.833568 0.772753 -2.90885 1.12307 0.133475 -0.0253322 0.0393758 0.173395
-0.831973 0.771874 -2.91133 1.12752 0.0883173 -0.017553 0.0323195 0.173517
-0.830473 0.77086 -2.91233 1.13177 0.0874282 -0.017553 0.0323195 0.173517
-0.829204 0.770098 -2.91272 1.13243 0.0783804 -0.0162207 0.0341377 0.172707
-0.828129 0.769005 -2.91445 1.1345 0.0785299 -0.0173437 0.036304 0.176675
-0.827201 0.767532 -2.91732 1.1345 0.0785299 -0.0173437 0.036304 0.176675
-0.825979 0.766474 -2.92353 1.1387 0.0340662 -0.0114015 0.0304231 0.174055
-0.82487 0.765181 -2.92647 1.1427 0.0450244 -0.0154928 0.0349187 0.175987
-0.824174 0.763619 -2.93143 1.14326 0.0273068 -0.0138233 0.030767 0.175987
-0.82277 0.762572 -2.93564 1.14508 0.0418302 -0.0138233 0.030767 0.177866
-0.821907 0.761374 -2.94236 1.14568 0.019344 -0.0114543 0.028183 0.175019
-0.821121 0.759973 -2.9431 1.14735 0.0448608 -0.0168478 0.0314017 0.175019
-0.820434 0.75879 -2.94715 1.14735 0.0448608 -0.0168478 0.0314017 0.179139
-0.819583 0.757745 -2.95055 1.15022 0.010776 -0.011128 0.0249608 0.17603
-0.819012 0.756869 -2.95595 1.15022 0.0100637 -0.0169666 0.0287948 0.17603
-0.818239 0.75571 -2.95844 1.15022 0.0100637 -0.0169666 0.0287948 0.179252
-0.817291 0.754537 -2.96399 1.15266 -0.00660567 -0.0122609 0.0235659 0.178521
-0.81653 0.753451 -2.96728 1.15254 -0.0182152 -0.0137084 0.0248214 0.175765
-0.815869 0.752642 -2.96965 1.1543 -0.0118983 -0.0137084 0.0248214 0.175765
-0.815154 0.751542 -2.97304 1.15413 -0.0234579 -0.0189259 0.0284372 0.179114
-0.814214 0.75027 -2.97523 1.15512 -0.0420155 -0.014036 0.0225615 0.183693
-0.813233 0.748953 -2.98103 1.15321 -0.0784458 -0.00817977 0.0129213 0.183693
-0.812473 0.748036 -2.9836 1.15321 -0.0784458 -0.00817977 0.0129213 0.178595
-0.811886 0.747271 -2.9859 1.15629 -0.0768594 -0.0163188 0.0223687 0.183906
-0.811182 0.746782 -2.98715 1.15632 -0.0763275 -0.00784191 0.0125887 0.183906
-0.81048 0.745791 -2.98872 1.15842 -0.0698889 -0.00784191 0.0125887 0.183479
-0.80973 0.745381 -2.99066 1.15896 -0.0602056 -0.00841151 0.0132716 0.190994
-0.808902 0.745056 -2.99103 1.15231 -0.151998 0.0111062 -0.0105128 0.190988
-0.80868 0.744879 -2.99176 1.15231 -0.151998 0.0111062 -0.0105128 0.190988
-0.808701 0.744785 -2.99085 1.15421 -0.143926 0.021408 -0.0233712 0.190965
-0.808776 0.744942 -2.9929 1.15988 -0.09676 0.00249024 0.000132441 0.190955
-0.808888 0.744803 -2.99208 1.14854 -0.188527 0.0308529 -0.034978 0.190955
-0.808795 0.744972 -2.99376 1.14946 -0.187811 0.0308529 -0.034978 0.191005
-0.809452 0.745047 -2.99513 1.14937 -0.18836 0.0372001 -0.0431011 0.190992
-0.810342 0.745256 -2.996 1.16027 -0.0994317 0.0136043 -0.0136605 0.190992
-0.811616 0.745458 -2.99871 1.16027 -0.0994317 0.0136043 -0.0136605 0.191022
-0.811872 0.745281 -3.00224 1.15044 -0.171361 0.0292549 -0.032512 0.189064
-0.811706 0.745638 -3.00532 1.14546 -0.202003 0.0387219 -0.0497973 0.189084
-0.812691 0.745836 -3.00655 1.14546 -0.202003 0.0387219 -0.0497973 0.189084
-0.814018 0.746992 -3.00945 1.15273 -0.137655 0.0224838 -0.0298837 0.189065
-0.815572 0.747349 -3.00591 1.14918 -0.164683 0.0271304 -0.0351647 0.187012
-0.816382 0.748024 -3.00744 1.14241 -0.195287 0.0350012 -0.0491563 0.187012
-0.817175 0.748756 -3.01022 1.14241 -0.195287 0.0350012 -0.0491563 0.187079
-0.818596 0.749623 -3.00899 1.1455 -0.151483 0.0254839 -0.0379405 0.187059
-0.819988 0.751067 -3.01155 1.14131 -0.174545 0.0286323 -0.0408904 0.187059
-0.821209 0.752111 -3.01275 1.14131 -0.174545 0.0286323 -0.0408904 0.186027
-0.822617 0.753065 -3.01243 1.13845 -0.172318 0.0325038 -0.046557 0.186036
-0.824196 0.754126 -3.0118 1.14 -0.161744 0.028554 -0.0420756 0.186026
-0.825701 0.755226 -3.0119 1.13663 -0.162541 0.028554 -0.0420756 0.186026
-0.826864 0.755792 -3.0111 1.13759 -0.155695 0.0269401 -0.0392273 0.185063
-0.827961 0.756751 -3.01365 1.13416 -0.153485 0.0288012 -0.0430664 0.185043
-0.829212 0.757179 -3.01321 1.13416 -0.153485 0.0288012 -0.0430664 0.185043
-0.830263 0.758419 -3.01542 1.1334 -0.158956 0.0292383 -0.0429437 0.185059
-0.831491 0.759403 -3.01829 1.13177 -0.136935 0.0226467 -0.0362135 0.185055
-0.832523 0.760442 -3.02005 1.13157 -0.138569 0.0260762 -0.0384144 0.185055
-0.833728 0.761005 -3.01823 1.1288 -0.139582 0.0260762 -0.0384144 0.18498
-0.834975 0.761839 -3.01886 1.12784 -0.147137 0.0269689 -0.0383746 0.185022
-0.836117 0.762903 -3.02106 1.12289 -0.16401 0.0345981 -0.0444576 0.18398
-0.837911 0.764142 -3.02151 1.12289 -0.16401 0.0345981 -0.0444576 0.18398
-0.839669 0.765584 -3.02104 1.12118 -0.15284 0.0288849 -0.0411932 0.18406
-0.84155 0.766828 -3.02106 1.1193 -0.154826 0.0297233 -0.0408954 0.183994
-0.843201 0.767931 -3.02119 1.1193 -0.154826 0.0297233 -0.0408954 0.183994
-0.844709 0.769186 -3.02173 1.11075 -0.182275 0.0404514 -0.0485572 0.184005
-0.846489 0.770641 -3.01997 1.11372 -0.163128 0.0367129 -0.0446608 0.184053
-0.848594 0.771688 -3.02159 1.11327 -0.135803 0.029521 -0.0379008 0.184053
-0.850457 0.772806 -3.01958 1.11327 -0.135803 0.029521 -0.0379008 0.18395
-0.851832 0.774155 -3.02097 1.10681 -0.169721 0.0444529 -0.0482861 0.18405
-0.853655 0.775348 -3.02206 1.10735 -0.166139 0.0407777 -0.044476 0.18405
-0.85607 0.776766 -3.0198 1.10735 -0.166139 0.0407777 -0.044476 0.183998
-0.858251 0.778197 -3.01781 1.14856 -0.114915 0.0253877 -0.0325443 0.184917
-0.860221 0.779609 -3.01741 1.14596 -0.138451 0.0471283 -0.0439593 0.185025
-0.861626 0.781227 -3.01976 1.13986 -0.144267 0.0471283 -0.0439593 0.185025
-0.864035 0.782257 -3.01706 1.13929 -0.148714 0.0438957 -0.0400952 0.185933
-0.866061 0.78374 -3.0168 1.14392 -0.107449 0.0272601 -0.0269242 0.185909
-0.868059 0.785508 -3.02006 1.14392 -0.107449 0.0272601 -0.0269242 0.185909
-0.869408 0.786341 -3.01704 1.14133 -0.132126 0.0435634 -0.0351067 0.187014
-0.870877 0.787458 -3.01714 1.12749 -0.15354 0.0510341 -0.035856 0.186841
-0.873079 0.788869 -3.01591 1.12996 -0.134113 0.0405073 -0.029572 0.186841
-0.874944 0.790477 -3.0144 1.12601 -0.136984 0.0405073 -0.029572 0.187971
-0.876875 0.791548 -3.01333 1.12808 -0.11871 0.0387139 -0.0252166 0.18892
-0.878585 0.792486 -3.01214 1.12199 -0.133686 0.0551859 -0.030674 0.188869
-0.880782 0.793708 -3.00867 1.12199 -0.133686 0.0551859 -0.030674 0.188869
-0.88351 0.794703 -3.00524 1.12243 -0.129915 0.0519014 -0.0280794 0.188932
-0.88649 0.795871 -2.99825 1.11602 -0.129118 0.0428368 -0.0227199 0.188975
-0.889007 0.797102 -2.99367 1.11602 -0.129118 0.0428368 -0.0227199 0.188975
-0.891034 0.798118 -2.9913 1.11024 -0.152033 0.0527826 -0.0268135 0.189018
-0.893218 0.799435 -2.98698 1.11047 -0.150342 0.0557662 -0.0266574 0.18998
-0.89607 0.800372 -2.98083 1.09824 -0.169834 0.0545648 -0.0234494 0.18998
-0.898721 0.801745 -2.97706 1.09824 -0.169834 0.0545648 -0.0234494 0.189974
-0.901146 0.802464 -2.97467 1.09431 -0.17933 0.0618452 -0.0261707 0.19094
-0.90409 0.803318 -2.97123 1.09188 -0.193587 0.0760497 -0.0322952 0.19094
-0.907299 0.804807 -2.96581 1.09188 -0.193587 0.0760497 -0.0322952 0.190936
-0.910978 0.806533 -2.95857 1.10807 -0.206905 0.0775656 -0.0322133 0.191026
-0.914794 0.808215 -2.95162 1.10858 -0.204159 0.0679071 -0.0257115 0.192938
-0.918529 0.809512 -2.94517 1.1001 -0.210547 0.0679071 -0.0257115 0.192938
-0.922012 0.81043 -2.93705 1.09898 -0.216329 0.0919296 -0.035321 0.192938
-0.925769 0.811613 -2.92873 1.08595 -0.23737 0.112607 -0.0414452 0.193853
-0.931136 0.812747 -2.9214 1.08071 -0.241819 0.112607 -0.0414452 0.193853
-0.937492 0.813228 -2.91811 1.07788 -0.254143 0.108858 -0.0382776 0.193891
-0.943597 0.814033 -2.91451 1.07041 -0.24542 0.0926155 -0.0300016 0.192081
-0.949428 0.81499 -2.90623 1.0656 -0.265516 0.123329 -0.040461 0.192081
-0.954663 0.815534 -2.90145 1.08007 -0.243628 0.123329 -0.040461 0.192312
-0.961075 0.81628 -2.89468 1.07791 -0.253013 0.154698 -0.0464294 0.192287
-0.968197 0.816714 -2.88354 1.06346 -0.255639 0.128434 -0.033842 0.192287
-0.976745 0.816943 -2.87491 1.06346 -0.255639 0.128434 -0.033842 0.191082
-0.983908 0.817322 -2.86785 1.06198 -0.26173 0.161715 -0.0399499 0.191246
-0.99129 0.817342 -2.86192 1.02948 -0.288332 0.254774 -0.0570777 0.192211
-1.00186 0.817381 -2.85358 1.02948 -0.288332 0.254774 -0.0570777 0.192211
-1.01535 0.81675 -2.84597 1.02994 -0.273564 0.314638 -0.0614301 0.192193
-1.03053 0.81599 -2.83747 1.03012 -0.272855 0.442218 -0.0687386 0.194038
-1.04825 0.814749 -2.82718 1.00119 -0.280048 0.442218 -0.0687386 0.194038
-1.0706 0.812437 -2.81751 1.00224 -0.276276 1.01054 -0.186639 0.198992
-1.09899 0.807948 -2.81023 1.0052 -0.265296 1.0052 -0.265296 0.205416
-1.13878 0.801697 -2.80278 0.9927 -0.188758 0.9927 -0.188758 0.205416
-1.18661 0.794756 -2.78986 0.9927 -0.188758 0.9927 -0.188758 0.219889
-1.23749 0.787402 -2.77461 1.27027 0.25717 1.27027 0.25717 0.252338
-1.28946 0.775631 -2.76166 1.25597 0.319763 1.25597 0.319763 0.252338
-1.34248 0.756302 -2.7271 1.22017 0.434719 1.22017 0.434719 0.295493
-1.39377 0.72968 -2.68532 1.1972 0.494465 1.1972 0.494465 0.346462
-1.44221 0.69514 -2.63532 1.13825 0.589908 1.13825 0.589908 0.346462
-1.48655 0.654882 -2.58787 1.0908 0.652069 1.0908 0.652069 0.399789
-1.52665 0.608296 -2.53669 1.06648 0.691125 1.06648 0.691125 0.460173
-1.56173 0.556811 -2.48454 1.03924 0.739529 1.03924 0.739529 0.460173
-1.59199 0.501611 -2.43624 1.03924 0.739529 1.03924 0.739529 0.517311
-1.61789 0.443378 -2.39613 1.01137 0.762976 1.01137 0.762976 0.575698
-1.64022 0.382476 -2.34658 0.981102 0.801521 0.981102 0.801521 0.575698
-1.65768 0.320867 -2.29945 0.981102 0.801521 0.981102 0.801521 0.633446
-1.67124 0.258274 -2.25251 1.12924 0.776091 1.11285 0.770778 0.692472
-1.68116 0.194579 -2.2115 1.11845 0.791553 0.945609 0.729313 0.692472
-1.68967 0.130111 -2.17125 1.14317 0.698428 0.975075 0.642814 0.626693
-1.69511 0.0677557 -2.12707 1.15147 0.684645 0.819442 0.592422 0.542499
-1.69866 0.0079945 -2.08297 1.15147 0.684645 0.819442 0.592422 0.542499
-1.69957 -0.0468917 -2.04676 1.1642 0.662776 0.661651 0.547678 0.475401
-1.69726 -0.0985876 -2.013 1.25261 0.488459 0.551451 0.3849 0.432235
-1.69256 -0.142896 -1.97878 1.25897 0.461819 0.555437 0.35791 0.432235
-1.68802 -0.180426 -1.95059 1.26498 0.445078 0.464774 0.316139 0.3776
-1.68436 -0.214194 -1.91608 1.27277 0.42228 0.408818 0.296363 0.3776
-1.67992 -0.243567 -1.88343 1.27277 0.42228 0.408818 0.296363 0.323533
-1.67433 -0.269186 -1.85249 1.29001 0.37479 0.308932 0.234053 0.28838
-1.66757 -0.293165 -1.82331 1.29977 0.339392 0.247627 0.168372 0.28838
-1.6618 -0.312704 -1.79601 1.31859 0.334489 0.247627 0.168372 0.264572
-1.65776 -0.327905 -1.76666 1.3292 0.28947 0.202766 0.105478 0.246091
-1.65399 -0.341953 -1.73963 1.33974 0.235933 0.172805 0.0534284 0.246091
-1.65158 -0.353092 -1.71144 1.32743 0.196174 0.172805 0.0534284 0.226666
-1.65137 -0.362702 -1.68504 1.33538 0.131567 0.149646 0.0193755 0.210958
-1.6512 -0.371054 -1.66056 1.3267 0.122573 0.149646 0.0193755 0.210958
-1.65155 -0.379251 -1.6412 1.33115 0.0564209 0.138527 -0.00609656 0.203577
-1.65207 -0.386939 -1.62313 1.35029 0.0205775 0.132271 -0.0258806 0.196536
-1.6532 -0.39446 -1.60343 1.3504 -0.0117178 0.129251 -0.0357005 0.196536
-1.65509 -0.401292 -1.58701 1.3504 -0.0117178 0.129251 -0.0357005 0.191137
-1.65727 -0.408153 -1.57224 1.34706 -0.0360323 0.116952 -0.0423055 0.190112
-1.6593 -0.414247 -1.55606 1.34706 -0.0360323 0.116952 -0.0423055 0.190112
-1.66126 -0.420051 -1.54004 1.32924 -0.0440739 0.115556 -0.0396206 0.188207
-1.6632 -0.426341 -1.5287 1.32887 -0.0541404 0.105434 -0.0365148 0.188008
-1.66456 -0.432008 -1.5142 1.34278 -0.0576093 0.100942 -0.0340908 0.188008
-1.66634 -0.438242 -1.50147 1.34278 -0.0576093 0.100942 -0.0340908 0.186836
-1.66769 -0.443281 -1.48889 1.32724 -0.0728611 0.0963717 -0.0331347 0.185885
-1.66883 -0.448502 -1.47741 1.36438 -0.0589098 0.0928449 -0.0309493 0.185885
-1.66992 -0.454405 -1.46501 1.36438 -0.0589098 0.0928449 -0.0309493 0.187897
-1.67084 -0.459342 -1.45311 1.35133 -0.0573786 0.104157 -0.0279688 0.186709
-1.67168 -0.464456 -1.4425 1.35041 -0.0760095 0.108762 -0.0284839 0.186709
-1.67255 -0.469722 -1.43298 1.33703 -0.0742653 0.108762 -0.0284839 0.187757
-1.67329 -0.475789 -1.42399 1.33734 -0.0683783 0.144021 -0.028625 0.188641
-1.67426 -0.482427 -1.41544 1.35448 -0.0675112 0.240327 -0.0384039 0.187703
-1.6747 -0.490939 -1.40902 1.34722 -0.067233 0.240327 -0.0384039 0.187703
-1.67487 -0.502864 -1.40088 1.34582 -0.0910062 0.340911 -0.0399653 0.189048
-1.6747 -0.517978 -1.39573 1.33895 -0.0764036 0.642795 -0.042867 0.190712
-1.67525 -0.537732 -1.3876 1.33895 -0.0764036 0.642795 -0.042867 0.190712
-1.67537 -0.566369 -1.38737 1.35929 -0.0723636 1.26524 -0.0260072 0.199829
-1.67385 -0.601286 -1.38545 1.35912 -0.0754782 1.35912 -0.0754782 0.208708
-1.67167 -0.648812 -1.40128 1.33689 -0.0810732 1.33689 -0.0810732 0.208708
-1.66919 -0.70715 -1.41609 1.33644 -0.0882306 1.33644 -0.0882306 0.224815
-1.66669 -0.771901 -1.41779 1.33841 -0.0499307 1.33841 -0.0499307 0.277588
-1.66365 -0.839629 -1.41738 1.34271 -0.0283824 1.34271 -0.0283824 0.277588
-1.65964 -0.908459 -1.40763 1.34186 0.0553794 1.34186 0.0553794 0.350981
-1.65302 -0.977846 -1.39181 1.28789 0.328406 1.28789 0.328406 0.436818
-1.64046 -1.04467 -1.37266 1.28789 0.328406 1.28789 0.328406 0.436818
-1.62023 -1.10831 -1.34164 1.16739 0.569289 1.16739 0.569289 0.54324
-1.59448 -1.16917 -1.30477 1.14485 0.61335 1.14485 0.61335 0.647478
-1.56173 -1.22403 -1.26044 1.07463 0.814015 1.07463 0.814015 0.647478
-1.52322 -1.27376 -1.21294 1.02833 0.923389 1.02833 0.923389 0.723618
-1.47807 -1.31833 -1.15651 1.01549 0.937485 1.01549 0.937485 0.769358
-1.42769 -1.35745 -1.10162 1.00143 0.984045 1.00143 0.984045 0.769358
-1.37254 -1.39135 -1.05568 0.994532 0.991011 0.994532 0.991011 0.805834
-1.31395 -1.4215 -1.00895 0.986078 0.942151 0.986078 0.942151 0.827285
-1.25371 -1.44801 -0.962007 0.986078 0.942151 0.986078 0.942151 0.827285
-1.19124 -1.47075 -0.913583 0.983438 0.944906 0.983438 0.944906 0.83399
-1.12723 -1.49071 -0.857461 0.967319 0.843363 0.967319 0.843363 0.83399
-1.06285 -1.50683 -0.803524 0.967319 0.843363 0.967319 0.843363 0.83128
-0.999359 -1.51997 -0.751607 1.09739 0.864882 1.09739 0.864882 0.838767
-0.936098 -1.5306 -0.699226 1.0966 0.865885 1.0966 0.865885 0.838767
-0.871293 -1.54003 -0.643661 1.1569 0.778931 1.1569 0.778931 0.843893
-0.805742 -1.5476 -0.595859 1.15642 0.779643 1.15642 0.779643 0.859426
-0.739702 -1.55445 -0.560979 1.21798 0.683315 1.21798 0.683315 0.859426
-0.672317 -1.5615 -0.523567 1.21669 0.685621 1.21669 0.685621 0.885299
-0.604514 -1.56881 -0.490698 1.21457 0.689366 1.21457 0.689366 0.885299
-0.535591 -1.57429 -0.450889 1.29779 0.576588 1.29779 0.576588 0.929382
-0.466455 -1.57853 -0.416522 1.29487 0.583118 1.29487 0.583118 0.974806
-0.3968 -1.584 -0.388764 1.31316 0.517049 1.31316 0.517049 0.974806
-0.327013 -1.58932 -0.363835 1.31316 0.517049 1.31316 0.517049 1.03234
-0.263823 -1.59414 -0.340948 1.31061 0.523497 1.31061 0.523497 1.09187
-0.186527 -1.59906 -0.311016 1.31061 0.523497 1.31061 0.523497 1.09187
-0.116712 -1.60122 -0.287164 1.30887 0.527838 1.30887 0.527838 1.10317
-0.047234 -1.60161 -0.262655 1.30887 0.527838 1.30887 0.527838 1.10317
0.0230885 -1.60103 -0.23467 1.35641 0.376881 1.35641 0.376881 1.00315
0.0943036 -1.60258 -0.216473 1.3585 0.314638 1.3585 0.314638 0.904501
0.166029 -1.6037 -0.195296 1.35794 0.317044 1.35794 0.317044 0.904501
0.237678 -1.60522 -0.177083 1.35675 0.252089 1.35675 0.252089 0.804954
0.309194 -1.60608 -0.160871 1.35647 0.25356 1.35647 0.25356 0.720559
0.380303 -1.60753 -0.145936 1.35726 0.249304 1.29832 0.266007 0.720559
0.450732 -1.60818 -0.131303 1.36944 0.186456 1.28274 0.211025 0.638942
0.519326 -1.60743 -0.117168 1.36909 0.188967 1.16099 0.272819 0.566558
0.585449 -1.60662 -0.103528 1.36261 0.218346 1.17027 0.295847 0.566558
0.648243 -1.60298 -0.0930412 1.36244 0.219397 1.10321 0.340907 0.491889
0.709677 -1.59706 -0.0795481 1.36132 0.226279 1.01865 0.330526 0.491889
0.76859 -1.58809 -0.0668613 1.36132 0.226279 1.01865 0.330526 0.441513
0.824173 -1.57828 -0.0523567 1.32144 0.252107 0.939023 0.293272 0.419393
0.877434 -1.56781 -0.0402569 1.28954 0.38921 0.876313 0.230513 0.419393
0.926912 -1.55732 -0.0214832 1.28954 0.38921 0.876313 0.230513 0.400844
0.973953 -1.54866 0.0117384 1.28222 0.453916 0.833216 0.154734 0.370865
1.01898 -1.5397 0.0434637 1.29012 0.430946 0.779997 0.0755737 0.370865
1.06239 -1.53258 0.0790566 1.25208 0.444924 0.779997 0.0755737 0.343864
1.10328 -1.52685 0.112785 1.25989 0.422298 0.732006 -0.00637541 0.32118
1.14274 -1.52153 0.148553 1.21958 0.453528 0.732006 -0.00637541 0.32118
1.18065 -1.51764 0.184895 1.21014 0.464586 0.684696 -0.0834471 0.302229
1.21809 -1.51363 0.222348 1.21771 0.444346 0.617944 -0.114506 0.287046
1.25345 -1.51147 0.26001 1.18823 0.488168 0.582387 -0.0763459 0.287046
1.28555 -1.50944 0.301625 1.19549 0.470118 0.579071 -0.158211 0.27352
1.3132 -1.50644 0.338859 1.19533 0.496433 0.565552 -0.181708 0.262981
1.34678 -1.50385 0.383284 1.19533 0.496433 0.565552 -0.181708 0.262981
1.37793 -1.50268 0.425818 1.18248 0.461012 0.552559 -0.181664 0.252348
1.40868 -1.49935 0.468977 1.1886 0.444974 0.579026 -0.172349 0.252348
1.43906 -1.49527 0.511297 1.1886 0.444974 0.579026 -0.172349 0.24427
1.47006 -1.48983 0.553677 1.19321 0.432472 0.579908 -0.128162 0.239559
1.50101 -1.48176 0.595222 1.19555 0.425955 0.545403 -0.0579368 0.239559
1.52949 -1.471 0.637407 1.30001 0.458483 0.545403 -0.0579368 0.240125
1.55504 -1.45746 0.683196 1.29964 0.459533 0.433417 0.0307052 0.240997
1.57802 -1.44239 0.72751 1.29771 0.424616 0.445391 0.086519 0.240997
1.59433 -1.42563 0.770456 1.29771 0.424616 0.445391 0.086519 0.243379
1.6093 -1.40827 0.813935 1.29626 0.429026 0.378165 0.124761 0.241807
1.62268 -1.38767 0.864077 1.33656 0.370087 0.444933 0.155133 0.241807
1.63335 -1.36866 0.89903 1.33656 0.370087 0.444933 0.155133 0.236248
1.6432 -1.34689 0.942113 1.36557 0.307524 0.466867 0.159289 0.231969
1.65281 -1.32438 0.982362 1.36822 0.29549 0.484535 0.163869 0.231969
1.66174 -1.30017 1.01233 1.38508 0.261164 0.484535 0.163869 0.229293
1.67016 -1.27521 1.04491 1.38639 0.254122 0.465837 0.164312 0.230025
1.67827 -1.24953 1.07094 1.38678 0.251985 0.47457 0.167296 0.230025
1.68446 -1.22418 1.09655 1.39728 0.210498 0.47457 0.167296 0.235286
1.69033 -1.19839 1.12643 1.39502 0.224937 0.459516 0.163831 0.240605
1.69522 -1.17273 1.1502 1.3941 0.230579 0.440553 0.169068 0.240605
1.69911 -1.14791 1.17636 1.3941 0.230579 0.440553 0.169068 0.244827
1.70205 -1.12344 1.19673 1.36159 0.188024 0.460076 0.151493 0.246918
1.70427 -1.09924 1.22551 1.36159 0.188024 0.460076 0.151493 0.246918
1.70693 -1.07456 1.24527 1.36382 0.180054 0.477739 0.140773 0.249639
1.70929 -1.04955 1.26149 1.3648 0.17244 0.499488 0.12471 0.248302
1.71204 -1.02363 1.27805 1.36682 0.155594 0.524953 0.10614 0.248302
1.71484 -0.997379 1.29761 1.33706 0.145518 0.524953 0.10614 0.249301
1.71882 -0.969935 1.31321 1.33941 0.122037 0.486648 0.104915 0.25185
1.72246 -0.942398 1.32549 1.30567 0.106362 0.486648 0.104915 0.25185
1.72469 -0.916699 1.33889 1.30469 0.117778 0.451035 0.113606 0.254382
1.7269 -0.891596 1.34971 1.33229 0.132803 0.424012 0.119303 0.255056
1.72794 -0.86763 1.36056 1.36358 0.148714 0.39678 0.124548 0.255056
1.72787 -0.844892 1.37138 1.36358 0.148714 0.39678 0.124548 0.256273
1.72706 -0.823585 1.38143 1.33163 0.136762 0.397545 0.117704 0.25319
1.72636 -0.802523 1.39042 1.33163 0.136762 0.397545 0.117704 0.25319
1.72558 -0.78163 1.39975 1.34232 0.104996 0.425082 0.100214 0.251711
1.72463 -0.75997 1.40786 1.34419 0.0774441 0.43609 0.0819388 0.246581
1.72438 -0.73759 1.41554 1.35851 0.0473737 0.474986 0.0529132 0.246581
1.7252 -0.714339 1.42079 1.35851 0.0473737 0.474986 0.0529132 0.2465
1.7274 -0.689838 1.42466 1.35933 0.00386468 0.556497 0.0165719 0.244533
1.73024 -0.664369 1.43293 1.33877 -0.045783 0.592855 -0.0382382 0.244533
1.73567 -0.636137 1.43881 1.33877 -0.045783 0.592855 -0.0382382 0.245623
1.74216 -0.605969 1.44131 1.34087 -0.0712659 0.570047 -0.120152 0.250337
1.74955 -0.575706 1.44643 1.33978 -0.0894105 0.554704 -0.19358 0.250337
1.76024 -0.547728 1.44957 1.36721 -0.0835892 0.554704 -0.19358 0.257416
1.77327 -0.520679 1.45413 1.36657 -0.093565 0.51805 -0.209483 0.271039
1.78701 -0.493896 1.457 1.35972 -0.0862092 0.494983 -0.199663 0.271039
1.80112 -0.468308 1.46236 1.35184 -0.0799875 0.494983 -0.199663 0.266078
1.81454 -0.444439 1.46547 1.3515 -0.0854928 0.478554 -0.175326 0.254379
1.82762 -0.420017 1.47228 1.34936 -0.0668061 0.446975 -0.133328 0.254379
1.83915 -0.396676 1.48355 1.34936 -0.0668061 0.446975 -0.133328 0.249521
1.84943 -0.374915 1.48563 1.35151 -0.0450336 0.419913 -0.0982708 0.250039
1.85635 -0.3516 1.49491 1.35215 -0.0168581 0.384266 -0.0668889 0.250039
1.86379 -0.330907 1.49553 1.3704 0.00241951 0.384266 -0.0668889 0.250984
1.86968 -0.311799 1.50246 1.38193 0.031557 0.362655 -0.0500016 0.248514
1.875 -0.29231 1.52321 1.38128 0.0526238 0.344253 -0.0291037 0.248514
1.87952 -0.273902 1.53426 1.3545 0.0509969 0.344253 -0.0291037 0.244757
1.88221 -0.255776 1.53969 1.35367 0.069697 0.330978 -0.012984 0.238302
1.88542 -0.240819 1.54806 1.37302 0.0907212 0.32001 -0.00183046 0.238302
1.88796 -0.221932 1.56122 1.37302 0.0907212 0.32001 -0.00183046 0.234048
1.88911 -0.205563 1.57545 1.37106 0.11662 0.329124 0.0137107 0.229905
1.88951 -0.188539 1.59015 1.36949 0.133806 0.342663 0.0230184 0.226082
1.88989 -0.171802 1.60139 1.36949 0.133806 0.342663 0.0230184 0.226082
1.88981 -0.153806 1.61201 1.37327 0.148278 0.373989 0.0396013 0.223268
1.88854 -0.135234 1.62116 1.37116 0.166674 0.412389 0.0630939 0.22126
1.88622 -0.115161 1.63459 1.35506 0.16541 0.412389 0.0630939 0.22126
1.88404 -0.094286 1.64479 1.35466 0.168679 0.516995 0.10901 0.221953
1.88033 -0.0719968 1.66082 1.37281 0.182907 0.632413 0.186711 0.221805
1.87447 -0.0460505 1.6645 1.37281 0.182907 0.632413 0.186711 0.221805
1.8661 -0.0152195 1.67067 1.37452 0.169593 0.68709 0.192215 0.228169
1.85795 0.0166162 1.68694 1.36398 0.161316 0.691182 0.154806 0.237858
1.84672 0.0513901 1.70191 1.36398 0.161316 0.691182 0.154806 0.237858
1.83693 0.0863622 1.71412 1.38687 0.141812 0.697318 0.103007 0.253318
1.82735 0.121892 1.72361 1.38968 0.111024 0.692269 0.0420324 0.279597
1.81921 0.15751 1.7351 1.35588 0.0897535 0.641888 0.0174662 0.279597
1.8129 0.192872 1.74695 1.35588 0.0897535 0.641888 0.0174662 0.30592
1.8082 0.226309 1.75817 1.35552 0.0949987 0.581234 0.00726971 0.293541
1.80347 0.258768 1.77017 1.3755 0.0915904 0.539695 -0.00601443 0.293541
1.79864 0.288511 1.77931 1.3755 0.0915904 0.539695 -0.00601443 0.283194
1.7943 0.316193 1.79364 1.37546 0.0921283 0.49572 -0.00849584 0.276718
1.79027 0.343146 1.80301 1.37558 0.0902651 0.458525 -0.00928151 0.276718
1.7861 0.368951 1.81604 1.35774 0.111778 0.458525 -0.00928151 0.269805
1.78189 0.392217 1.83144 1.35837 0.103892 0.407957 -0.00141846 0.263881
1.77725 0.414913 1.84762 1.37882 0.132874 0.364941 0.00284678 0.263881
1.77284 0.435723 1.86556 1.37882 0.132874 0.364941 0.00284678 0.257249
1.76852 0.453817 1.88617 1.3806 0.112867 0.334689 -0.00195881 0.249128
1.76386 0.471672 1.90726 1.32858 0.112718 0.308389 -0.00914484 0.249128
1.75882 0.488208 1.92776 1.32858 0.112718 0.308389 -0.00914484 0.242422
1.75484 0.504082 1.9509 1.35633 0.143439 0.313503 -0.0284227 0.235141
1.75052 0.519511 1.97803 1.35801 0.126549 0.331782 -0.0450394 0.235141
1.74622 0.53542 2.00291 1.31934 0.0884708 0.331782 -0.0450394 0.228919
1.74201 0.552777 2.02628 1.34186 0.0965941 0.409428 -0.0708599 0.222858
1.73761 0.570968 2.04924 1.34269 0.0841964 0.666811 -0.137253 0.222858
1.73151 0.595098 2.06948 1.34269 0.0841964 0.666811 -0.137253 0.219682
1.72339 0.62639 2.09448 1.3431 0.0773542 0.879622 -0.150001 0.21814
1.71298 0.661202 2.11447 1.35105 0.0839448 0.881802 -0.0399842 0.21814
1.6995 0.701523 2.12824 1.35105 0.0839448 0.881802 -0.0399842 0.229097
1.68089 0.742623 2.14943 1.31854 0.10006 0.858473 0.029511 0.237319
1.65938 0.782719 2.1801 1.3166 0.122966 0.830752 0.0781955 0.237319
1.63573 0.819273 2.20494 1.3166 0.122966 0.830752 0.0781955 0.257056
1.60935 0.853456 2.2309 1.32005 0.274523 0.809156 0.141985 0.290549
1.58198 0.886397 2.26406 1.30845 0.325332 0.786361 0.19015 0.290549
1.55297 0.915912 2.30139 1.30752 0.361932 0.786361 0.19015 0.307334
1.52172 0.942617 2.33474 1.30163 0.382594 0.794535 0.197505 0.32236
1.48882 0.968404 2.36841 1.29653 0.399525 0.760017 0.205882 0.32236
1.4553 0.992685 2.40347 1.29653 0.399525 0.760017 0.205882 0.31328
1.4216 1.0151 2.43998 1.2997 0.389098 0.772434 0.172228 0.30535
1.38787 1.03577 2.4725 1.28387 0.343195 0.799672 0.116817 0.30535
1.35342 1.05712 2.50552 1.28387 0.343195 0.799672 0.116817 0.305644
1.31837 1.07984 2.53871 1.2505 0.293053 0.808587 0.069477 0.311387
1.2828 1.10236 2.57084 1.24901 0.299333 0.757112 0.0583539 0.311387
1.2475 1.12429 2.60276 1.21424 0.257825 0.757112 0.0583539 0.315062
1.21274 1.14534 2.63174 1.21337 0.261875 0.691251 0.10619 0.309481
1.17909 1.16447 2.661 1.21443 0.256895 0.580309 0.168653 0.309481
1.1458 1.17817 2.69186 1.34394 0.313887 0.580309 0.168653 0.304449
1.11847 1.1856 2.71714 1.34045 0.328473 0.482855 0.226942 0.299263
1.08613 1.19283 2.75178 1.35555 0.361309 0.398615 0.26269 0.299263
1.05975 1.19447 2.77511 1.35555 0.361309 0.398615 0.26269 0.296582
1.04024 1.19364 2.79523 1.33776 0.422451 0.363261 0.296786 0.296582
1.01275 1.18948 2.82205 1.33776 0.422451 0.363261 0.296786 0.293041
0.990879 1.18496 2.84434 1.35009 0.451145 0.325842 0.319007 0.281942
0.969139 1.17926 2.8657 1.2945 0.510371 0.300737 0.338566 0.264995
0.948927 1.17171 2.88215 1.27758 0.551367 0.296805 0.358739 0.264995
0.92963 1.1626 2.89411 1.29365 0.510609 0.296805 0.358739 0.254629
0.911203 1.15253 2.90661 1.28196 0.53929 0.297944 0.378277 0.248738
0.892624 1.14169 2.92096 1.30211 0.499745 0.297944 0.378277 0.248738
0.874056 1.12992 2.93553 1.29535 0.517009 0.305818 0.408454 0.246145
0.855213 1.11781 2.95128 1.3207 0.47634 0.32506 0.42537 0.248273
0.836242 1.10486 2.96596 1.3207 0.47634 0.32506 0.42537 0.248273
0.817368 1.09154 2.96956 1.32341 0.468758 0.345292 0.433235 0.249856
0.79938 1.07858 2.98276 1.33253 0.395577 0.366174 0.450053 0.249856
0.777197 1.06241 2.98908 1.33253 0.395577 0.366174 0.450053 0.254935
0.756032 1.04621 2.99833 1.35763 0.343217 0.375971 0.38352 0.260857
0.734378 1.03029 3.00752 1.35788 0.342232 0.384964 0.463551 0.268367
0.712661 1.01595 3.01197 1.37739 0.293866 0.381145 0.436959 0.268367
0.690203 1.00073 3.01643 1.38103 0.276248 0.383876 0.463725 0.274829
0.667856 0.985113 3.01494 1.38463 0.257574 0.411458 0.476492 0.281046
0.644418 0.969394 3.01432 1.43343 0.19695 0.411458 0.476492 0.281046
0.620079 0.952847 3.01399 1.43529 0.182921 0.579382 0.505566 0.287706
0.597163 0.937259 3.00783 1.4467 0.12996 0.611389 0.41853 0.287706
0.564944 0.919017 2.99932 1.4467 0.12996 0.611389 0.41853 0.291105
0.532441 0.90543 2.99313 1.45415 0.0673451 0.662904 0.303043 0.298248
0.498984 0.893487 2.98384 1.45556 0.0204048 0.693928 0.189428 0.298248
0.463625 0.887229 2.97668 1.44626 0.00392633 0.693928 0.189428 0.310249
0.427837 0.884922 2.96806 1.46341 -0.0567299 0.72931 0.0831072 0.327397
0.391471 0.885134 2.95846 1.45973 -0.118206 0.784382 -0.0286758 0.327397
0.354548 0.890032 2.95281 1.48673 -0.111737 0.784382 -0.0286758 0.314778
0.315814 0.899936 2.94515 1.48305 -0.153106 0.820333 -0.115145 0.302225
0.277187 0.911434 2.93874 1.44136 -0.177147 0.858836 -0.189771 0.302225
0.23883 0.927267 2.93508 1.44136 -0.177147 0.858836 -0.189771 0.299822
0.198857 0.946267 2.92665 1.45049 -0.156052 0.856847 -0.145197 0.301876
0.158837 0.965757 2.92219 1.45426 -0.12577 0.751894 -0.0431825 0.301876
0.119225 0.982302 2.91705 1.45426 -0.12577 0.751894 -0.0431825 0.311846
0.0825012 0.994394 2.9142 1.45608 -0.0488715 0.622966 0.0445002 0.315695
0.0472748 1.00478 2.91438 1.45608 -0.0488715 0.622966 0.0445002 0.315695
0.0159355 1.01174 2.92189 1.45875 0.0231038 0.498378 0.125252 0.321128
-0.0135725 1.01664 2.92413 1.45719 0.071292 0.348948 0.171008 0.29201
-0.0385365 1.01628 2.92784 1.41728 0.0792294 0.349336 0.17532 0.29201
-0.0575366 1.01325 2.93019 1.41361 0.129124 0.22969 0.204684 0.227342
-0.0750456 1.00895 2.92988 1.40148 0.225447 0.103783 0.30519 0.188027
-0.0885043 1.00118 2.9268 1.409 0.223279 0.103679 0.303491 0.188027
-0.0975609 0.990599 2.92594 1.38915 0.324657 0.027506 0.366209 0.166756
-0.105998 0.977806 2.9315 1.37661 0.426366 -0.0392842 0.384958 0.160043
-0.111585 0.962211 2.92407 1.37661 0.426366 -0.0392842 0.384958 0.160043
-0.1147 0.944873 2.92193 1.34498 0.457322 -0.0387785 0.378799 0.146779
-0.117529 0.92683 2.92463 1.32032 0.524282 -0.0616244 0.303042 0.141859
-0.119367 0.909697 2.91561 1.32032 0.524282 -0.0616244 0.303042 0.141859
-0.121443 0.894326 2.91817 1.37635 0.527207 -0.0439392 0.301715 0.1399
-0.122872 0.880299 2.92095 1.35936 0.569602 -0.0111391 0.252995 0.137277
-0.12531 0.866214 2.91503 1.36658 0.560598 -0.0111391 0.252995 0.137277
-0.128439 0.854409 2.91613 1.35131 0.596456 0.0369626 0.214707 0.148567
-0.13201 0.84314 2.91265 1.42488 0.423115 0.119357 0.166351 0.156479
-0.137013 0.833373 2.91471 1.42488 0.423115 0.119357 0.166351 0.156479
-0.144399 0.827064 2.91097 1.45257 0.315197 0.14318 0.12683 0.176333
-0.152927 0.82297 2.90909 1.46869 0.239926 0.144228 0.0891388 0.194548
-0.161738 0.819277 2.8987 1.46869 0.239926 0.144228 0.0891388 0.194548
-0.16983 0.816552 2.89524 1.45888 0.224627 0.14389 0.0684665 0.207573
-0.17758 0.814288 2.88423 1.45978 0.218723 0.134649 0.0513116 0.200847
-0.184857 0.812973 2.87879 1.45978 0.218723 0.134649 0.0513116 0.200847
-0.191737 0.812129 2.87265 1.4579 0.230914 0.151651 0.0452325 0.195352
-0.198812 0.811289 2.86527 1.48571 0.20658 0.256645 0.0609026 0.192807
-0.207917 0.811379 2.85787 1.48021 0.20904 0.256645 0.0609026 0.192807
-0.220607 0.812375 2.85432 1.48693 0.154087 1.37396 0.221694 0.190203
-0.237372 0.815153 2.84554 1.49212 0.153564 1.41277 0.137313 0.192679
-0.265448 0.82365 2.83413 1.49212 0.153564 1.41277 0.137313 0.192679
-0.308755 0.838504 2.81031 1.47804 0.255757 1.19383 0.380785 0.190928
-0.360483 0.8548 2.79545 1.46674 0.314128 1.04515 0.478461 0.196116
-0.412385 0.864935 2.80919 1.41661 0.341571 1.04515 0.478461 0.196116
-0.461005 0.867208 2.81061 1.44395 0.196162 1.31544 0.101259 0.245562
-0.497266 0.863347 2.79654 1.45719 -0.00874506 1.20529 -0.00598939 0.299427
-0.53687 0.86237 2.79114 1.34063 0.079473 1.20624 0.0809432 0.299427
-0.584645 0.870503 2.79317 1.34213 0.0479989 1.07656 0.0657213 0.340256
-0.633293 0.883895 2.80029 1.30513 0.145098 0.945648 0.126638 0.340256
-0.692093 0.90141 2.81412 1.30513 0.145098 0.945648 0.126638 0.373327
-0.741001 0.913835 2.83111 1.23899 0.234456 0.827773 0.157999 0.392842
-0.788674 0.924517 2.85494 1.23586 0.250414 0.703369 0.203391 0.392842
-0.832403 0.931279 2.88337 1.23586 0.250414 0.703369 0.203391 0.359694
-0.871293 0.934162 2.90624 1.16636 0.402562 0.592024 0.23394 0.339916
-0.908796 0.934818 2.93752 1.17012 0.391511 0.4671 0.271196 0.339916
-0.942063 0.931163 2.97279 1.12067 0.46597 0.4671 0.271196 0.281177
-0.970425 0.924173 3.01084 1.12414 0.457549 0.365954 0.28644 0.222916
-0.996395 0.917114 3.05023 1.05832 0.482599 0.322186 0.291066 0.222916
-1.01971 0.906769 3.08324 1.05832 0.482599 0.322186 0.291066 0.195927
-1.04 0.895421 3.11907 1.08349 0.401598 0.388323 0.299823 0.173031
-1.05883 0.883295 -3.13015 1.09845 0.294419 0.617253 0.344239 0.173031
-1.08153 0.870706 -3.09753 1.09845 0.294419 0.617253 0.344239 0.196917
-1.11034 0.857145 -3.05919 1.04434 0.267288 1.04434 0.267288 0.206435
-1.14579 0.842335 -3.02034 1.04366 0.269944 1.04366 0.269944 0.206435
-1.19084 0.828144 -2.98411 0.997997 0.246156 0.997997 0.246156 0.227919
-1.24087 0.811784 -2.95014 0.992983 0.265658 0.992983 0.265658 0.27709
-1.29087 0.793141 -2.91627 1.10795 0.660686 1.10795 0.660686 0.27709
-1.34008 0.768707 -2.87096 1.09383 0.695991 1.09383 0.695991 0.316606
-1.38673 0.737332 -2.82071 1.06563 0.73845 1.06563 0.73845 0.354707
-1.43209 0.698524 -2.76526 0.997994 0.804191 0.997994 0.804191 0.354707
-1.47447 0.654455 -2.71722 0.997994 0.804191 0.997994 0.804191 0.403902
-1.51454 0.605196 -2.66953 0.968577 0.845536 0.968577 0.845536 0.456441
-1.5508 0.552093 -2.62174 0.968577 0.845536 0.968577 0.845536 0.456441
-1.5836 0.49559 -2.56989 0.931394 0.871456 0.931394 0.871456 0.512636
-1.61245 0.437002 -2.51995 0.865359 0.937061 0.865359 0.937061 0.573453
-1.63674 0.376826 -2.47537 0.865359 0.937061 0.865359 0.937061 0.573453
-1.65748 0.314668 -2.43181 0.812944 1.06819 0.812944 1.06819 0.637125
-1.6736 0.251612 -2.37096 0.735252 1.12308 0.735252 1.12308 0.683145
-1.68171 0.187305 -2.30918 0.842071 1.05052 0.842071 1.05052 0.683145
-1.68421 0.121853 -2.24947 0.801666 1.08167 0.703631 1.01348 0.596937
-1.68189 0.0565086 -2.19303 1.05494 0.83966 0.696913 0.694014 0.596937
-1.67604 -0.00382493 -2.14535 1.05494 0.83966 0.696913 0.694014 0.520435
-1.67017 -0.0586915 -2.10356 1.03732 0.86133 0.56574 0.652653 0.458224
-1.66289 -0.110094 -2.05402 1.24393 0.55721 0.637464 0.404608 0.458224
-1.65478 -0.154865 -2.01194 1.25468 0.532553 0.51587 0.416847 0.412856
-1.65047 -0.195121 -1.97007 1.27575 0.462797 0.508756 0.285046 0.351299
-1.64539 -0.229277 -1.93248 1.27575 0.462797 0.508756 0.285046 0.351299
-1.64124 -0.260538 -1.89479 1.29718 0.403683 0.398095 0.185069 0.301201
-1.63881 -0.289118 -1.86089 1.31116 0.355659 0.304718 0.111015 0.301201
-1.6377 -0.311291 -1.82912 1.31116 0.355659 0.304718 0.111015 0.261019
-1.63759 -0.328372 -1.7978 1.31251 0.206635 0.250072 0.0448037 0.231293
-1.63762 -0.344375 -1.76407 1.32029 0.149038 0.207798 0.00313057 0.231293
-1.63793 -0.357306 -1.73757 1.33074 0.137766 0.207798 0.00313057 0.212922
-1.63963 -0.368417 -1.71141 1.33499 0.087476 0.159736 -0.0162797 0.199994
-1.64131 -0.378288 -1.68471 1.32525 0.0142354 0.143414 -0.0378062 0.199994
-1.64328 -0.3863 -1.66391 1.32525 0.0142354 0.143414 -0.0378062 0.191394
-1.64563 -0.393305 -1.64729 1.33878 -0.0225778 0.12984 -0.0497939 0.186981
-1.64827 -0.400033 -1.62547 1.35515 -0.0364783 0.124858 -0.0518908 0.186981
-1.65082 -0.406922 -1.60592 1.35515 -0.0364783 0.124858 -0.0518908 0.183559
-1.65304 -0.413569 -1.58675 1.33703 -0.0629792 0.112835 -0.0541309 0.183148
-1.65539 -0.420188 -1.5673 1.33697 -0.0642431 0.114014 -0.0504355 0.183148
-1.65763 -0.426056 -1.55045 1.34964 -0.055926 0.114014 -0.0504355 0.182171
-1.65971 -0.431694 -1.53504 1.3491 -0.067718 0.105442 -0.0479733 0.182112
-1.66163 -0.437203 -1.5201 1.33289 -0.0753018 0.0975252 -0.0428694 0.182112
-1.66366 -0.442825 -1.50626 1.32599 -0.0749862 0.0975252 -0.0428694 0.1829
-1.66507 -0.447735 -1.49405 1.32589 -0.0767744 0.10192 -0.0393823 0.182868
-1.66646 -0.452783 -1.48089 1.35697 -0.0665886 0.0987469 -0.0368342 0.182868
-1.6676 -0.458392 -1.47013 1.35697 -0.0665886 0.0987469 -0.0368342 0.182912
-1.66833 -0.464 -1.45925 1.35016 -0.0800636 0.101951 -0.0345183 0.184616
-1.6694 -0.469619 -1.44795 1.35025 -0.0784482 0.135724 -0.033404 0.184616
-1.67054 -0.47495 -1.43671 1.36047 -0.070112 0.135724 -0.033404 0.184831
-1.6712 -0.482083 -1.42813 1.36036 -0.0722002 0.186352 -0.036178 0.185814
-1.67159 -0.48898 -1.41977 1.36074 -0.0646156 0.268473 -0.0389764 0.185814
-1.67231 -0.501068 -1.40895 1.34742 -0.0616488 0.268473 -0.0389764 0.185928
-1.67248 -0.514626 -1.4006 1.34622 -0.0839511 0.579965 -0.0488641 0.188322
-1.67299 -0.531347 -1.39355 1.34807 -0.0650784 0.81561 -0.0223733 0.191631
-1.67403 -0.558444 -1.39978 1.34807 -0.0650784 0.81561 -0.0223733 0.191631
-1.6729 -0.594619 -1.40879 1.34068 -0.101894 1.34068 -0.101894 0.203657
-1.67104 -0.634817 -1.40583 1.34244 -0.075207 1.34244 -0.075207 0.21748
-1.66738 -0.679803 -1.40536 1.34549 -0.075323 1.34549 -0.075323 0.21748
-1.66291 -0.736798 -1.40634 1.34664 -0.0506962 1.34664 -0.0506962 0.246236
-1.65833 -0.800875 -1.40777 1.34752 -0.0142381 1.34752 -0.0142381 0.303881
-1.65298 -0.86895 -1.40423 1.32539 0.0202093 1.32539 0.0202093 0.303881
-1.64576 -0.937766 -1.39119 1.32261 0.0881361 1.32261 0.0881361 0.378916
-1.63649 -1.00586 -1.37374 1.26868 0.385364 1.26868 0.385364 0.472958
-1.623 -1.07128 -1.34899 1.26868 0.385364 1.26868 0.385364 0.472958
-1.60214 -1.13242 -1.30748 1.20616 0.559022 1.20616 0.559022 0.575623
-1.57538 -1.19064 -1.26507 1.10658 0.816105 1.10658 0.816105 0.662498
-1.54121 -1.24392 -1.22626 1.10658 0.816105 1.10658 0.816105 0.662498
-1.50167 -1.29377 -1.18129 1.04781 0.926633 1.04781 0.926633 0.73056
-1.45512 -1.33795 -1.12231 1.03667 0.939083 1.03667 0.939083 0.78236
-1.40325 -1.37596 -1.06341 0.993462 0.94084 0.993462 0.94084 0.78236
-1.34739 -1.40848 -1.00923 0.986164 0.948486 0.986164 0.948486 0.817617
-1.28862 -1.43569 -0.956886 0.978388 0.895754 0.978388 0.895754 0.817617
-1.22762 -1.4589 -0.910758 0.978388 0.895754 0.978388 0.895754 0.833665
-1.1656 -1.47955 -0.866289 0.97642 0.897898 0.97642 0.897898 0.833154
-1.10257 -1.49794 -0.824921 0.976356 0.897969 0.976356 0.897969 0.833154
-1.03858 -1.51313 -0.780738 0.976356 0.897969 0.976356 0.897969 0.838013
-0.974452 -1.52548 -0.727427 1.14106 0.8456 1.14106 0.8456 0.838165
-0.909354 -1.53483 -0.683297 1.14106 0.8456 1.14106 0.8456 0.838165
-0.842278 -1.54495 -0.636697 1.18952 0.774599 1.18952 0.774599 0.854302
-0.780793 -1.55369 -0.603055 1.18799 0.776939 1.18799 0.776939 0.854302
-0.704792 -1.56296 -0.557151 1.18799 0.776939 1.18799 0.776939 0.872317
-0.635253 -1.56985 -0.518722 1.22983 0.632553 1.22983 0.632553 0.907978
-0.566233 -1.57442 -0.479565 1.22721 0.637628 1.22721 0.637628 0.907978
-0.497391 -1.58037 -0.445254 1.30136 0.59103 1.30136 0.59103 0.955973
-0.428434 -1.58558 -0.415274 1.29806 0.598246 1.29806 0.598246 0.993233
-0.358615 -1.59157 -0.38492 1.29565 0.603437 1.29565 0.603437 0.993233
-0.28839 -1.59569 -0.356043 1.29565 0.603437 1.29565 0.603437 1.05799
-0.217635 -1.59726 -0.325585 1.29173 0.611795 1.29173 0.611795 1.12341
-0.146758 -1.59649 -0.296207 1.29173 0.611795 1.29173 0.611795 1.12341
-0.0761356 -1.5936 -0.267452 1.29021 0.614986 1.29021 0.614986 1.05698
-0.00616549 -1.58816 -0.231324 1.36623 0.360044 1.36623 0.360044 1.05698
0.0642613 -1.58241 -0.198209 1.36623 0.360044 1.36623 0.360044 0.952276
0.135765 -1.58058 -0.176428 1.36956 0.279175 1.36956 0.279175 0.851995
0.207664 -1.57952 -0.156038 1.37014 0.276323 1.37014 0.276323 0.851995
0.2798 -1.57956 -0.14378 1.37086 0.180643 1.37086 0.180643 0.757329
0.351432 -1.5804 -0.129879 1.39408 0.155673 1.39408 0.155673 0.668718
0.422759 -1.58297 -0.118984 1.39474 0.149647 1.31319 0.182787 0.668718
0.494053 -1.58591 -0.111924 1.37947 0.107687 1.29639 0.141449 0.580518
0.562974 -1.58784 -0.103349 1.37935 0.109212 1.18161 0.210144 0.522418
0.629461 -1.58898 -0.0933934 1.37935 0.109212 1.18161 0.210144 0.522418
0.692181 -1.5878 -0.0852915 1.37837 0.120853 1.10193 0.25531 0.471329
0.753829 -1.58506 -0.0783558 1.37713 0.134342 0.998686 0.261617 0.440752
0.812544 -1.57984 -0.0682803 1.3284 0.323366 0.998686 0.261617 0.440752
0.869771 -1.57349 -0.0565426 1.33053 0.314477 0.928795 0.245848 0.41191
0.922976 -1.56566 -0.0328528 1.27472 0.412008 0.845676 0.214963 0.41191
0.971552 -1.55736 -0.00757185 1.27472 0.412008 0.845676 0.214963 0.392222
1.01677 -1.54925 0.024242 1.25824 0.477716 0.78007 0.160374 0.364883
1.05997 -1.54053 0.0610247 1.26595 0.45691 0.740753 0.0789403 0.364883
1.09998 -1.53321 0.0954789 1.2361 0.475281 0.740753 0.0789403 0.339067
1.13856 -1.52764 0.13074 1.24431 0.45336 0.699362 -0.00271335 0.317305
1.17613 -1.52109 0.16852 1.25189 0.431976 0.658946 -0.0805737 0.317305
1.21238 -1.5167 0.206054 1.19908 0.525063 0.658946 -0.0805737 0.297788
1.24703 -1.51427 0.244235 1.20826 0.503596 0.587232 -0.117238 0.282923
1.28104 -1.512 0.284911 1.17434 0.510891 0.56663 -0.0966298 0.282923
1.31222 -1.5098 0.325234 1.18217 0.492491 0.586013 -0.164917 0.270764
1.34202 -1.50637 0.366005 1.17684 0.485223 0.565115 -0.168181 0.261049
1.37347 -1.50404 0.410493 1.17684 0.485223 0.565115 -0.168181 0.261049
1.40423 -1.50137 0.452513 1.18247 0.471331 0.558494 -0.162013 0.248632
1.43512 -1.49712 0.49591 1.25208 0.5035 0.592513 -0.154321 0.243609
1.46486 -1.49104 0.540562 1.25208 0.5035 0.592513 -0.154321 0.243609
1.49558 -1.48287 0.581791 1.28181 0.486527 0.56315 -0.0878171 0.240804
1.52636 -1.473 0.62653 1.28377 0.481349 0.512084 -0.0115443 0.240055
1.553 -1.46071 0.670526 1.28497 0.445932 0.512084 -0.0115443 0.240055
1.57539 -1.4459 0.715027 1.28545 0.44453 0.474463 0.0576498 0.245059
1.5963 -1.42906 0.761928 1.28218 0.453869 0.435796 0.118768 0.245059
1.61314 -1.41086 0.814775 1.30831 0.431222 0.435796 0.118768 0.245296
1.62638 -1.39174 0.85207 1.30816 0.431694 0.367656 0.143065 0.244494
1.63689 -1.37328 0.890561 1.35031 0.361544 0.421238 0.177559 0.244494
1.64615 -1.35115 0.937763 1.35031 0.361544 0.421238 0.177559 0.239463
1.65307 -1.33041 0.973588 1.37377 0.306898 0.493505 0.186905 0.234739
1.66017 -1.30824 1.00937 1.3767 0.293466 0.471389 0.16982 0.234739
1.66764 -1.28231 1.04315 1.39449 0.258123 0.471389 0.16982 0.232086
1.67424 -1.26197 1.06993 1.39663 0.246265 0.461826 0.162776 0.231583
1.68217 -1.23133 1.09984 1.39719 0.243039 0.46451 0.153997 0.231583
1.68787 -1.20595 1.12584 1.37514 0.190167 0.46451 0.153997 0.236346
1.69313 -1.18138 1.15388 1.3742 0.196862 0.464084 0.162263 0.241126
1.69748 -1.15645 1.18001 1.37209 0.19515 0.453234 0.149128 0.241126
1.70145 -1.13096 1.20123 1.37209 0.19515 0.453234 0.149128 0.245465
1.70379 -1.10648 1.22016 1.37456 0.184392 0.464224 0.144025 0.248399
1.70677 -1.08167 1.24108 1.3748 0.182616 0.482245 0.135003 0.248399
1.7092 -1.05704 1.26084 1.3748 0.182616 0.482245 0.135003 0.247863
1.71198 -1.0312 1.27782 1.34516 0.151474 0.535967 0.113646 0.25012
1.71469 -1.00473 1.29377 1.34554 0.148016 0.51025 0.107928 0.25012
1.71885 -0.976866 1.30826 1.34554 0.148016 0.51025 0.107928 0.251117
1.72298 -0.949649 1.32612 1.34713 0.13277 0.472124 0.110453 0.253487
1.72529 -0.923339 1.33788 1.31136 0.118977 0.443068 0.118433 0.253487
1.72687 -0.898565 1.35353 1.34247 0.12373 0.443068 0.118433 0.255137
1.7272 -0.875279 1.36232 1.34021 0.146185 0.406603 0.126919 0.255254
1.72734 -0.852027 1.37465 1.33982 0.131388 0.410864 0.117983 0.255254
1.72684 -0.830137 1.38478 1.33982 0.131388 0.410864 0.117983 0.254879
1.72509 -0.808437 1.39209 1.3456 0.1264 0.408899 0.112173 0.252299
1.72433 -0.78647 1.40169 1.34786 0.0994519 0.424923 0.0962682 0.252299
1.72432 -0.764315 1.41077 1.35778 0.0966786 0.424923 0.0962682 0.249861
1.72425 -0.741986 1.41791 1.35988 0.0604843 0.455498 0.0681501 0.247323
1.72433 -0.719374 1.42331 1.36626 0.0234699 0.504737 0.0331774 0.247323
1.7262 -0.695284 1.43173 1.34156 0.0155437 0.504737 0.0331774 0.244221
1.72921 -0.669445 1.43808 1.34136 -0.0276584 0.575323 -0.00945662 0.243254
1.73352 -0.642464 1.43938 1.34739 -0.0667893 0.583967 -0.0829828 0.243254
1.73949 -0.615816 1.44361 1.34739 -0.0667893 0.583967 -0.0829828 0.247267
1.74926 -0.583287 1.44354 1.34565 -0.0856091 0.564225 -0.160099 0.252872
1.75927 -0.553997 1.44658 1.34487 -0.097091 0.537829 -0.204387 0.252872
1.77058 -0.52565 1.45049 1.34487 -0.097091 0.537829 -0.204387 0.263838
1.78437 -0.499105 1.45251 1.36455 -0.0826508 0.50958 -0.204361 0.276532
1.79885 -0.473231 1.45703 1.36479 -0.0786079 0.485306 -0.184037 0.276532
1.81219 -0.448657 1.46228 1.35719 -0.0654953 0.485306 -0.184037 0.259215
1.82539 -0.425308 1.46686 1.35672 -0.0745218 0.468814 -0.158877 0.251765
1.83745 -0.401464 1.4799 1.35769 -0.0487409 0.434899 -0.109674 0.251765
1.84761 -0.378074 1.48694 1.35769 -0.0487409 0.434899 -0.109674 0.249488
1.85479 -0.355559 1.48684 1.35827 -0.0282371 0.406263 -0.0801986 0.252361
1.86373 -0.334613 1.49105 1.35856 0.00356225 0.374396 -0.0494256 0.252361
1.86903 -0.313898 1.50336 1.35856 0.00356225 0.374396 -0.0494256 0.249112
1.87313 -0.295056 1.51032 1.35869 0.04059 0.353726 -0.0387795 0.246544
1.87758 -0.276558 1.5233 1.35798 0.0597429 0.334833 -0.0226741 0.246544
1.8819 -0.258826 1.53056 1.37363 0.069286 0.334833 -0.0226741 0.240984
1.88593 -0.241846 1.53503 1.37285 0.083323 0.33284 -0.008544 0.236864
1.88771 -0.224633 1.55533 1.35234 0.103005 0.322505 0.00662621 0.236864
1.88938 -0.208251 1.56456 1.35234 0.103005 0.322505 0.00662621 0.231329
1.89023 -0.191682 1.57405 1.35021 0.12794 0.331511 0.0222477 0.228009
1.89087 -0.17483 1.58757 1.35456 0.147415 0.355245 0.0363049 0.224076
1.89062 -0.157229 1.60264 1.35456 0.147415 0.355245 0.0363049 0.224076
1.88946 -0.139034 1.61244 1.35255 0.164807 0.388527 0.055121 0.222998
1.88838 -0.120115 1.62741 1.35202 0.169155 0.458393 0.0885419 0.221215
1.8854 -0.099602 1.64109 1.37884 0.174635 0.458393 0.0885419 0.221215
1.88172 -0.0764649 1.65074 1.37706 0.188187 0.561974 0.147586 0.222409
1.87608 -0.0510326 1.66305 1.37863 0.176305 0.683723 0.205718 0.225556
1.86934 -0.0227489 1.67234 1.35749 0.174681 0.683723 0.205718 0.225556
1.85947 0.0103482 1.68768 1.35838 0.167634 0.688796 0.178585 0.232928
1.84835 0.0453526 1.69953 1.36452 0.1499 0.696959 0.129763 0.245574
1.83814 0.0801495 1.71197 1.36452 0.1499 0.696959 0.129763 0.245574
1.82804 0.115871 1.722 1.38197 0.118399 0.708841 0.0573737 0.267573
1.81881 0.151499 1.73112 1.38308 0.104541 0.656407 0.0281648 0.298786
1.81233 0.187455 1.7409 1.38974 0.103187 0.604962 0.00273873 0.298786
1.80752 0.221323 1.7547 1.37069 0.0955495 0.604962 0.00273873 0.296093
1.80357 0.252598 1.76554 1.37124 0.08733 0.556734 -0.00640487 0.287321
1.79905 0.282926 1.77603 1.37127 0.0868205 0.513185 -0.0138133 0.287321
1.79518 0.311125 1.78682 1.37127 0.0868205 0.513185 -0.0138133 0.27774
1.7916 0.337212 1.79808 1.34468 0.0772359 0.480445 -0.0196963 0.27314
1.78793 0.363258 1.81174 1.34468 0.0772359 0.480445 -0.0196963 0.27314
1.78372 0.388286 1.82615 1.33041 0.099506 0.430539 -0.00247802 0.267751
1.77954 0.412429 1.84201 1.35377 0.133358 0.382319 0.00486377 0.260198
1.77454 0.433641 1.86252 1.3553 0.116832 0.340271 0.0078909 0.260198
1.76989 0.452609 1.87933 1.3553 0.116832 0.340271 0.0078909 0.253095
1.76461 0.469675 1.90245 1.3572 0.0921897 0.318071 -0.00310993 0.245131
1.76077 0.486053 1.92253 1.34334 0.134143 0.302223 -0.0162252 0.245131
1.75605 0.502029 1.94269 1.34334 0.134143 0.302223 -0.0162252 0.237024
1.75205 0.517576 1.96918 1.34074 0.120845 0.321686 -0.0284592 0.229874
1.7479 0.532649 1.99507 1.34212 0.104351 0.365847 -0.0505996 0.229874
1.74365 0.549436 2.02077 1.34212 0.104351 0.365847 -0.0505996 0.22675
1.73828 0.567923 2.04355 1.32826 0.0766499 0.488906 -0.0944549 0.21969
1.73264 0.588777 2.06678 1.32907 0.0610334 0.887856 -0.189421 0.21969
1.7252 0.617235 2.09649 1.33331 0.0626905 0.887856 -0.189421 0.218351
1.7139 0.655628 2.11492 1.33331 0.0627395 0.87209 -0.103397 0.220166
1.70148 0.693616 2.13637 1.32909 0.0742467 0.862421 -0.0331531 0.220166
1.68229 0.739463 2.15783 1.32909 0.0742467 0.862421 -0.0331531 0.233293
1.66165 0.779117 2.18964 1.33472 0.130506 0.8374 0.0290252 0.249701
1.63935 0.817459 2.2161 1.33037 0.16921 0.821012 0.109067 0.249701
1.61388 0.851806 2.2455 1.33037 0.16921 0.821012 0.109067 0.273765
1.58687 0.883777 2.27513 1.32131 0.310288 0.830976 0.1502 0.304699
1.56074 0.912097 2.30084 1.31052 0.353077 0.784474 0.19386 0.304699
1.52644 0.943926 2.33818 1.31052 0.353077 0.784474 0.19386 0.320782
1.49402 0.969446 2.3703 1.30527 0.372031 0.758242 0.207064 0.322202
1.46076 0.99347 2.40563 1.3051 0.372608 0.775234 0.188696 0.322202
1.42708 1.01588 2.43892 1.27731 0.368387 0.775234 0.188696 0.304258
1.39275 1.03795 2.4714 1.28288 0.348493 0.783816 0.152719 0.299194
1.35794 1.05872 2.50378 1.24962 0.296661 0.824205 0.0847334 0.299194
1.32252 1.08054 2.53626 1.24962 0.296661 0.824205 0.0847334 0.30692
1.28645 1.10415 2.56681 1.24758 0.305144 0.785888 0.0611143 0.31511
1.25007 1.12725 2.59712 1.24528 0.314393 0.726144 0.095817 0.31511
1.21487 1.1481 2.63023 1.2617 0.302869 0.726144 0.095817 0.315438
1.18103 1.16539 2.66022 1.38749 0.362198 0.607322 0.157212 0.308051
1.14743 1.17992 2.6881 1.38504 0.371443 0.511092 0.212379 0.308051
1.11636 1.18887 2.71881 1.35496 0.327727 0.511092 0.212379 0.303377
1.08787 1.1935 2.74752 1.34822 0.35444 0.422289 0.259085 0.299454
1.0608 1.19575 2.77548 1.37579 0.352916 0.422734 0.254768 0.299454
1.03619 1.19477 2.79815 1.36228 0.401922 0.369489 0.288983 0.294905
1.01236 1.19202 2.82184 1.3323 0.431644 0.334699 0.308166 0.287586
0.990244 1.18746 2.84003 1.33072 0.508613 0.307903 0.337383 0.287586
0.96912 1.1809 2.86075 1.33072 0.508613 0.307903 0.337383 0.270542
0.9491 1.1729 2.87555 1.32161 0.518034 0.287875 0.353456 0.255923
0.929329 1.16403 2.89233 1.32161 0.518034 0.287875 0.353456 0.255923
0.91064 1.15391 2.90731 1.32158 0.522233 0.290198 0.372588 0.248564
0.891919 1.14329 2.92562 1.31352 0.542187 0.297123 0.402876 0.24422
0.873596 1.13182 2.94323 1.33301 0.509869 0.31187 0.422746 0.24422
0.854173 1.11942 2.96159 1.33301 0.509869 0.31187 0.422746 0.244548
0.834728 1.10602 2.97334 1.33561 0.503028 0.337091 0.436948 0.24696
0.814684 1.09228 2.98785 1.34993 0.417236 0.337583 0.414405 0.24696
0.794213 1.07789 2.99763 1.34816 0.422914 0.364416 0.445199 0.251666
0.772813 1.06337 3.0147 1.37587 0.357668 0.383436 0.455358 0.256548
0.751673 1.0485 3.02306 1.37684 0.353911 0.380814 0.458042 0.256548
0.729317 1.03255 3.03152 1.39454 0.307844 0.376385 0.416571 0.261915
0.707067 1.01665 3.03351 1.39721 0.29546 0.394906 0.460042 0.268463
0.684659 1.00115 3.03544 1.41305 0.246092 0.394906 0.460042 0.268463
0.6625 0.985016 3.03025 1.39244 0.208611 0.413184 0.466689 0.275496
0.6392 0.96791 3.02926 1.39441 0.194973 0.496004 0.498543 0.281763
0.61524 0.950343 3.02599 1.4046 0.161867 0.496004 0.498543 0.281763
0.589279 0.93232 3.02262 1.40714 0.138026 0.599841 0.446439 0.287304
0.561631 0.914168 3.01725 1.41798 0.0780959 0.648489 0.33819 0.293071
0.531264 0.899736 3.00562 1.41798 0.0780959 0.648489 0.33819 0.293071
0.49726 0.889138 2.99905 1.47681 0.00621714 0.683063 0.220761 0.306247
0.462706 0.880676 2.99011 1.44488 -0.0614739 0.718471 0.10365 0.322668
0.426804 0.877709 2.98372 1.44488 -0.0614739 0.718471 0.10365 0.322668
0.391047 0.879756 2.97572 1.47412 -0.125951 0.757739 -0.0114495 0.315052
0.354517 0.884495 2.96627 1.46873 -0.178127 0.784695 -0.10632 0.301946
0.316588 0.89355 2.95846 1.43516 -0.176777 0.784695 -0.10632 0.301946
0.279049 0.906347 2.94902 1.42931 -0.219063 0.835613 -0.189452 0.294841
0.241113 0.921371 2.93736 1.44408 -0.205694 0.887749 -0.22054 0.294841
0.202032 0.939699 2.92963 1.44408 -0.205694 0.887749 -0.22054 0.295575
0.161393 0.960835 2.92005 1.44408 -0.205748 0.778544 -0.165032 0.301862
0.121333 0.981343 2.91213 1.46175 -0.0989141 0.637674 -0.0513467 0.301862
0.0850899 0.997394 2.90571 1.46175 -0.0989141 0.637674 -0.0513467 0.31284
0.0537091 1.00829 2.90465 1.45764 -0.0681615 0.279902 -0.154617 0.25223
0.0262348 1.0195 2.90314 1.45545 -0.105029 0.154828 -0.216724 0.25223
0.00991686 1.0283 2.88965 1.41154 -0.0686528 0.151406 -0.176871 0.196687
0.00167739 1.03744 2.88384 1.40648 -0.137723 0.0342003 -0.196788 0.175293
-0.00217358 1.04618 2.89238 1.39765 -0.209123 -0.00553478 -0.257692 0.175293
-0.00218193 1.05452 2.89461 1.43187 -0.108995 -0.00891732 -0.183573 0.174928
-0.000122656 1.06425 2.90006 1.43374 -0.0806414 -0.00892876 -0.137821 0.152277
0.00198183 1.07183 2.91181 1.41293 -0.165496 -0.032392 -0.215602 0.152277
0.00343422 1.07756 2.9191 1.41293 -0.165496 -0.032392 -0.215602 0.161822
0.00588982 1.0857 2.92436 1.41883 -0.122448 -0.0393963 -0.0959929 0.172499
0.00904288 1.09402 2.93467 1.41883 -0.122448 -0.0393963 -0.0959929 0.172499
0.0113913 1.09886 2.94087 1.42308 -0.053984 -0.0359354 0.00944297 0.182831
0.0129793 1.10017 2.94402 1.42679 -0.0903339 -0.00984448 -0.0255406 0.178687
0.013758 1.09939 2.95003 1.42406 -0.126288 -0.00771503 -0.080262 0.178687
0.0138496 1.0998 2.95342 1.42852 -0.133904 -0.00771503 -0.080262 0.183709
0.0140209 1.10179 2.9607 1.42965 -0.121312 -0.0113162 -0.0346382 0.189757
0.0142838 1.10313 2.96438 1.43006 -0.139944 -0.0124314 -0.0531779 0.189757
0.0149666 1.10447 2.97118 1.43197 -0.118812 -0.00225322 -0.0914988 0.18598
0.0154026 1.10633 2.97667 1.42687 -0.168611 0.0120784 -0.208217 0.185958
0.014951 1.11157 2.98408 1.42687 -0.168611 0.0120784 -0.208217 0.185958
0.0156953 1.1206 2.99063 1.42768 -0.161695 0.00389829 -0.107009 0.191998
0.0161342 1.12854 2.99496 1.3686 -0.172494 0.00375567 -0.089264 0.189959
0.0159664 1.13321 3.00275 1.36484 -0.200088 0.0139856 -0.147226 0.189959
0.0163852 1.13676 3.01177 1.36428 -0.196549 0.0139856 -0.147226 0.188893
0.0159483 1.14239 3.02013 1.36549 -0.187967 0.00814298 -0.0702715 0.193998
0.0156421 1.14788 3.02362 1.3657 -0.181996 0.00561732 -0.0708966 0.193998
0.0154932 1.15131 3.02624 1.36496 -0.18588 0.00561732 -0.0708966 0.189961
0.015116 1.15395 3.03127 1.35559 -0.245078 0.0183508 -0.29613 0.190952
0.015118 1.15964 3.03483 1.35475 -0.240835 0.0255071 -0.288946 0.190952
0.015393 1.17289 3.04391 1.35475 -0.240835 0.0255071 -0.288946 0.190984
0.0151342 1.18609 3.0494 1.35443 -0.24267 0.0423148 -0.281818 0.190964
0.0150636 1.1995 3.04944 1.35263 -0.252491 0.0692739 -0.267424 0.190964
0.0138442 1.21258 3.06004 1.35218 -0.245111 0.0692739 -0.267424 0.196722
0.0109721 1.22492 3.06585 1.35387 -0.235618 0.102491 -0.255283 0.195425
0.00859581 1.23791 3.0677 1.35526 -0.227461 0.118975 -0.230283 0.203134
0.00405008 1.25042 3.08369 1.41623 -0.190679 0.118975 -0.230283 0.203134
-0.00161776 1.2617 3.09394 1.42029 -0.157639 0.159828 -0.204016 0.211218
-0.00771686 1.27303 3.10408 1.41688 -0.111822 0.180702 -0.171396 0.208051
-0.0142268 1.28354 3.1083 1.41688 -0.111822 0.180702 -0.171396 0.208051
-0.0224033 1.29285 3.11488 1.404 -0.111909 0.180035 -0.148958 0.215171
-0.030856 1.30138 3.12 1.40644 -0.0753405 0.208679 -0.125329 0.218741
-0.0400627 1.30946 3.13169 1.39011 -0.0736825 0.208679 -0.125329 0.218741
-0.0494736 1.3171 -3.13978 1.38068 -0.0380998 0.232056 -0.105897 0.210775
-0.0595759 1.32365 -3.13356 1.38114 -0.0142455 0.214358 -0.0730589 0.207024
-0.0711691 1.32916 -3.12751 1.41856 -0.00883504 0.214358 -0.0730589 0.207024
-0.0817952 1.33331 -3.12082 1.41836 0.025134 0.206986 -0.0382056 0.204994
-0.0924296 1.33675 -3.11192 1.39117 0.0551496 0.195735 -0.00723825 0.206267
-0.102718 1.33901 -3.10253 1.39117 0.0551496 0.195735 -0.00723825 0.206267
-0.112215 1.34023 -3.09866 1.42003 0.0845314 0.17031 0.0123412 0.208331
-0.122061 1.34048 -3.09172 1.40384 0.121224 0.158228 0.0330687 0.203515
-0.131077 1.34033 -3.0847 1.40093 0.15125 0.14882 0.0493305 0.203515
-0.138797 1.33947 -3.07899 1.43354 0.152051 0.14882 0.0493305 0.194563
-0.1463 1.33766 -3.07666 1.4326 0.160661 0.134414 0.0546363 0.187245
-0.153402 1.33565 -3.07085 1.40592 0.176042 0.134668 0.0609457 0.187245
-0.159809 1.33396 -3.06543 1.40592 0.176042 0.134668 0.0609457 0.183505
-0.166319 1.33192 -3.05878 1.38588 0.176915 0.14015 0.0672544 0.182864
-0.173401 1.32952 -3.05629 1.3869 0.168708 0.145739 0.063889 0.182864
-0.180141 1.32692 -3.05329 1.3869 0.168708 0.145739 0.063889 0.183035
-0.187526 1.32438 -3.04914 1.41656 0.171293 0.168364 0.0639113 0.185172
-0.194763 1.32179 -3.04188 1.41993 0.140639 0.20266 0.0649125 0.189081
-0.203645 1.31835 -3.04098 1.39958 0.149351 0.20266 0.0649125 0.189081
-0.213417 1.31517 -3.03818 1.40271 0.116311 0.254952 0.0595741 0.192009
-0.223615 1.31229 -3.0415 1.38145 0.110852 0.344766 0.0616813 0.197559
-0.238027 1.30947 -3.04025 1.38145 0.110852 0.344766 0.0616813 0.197559
-0.255475 1.30604 -3.04115 1.38252 0.0965807 0.729147 0.0807678 0.202332
-0.276096 1.30251 -3.04019 1.39724 0.0960528 1.25723 0.0873623 0.209235
-0.309533 1.30041 -3.05161 1.39724 0.0960528 1.25723 0.0873623 0.209235
-0.356171 1.29889 -3.07429 1.4047 0.066603 1.22427 0.0175142 0.217998
-0.412798 1.29706 -3.08687 1.40388 0.0821015 1.13931 0.00142559 0.238592
-0.473287 1.29556 -3.08852 1.39541 0.0875971 1.13705 0.0088176 0.238592
-0.532229 1.29423 -3.08513 1.39614 0.0749944 1.05075 -0.0623813 0.276426
-0.590272 1.29379 -3.08287 1.3974 0.0458768 0.945284 -0.166023 0.331628
-0.645077 1.29538 -3.07678 1.35311 0.2184 0.763969 -0.0971088 0.331628
-0.6932 1.299 -3.0727 1.35311 0.2184 0.763969 -0.0971088 0.3971
-0.73418 1.30196 -3.053 1.34593 0.373865 0.652178 -0.0939482 0.367923
-0.773167 1.30505 -3.03474 1.34593 0.373865 0.652178 -0.0939482 0.367923
-0.808642 1.30734 -3.01248 1.3228 0.454115 0.559743 -0.0891789 0.330959
-0.842338 1.30871 -2.98245 1.33352 0.421596 0.459795 -0.0401159 0.305755
-0.871542 1.3093 -2.95508 1.33546 0.462306 0.459795 -0.0401159 0.305755
-0.895599 1.3082 -2.92906 1.35616 0.397497 0.388473 0.00122041 0.271322
-0.918291 1.30622 -2.89282 1.37441 0.328885 0.326197 0.0124745 0.240314
-0.93735 1.30248 -2.86334 1.39436 0.361402 0.326197 0.0124745 0.240314
-0.953295 1.29799 -2.83 1.41193 0.285128 0.315065 0.0186004 0.222227
-0.96917 1.29329 -2.80038 1.43624 0.22031 0.313156 0.00535852 0.21631
-0.984719 1.2878 -2.76888 1.43624 0.22031 0.313156 0.00535852 0.21631
-1.00087 1.28166 -2.73291 1.46328 0.224636 0.351998 -0.0281444 0.219417
-1.01703 1.2773 -2.70019 1.46281 0.227726 0.478587 -0.0876247 0.225244
-1.03709 1.2718 -2.67206 1.46281 0.227726 0.478587 -0.0876247 0.225244
-1.06076 1.26532 -2.64346 1.42336 0.120329 0.831357 -0.243252 0.232828
-1.0891 1.25891 -2.60956 1.42218 0.133528 1.23968 -0.351444 0.238888
-1.12789 1.24731 -2.57956 1.43126 0.127194 1.24973 -0.355224 0.238888
-1.17703 1.22998 -2.54845 1.43033 0.137296 1.32617 -0.250028 0.242504
-1.23323 1.20973 -2.52638 1.39623 0.123275 1.37516 -0.0311748 0.263663
-1.28798 1.18739 -2.51236 1.39623 0.123275 1.37516 -0.0311748 0.263663
-1.33096 1.17096 -2.51218 1.39233 0.161465 1.39233 0.161465 0.301326
-1.37802 1.15144 -2.49237 1.31721 0.296886 1.31721 0.296886 0.344455
-1.42653 1.12341 -2.48615 1.31721 0.296886 1.31721 0.296886 0.344455
-1.47342 1.08822 -2.46197 1.30396 0.464501 1.30396 0.464501 0.398694
-1.51962 1.04679 -2.42798 1.28767 0.507931 1.28767 0.507931 0.398694
-1.56295 0.999624 -2.38988 1.26827 0.615893 1.26827 0.615893 0.45309
-1.60039 0.945508 -2.35125 1.25209 0.64815 1.25209 0.64815 0.51336
-1.63273 0.886171 -2.30725 1.2375 0.6756 1.2375 0.6756 0.51336
-1.65989 0.823099 -2.26698 1.24627 0.718526 1.24627 0.718526 0.582334
-1.6832 0.757354 -2.22501 1.23178 0.743089 1.23178 0.743089 0.634832
-1.70164 0.689228 -2.1829 1.21492 0.717192 1.21492 0.717192 0.634832
-1.71581 0.619644 -2.14263 1.21492 0.717192 1.21492 0.717192 0.679168
-1.72664 0.549953 -2.10034 1.22827 0.6817 1.22827 0.6817 0.720522
-1.73245 0.483848 -2.06356 1.22827 0.6817 1.22827 0.6817 0.720522
-1.73223 0.428731 -2.03332 1.22269 0.691662 1.22269 0.691662 0.74117
-1.73387 0.372837 -2.00018 1.21339 0.606518 1.21339 0.606518 0.761203
-1.73639 0.312478 -1.97658 1.21339 0.606518 1.21339 0.606518 0.761203
-1.73924 0.249906 -1.94256 1.24936 0.516534 1.18078 0.506816 0.708228
-1.74042 0.184605 -1.91176 1.25098 0.512613 1.03097 0.481419 0.708228
-1.74095 0.120594 -1.88317 1.25098 0.512613 1.03097 0.481419 0.638282
-1.73871 0.0601508 -1.85 1.25421 0.504662 0.88777 0.454205 0.563256
-1.73497 0.000830601 -1.81528 1.28361 0.405019 0.786617 0.340952 0.563256
-1.72973 -0.0540946 -1.79423 1.30058 0.350878 0.793759 0.285544 0.47698
-1.72435 -0.101714 -1.77409 1.30121 0.348556 0.667436 0.354783 0.405134
-1.71892 -0.145604 -1.75003 1.3326 0.321182 0.66717 0.32772 0.405134
-1.71095 -0.184923 -1.73172 1.33317 0.318793 0.529642 0.344069 0.344286
-1.70156 -0.221656 -1.7092 1.29915 0.311841 0.392018 0.296681 0.300677
-1.69015 -0.252033 -1.69178 1.29915 0.311841 0.392018 0.296681 0.300677
-1.67849 -0.276261 -1.67293 1.32997 0.313509 0.30485 0.223228 0.266601
-1.66726 -0.298215 -1.65705 1.33628 0.28539 0.23539 0.149982 0.266601
-1.65839 -0.316362 -1.63869 1.33628 0.28539 0.23539 0.149982 0.242344
-1.65258 -0.329852 -1.61779 1.34118 0.228678 0.186604 0.0876229 0.238462
-1.64763 -0.342084 -1.60004 1.35354 0.137821 0.15712 0.0268744 0.238462
-1.64398 -0.352613 -1.58544 1.33092 0.128563 0.15712 0.0268744 0.21924
-1.64298 -0.360694 -1.56935 1.33627 0.0475766 0.137221 -0.0127385 0.20328
-1.64275 -0.368 -1.55429 1.33118 -0.0440908 0.137322 -0.0507532 0.20328
-1.6432 -0.375858 -1.54217 1.33118 -0.0440908 0.137322 -0.0507532 0.195023
-1.64458 -0.383416 -1.53355 1.32953 -0.0796026 0.13223 -0.0651509 0.188792
-1.64664 -0.390654 -1.5219 1.33706 -0.110105 0.128307 -0.0750504 0.188792
-1.649 -0.397981 -1.50993 1.33706 -0.110105 0.128307 -0.0750504 0.185639
-1.65166 -0.405007 -1.50061 1.34607 -0.118807 0.12057 -0.0746161 0.183847
-1.65467 -0.411668 -1.49003 1.34593 -0.120395 0.112142 -0.0693961 0.183847
-1.65714 -0.417843 -1.48171 1.32711 -0.126122 0.112142 -0.0693961 0.184281
-1.65932 -0.424406 -1.4748 1.32771 -0.119624 0.104764 -0.0592196 0.184025
-1.66171 -0.430492 -1.46693 1.34149 -0.107234 0.103534 -0.0522533 0.184025
-1.66391 -0.436187 -1.45884 1.33349 -0.108933 0.103534 -0.0522533 0.183871
-1.66524 -0.441807 -1.4531 1.33327 -0.111566 0.0979607 -0.047476 0.185034
-1.66655 -0.447297 -1.44495 1.36416 -0.0946939 0.095171 -0.0400786 0.185034
-1.6679 -0.452476 -1.43615 1.36416 -0.0946939 0.095171 -0.0400786 0.183896
-1.66929 -0.457846 -1.42974 1.35101 -0.0877354 0.0939836 -0.0377737 0.184762
-1.67014 -0.463111 -1.42299 1.35022 -0.0991297 0.101413 -0.0356918 0.184762
-1.67119 -0.468347 -1.41505 1.34342 -0.0996842 0.101413 -0.0356918 0.184545
-1.67217 -0.4735 -1.40695 1.36077 -0.0904457 0.129606 -0.0376547 0.1858
-1.67323 -0.479101 -1.39856 1.36162 -0.076501 0.199745 -0.0409299 0.186694
-1.6737 -0.487683 -1.39462 1.34865 -0.0763822 0.199745 -0.0409299 0.186694
-1.67397 -0.497969 -1.3855 1.34807 -0.0859567 0.264592 -0.0456352 0.186753
-1.67423 -0.510029 -1.38114 1.33219 -0.10667 0.500106 -0.0626232 0.189298
-1.67506 -0.527526 -1.37718 1.33219 -0.10667 0.500106 -0.0626232 0.189298
-1.67537 -0.551269 -1.37409 1.33201 -0.131012 1.33201 -0.131012 0.19611
-1.67466 -0.582411 -1.37506 1.3339 -0.110057 1.3339 -0.110057 0.206626
-1.67259 -0.627283 -1.38452 1.3339 -0.110057 1.3339 -0.110057 0.206626
-1.67047 -0.683552 -1.39948 1.34678 -0.0912268 1.34678 -0.0912268 0.218325
-1.66841 -0.747271 -1.40689 1.34815 -0.0681488 1.34815 -0.0681488 0.258847
-1.66549 -0.814812 -1.40342 1.34987 -0.00136265 1.34987 -0.00136265 0.258847
-1.66075 -0.883931 -1.39833 1.34987 -0.00136265 1.34987 -0.00136265 0.323419
-1.65352 -0.953133 -1.39141 1.3594 0.186324 1.3594 0.186324 0.411852
-1.64358 -1.02224 -1.37111 1.29519 0.398647 1.29519 0.398647 0.411852
-1.62689 -1.08834 -1.33608 1.20704 0.539878 1.20704 0.539878 0.513507
-1.60341 -1.14937 -1.29043 1.1389 0.70737 1.1389 0.70737 0.620685
-1.57227 -1.2047 -1.23327 1.1389 0.70737 1.1389 0.70737 0.620685
-1.53361 -1.25403 -1.17365 1.05317 0.847956 1.05317 0.847956 0.699565
-1.48893 -1.29923 -1.12527 1.04003 0.86402 1.04003 0.86402 0.753704
-1.43976 -1.34031 -1.07652 1.04003 0.86402 1.04003 0.86402 0.753704
-1.38612 -1.37587 -1.02806 1.03245 0.873061 1.03245 0.873061 0.79354
-1.33014 -1.4072 -0.983877 1.02741 0.878994 1.02741 0.878994 0.815986
-1.27159 -1.4355 -0.942046 1.03846 0.880468 1.03846 0.880468 0.815986
-1.21159 -1.4607 -0.902072 1.03579 0.883615 1.03579 0.883615 0.823723
-1.1494 -1.48307 -0.86231 0.978522 0.781035 0.978522 0.781035 0.823723
-1.08609 -1.5031 -0.82221 0.978522 0.781035 0.978522 0.781035 0.831995
-1.02477 -1.52049 -0.780342 1.12884 0.873081 1.12884 0.873081 0.841308
-0.962761 -1.53527 -0.730602 1.12785 0.874365 1.12785 0.874365 0.841308
-0.898046 -1.54828 -0.679933 1.16469 0.82571 1.16469 0.82571 0.853633
-0.832263 -1.55916 -0.624864 1.16735 0.776267 1.16735 0.776267 0.866307
-0.765221 -1.56826 -0.585989 1.16621 0.777978 1.16621 0.777978 0.866307
-0.697401 -1.576 -0.546411 1.22393 0.682677 1.22393 0.682677 0.895975
-0.633171 -1.57913 -0.513022 1.22159 0.68686 1.22159 0.68686 0.927214
-0.580867 -1.57457 -0.493904 1.25503 0.60869 1.25503 0.60869 0.927214
-0.535433 -1.56406 -0.467501 1.25292 0.613022 1.25292 0.613022 0.958838
-0.484415 -1.55842 -0.439221 1.28505 0.554064 1.28505 0.554064 0.958838
-0.427833 -1.55979 -0.42811 1.28505 0.554064 1.28505 0.554064 0.965718
-0.366968 -1.56516 -0.415656 1.28447 0.555395 1.28447 0.555395 0.992808
-0.303013 -1.57284 -0.394536 1.30224 0.440927 1.30224 0.440927 0.992808
-0.236082 -1.58108 -0.367042 1.30224 0.440927 1.30224 0.440927 1.06631
-0.169217 -1.5899 -0.346275 1.31698 0.433473 1.31698 0.433473 1.1148
-0.100997 -1.59789 -0.32512 1.31698 0.433473 1.31698 0.433473 1.1148
-0.0320868 -1.60482 -0.301697 1.32605 0.39035 1.32605 0.39035 1.01613
0.0376176 -1.61043 -0.275402 1.3281 0.383293 1.3281 0.383293 1.01613
0.10825 -1.61471 -0.251827 1.3281 0.383293 1.3281 0.383293 0.92168
0.179269 -1.61737 -0.231575 1.35611 0.336383 1.35611 0.336383 0.838469
0.250315 -1.61907 -0.212096 1.35701 0.332726 1.35701 0.332726 0.838469
0.322054 -1.62098 -0.195091 1.35165 0.286904 1.35165 0.286904 0.740071
0.393731 -1.62213 -0.179051 1.35267 0.282059 1.29005 0.293915 0.665627
0.465399 -1.62365 -0.162465 1.37732 0.267476 1.28824 0.284343 0.665627
0.536814 -1.62411 -0.14402 1.3764 0.272172 1.15457 0.341555 0.569349
0.599612 -1.62279 -0.128876 1.36468 0.237939 1.0576 0.380011 0.489972
0.670052 -1.61755 -0.112497 1.33401 0.352935 1.08713 0.451795 0.489972
0.723827 -1.61041 -0.0991891 1.33517 0.34854 0.995552 0.425717 0.425396
0.786657 -1.59889 -0.0791548 1.3104 0.410883 0.908305 0.38404 0.425396
0.841155 -1.58627 -0.0515202 1.3104 0.410883 0.908305 0.38404 0.402615
0.891162 -1.57292 -0.0224111 1.30252 0.463951 0.859162 0.310986 0.403882
0.938908 -1.55806 0.00947215 1.30531 0.456018 0.82249 0.204266 0.403882
0.984096 -1.54526 0.043932 1.28223 0.458623 0.82249 0.204266 0.377374
1.02744 -1.53507 0.0789835 1.25323 0.419663 0.782067 0.0808609 0.345152
1.06939 -1.52546 0.112979 1.25323 0.419663 0.782067 0.0808609 0.345152
1.10997 -1.51838 0.144933 1.24388 0.383183 0.75259 -0.0346589 0.319201
1.14961 -1.51209 0.178769 1.25131 0.358187 0.703439 -0.118454 0.297414
1.188 -1.5085 0.207063 1.21346 0.415667 0.688276 -0.103104 0.297414
1.22518 -1.50723 0.242522 1.22133 0.391929 0.623382 -0.15574 0.281849
1.26073 -1.50582 0.274609 1.1959 0.422575 0.561669 -0.173895 0.269525
1.2938 -1.50569 0.313157 1.1959 0.422575 0.561669 -0.173895 0.269525
1.32454 -1.50565 0.35588 1.20163 0.405999 0.568499 -0.208576 0.261587
1.35505 -1.50443 0.392964 1.1953 0.466224 0.555127 -0.191613 0.261587
1.38637 -1.50325 0.432157 1.1953 0.466224 0.555127 -0.191613 0.254906
1.41682 -1.50029 0.473844 1.1663 0.417457 0.569934 -0.169785 0.247572
1.4484 -1.49694 0.519234 1.17003 0.40689 0.582461 -0.131296 0.247572
1.47891 -1.49069 0.557811 1.26229 0.483996 0.582461 -0.131296 0.243855
1.50846 -1.481 0.600969 1.26474 0.477561 0.54634 -0.0582757 0.243081
1.53761 -1.46929 0.644625 1.26519 0.476373 0.493671 0.0217652 0.243081
1.56252 -1.4554 0.688384 1.26519 0.476373 0.493671 0.0217652 0.245508
1.58323 -1.43927 0.736464 1.26519 0.476373 0.493671 0.0217652 0.245508
1.60141 -1.4211 0.783157 1.30565 0.407869 0.421826 0.126701 0.244663
1.61641 -1.403 0.820105 1.30565 0.407869 0.421826 0.126701 0.243632
1.62825 -1.3826 0.867538 1.36062 0.383434 0.373005 0.149335 0.240322
1.63859 -1.36193 0.91297 1.36223 0.377661 0.46796 0.177277 0.240322
1.64669 -1.34243 0.942379 1.36223 0.377661 0.46796 0.177277 0.235001
1.65441 -1.31908 0.984995 1.36586 0.364312 0.486275 0.173998 0.229334
1.66372 -1.29434 1.02333 1.36586 0.364312 0.486275 0.173998 0.229334
1.67203 -1.26873 1.05571 1.38552 0.22967 0.471471 0.169794 0.230997
1.67895 -1.2423 1.08813 1.3856 0.229206 0.4657 0.163439 0.23369
1.68464 -1.21635 1.11743 1.38853 0.209932 0.457527 0.160828 0.23369
1.69046 -1.19142 1.14026 1.38853 0.209932 0.457527 0.160828 0.237253
1.69444 -1.16644 1.16058 1.38795 0.192765 0.459196 0.153013 0.243313
1.69865 -1.14085 1.1909 1.38766 0.19035 0.459196 0.153013 0.243313
1.70201 -1.11623 1.20955 1.3862 0.200669 0.451848 0.149737 0.246387
1.70468 -1.09149 1.22945 1.35564 0.171783 0.47871 0.140436 0.247633
1.70738 -1.06656 1.25083 1.35564 0.171783 0.47871 0.140436 0.247633
1.70993 -1.04375 1.26948 1.35636 0.170898 0.499644 0.127669 0.24855
1.71249 -1.01527 1.28661 1.35901 0.148351 0.528658 0.0956296 0.250017
1.71488 -0.988447 1.302 1.32657 0.138181 0.528658 0.0956296 0.250017
1.71934 -0.961059 1.3169 1.32845 0.11871 0.491929 0.106592 0.248865
1.72387 -0.933041 1.33246 1.32847 0.118528 0.461969 0.105512 0.253614
1.72572 -0.907184 1.34198 1.32531 0.110187 0.461969 0.105512 0.253614
1.72753 -0.882754 1.3567 1.32336 0.131519 0.424403 0.123008 0.255758
1.72846 -0.859103 1.36507 1.35006 0.152659 0.388332 0.128554 0.255287
1.72791 -0.836558 1.37689 1.35006 0.152659 0.388332 0.128554 0.255287
1.72648 -0.815915 1.38393 1.35495 0.132211 0.407226 0.115234 0.253963
1.72547 -0.795035 1.39445 1.3564 0.116361 0.419635 0.10666 0.249967
1.72486 -0.773577 1.40424 1.3564 0.116361 0.419635 0.10666 0.249967
1.72491 -0.750941 1.41343 1.34087 0.0701602 0.448995 0.0809432 0.248004
1.72504 -0.728001 1.42202 1.34204 0.0420002 0.473508 0.0511689 0.246469
1.72628 -0.704484 1.42949 1.35327 0.0404162 0.473508 0.0511689 0.246469
1.72798 -0.680027 1.4299 1.35387 -0.00106177 0.547109 0.0120337 0.244456
1.7307 -0.65473 1.43669 1.36015 -0.0474131 0.591689 -0.0423442 0.244674
1.73611 -0.626555 1.4435 1.36015 -0.0474131 0.591689 -0.0423442 0.244674
1.74285 -0.596306 1.44544 1.36104 -0.0707146 0.570954 -0.124843 0.248379
1.75122 -0.56632 1.44671 1.35931 -0.0910427 0.553732 -0.195353 0.255594
1.76272 -0.538226 1.45297 1.35845 -0.103096 0.516369 -0.213432 0.255594
1.7763 -0.511751 1.45588 1.34549 -0.101966 0.516369 -0.213432 0.269169
1.79068 -0.486092 1.45841 1.34615 -0.0927693 0.496651 -0.205449 0.266099
1.80482 -0.461211 1.46238 1.33923 -0.0826248 0.496651 -0.205449 0.266099
1.81832 -0.437033 1.46684 1.33883 -0.0889026 0.479673 -0.182238 0.254515
1.83143 -0.412974 1.47541 1.33863 -0.0737278 0.448481 -0.135195 0.251137
1.84289 -0.389261 1.48664 1.34103 -0.0606486 0.448481 -0.135195 0.251137
1.85238 -0.366561 1.48784 1.34171 -0.0431101 0.419783 -0.0951564 0.25003
1.86121 -0.34472 1.49531 1.34506 -0.0192672 0.393485 -0.0723384 0.252116
1.86862 -0.3242 1.50282 1.34516 0.0110446 0.364923 -0.0454506 0.252116
1.87362 -0.304508 1.50687 1.3719 0.034343 0.364923 -0.0454506 0.249761
1.87857 -0.285793 1.52337 1.37135 0.0519228 0.350001 -0.0293643 0.24402
1.88215 -0.267979 1.52406 1.34569 0.0506894 0.350001 -0.0293643 0.24402
1.8856 -0.25009 1.54212 1.34452 0.0757456 0.328434 -0.0048206 0.237204
1.88832 -0.231622 1.55803 1.34328 0.0951513 0.324962 0.00751646 0.231483
1.8896 -0.214741 1.56075 1.38246 0.127105 0.324232 0.0201988 0.231483
1.89146 -0.198484 1.57024 1.38246 0.127105 0.324232 0.0201988 0.22838
1.89166 -0.182093 1.58261 1.36462 0.141776 0.342638 0.030563 0.22669
1.89135 -0.165179 1.59704 1.36296 0.156962 0.373472 0.0458854 0.22669
1.88962 -0.146718 1.61123 1.36326 0.156628 0.373472 0.0458854 0.22381
1.88838 -0.127944 1.62031 1.36152 0.171065 0.428777 0.0731507 0.221867
1.88564 -0.107355 1.63042 1.36006 0.182363 0.503631 0.119786 0.221867
1.88177 -0.084106 1.64329 1.36321 0.185284 0.503631 0.119786 0.220554
1.87785 -0.0639551 1.65331 1.36429 0.177134 0.65295 0.193719 0.224372
1.87025 -0.0313847 1.67341 1.37155 0.174796 0.682416 0.192518 0.224372
1.8611 0.000401203 1.68211 1.37155 0.174796 0.682416 0.192518 0.228076
1.85243 0.0310622 1.69119 1.37397 0.158966 0.693074 0.147281 0.237686
1.84175 0.0664884 1.70812 1.37726 0.127367 0.705203 0.0849966 0.237686
1.83163 0.105459 1.72031 1.37726 0.127367 0.705203 0.0849966 0.257495
1.82393 0.141676 1.73379 1.3778 0.101248 0.684043 0.0310758 0.287517
1.81683 0.177902 1.74387 1.37794 0.0992093 0.621738 0.00760053 0.287517
1.8113 0.212646 1.75527 1.38494 0.103305 0.621738 0.00760053 0.30255
1.8075 0.241856 1.76405 1.38523 0.0993878 0.582614 -0.00362648 0.292782
1.80295 0.273114 1.77713 1.34881 0.0919889 0.517292 0.00524485 0.292782
1.79811 0.305505 1.78967 1.34881 0.0919889 0.517292 0.00524485 0.282396
1.79366 0.332125 1.80299 1.34966 0.078542 0.49932 -0.0184718 0.276644
1.7891 0.357901 1.81594 1.34922 0.0958284 0.446294 -0.0049454 0.269683
1.78433 0.383466 1.83214 1.34922 0.0958284 0.446294 -0.0049454 0.269683
1.77956 0.406899 1.84226 1.36011 0.137684 0.39878 0.00221969 0.263517
1.7751 0.429443 1.85981 1.36123 0.126201 0.350656 0.00824376 0.263517
1.77076 0.448895 1.88079 1.33016 0.12966 0.350656 0.00824376 0.255545
1.76578 0.466277 1.90438 1.33243 0.103774 0.330475 -0.0120492 0.246731
1.76085 0.483045 1.92432 1.33886 0.108895 0.307208 -0.0142344 0.240414
1.75611 0.499135 1.94513 1.36136 0.159995 0.307208 -0.0142344 0.240414
1.75253 0.515584 1.97187 1.36302 0.145223 0.309233 -0.0287542 0.233175
1.74819 0.531084 2.00143 1.32592 0.0886677 0.34105 -0.0490034 0.22623
1.74368 0.546828 2.02319 1.32592 0.0886677 0.34105 -0.0490034 0.22623
1.739 0.564201 2.047 1.33014 0.0744303 0.46018 -0.0853026 0.221532
1.73379 0.583724 2.07022 1.33067 0.0641731 0.848531 -0.193556 0.217338
1.72594 0.610716 2.09024 1.29387 0.0234361 0.848531 -0.193556 0.217338
1.71562 0.647916 2.10764 1.29399 0.0152065 0.86977 -0.145563 0.221161
1.70338 0.68951 2.12789 1.29376 0.0285657 0.871487 -0.0386759 0.232623
1.68806 0.732026 2.15718 1.34391 0.104587 0.871487 -0.0386759 0.232623
1.6679 0.772735 2.17725 1.34136 0.133342 0.833204 0.00129081 0.240745
1.64591 0.811918 2.20279 1.34258 0.217908 0.840095 0.0889172 0.272352
1.62199 0.848506 2.23437 1.34258 0.217908 0.840095 0.0889172 0.272352
1.59568 0.88206 2.26963 1.3294 0.323905 0.807567 0.161656 0.304621
1.56645 0.914623 2.30025 1.31763 0.368904 0.783917 0.208792 0.321118
1.53533 0.942518 2.33787 1.31763 0.368904 0.783917 0.208792 0.321118
1.5027 0.967722 2.36981 1.32327 0.416286 0.772788 0.221894 0.322086
1.46874 0.991358 2.40391 1.32305 0.416981 0.773714 0.197941 0.301294
1.4344 1.01366 2.43826 1.28738 0.377966 0.773714 0.197941 0.301294
1.39998 1.03507 2.47163 1.294 0.354644 0.768123 0.176256 0.297745
1.36502 1.05578 2.50308 1.30227 0.344283 0.807343 0.10095 0.302694
1.32974 1.07621 2.54012 1.30227 0.344283 0.807343 0.10095 0.302694
1.29399 1.09886 2.57176 1.30088 0.349504 0.794341 0.0635879 0.310347
1.25791 1.12126 2.60397 1.22936 0.260266 0.742087 0.0795289 0.316781
1.22274 1.14207 2.6352 1.22936 0.260266 0.742087 0.0795289 0.316781
1.18885 1.16001 2.66503 1.34839 0.324894 0.656189 0.133308 0.308478
1.15766 1.17445 2.68986 1.3482 0.325679 0.551894 0.186391 0.308478
1.12226 1.18583 2.72185 1.35752 0.319565 0.551894 0.186391 0.303647
1.09263 1.19219 2.74691 1.35147 0.344255 0.456943 0.242144 0.297857
1.06487 1.19643 2.77661 1.37865 0.373629 0.390135 0.274884 0.297857
1.03905 1.19551 2.80109 1.37865 0.373629 0.390135 0.274884 0.296871
1.0158 1.19188 2.82616 1.35475 0.452688 0.346629 0.312162 0.290983
0.995794 1.18751 2.84655 1.34224 0.488775 0.313611 0.322957 0.290983
0.97241 1.17979 2.87045 1.34224 0.488775 0.313611 0.322957 0.273259
0.952297 1.17166 2.88949 1.33074 0.505007 0.299848 0.347209 0.261068
0.932542 1.16263 2.90843 1.32064 0.530874 0.302102 0.364804 0.261068
0.913488 1.15244 2.92617 1.33875 0.489835 0.302102 0.364804 0.25144
0.894614 1.14143 2.9412 1.31011 0.490804 0.311886 0.386878 0.247073
0.875555 1.12981 2.95742 1.30752 0.497642 0.329253 0.411202 0.247073
0.856194 1.11784 2.96746 1.33526 0.443298 0.329253 0.411202 0.247672
0.835773 1.10469 2.98069 1.33527 0.443289 0.354678 0.417612 0.249319
0.81571 1.09087 2.99093 1.35643 0.405096 0.371153 0.44135 0.249319
0.794348 1.07653 3.0015 1.35643 0.405096 0.371153 0.44135 0.252941
0.77236 1.06211 3.00797 1.37993 0.346477 0.388618 0.450178 0.258078
0.749917 1.04678 3.01828 1.38253 0.335966 0.360471 0.370465 0.258078
0.727875 1.03202 3.02411 1.38253 0.335966 0.360471 0.370465 0.263913
0.707157 1.01881 3.02357 1.3757 0.267242 0.394593 0.460631 0.269278
0.685405 1.00537 3.02724 1.3757 0.267242 0.394593 0.460631 0.269278
0.663034 0.990581 3.02411 1.37819 0.254051 0.410212 0.476833 0.2747
0.639441 0.974489 3.02505 1.38023 0.242726 0.503452 0.515369 0.278808
0.615126 0.957535 3.01894 1.40665 0.165196 0.593699 0.466863 0.278808
0.587811 0.94006 3.01398 1.40665 0.165196 0.593699 0.466863 0.283724
0.557562 0.924197 3.00167 1.41417 0.104492 0.634927 0.370336 0.286873
0.525184 0.90975 2.99346 1.4432 0.0903784 0.634927 0.370336 0.286873
0.491764 0.897675 2.98646 1.44502 0.0541176 0.680015 0.252825 0.297409
0.457101 0.888938 2.97808 1.43485 -0.0114633 0.710558 0.140648 0.314009
0.421447 0.885217 2.9747 1.43485 -0.0114633 0.710558 0.140648 0.314009
0.388903 0.885662 2.96764 1.46726 -0.0843113 0.759416 0.0207221 0.321916
0.348446 0.888497 2.95959 1.46277 -0.142385 0.800223 -0.0804442 0.305744
0.309863 0.896888 2.95296 1.46277 -0.142385 0.800223 -0.0804442 0.305744
0.271796 0.909363 2.94564 1.43189 -0.18778 0.778972 -0.195867 0.296353
0.237488 0.922339 2.9404 1.42626 -0.226638 0.667113 -0.311507 0.296353
0.197885 0.942255 2.9329 1.4395 -0.19261 0.663623 -0.280796 0.296812
0.1659 0.963182 2.92216 1.43653 -0.213669 0.542498 -0.311055 0.302243
0.137099 0.984605 2.91671 1.4435 -0.184734 0.422485 -0.295388 0.302243
0.113412 1.00433 2.90861 1.4435 -0.184734 0.422485 -0.295388 0.318465
0.0945135 1.02294 2.90414 1.4428 -0.190119 0.324884 -0.296524 0.289255
0.0779376 1.04132 2.9029 1.43579 -0.237315 0.260178 -0.363932 0.289255
0.064638 1.05879 2.90384 1.43579 -0.237315 0.260178 -0.363932 0.261009
0.0539156 1.07677 2.90271 1.4228 -0.128579 0.235372 -0.380851 0.24094
0.0445461 1.09584 2.90758 1.4173 -0.179315 0.259138 -0.429914 0.24094
0.0358647 1.11619 2.9175 1.37773 -0.151532 0.259138 -0.429914 0.228451
0.0269397 1.13815 2.93004 1.37425 -0.180391 0.286551 -0.395986 0.2246
0.0178557 1.16012 2.93408 1.40591 -0.140329 0.344765 -0.355983 0.2246
0.00742041 1.18158 2.94049 1.40591 -0.140329 0.344765 -0.355983 0.224562
-0.00534193 1.20161 2.95128 1.4072 -0.126726 0.403478 -0.314786 0.230447
-0.0181627 1.22043 2.9605 1.42828 -0.0576018 0.462462 -0.256792 0.230447
-0.0252336 1.23624 2.97393 1.42828 -0.0576018 0.462462 -0.256792 0.236479
-0.0395964 1.25269 2.98296 1.41408 -0.00996234 0.465693 -0.154245 0.249258
-0.0595738 1.26754 2.99645 1.41408 -0.00996234 0.465693 -0.154245 0.249258
-0.0822705 1.2793 3.00579 1.42796 0.0577962 0.459879 -0.0740849 0.255018
-0.105095 1.28978 3.0225 1.425 0.10866 0.427993 0.00307262 0.25907
-0.127521 1.29574 3.0371 1.425 0.10866 0.427993 0.00307262 0.25907
-0.149727 1.29883 3.05103 1.39748 0.160529 0.419 0.0645387 0.260818
-0.171415 1.30105 3.06449 1.39102 0.209227 0.424915 0.115451 0.244177
-0.192869 1.30043 3.07692 1.39057 0.207283 0.424915 0.115451 0.244177
-0.214599 1.29813 3.08565 1.38493 0.242105 0.437418 0.154017 0.225723
-0.23652 1.29481 3.09556 1.38284 0.255778 0.558563 0.209578 0.220619
-0.259847 1.28968 3.10314 1.38284 0.255778 0.558563 0.209578 0.220619
-0.287894 1.28331 3.11358 1.38625 0.23308 1.06885 0.331587 0.222012
-0.322484 1.27657 3.12067 1.41293 0.20366 1.22523 0.19235 0.23344
-0.368378 1.27234 3.11931 1.41293 0.20366 1.22523 0.19235 0.23344
-0.423653 1.26921 3.11485 1.3616 0.153296 1.16302 0.0684753 0.254683
-0.477 1.26479 3.09867 1.36438 0.126234 1.05167 -0.0136149 0.289898
-0.519355 1.25973 3.09394 1.3626 0.165651 1.03669 0.0198936 0.289898
-0.56469 1.25928 3.09895 1.36312 0.161297 0.909651 -0.0580729 0.340536
-0.616011 1.26183 3.11131 1.36247 0.166761 0.803697 -0.132418 0.391118
-0.666064 1.26729 3.10337 1.36247 0.166761 0.803697 -0.132418 0.391118
-0.709336 1.27464 3.11745 1.36084 0.179514 0.713628 -0.204515 0.370817
-0.749534 1.28379 3.12969 1.33397 0.479612 0.513394 -0.0792544 0.313834
-0.783621 1.29384 -3.12891 1.33397 0.479612 0.513394 -0.0792544 0.313834
-0.810848 1.29884 -3.09837 1.31945 0.529549 0.475441 -0.167364 0.277657
-0.836588 1.30425 -3.06519 1.35125 0.44215 0.388077 -0.115161 0.277657
-0.860583 1.31067 -3.03096 1.35125 0.44215 0.388077 -0.115161 0.257257
-0.881686 1.31422 -2.99659 1.36084 0.411681 0.299744 -0.0848291 0.22878
-0.901424 1.31851 -2.95818 1.38268 0.331001 0.214608 -0.0657969 0.22878
-0.916519 1.32055 -2.92231 1.41218 0.35789 0.214608 -0.0657969 0.209939
-0.927515 1.32146 -2.89054 1.42792 0.288769 0.162393 -0.0542052 0.21267
-0.93763 1.32317 -2.85299 1.45674 0.285679 0.135125 -0.0283471 0.21267
-0.946884 1.32397 -2.81677 1.45674 0.285679 0.135125 -0.0283471 0.190512
-0.954282 1.32289 -2.77926 1.45867 0.141581 0.0516655 -0.0310036 0.184641
-0.960703 1.32318 -2.74782 1.46132 0.110992 0.0182453 -0.0216926 0.183027
-0.964232 1.32281 -2.72702 1.46132 0.110992 0.0182453 -0.0216926 0.183027
-0.966381 1.32389 -2.70024 1.49118 0.0494831 -0.00921955 -0.0115417 0.16809
-0.967623 1.3255 -2.67174 1.4919 -0.0169321 -0.21033 0.0437931 0.16809
-0.965103 1.32713 -2.6389 1.48385 -0.077411 -0.21033 0.0437931 0.170482
-0.956445 1.32852 -2.61679 1.48423 -0.0696429 -0.25793 0.0706838 0.169035
-0.947778 1.33105 -2.59204 1.47964 -0.132647 -0.114707 0.0298348 0.169035
-0.936394 1.33516 -2.56696 1.47964 -0.132647 -0.114707 0.0298348 0.168752
-0.932108 1.33683 -2.54342 1.48457 -0.157005 -0.0909746 0.0242296 0.171582
-0.930185 1.33804 -2.52391 1.48745 -0.126854 -0.0586546 0.00687952 0.177437
-0.927797 1.33961 -2.51284 1.48745 -0.126854 -0.0586546 0.00687952 0.177437
-0.926043 1.34 -2.50232 1.46415 -0.217853 -0.0338525 -8.79251e-05 0.175467
-0.924849 1.34107 -2.4899 1.46854 -0.185974 -0.0436778 0.0103757 0.174631
-0.923713 1.34306 -2.47159 1.47084 -0.217694 -0.0436778 0.0103757 0.174631
-0.923001 1.34324 -2.46479 1.47252 -0.205994 -0.0470924 0.0137831 0.175751
-0.921972 1.34384 -2.46285 1.47267 -0.23704 -0.0482749 0.0189384 0.173811
-0.920704 1.34521 -2.45337 1.47164 -0.257453 -0.0482749 0.0189384 0.173811
-0.919042 1.34611 -2.44503 1.47704 -0.224468 -0.0495434 0.0191432 0.172886
-0.917645 1.34624 -2.4392 1.48107 -0.21935 -0.0514653 0.0228873 0.169893
-0.916107 1.34709 -2.43047 1.48107 -0.21935 -0.0514653 0.0228873 0.169893
-0.914085 1.34744 -2.4261 1.47821 -0.254769 -0.0627605 0.0297378 0.169838
-0.911962 1.34824 -2.41972 1.48211 -0.231005 -0.0579969 0.0248687 0.171853
-0.909626 1.34829 -2.41626 1.48684 -0.198247 -0.0496185 0.0230769 0.171853
-0.907397 1.34971 -2.39953 1.48684 -0.198247 -0.0496185 0.0230769 0.169895
-0.905266 1.35023 -2.39609 1.4871 -0.19633 -0.0532346 0.0255773 0.168812
-0.903629 1.35039 -2.39062 1.48302 -0.225051 -0.0534795 0.0192706 0.168812
-0.901706 1.35178 -2.38417 1.48302 -0.225051 -0.0534795 0.0192706 0.169889
-0.899633 1.35125 -2.38719 1.49092 -0.164815 -0.0481334 0.0165443 0.163888
-0.897895 1.35171 -2.37988 1.49434 -0.130229 -0.0607546 0.019496 0.163888
-0.896143 1.35195 -2.37612 1.49282 -0.146579 -0.0607546 0.019496 0.158872
-0.89363 1.35355 -2.3676 1.48592 -0.205033 -0.0733935 0.0215455 0.169921
-0.891038 1.35461 -2.36416 1.49809 -0.0756015 -0.0454705 0.0125014 0.164946
-0.888484 1.35537 -2.37007 1.49809 -0.0756015 -0.0454705 0.0125014 0.164946
-0.886224 1.35688 -2.36711 1.49997 -0.00994125 -0.0553332 0.0130836 0.158922
-0.88507 1.35693 -2.36286 1.47261 -0.0990819 -0.0682842 0.0133725 0.169934
-0.88308 1.35801 -2.36179 1.47261 -0.0990819 -0.0682842 0.0133725 0.169934
-0.880682 1.35956 -2.36062 1.48171 -0.0402121 -0.0432126 0.00662028 0.170964
-0.877916 1.36155 -2.36502 1.48226 -0.000396922 -0.0405152 0.00445768 0.159983
-0.876401 1.36219 -2.36294 1.48722 0.0293564 -0.0638749 0.00984813 0.159983
-0.874618 1.3629 -2.36654 1.49107 0.0278242 -0.0638749 0.00984813 0.167972
-0.87257 1.36323 -2.36731 1.48938 0.076219 -0.0465542 0.00299875 0.171991
-0.870587 1.36503 -2.36545 1.49261 0.116228 -0.0400303 0.0628022 0.171991
-0.867985 1.36575 -2.36482 1.49261 0.116228 -0.0400303 0.0628022 0.170984
-0.864752 1.36548 -2.36731 1.49612 0.107865 -0.0411712 0.0207117 0.164919
-0.861891 1.36494 -2.36477 1.49273 0.147458 -0.0500466 0.171157 0.166766
-0.858795 1.36451 -2.36555 1.49325 0.142145 -0.0501281 0.165853 0.166766
-0.851726 1.36265 -2.36558 1.48917 0.17995 -0.0443211 0.212313 0.168979
-0.84474 1.35836 -2.36377 1.48173 0.233414 -0.0305071 0.274121 0.170042
-0.835354 1.35404 -2.37071 1.48249 0.228533 -0.0306379 0.269263 0.170042
-0.826189 1.34479 -2.36944 1.4816 0.234228 -0.0199651 0.302051 0.162004
-0.816324 1.33656 -2.37733 1.44074 0.275823 -0.0221261 0.363228 0.170094
-0.806435 1.32495 -2.37586 1.43061 0.324293 0.0143294 0.343035 0.170094
-0.794813 1.31232 -2.372 1.44213 0.298798 0.0139941 0.317697 0.174897
-0.78473 1.29963 -2.38377 1.43759 0.319946 0.0395287 0.309963 0.180227
-0.775266 1.288 -2.38338 1.43413 0.335085 0.0652767 0.365208 0.180227
-0.767044 1.27375 -2.39242 1.40866 0.270972 0.0647749 0.356739 0.188903
-0.758843 1.25794 -2.40406 1.40765 0.276177 0.0968956 0.359464 0.206947
-0.750249 1.24323 -2.4059 1.41945 0.206981 0.13392 0.282452 0.206947
-0.743262 1.22739 -2.41397 1.41945 0.206981 0.13392 0.282452 0.217411
-0.739271 1.21261 -2.42268 1.36741 0.130604 0.157573 0.256528 0.225598
-0.736738 1.19789 -2.43275 1.36724 0.132372 0.153188 0.169668 0.225598
-0.735585 1.18349 -2.43877 1.36724 0.132372 0.153188 0.169668 0.23674
-0.736163 1.1714 -2.45188 1.359 0.087376 0.183942 0.254979 0.248947
-0.736888 1.16153 -2.45861 1.36047 0.0602734 0.213385 0.278113 0.248947
-0.737477 1.14531 -2.46973 1.3461 0.0536617 0.211673 0.269099 0.244165
-0.738184 1.1282 -2.48115 1.34537 0.0696979 0.253809 0.391564 0.249102
-0.738419 1.10947 -2.49316 1.32914 0.0619916 0.303473 0.438143 0.254808
-0.738078 1.09178 -2.50059 1.32914 0.0619916 0.303473 0.438143 0.254808
-0.738361 1.06237 -2.50894 1.32987 0.0433661 0.355117 0.464784 0.248975
-0.739281 1.0396 -2.51586 1.29893 0.0347655 0.450302 0.524867 0.248975
-0.741912 1.0088 -2.53288 1.29893 0.0347655 0.450302 0.524867 0.244481
-0.746408 0.977332 -2.5513 1.27318 0.00598957 0.461487 0.420003 0.261468
-0.752269 0.944772 -2.56792 1.27162 -0.0633831 0.468517 0.257774 0.277761
-0.761693 0.915427 -2.58602 1.23826 -0.0889843 0.468517 0.257774 0.277761
-0.774209 0.890968 -2.60722 1.2267 -0.190854 0.455567 0.0871592 0.287906
-0.789377 0.869867 -2.62646 1.14469 -0.368419 0.404189 -0.0141234 0.287906
-0.807537 0.854626 -2.64693 1.18594 -0.306591 0.404189 -0.0141234 0.307612
-0.824871 0.845884 -2.66759 1.13675 -0.456357 0.369079 -0.108052 0.281338
-0.843148 0.839072 -2.68591 1.08284 -0.572639 0.366873 -0.215044 0.257787
-0.862371 0.836402 -2.70552 1.08284 -0.572639 0.366873 -0.215044 0.257787
-0.88231 0.837907 -2.72253 1.00834 -0.559276 0.366278 -0.251732 0.240479
-0.900289 0.840338 -2.73753 0.994419 -0.583663 0.387678 -0.268333 0.240479
-0.924006 0.844197 -2.74751 1.0365 -0.491988 0.387678 -0.268333 0.233105
-0.946673 0.848552 -2.76061 1.01937 -0.469822 0.427456 -0.250911 0.229156
-0.967113 0.851836 -2.76832 1.02862 -0.449208 0.48946 -0.228079 0.229156
-0.993848 0.854836 -2.77561 1.06991 -0.365888 0.48946 -0.228079 0.229264
-1.02045 0.856251 -2.78393 1.08153 -0.329961 0.602498 -0.19742 0.232302
-1.04849 0.857457 -2.78309 1.06927 -0.235384 0.949785 -0.218756 0.232302
-1.08263 0.856533 -2.77387 1.06927 -0.235384 0.949785 -0.218756 0.237704
-1.12629 0.851382 -2.77181 1.05995 -0.144395 1.05995 -0.144395 0.249642
-1.17488 0.843535 -2.76683 1.06232 -0.12576 1.06232 -0.12576 0.249642
-1.22735 0.832416 -2.75261 1.06232 -0.12576 1.06232 -0.12576 0.270225
-1.28079 0.82004 -2.73499 1.26296 0.373612 1.26296 0.373612 0.302961
-1.3335 0.802169 -2.72097 1.24958 0.416178 1.24958 0.416178 0.302961
-1.38285 0.776121 -2.68207 1.1815 0.501175 1.1815 0.501175 0.344868
-1.42981 0.743069 -2.64749 1.16357 0.541498 1.16357 0.541498 0.393305
-1.47393 0.702499 -2.60002 1.10496 0.688662 1.10496 0.688662 0.393305
-1.51419 0.657162 -2.54685 1.10496 0.688662 1.10496 0.688662 0.440635
-1.54938 0.606258 -2.50036 1.08018 0.737872 1.08018 0.737872 0.492358
-1.58032 0.551115 -2.45466 1.0553 0.771103 1.0553 0.771103 0.492358
-1.60659 0.492918 -2.40737 1.0553 0.771103 1.0553 0.771103 0.54251
-1.62923 0.431147 -2.36229 1.0412 0.7652 1.0412 0.7652 0.595874
-1.64845 0.36827 -2.32008 1.01566 0.798792 1.01566 0.798792 0.595874
-1.66329 0.304098 -2.27436 1.13377 0.765316 1.13377 0.765316 0.651766
-1.67419 0.239761 -2.224 1.12233 0.781994 1.08493 0.768012 0.692772
-1.68397 0.173622 -2.17662 1.15887 0.727745 0.940789 0.659558 0.692772
-1.69134 0.108958 -2.14053 1.1679 0.677382 0.955385 0.612067 0.610609
-1.69556 0.0480477 -2.10028 1.17891 0.658018 0.795546 0.569331 0.530453
-1.69769 -0.00978597 -2.06196 1.22762 0.550474 0.659454 0.459286 0.530453
-1.69722 -0.0619155 -2.02823 1.22762 0.550474 0.659454 0.459286 0.466394
-1.69503 -0.107573 -2.00389 1.26865 0.47069 0.537095 0.369173 0.436459
-1.69185 -0.148745 -1.97083 1.26865 0.47069 0.537095 0.369173 0.436459
-1.68788 -0.183474 -1.9368 1.27767 0.461738 0.52787 0.347705 0.375751
-1.68316 -0.216216 -1.90085 1.28713 0.434656 0.40648 0.285378 0.327424
-1.67759 -0.246976 -1.86941 1.28713 0.434656 0.40648 0.285378 0.327424
-1.67185 -0.273082 -1.83871 1.29592 0.407712 0.316892 0.223081 0.290716
-1.6656 -0.296064 -1.80752 1.30807 0.366873 0.256898 0.156503 0.290716
-1.66027 -0.31473 -1.77653 1.31775 0.316641 0.256898 0.156503 0.262218
-1.65664 -0.329793 -1.74514 1.32744 0.273159 0.208781 0.0991182 0.244837
-1.65316 -0.342914 -1.7205 1.34717 0.202691 0.184049 0.0458168 0.244837
-1.65094 -0.354297 -1.69355 1.34717 0.202691 0.184049 0.0458168 0.226087
-1.65036 -0.363702 -1.67039 1.35505 0.140713 0.144516 0.0199178 0.210485
-1.65048 -0.372396 -1.6496 1.33035 0.0446479 0.140853 -0.0129406 0.210485
-1.65113 -0.379694 -1.62947 1.33035 0.0446479 0.140853 -0.0129406 0.202267
-1.65241 -0.386619 -1.61111 1.34833 0.0127203 0.127928 -0.0273886 0.1962
-1.65374 -0.394257 -1.59376 1.34828 -0.0177631 0.126866 -0.0401263 0.1962
-1.65528 -0.400917 -1.57742 1.35714 -0.0136788 0.126866 -0.0401263 0.193019
-1.65709 -0.407682 -1.56184 1.35686 -0.0307387 0.123306 -0.0412197 0.188947
-1.65881 -0.413952 -1.5467 1.35639 -0.0470551 0.114051 -0.0439829 0.188947
-1.66056 -0.419912 -1.53091 1.32968 -0.0520631 0.114051 -0.0439829 0.188017
-1.66261 -0.426152 -1.51853 1.32896 -0.0679788 0.107381 -0.0410767 0.186915
-1.66414 -0.43151 -1.50717 1.34253 -0.0681718 0.0966377 -0.0379095 0.186915
-1.66589 -0.43694 -1.49531 1.34253 -0.0681718 0.0966377 -0.0379095 0.186919
-1.66752 -0.442043 -1.48345 1.32754 -0.0734169 0.101849 -0.0339118 0.187965
-1.66869 -0.446678 -1.47488 1.32809 -0.0626944 0.109403 -0.0304988 0.186879
-1.66939 -0.451817 -1.46322 1.32809 -0.0626944 0.109403 -0.0304988 0.186879
-1.67047 -0.458119 -1.45252 1.32736 -0.0766224 0.0969325 -0.0289815 0.186507
-1.67119 -0.464394 -1.4415 1.32698 -0.0829107 0.118383 -0.0292023 0.186557
-1.67155 -0.470116 -1.43235 1.3395 -0.0698072 0.118383 -0.0292023 0.186557
-1.67226 -0.476255 -1.42142 1.33892 -0.0801846 0.142641 -0.0321312 0.186021
-1.67282 -0.482744 -1.41323 1.3616 -0.0648731 0.17979 -0.0341079 0.185968
-1.67317 -0.490667 -1.40791 1.3616 -0.0648731 0.17979 -0.0341079 0.185968
-1.67335 -0.499827 -1.39932 1.34552 -0.0799983 0.290141 -0.0421016 0.187148
-1.67388 -0.510554 -1.39089 1.35978 -0.0485859 0.311117 -0.0271031 0.189544
-1.67353 -0.525551 -1.38468 1.35978 -0.0485859 0.311117 -0.0271031 0.189544
-1.67244 -0.541784 -1.37745 1.33373 -0.0934828 1.0932 -0.0536022 0.192182
-1.67164 -0.561499 -1.36811 1.33167 -0.11929 1.33167 -0.11929 0.200019
-1.66994 -0.595369 -1.36532 1.34651 -0.105192 1.34651 -0.105192 0.200019
-1.66679 -0.643024 -1.37574 1.34651 -0.105192 1.34651 -0.105192 0.209389
-1.66356 -0.701424 -1.38672 1.33012 -0.0989377 1.33012 -0.0989377 0.241001
-1.65997 -0.767067 -1.38796 1.33262 -0.0561044 1.33262 -0.0561044 0.241001
-1.65599 -0.835412 -1.38475 1.33262 -0.0561044 1.33262 -0.0561044 0.281178
-1.65012 -0.9037 -1.37994 1.3338 0.0021381 1.3338 0.0021381 0.366339
-1.64265 -0.97217 -1.37414 1.33314 0.0417774 1.33314 0.0417774 0.366339
-1.63305 -1.04049 -1.36496 1.26041 0.410232 1.26041 0.410232 0.45919
-1.61908 -1.10723 -1.35035 1.24008 0.468116 1.24008 0.468116 0.563607
-1.59729 -1.16914 -1.30714 1.13014 0.756998 1.13014 0.756998 0.563607
-1.5684 -1.227 -1.26563 1.13014 0.756998 1.13014 0.756998 0.663942
-1.53085 -1.27883 -1.21029 1.11259 0.782569 1.11259 0.782569 0.73416
-1.48744 -1.32643 -1.1654 0.98858 0.950735 0.98858 0.950735 0.73416
-1.43854 -1.36809 -1.10974 0.98858 0.950735 0.98858 0.950735 0.790526
-1.38449 -1.40398 -1.04857 0.981416 0.990009 0.981416 0.990009 0.825354
-1.32729 -1.434 -0.991965 0.981416 0.990009 0.981416 0.990009 0.825354
-1.26718 -1.45963 -0.944281 0.973695 0.93608 0.973695 0.93608 0.845928
-1.20484 -1.4813 -0.899135 0.971262 0.938605 0.971262 0.938605 0.850002
-1.14455 -1.49729 -0.841358 0.982635 0.890646 0.982635 0.890646 0.850002
-1.09359 -1.50352 -0.778903 0.979503 0.808371 0.979503 0.808371 0.846297
-1.04758 -1.50034 -0.72444 0.979637 0.808208 0.979637 0.808208 0.846297
-0.997345 -1.50265 -0.682582 1.14119 0.805921 1.14119 0.805921 0.83363
-0.9441 -1.50724 -0.639494 1.14242 0.80418 1.14242 0.80418 0.811409
-0.886669 -1.51175 -0.597069 1.21305 0.668259 1.21305 0.668259 0.811409
-0.824966 -1.5183 -0.556186 1.21305 0.668259 1.21305 0.668259 0.813808
-0.760795 -1.52751 -0.521499 1.28359 0.595983 1.28359 0.595983 0.831337
-0.694614 -1.53702 -0.488512 1.28359 0.595983 1.28359 0.595983 0.831337
-0.626771 -1.547 -0.463023 1.28194 0.59952 1.28194 0.59952 0.874219
-0.558034 -1.55611 -0.431203 1.30518 0.487184 1.30518 0.487184 0.920884
-0.48871 -1.56328 -0.395432 1.30518 0.487184 1.30518 0.487184 0.920884
-0.419771 -1.56787 -0.360663 1.30969 0.44689 1.30969 0.44689 0.977543
-0.3507 -1.56963 -0.329702 1.30717 0.45421 1.30717 0.45421 0.977543
-0.281747 -1.57081 -0.299032 1.33879 0.433514 1.33879 0.433514 1.03118
-0.212355 -1.57402 -0.276625 1.33821 0.435296 1.33821 0.435296 1.09523
-0.142048 -1.57798 -0.25699 1.33634 0.441011 1.33634 0.441011 1.09523
-0.0715384 -1.5805 -0.235457 1.35153 0.297927 1.35153 0.297927 1.05685
-0.0012668 -1.58198 -0.21276 1.35026 0.3036 1.35026 0.3036 0.959527
0.069291 -1.58556 -0.191206 1.40129 0.275291 1.40129 0.275291 0.959527
0.140633 -1.58877 -0.173263 1.40205 0.271367 1.40205 0.271367 0.867457
0.213671 -1.5912 -0.159044 1.39749 0.210897 1.39749 0.210897 0.770586
0.287026 -1.59324 -0.146323 1.39749 0.210897 1.39749 0.210897 0.770586
0.360164 -1.5962 -0.133616 1.39793 0.208007 1.39793 0.208007 0.686839
0.432899 -1.59863 -0.119749 1.36459 0.176974 1.27286 0.209429 0.686839
0.506022 -1.60009 -0.108251 1.36459 0.176974 1.27286 0.209429 0.605159
0.57773 -1.60028 -0.0962733 1.35365 0.131327 1.14254 0.231844 0.537244
0.643939 -1.59888 -0.0890461 1.35279 0.139891 1.09288 0.293349 0.537244
0.70524 -1.59499 -0.0782626 1.3475 0.320481 1.0973 0.301058 0.469705
0.763463 -1.58842 -0.0602385 1.34977 0.310778 0.988742 0.293568 0.426965
0.819769 -1.57987 -0.0388789 1.31783 0.406211 0.988742 0.293568 0.426965
0.873056 -1.57022 -0.0146678 1.2932 0.396749 0.907807 0.266168 0.414324
0.924555 -1.55923 0.011689 1.29694 0.384349 0.851811 0.196432 0.389117
0.972065 -1.54799 0.0404679 1.27187 0.388788 0.851811 0.196432 0.389117
1.01676 -1.53815 0.0698077 1.27796 0.368282 0.818125 0.101148 0.356445
1.06041 -1.52897 0.103351 1.2698 0.400893 0.761518 0.0083503 0.329771
1.10185 -1.52275 0.136672 1.2698 0.400893 0.761518 0.0083503 0.329771
1.14107 -1.51859 0.167854 1.2615 0.374485 0.719901 -0.0781754 0.307604
1.17993 -1.51387 0.201594 1.2252 0.41532 0.643539 -0.115311 0.307604
1.21715 -1.51163 0.238028 1.2252 0.41532 0.643539 -0.115311 0.290897
1.25156 -1.51031 0.274916 1.23163 0.395851 0.602632 -0.175181 0.278145
1.28505 -1.50834 0.311624 1.23682 0.379336 0.577078 -0.196639 0.278145
1.31763 -1.50776 0.347892 1.20186 0.479304 0.570126 -0.190078 0.267797
1.34928 -1.50767 0.386111 1.20746 0.465011 0.558215 -0.194404 0.260024
1.38071 -1.50645 0.428935 1.18792 0.44552 0.567493 -0.17567 0.260024
1.41139 -1.50378 0.47008 1.18792 0.44552 0.567493 -0.17567 0.252166
1.4422 -1.49958 0.513343 1.19207 0.434278 0.585812 -0.147988 0.246851
1.47269 -1.49287 0.552304 1.26957 0.4838 0.557921 -0.0773693 0.246851
1.50255 -1.48408 0.59414 1.26957 0.4838 0.557921 -0.0773693 0.244119
1.52922 -1.47286 0.640271 1.27138 0.479015 0.523422 -0.00823412 0.244693
1.55446 -1.45826 0.689825 1.27138 0.479015 0.523422 -0.00823412 0.244693
1.57503 -1.44385 0.724191 1.29787 0.431279 0.4656 0.0569686 0.243758
1.59763 -1.42431 0.780213 1.29845 0.429513 0.409755 0.10498 0.242761
1.61371 -1.40609 0.820003 1.29908 0.427626 0.444986 0.139072 0.242761
1.62568 -1.38723 0.864486 1.33824 0.355987 0.444986 0.139072 0.241782
1.6373 -1.3663 0.90866 1.3384 0.35536 0.489017 0.16811 0.237989
1.64681 -1.34289 0.94426 1.34914 0.334998 0.489017 0.16811 0.237989
1.65719 -1.31918 0.983927 1.35128 0.326227 0.487309 0.170324 0.233655
1.66673 -1.29366 1.01948 1.38041 0.260925 0.473846 0.174804 0.231512
1.67535 -1.26812 1.05003 1.38041 0.260925 0.473846 0.174804 0.231512
1.68168 -1.24225 1.07531 1.38211 0.251788 0.458924 0.170772 0.235864
1.68755 -1.21908 1.10364 1.38482 0.223393 0.459841 0.171176 0.235864
1.69229 -1.1915 1.13139 1.38482 0.223393 0.459841 0.171176 0.239376
1.69634 -1.16615 1.15988 1.3856 0.20723 0.448991 0.164909 0.244598
1.70036 -1.14096 1.18502 1.38418 0.216523 0.439923 0.158308 0.246743
1.70343 -1.11631 1.20704 1.35123 0.198509 0.439923 0.158308 0.246743
1.70533 -1.09213 1.22672 1.35381 0.180049 0.467025 0.152073 0.248265
1.70699 -1.07054 1.24479 1.3556 0.169954 0.50255 0.128779 0.248265
1.7093 -1.04294 1.26462 1.3556 0.169954 0.50255 0.128779 0.248158
1.71267 -1.01676 1.28027 1.35731 0.155678 0.535417 0.103706 0.249159
1.71591 -0.989332 1.30097 1.33001 0.127759 0.501178 0.110184 0.25169
1.72013 -0.961465 1.31585 1.33001 0.127759 0.501178 0.110184 0.25169
1.72297 -0.934927 1.32669 1.29407 0.11562 0.45981 0.113765 0.253313
1.72518 -0.908708 1.34074 1.29355 0.12126 0.432191 0.118196 0.253313
1.72629 -0.884824 1.3506 1.3245 0.126471 0.432191 0.118196 0.254326
1.72653 -0.861965 1.36103 1.32308 0.140554 0.407781 0.119554 0.255323
1.72678 -0.839273 1.37198 1.32356 0.136007 0.406416 0.117374 0.253198
1.72631 -0.817277 1.38191 1.35846 0.133934 0.406416 0.117374 0.253198
1.72581 -0.79571 1.39453 1.35909 0.127321 0.405932 0.109188 0.252216
1.7253 -0.773785 1.40137 1.36146 0.0988299 0.420712 0.0925663 0.249935
1.72473 -0.752003 1.40841 1.36146 0.0988299 0.420712 0.0925663 0.249935
1.72514 -0.729737 1.4196 1.34844 0.0515397 0.475008 0.0635914 0.246942
1.7253 -0.707088 1.4261 1.34939 0.0095078 0.540483 0.0227359 0.245037
1.72777 -0.681937 1.4296 1.34939 0.0095078 0.540483 0.0227359 0.245037
1.7315 -0.654624 1.43507 1.3636 -0.0331627 0.60299 -0.0196782 0.245622
1.73678 -0.625582 1.44209 1.36281 -0.0572056 0.575193 -0.0894009 0.248365
1.74368 -0.594918 1.44467 1.36376 -0.059604 0.575193 -0.0894009 0.248365
1.75285 -0.565859 1.45026 1.36266 -0.0809175 0.560046 -0.173935 0.254194
1.76257 -0.537042 1.45929 1.35175 -0.0977885 0.527842 -0.210162 0.264542
1.77536 -0.510339 1.45705 1.35175 -0.0977885 0.527842 -0.210162 0.264542
1.78921 -0.484168 1.45786 1.34504 -0.0960944 0.503455 -0.2145 0.270493
1.8036 -0.458763 1.46114 1.33704 -0.0919147 0.47571 -0.187311 0.254183
1.81695 -0.434033 1.46588 1.33704 -0.0919147 0.47571 -0.187311 0.254183
1.82942 -0.410489 1.47278 1.33553 -0.0816281 0.463393 -0.16313 0.247752
1.84106 -0.387501 1.48313 1.33635 -0.0670043 0.426703 -0.115138 0.2464
1.85205 -0.36499 1.48715 1.33635 -0.0670043 0.426703 -0.115138 0.2464
1.86005 -0.343363 1.49182 1.33729 -0.0442545 0.39938 -0.0846012 0.251239
1.8678 -0.322027 1.49863 1.33801 -0.00638729 0.368633 -0.0537954 0.249353
1.87386 -0.302403 1.50433 1.36951 0.0471094 0.347423 -0.0330752 0.249353
1.87832 -0.284558 1.51168 1.36951 0.0471094 0.347423 -0.0330752 0.247404
1.88249 -0.267879 1.51461 1.38215 0.0812606 0.342032 -0.0139843 0.23898
1.88549 -0.250095 1.5263 1.38105 0.0982333 0.320163 0.00262778 0.23898
1.88671 -0.231665 1.55121 1.36455 0.0950259 0.320163 0.00262778 0.233104
1.88867 -0.215323 1.55688 1.36287 0.11674 0.31681 0.0165752 0.230259
1.88993 -0.199367 1.57065 1.35815 0.136526 0.335659 0.0258244 0.230259
1.8905 -0.182504 1.5875 1.35815 0.136526 0.335659 0.0258244 0.227804
1.89064 -0.167765 1.59541 1.3571 0.146555 0.35712 0.0370148 0.224571
1.89025 -0.150296 1.60969 1.362 0.171466 0.382124 0.0560548 0.224571
1.88869 -0.129927 1.62387 1.362 0.171466 0.382124 0.0560548 0.222114
1.88595 -0.109845 1.63855 1.39044 0.177787 0.458329 0.0912853 0.221104
1.88362 -0.0915251 1.64822 1.38919 0.187288 0.576146 0.150098 0.221104
1.87786 -0.065495 1.66574 1.37176 0.186408 0.576146 0.150098 0.222592
1.87134 -0.0375293 1.67044 1.37336 0.174208 0.684841 0.205616 0.222659
1.86371 -0.00678083 1.67997 1.37587 0.153147 0.696877 0.158946 0.23318
1.85323 0.0268816 1.69422 1.38336 0.155009 0.696877 0.158946 0.23318
1.84337 0.0629278 1.70817 1.38416 0.147678 0.692396 0.122332 0.24521
1.83407 0.0979535 1.71779 1.37682 0.113417 0.70602 0.0509618 0.269524
1.82516 0.13375 1.73184 1.37682 0.113417 0.70602 0.0509618 0.269524
1.81861 0.170217 1.74099 1.36973 0.0966137 0.658896 0.0250432 0.302256
1.81249 0.206126 1.75232 1.3696 0.0984768 0.601947 0.00950365 0.297785
1.80729 0.239881 1.76438 1.3696 0.0984768 0.601947 0.00950365 0.297785
1.80266 0.270663 1.77411 1.37646 0.0952906 0.557048 0.00156957 0.288289
1.79815 0.300729 1.78476 1.37644 0.0956025 0.509242 -0.00747135 0.279434
1.7933 0.32954 1.79905 1.36113 0.0940706 0.509242 -0.00747135 0.279434
1.78919 0.355656 1.81013 1.36144 0.0894815 0.470725 -0.00984987 0.271738
1.78483 0.381181 1.82134 1.34254 0.101527 0.423567 -0.00387465 0.266213
1.77994 0.404989 1.83724 1.34254 0.101527 0.423567 -0.00387465 0.266213
1.77533 0.426251 1.85425 1.36122 0.154683 0.380049 0.00149453 0.258538
1.77083 0.447313 1.87121 1.33344 0.121846 0.339776 0.00267007 0.252043
1.76582 0.466255 1.89382 1.33344 0.121846 0.339776 0.00267007 0.252043
1.76204 0.483398 1.91872 1.34826 0.155261 0.316473 -0.00775803 0.243463
1.75678 0.499714 1.94064 1.35042 0.135284 0.305348 -0.0167228 0.237115
1.7528 0.515882 1.96495 1.34402 0.125799 0.33202 -0.0366593 0.237115
1.74829 0.531601 1.99108 1.34402 0.125799 0.33202 -0.0366593 0.229536
1.74392 0.548495 2.01636 1.34615 0.112441 0.405319 -0.0617903 0.225438
1.73903 0.567105 2.04037 1.34685 0.103782 0.593126 -0.118753 0.225438
1.73299 0.590898 2.06557 1.34685 0.103782 0.593126 -0.118753 0.219382
1.72544 0.620264 2.0933 1.29212 0.0252773 0.884617 -0.153557 0.219734
1.71602 0.654388 2.10823 1.29202 0.0302246 0.878969 -0.0511178 0.219734
1.70267 0.694573 2.12355 1.29202 0.0302246 0.878969 -0.0511178 0.233316
1.68455 0.735707 2.14315 1.2909 0.0616175 0.842877 -0.0244479 0.236672
1.66405 0.776363 2.17105 1.33743 0.186983 0.831218 0.0673832 0.236672
1.64233 0.814219 2.19975 1.33743 0.186983 0.831218 0.0673832 0.25794
1.6179 0.848902 2.2304 1.33056 0.230847 0.808308 0.144293 0.288137
1.59172 0.881695 2.26511 1.31516 0.355674 0.7988 0.187236 0.288137
1.56231 0.911646 2.29854 1.31516 0.355674 0.7988 0.187236 0.31148
1.53059 0.939738 2.3304 1.31416 0.405853 0.778266 0.21112 0.325312
1.49808 0.965552 2.3653 1.30939 0.42101 0.762454 0.215409 0.325312
1.46448 0.989241 2.40053 1.27606 0.381975 0.762454 0.215409 0.312146
1.43019 1.01131 2.43421 1.28022 0.367771 0.761345 0.185521 0.305664
1.39562 1.03208 2.46588 1.28777 0.356963 0.79793 0.125983 0.305664
1.36094 1.05302 2.49957 1.25262 0.310988 0.79793 0.125983 0.302637
1.32635 1.07523 2.53197 1.25351 0.307373 0.81393 0.0714394 0.307226
1.29101 1.09803 2.56803 1.25222 0.312572 0.757579 0.0713726 0.307226
1.25565 1.12015 2.59579 1.25222 0.312572 0.757579 0.0713726 0.317238
1.22096 1.14091 2.62655 1.38751 0.360599 0.709308 0.095476 0.310082
1.18661 1.15947 2.65793 1.38766 0.360018 0.601409 0.152157 0.310082
1.15338 1.17382 2.68832 1.34528 0.320012 0.601409 0.152157 0.304599
1.12264 1.183 2.72071 1.35219 0.33023 0.504222 0.214578 0.30039
1.09301 1.19026 2.7496 1.34613 0.354116 0.424451 0.258427 0.30039
1.06552 1.19271 2.7778 1.38417 0.35395 0.424791 0.255125 0.294162
1.04055 1.19133 2.80213 1.37303 0.394966 0.372519 0.280548 0.291655
1.01677 1.18823 2.82716 1.33509 0.445722 0.338705 0.30864 0.291655
0.994251 1.18341 2.85266 1.33509 0.445722 0.338705 0.30864 0.287368
0.973356 1.17662 2.87075 1.31487 0.474559 0.315595 0.329653 0.270721
0.952874 1.16895 2.88998 1.31487 0.474559 0.315595 0.329653 0.270721
0.932933 1.16012 2.90768 1.29819 0.518463 0.314986 0.353639 0.258047
0.913715 1.15043 2.92387 1.33837 0.494241 0.313301 0.372669 0.251676
0.89442 1.1397 2.93725 1.332 0.511162 0.324919 0.397105 0.251676
0.874672 1.12792 2.94862 1.35598 0.461134 0.324919 0.397105 0.249944
0.854168 1.11556 2.95724 1.35575 0.461801 0.347687 0.416327 0.250266
0.833536 1.10272 2.96954 1.31699 0.417477 0.347962 0.400563 0.250266
0.812614 1.08932 2.98085 1.31632 0.419592 0.360499 0.415773 0.252804
0.79132 1.07578 2.98968 1.31409 0.426517 0.377758 0.452543 0.255635
0.769749 1.06141 3.00375 1.3737 0.357881 0.377758 0.452543 0.255635
0.748117 1.04577 3.00888 1.37529 0.351712 0.369303 0.378475 0.260847
0.726084 1.03043 3.01197 1.39044 0.311655 0.390599 0.459437 0.266254
0.704619 1.01603 3.01216 1.39044 0.311655 0.390599 0.459437 0.266254
0.682024 1.00057 3.01341 1.40775 0.252512 0.395554 0.47367 0.270992
0.659248 0.983921 3.01231 1.40999 0.239699 0.402804 0.48549 0.276992
0.636141 0.966759 3.00721 1.40999 0.239699 0.402804 0.48549 0.276992
0.613057 0.94902 3.00489 1.39883 0.180711 0.562884 0.51566 0.283788
0.589231 0.930868 2.99978 1.40228 0.151653 0.612034 0.416706 0.288113
0.561125 0.914135 2.99448 1.41116 0.124151 0.612034 0.416706 0.288113
0.529743 0.900436 2.98609 1.41374 0.0900704 0.651247 0.310546 0.297506
0.496133 0.88881 2.97844 1.47791 0.0157037 0.687429 0.197653 0.311345
0.46091 0.88212 2.97035 1.47791 0.0157037 0.687429 0.197653 0.311345
0.425503 0.879797 2.96135 1.46154 -0.0576883 0.739893 0.0770804 0.329782
0.389055 0.880362 2.95564 1.47308 -0.116357 0.772224 -0.02946 0.311529
0.351876 0.885683 2.94741 1.47308 -0.116357 0.772224 -0.02946 0.311529
0.31365 0.895518 2.94109 1.43541 -0.156196 0.808172 -0.112912 0.298624
0.276179 0.90763 2.93595 1.42832 -0.211417 0.731638 -0.248304 0.298624
0.238421 0.923184 2.92414 1.44343 -0.181368 0.731638 -0.248304 0.295063
0.203392 0.942188 2.91172 1.44124 -0.198005 0.626514 -0.29052 0.29675
0.173942 0.960953 2.90206 1.4446 -0.197908 0.517839 -0.30278 0.29675
0.142762 0.98391 2.89738 1.45595 -0.143706 0.511927 -0.250532 0.309032
0.120133 1.00423 2.88798 1.4561 -0.142163 0.386355 -0.262728 0.311892
0.0999662 1.02303 2.88561 1.41878 -0.100933 0.289586 -0.203381 0.311892
0.0840694 1.03905 2.8898 1.41878 -0.100933 0.289586 -0.203381 0.285631
0.073078 1.05208 2.89274 1.40594 -0.0671855 0.232463 -0.183319 0.258984
0.0630125 1.06436 2.89249 1.40448 -0.0928824 0.175887 -0.198622 0.258984
0.0553179 1.07599 2.89617 1.41454 -0.0513337 0.172412 -0.158238 0.237757
0.0494146 1.08666 2.90134 1.41409 -0.0625897 0.12902 -0.167039 0.228427
0.0435065 1.09568 2.90635 1.41345 -0.0755813 0.107417 -0.160186 0.228427
0.038282 1.10346 2.9122 1.43213 -0.0355903 0.105858 -0.138663 0.224323
0.0342592 1.11109 2.91813 1.43198 -0.041024 0.0963199 -0.152199 0.211187
0.0306884 1.11856 2.92786 1.41183 -0.0877736 0.0681784 -0.16329 0.211187
0.0265802 1.12556 2.93412 1.41183 -0.0877736 0.0681784 -0.16329 0.204146
0.0235091 1.13272 2.94429 1.39854 -0.100264 0.0499596 -0.164555 0.203093
0.021168 1.14057 2.95709 1.40008 -0.0757639 0.0467638 -0.142051 0.203093
0.0195056 1.14793 2.96991 1.40008 -0.0757639 0.0467638 -0.142051 0.197118
0.0178858 1.15442 2.97446 1.38151 -0.109615 0.0346355 -0.179629 0.191043
0.0163652 1.1612 2.9793 1.3797 -0.130396 0.0219415 -0.195053 0.191043
0.0158252 1.16972 2.99249 1.37218 -0.147261 0.0227115 -0.211222 0.191962
0.015209 1.17809 3.00181 1.3753 -0.114528 0.0163348 -0.0820102 0.190966
0.0155751 1.18603 3.00546 1.37034 -0.124557 0.0122976 -0.137828 0.190966
0.015082 1.1922 3.01454 1.37034 -0.124557 0.0122976 -0.137828 0.188957
0.0148311 1.19723 3.02754 1.36768 -0.150934 0.0111901 -0.20968 0.186927
0.01438 1.20411 3.03546 1.36669 -0.142083 0.00655824 -0.189218 0.188959
0.0147691 1.21255 3.04286 1.36669 -0.142083 0.00655824 -0.189218 0.188959
0.0147324 1.22072 3.05187 1.42533 -0.132019 0.0175389 -0.205073 0.188945
0.0147699 1.22971 3.0575 1.42591 -0.12561 0.0146706 -0.184331 0.185971
0.0146417 1.23864 3.06548 1.36622 -0.141378 0.0146706 -0.184331 0.185971
0.014341 1.24711 3.07468 1.366 -0.143534 0.012381 -0.166122 0.187932
0.0134341 1.25504 3.08352 1.4265 -0.122717 0.0195599 -0.144909 0.18792
0.0129206 1.26263 3.09349 1.4265 -0.122717 0.0195599 -0.144909 0.18792
0.0123331 1.2695 3.10092 1.42709 -0.115688 0.019353 -0.123996 0.183932
0.0109598 1.27562 3.11237 1.42652 -0.12155 0.00823495 -0.0972533 0.185929
0.0101783 1.28081 3.12015 1.42652 -0.12155 0.00823495 -0.0972533 0.185929
0.0103506 1.2858 3.1224 1.42732 -0.104241 0.0104335 -0.0768281 0.185939
0.00948492 1.28978 3.131 1.42863 -0.0843834 0.00473081 -0.0568184 0.184959
0.00890382 1.29241 3.13523 1.42758 -0.0810093 -0.00125011 -0.0377414 0.184959
0.00842612 1.29426 -3.14131 1.42848 -0.0784227 -0.00125011 -0.0377414 0.182939
0.00816089 1.29542 -3.134 1.4291 -0.0660869 -0.0109201 -0.0178255 0.185002
0.0082001 1.29645 -3.12798 1.42754 -0.0645439 -0.00868506 -0.00917928 0.185002
0.00814829 1.2973 -3.12317 1.42754 -0.0645439 -0.00868506 -0.00917928 0.181004
0.00827529 1.29773 -3.11916 1.42596 -0.0796263 -0.0201846 0.00364896 0.179998
0.00801278 1.29815 -3.11465 1.42604 -0.0783175 -0.0238726 0.0117035 0.179998
0.00882791 1.29828 -3.1125 1.42631 -0.0864362 -0.0238726 0.0117035 0.183001
0.00917319 1.29851 -3.10868 1.42736 -0.0669223 -0.0164333 0.00861014 0.180995
0.00963778 1.29865 -3.10606 1.42744 -0.0651038 -0.0214898 0.0148554 0.180996
0.0098299 1.29884 -3.10401 1.42763 -0.0740243 -0.0214898 0.0148554 0.180996
0.0101892 1.29898 -3.10162 1.42814 -0.0633203 -0.020918 0.016619 0.181986
0.0106598 1.29906 -3.09827 1.42961 -0.0545843 -0.0186394 0.0156391 0.183995
0.0111599 1.29904 -3.09621 1.42961 -0.0545843 -0.0186394 0.0156391 0.183995
0.0115271 1.29915 -3.09372 1.43101 -0.0454757 -0.0139117 0.0151728 0.180998
0.0118486 1.29915 -3.09199 1.43119 -0.039414 -0.0201461 0.0197752 0.181997
0.0120638 1.29915 -3.09042 1.43193 -0.0346469 -0.0174935 0.0194316 0.181997
0.0122442 1.29902 -3.08843 1.43328 -0.0368114 -0.0174935 0.0194316 0.181999
0.0122982 1.29883 -3.08694 1.43367 -0.0152932 -0.0173357 0.0201953 0.179994
0.0124172 1.29879 -3.0863 1.43373 -0.0435745 -0.0238326 0.0246593 0.179994
0.0128282 1.29865 -3.08645 1.43373 -0.0435745 -0.0238326 0.0246593 0.172
0.0135353 1.29837 -3.08871 1.43374 -0.0494476 -0.0390414 0.0347264 0.169999
0.0141542 1.29759 -3.08391 1.43313 -0.0646477 -0.0458235 0.0397364 0.169689
0.0161698 1.29701 -3.081 1.43313 -0.0646477 -0.0458235 0.0397364 0.169689
0.0185276 1.29595 -3.07269 1.43591 -0.0415367 -0.0426392 0.0362561 0.171159
0.0205361 1.29476 -3.06847 1.43651 0.00117965 -0.0371139 0.061106 0.180882
0.0221769 1.29312 -3.06027 1.38294 -0.0135595 -0.0378007 0.0442162 0.180882
0.0240668 1.29203 -3.05698 1.38277 0.0255425 -0.0188217 0.0359859 0.185039
0.0253091 1.29107 -3.05557 1.3878 0.0129383 -0.00658102 0.0308237 0.185887
0.0260784 1.29052 -3.05623 1.38777 0.0154276 -0.00652529 0.0416458 0.185887
0.02651 1.29003 -3.05505 1.39217 0.00509413 -0.00671798 0.0313986 0.185555
0.0270638 1.28919 -3.05466 1.39203 0.0204619 -0.00683183 0.0457171 0.185636
0.0273098 1.28903 -3.05567 1.3915 0.0434892 -0.00549494 0.0483644 0.185636
0.0282817 1.28748 -3.04861 1.39408 0.0381797 -0.00551344 0.043064 0.18591
0.0289516 1.2866 -3.047 1.39357 0.053716 0.00200669 0.0558171 0.186597
0.0293129 1.28545 -3.04258 1.39484 0.0614977 0.00281632 0.0158574 0.188858
0.0292015 1.28475 -3.04089 1.39484 0.0614977 0.00281632 0.0158574 0.188858
0.029337 1.28481 -3.04115 1.39603 0.0602802 -0.00116695 0.0679244 0.189169
0.0294827 1.28455 -3.04027 1.39505 0.0798422 0.00217084 0.0664203 0.189321
0.0298927 1.28316 -3.03837 1.39416 0.094013 0.0110104 0.0457507 0.189321
0.0300404 1.28124 -3.03658 1.39416 0.094013 0.0110104 0.0457507 0.19101
0.0297168 1.27985 -3.03482 1.39447 0.0894235 0.0204951 0.0233657 0.192658
0.0293026 1.27901 -3.03301 1.39545 0.0872333 0.0146724 0.000805984 0.192999
0.0286664 1.27846 -3.03364 1.39545 0.0872333 0.0146724 0.000805984 0.192999
0.0288075 1.27831 -3.03277 1.39504 0.0793075 0.00628757 0.000377857 0.191002
0.0288272 1.27845 -3.03262 1.39408 0.0947275 0.00152376 0.00961649 0.189002
0.0288719 1.2785 -3.03241 1.39408 0.0947275 0.00152376 0.00961649 0.189002
0.0288825 1.27837 -3.03223 1.39314 0.0894897 -0.00334098 0.0285661 0.186
0.0289782 1.27824 -3.03296 1.39294 0.092588 -0.00847687 0.000889319 0.184
0.0293644 1.27821 -3.0313 1.39166 0.111939 -0.0135227 0.0527502 0.184
0.0299046 1.2775 -3.03194 1.39166 0.111939 -0.0135227 0.0527502 0.183987
0.0310392 1.27614 -3.03307 1.39042 0.132323 -0.0132362 0.0894758 0.190647
0.0320241 1.27359 -3.03411 1.38852 0.150957 0.00120011 0.114652 0.190647
0.0327722 1.2696 -3.03231 1.39028 0.149544 0.00123827 0.113193 0.197823
0.0329742 1.2648 -3.03509 1.3927 0.124962 0.0165155 0.0549754 0.193992
0.0332151 1.26118 -3.03425 1.39327 0.118495 0.00684262 0.0322886 0.190756
0.0330893 1.25918 -3.03431 1.39644 0.106973 0.00684262 0.0322886 0.190756
0.0328507 1.2585 -3.03571 1.39705 0.0987563 0.00274062 0.0808808 0.19227
0.0327832 1.25692 -3.03763 1.39655 0.105655 0.00362176 0.0642707 0.202857
0.0328444 1.25413 -3.03936 1.39655 0.105655 0.00362176 0.0642707 0.202857
0.0323729 1.25104 -3.03782 1.39738 0.094056 0.0274937 0.0628298 0.199001
0.0324884 1.24915 -3.04509 1.3996 0.0513858 0.0190283 -0.00282783 0.19687
0.0315232 1.24752 -3.04678 1.39919 0.0614669 0.0146452 0.0591967 0.19687
0.0313361 1.24711 -3.04765 1.39728 0.0566232 0.0146444 0.0586092 0.198
0.030773 1.24509 -3.04824 1.39655 0.0725414 0.0158792 0.0424092 0.204002
0.0303955 1.24314 -3.04963 1.39633 0.0462594 0.030019 -0.0134412 0.195003
0.0298236 1.24187 -3.05083 1.39633 0.0462594 0.030019 -0.0134412 0.195003
0.0292248 1.24162 -3.05121 1.396 0.0113671 0.012654 -0.0489949 0.193002
0.028792 1.24164 -3.05417 1.39589 0.0209589 0.00716924 -0.0218642 0.193
0.0284555 1.24163 -3.05593 1.39589 0.0209589 0.00716924 -0.0218642 0.193
0.0284894 1.24167 -3.05606 1.39287 0.0422724 0.00598565 0.0180642 0.201002
0.0284587 1.24166 -3.05594 1.39347 0.0108302 0.0235328 -0.0137011 0.195002
0.0284325 1.24172 -3.05852 1.39252 -0.0277692 0.0137255 -0.0818857 0.195002
0.0276851 1.24181 -3.06265 1.39252 -0.0277692 0.0137255 -0.0818857 0.194
0.0262175 1.24285 -3.06622 1.39273 -0.0168214 0.00843152 -0.00173159 0.195019
0.0254993 1.24378 -3.07101 1.39282 -0.00682134 0.0107747 0.0148899 0.195019
0.0254023 1.2437 -3.07266 1.39282 -0.00682134 0.0107747 0.0148899 0.198002
0.0254047 1.24357 -3.07237 1.38897 -0.0275034 0.0200075 -0.0812457 0.192007
0.0249074 1.24361 -3.07625 1.38862 -0.0416384 0.00785805 -0.0928006 0.191343
0.023347 1.24471 -3.0829 1.38838 -0.0357203 0.00774382 -0.0898892 0.191343
0.0226904 1.24701 -3.08953 1.3887 -0.0198254 0.00356325 0.0209657 0.194
0.0222705 1.24882 -3.09249 1.38693 -0.0274122 0.0085189 -0.00673803 0.197
0.0224134 1.24876 -3.09005 1.38693 -0.0274122 0.0085189 -0.00673803 0.197
0.022634 1.24873 -3.09 1.38624 -0.0516035 0.0153445 -0.036793 0.197
0.0223664 1.24879 -3.09138 1.3846 -0.0412242 0.0153616 -0.0377755 0.195
0.0221939 1.24937 -3.09196 1.38329 -0.0730055 0.0136972 -0.0812851 0.195
0.0211679 1.25016 -3.09047 1.3832 -0.0751418 0.0136972 -0.0812851 0.194884
0.0204783 1.25274 -3.09665 1.38367 -0.0658782 0.0102706 -0.000111206 0.197222
0.0193804 1.2547 -3.09733 1.38255 -0.0862463 0.0141158 -0.0507368 0.197222
0.0186643 1.25524 -3.09727 1.38255 -0.0862463 0.0141158 -0.0507368 0.190003
0.017794 1.2557 -3.0937 1.3788 -0.110326 0.00284312 -0.0813807 0.19
0.017143 1.25785 -3.10038 1.37733 -0.0977104 0.000892943 -0.0511568 0.193
0.016952 1.26019 -3.09804 1.37733 -0.0977104 0.000892943 -0.0511568 0.193
0.0166487 1.26143 -3.09709 1.37725 -0.09889 0.00699113 -0.0395392 0.188002
0.0160121 1.26216 -3.09839 1.37528 -0.1233 -0.00165153 -0.0730054 0.188
0.0155465 1.26363 -3.09735 1.37338 -0.117525 -0.00165153 -0.0730054 0.188
0.0158307 1.26575 -3.09837 1.37412 -0.108605 -0.0043667 -0.0427141 0.189478
0.0155593 1.26791 -3.0965 1.37346 -0.0988248 -0.00281715 -0.0472093 0.188004
0.0157374 1.26908 -3.09771 1.37346 -0.0988248 -0.00281715 -0.0472093 0.188004
0.0157105 1.27024 -3.09648 1.37174 -0.120349 -0.00129126 -0.0605912 0.190998
0.0157899 1.27226 -3.0949 1.37212 -0.120687 0.00728379 -0.0625542 0.191991
0.015677 1.27464 -3.09399 1.37203 -0.121699 0.0109712 -0.0595273 0.191991
0.0152428 1.27705 -3.09266 1.37297 -0.119354 0.0109712 -0.0595273 0.192987
0.0148758 1.27913 -3.09239 1.37296 -0.119471 0.0138024 -0.0550185 0.190989
0.0144513 1.28146 -3.08988 1.37152 -0.135746 0.0112894 -0.0474342 0.194983
0.0136591 1.28369 -3.08915 1.37152 -0.135746 0.0112894 -0.0474342 0.194983
0.0129129 1.28545 -3.08837 1.37269 -0.123291 0.0208979 -0.0471112 0.195995
0.0118952 1.28676 -3.09097 1.43118 -0.108463 0.0237741 -0.0418336 0.192984
0.0106061 1.28882 -3.08855 1.43118 -0.108463 0.0237741 -0.0418336 0.192984
0.009483 1.29027 -3.08892 1.42868 -0.117853 0.0159862 -0.0337547 0.197018
0.00824505 1.29154 -3.08823 1.42954 -0.10687 0.0264171 -0.0343647 0.196024
0.00689962 1.29261 -3.08606 1.42685 -0.103124 0.0237957 -0.0294267 0.196024
0.00594081 1.29376 -3.08682 1.42685 -0.103124 0.0237957 -0.0294267 0.196064
0.0048415 1.29492 -3.08671 1.42366 -0.105492 0.0244186 -0.0273934 0.195423
0.00346037 1.2961 -3.08584 1.42183 -0.108462 0.0259038 -0.0274582 0.195203
0.00258482 1.29736 -3.08673 1.42183 -0.108462 0.0259038 -0.0274582 0.195203
0.00158492 1.29838 -3.08618 1.42233 -0.101627 0.0337904 -0.0284438 0.19423
0.000229603 1.29973 -3.08513 1.42224 -0.10284 0.0310246 -0.0258333 0.194449
-0.000961028 1.30101 -3.08564 1.41681 -0.100676 0.0310246 -0.0258333 0.194449
-0.00201377 1.30195 -3.0846 1.41679 -0.100912 0.0350836 -0.0264946 0.193149
-0.00382266 1.30323 -3.08238 1.41375 -0.0975154 0.0486034 -0.0303825 0.192513
-0.00497869 1.30443 -3.08436 1.41365 -0.0989689 0.0454681 -0.0276149 0.192513
-0.00705207 1.30626 -3.08404 1.41365 -0.0989689 0.0454681 -0.0276149 0.191302
-0.00904969 1.30788 -3.07999 1.40985 -0.097004 0.0494073 -0.0270612 0.190354
-0.0103882 1.30929 -3.07919 1.40968 -0.0993696 0.0590225 -0.030292 0.190354
-0.0125872 1.31115 -3.07758 1.40495 -0.0988008 0.0590225 -0.030292 0.190549
-0.015086 1.31339 -3.0776 1.40553 -0.0903067 0.0661714 -0.0309185 0.189525
-0.0173623 1.31562 -3.07347 1.40106 -0.0866474 0.0715766 -0.0318452 0.187162
-0.0203508 1.31732 -3.0681 1.40106 -0.0866474 0.0715766 -0.0318452 0.187162
-0.0236371 1.31929 -3.0641 1.40153 -0.078838 0.0793268 -0.0303028 0.187605
-0.0273226 1.32151 -3.05658 1.39361 -0.0702199 0.0849044 -0.0318087 0.18723
-0.0305673 1.32381 -3.0514 1.39376 -0.0671216 0.0933815 -0.0375877 0.18723
-0.0350524 1.32563 -3.04982 1.38507 -0.070481 0.0933815 -0.0375877 0.18653
-0.0402102 1.3267 -3.0474 1.38538 -0.0642261 0.106879 -0.0400732 0.187479
-0.0448184 1.3283 -3.04739 1.43476 -0.0556088 0.117903 -0.046058 0.188431
-0.0503138 1.3305 -3.04571 1.43476 -0.0556088 0.117903 -0.046058 0.188431
-0.0564365 1.33254 -3.04361 1.42825 -0.0522096 0.123773 -0.0487634 0.189372
-0.0623894 1.33418 -3.04105 1.41583 -0.0487568 0.128635 -0.0445828 0.191736
-0.0689802 1.33616 -3.04109 1.41583 -0.0487568 0.128635 -0.0445828 0.191736
-0.0752203 1.33866 -3.03581 1.40156 -0.0271578 0.128818 -0.0323198 0.195017
-0.0820123 1.3401 -3.03566 1.40181 -0.00729049 0.120387 -0.02215 0.195095
-0.0878752 1.34136 -3.0318 1.44302 0.0168224 0.113304 -0.0086227 0.195095
-0.0942405 1.34248 -3.03016 1.44302 0.0168224 0.113304 -0.0086227 0.200128
-0.100029 1.34312 -3.02602 1.44258 0.0392773 0.110213 0.000340275 0.202662
-0.105344 1.3436 -3.02597 1.41704 0.0603335 0.10053 0.00966392 0.202662
-0.110494 1.34359 -3.02642 1.41704 0.0603335 0.10053 0.00966392 0.200585
-0.11546 1.34333 -3.025 1.40139 0.0750783 0.0933841 0.0185252 0.196091
-0.119636 1.34294 -3.02626 1.4003 0.0932575 0.093955 0.0282168 0.192191
-0.125957 1.34147 -3.02187 1.38653 0.0939463 0.093955 0.0282168 0.192191
-0.130063 1.34074 -3.02061 1.38546 0.108601 0.0868741 0.0316105 0.188341
-0.135263 1.33922 -3.01848 1.4296 0.110263 0.0831731 0.0353857 0.186503
-0.138918 1.33877 -3.02087 1.4296 0.110263 0.0831731 0.0353857 0.186503
-0.143303 1.33729 -3.01908 1.42918 0.11566 0.091177 0.039087 0.186136
-0.147114 1.33641 -3.0184 1.40926 0.114052 0.105401 0.0409136 0.185093
-0.153006 1.3345 -3.0122 1.40926 0.114052 0.105401 0.0409136 0.185093
-0.157377 1.33312 -3.01202 1.39885 0.108638 0.111314 0.041509 0.18476
-0.162236 1.33089 -3.01275 1.39861 0.111659 0.12096 0.0441439 0.185295
-0.167044 1.32966 -3.01138 1.38365 0.130135 0.135703 0.0452008 0.185295
-0.173517 1.32777 -3.01022 1.38365 0.130135 0.135703 0.0452008 0.185996
-0.180535 1.32542 -3.01192 1.38544 0.109482 0.153381 0.0437149 0.186585
-0.187676 1.32285 -3.01593 1.42114 0.119881 0.173687 0.0456781 0.189305
-0.195927 1.32023 -3.01662 1.42114 0.119881 0.173687 0.0456781 0.189305
-0.204534 1.31774 -3.01707 1.4045 0.0914067 0.208415 0.0437402 0.191868
-0.213451 1.31516 -3.0199 1.40482 0.0863631 0.269332 0.0453128 0.194309
-0.225316 1.31206 -3.02002 1.38147 0.0883814 0.269332 0.0453128 0.194309
-0.238724 1.30909 -3.01902 1.382 0.079623 0.384054 0.0454404 0.199427
-0.254591 1.30613 -3.02371 1.38185 0.0820806 0.737664 0.0630926 0.20436
-0.279214 1.30265 -3.02989 1.39737 0.0671106 1.17328 0.037624 0.20436
-0.315838 1.30095 -3.04874 1.39737 0.0671106 1.17328 0.037624 0.211088
-0.365137 1.29821 -3.05968 1.40471 0.0527569 1.12472 0.0172065 0.22256
-0.421272 1.29535 -3.0669 1.40436 0.0614669 0.990555 0.00883043 0.22256
-0.477141 1.2921 -3.07334 1.40436 0.0614669 0.990555 0.00883043 0.246228
-0.528689 1.28967 -3.07051 1.40567 0.00974473 0.818771 -0.0649256 0.291016
-0.572859 1.2883 -3.07617 1.40385 -0.0721718 0.669761 -0.162201 0.291016
-0.618976 1.29031 -3.08666 1.35421 0.198023 0.636899 0.105659 0.343243
-0.654365 1.29245 -3.07205 1.34427 0.256978 0.474327 0.135081 0.359481
-0.68432 1.28747 -3.05369 1.34718 0.439419 0.316914 0.254259 0.309849
-0.706662 1.27782 -3.0373 1.34718 0.439419 0.316914 0.254259 0.309849
-0.723383 1.26539 -3.00967 1.2702 0.591778 0.204766 0.288906 0.280367
-0.737383 1.25149 -2.98214 1.22248 0.684946 0.142238 0.286903 0.256349
-0.748029 1.23748 -2.9556 1.22724 0.624912 0.142238 0.286903 0.256349
-0.75468 1.22333 -2.93085 1.24644 0.650926 0.0893213 0.296532 0.239218
-0.759882 1.21083 -2.90659 1.18564 0.756027 0.0665084 0.246823 0.239218
-0.763511 1.19562 -2.8772 1.22689 0.592831 0.0665084 0.246823 0.235145
-0.76585 1.18414 -2.85607 1.17547 0.689191 0.0650969 0.206767 0.232
-0.767966 1.17389 -2.83475 1.16885 0.639507 0.0285972 0.295284 0.232
-0.768661 1.16252 -2.81091 1.16885 0.639507 0.0285972 0.295284 0.225594
-0.76767 1.1502 -2.79377 1.21842 0.618415 0.00946279 0.415286 0.215836
-0.764921 1.13493 -2.77667 1.19873 0.655775 0.0056873 0.487435 0.217259
-0.760055 1.11664 -2.76304 1.19873 0.655775 0.0056873 0.487435 0.217259
-0.753908 1.09599 -2.7511 1.24083 0.513926 0.0631791 0.481793 0.218872
-0.747695 1.07398 -2.74119 1.24121 0.513011 0.0835214 0.537412 0.218872
-0.743057 1.0515 -2.73531 1.21686 0.396684 0.0810598 0.420623 0.215139
-0.738791 1.02725 -2.73079 1.21114 0.413815 0.199473 0.635827 0.225116
-0.736136 1.00286 -2.73368 1.23054 0.319907 0.309304 0.566394 0.242059
-0.735256 0.97473 -2.73497 1.23054 0.319907 0.309304 0.566394 0.242059
-0.739046 0.944644 -2.73901 1.24306 0.267145 0.371443 0.420936 0.262529
-0.745219 0.914643 -2.7426 1.24488 0.123044 0.410917 0.264952 0.283413
-0.754865 0.891095 -2.74807 1.24488 0.123044 0.410917 0.264952 0.283413
-0.7695 0.867361 -2.75803 1.22092 -0.0274485 0.41787 0.107579 0.305657
-0.785604 0.849946 -2.7694 1.21223 -0.147931 0.39647 -0.0141413 0.301425
-0.804048 0.838571 -2.78472 1.15814 -0.225041 0.39647 -0.0141413 0.301425
-0.822887 0.832483 -2.79662 1.12142 -0.366551 0.38883 -0.13296 0.271254
-0.842427 0.828144 -2.80981 1.09085 -0.44942 0.377104 -0.194602 0.248964
-0.863048 0.828353 -2.81947 1.12896 -0.345734 0.377104 -0.194602 0.248964
-0.883451 0.831043 -2.83297 1.11138 -0.39863 0.370898 -0.21925 0.233501
-0.903891 0.834886 -2.84166 1.10993 -0.370262 0.408711 -0.248273 0.233501
-0.925325 0.83919 -2.84514 1.10993 -0.370262 0.408711 -0.248273 0.226792
-0.948125 0.844243 -2.84698 1.11039 -0.368887 0.470887 -0.24302 0.224381
-0.969725 0.848728 -2.85103 1.12061 -0.336544 0.544458 -0.219831 0.224381
-0.998711 0.852429 -2.85662 1.08862 -0.289814 0.544458 -0.219831 0.224539
-1.02788 0.85549 -2.85873 1.07772 -0.224183 0.717744 -0.205461 0.229459
-1.05977 0.857593 -2.84823 1.0817 -0.204077 1.0789 -0.168557 0.23817
-1.09999 0.85754 -2.83541 1.04623 -0.15398 1.04623 -0.15398 0.23817
-1.14875 0.853083 -2.82791 1.04822 -0.139768 1.04822 -0.139768 0.255033
-1.19558 0.846842 -2.82088 1.04131 0.00103391 1.04131 0.00103391 0.255033
-1.25419 0.835879 -2.79812 1.04131 0.00103391 1.04131 0.00103391 0.280986
-1.30587 0.82066 -2.77984 1.21046 0.476423 1.21046 0.476423 0.318663
-1.35601 0.800593 -2.75013 1.15208 0.564779 1.15208 0.564779 0.362754
-1.40358 0.770515 -2.71793 1.15208 0.564779 1.15208 0.564779 0.362754
-1.44809 0.73381 -2.67657 1.11827 0.6564 1.11827 0.6564 0.40783
-1.49068 0.69162 -2.6297 1.09983 0.68684 1.09983 0.68684 0.40783
-1.52921 0.644382 -2.58796 1.03848 0.766646 1.03848 0.766646 0.455654
-1.56522 0.592944 -2.53726 1.01652 0.79553 1.01652 0.79553 0.505888
-1.59955 0.539097 -2.49455 0.982079 0.831017 0.982079 0.831017 0.505888
-1.62954 0.482026 -2.43923 0.982079 0.831017 0.982079 0.831017 0.559789
-1.65331 0.421926 -2.38419 0.926013 0.893067 0.926013 0.893067 0.617937
-1.67131 0.359711 -2.33566 0.984883 0.944513 0.984883 0.944513 0.617937
-1.68495 0.296707 -2.28186 0.984883 0.944513 0.984883 0.944513 0.676065
-1.69323 0.232477 -2.23678 1.04651 0.833956 1.00194 0.817103 0.668803
-1.69673 0.166941 -2.18718 1.04651 0.833956 1.00194 0.817103 0.668803
-1.69802 0.101345 -2.14155 1.14009 0.703759 0.895658 0.627694 0.588542
-1.69817 0.0379888 -2.1012 1.15072 0.68624 0.747403 0.575425 0.512332
-1.69796 -0.019223 -2.06655 1.15072 0.68624 0.747403 0.575425 0.512332
-1.69589 -0.0663493 -2.03584 1.24525 0.526446 0.6276 0.418764 0.449199
-1.69289 -0.11464 -2.00383 1.25474 0.503398 0.501724 0.402267 0.449199
-1.6891 -0.15871 -1.96429 1.26404 0.460157 0.505955 0.368644 0.418193
-1.68421 -0.192906 -1.92759 1.27003 0.443332 0.486429 0.337053 0.354246
-1.67786 -0.224211 -1.8938 1.2797 0.408837 0.365452 0.272209 0.354246
-1.67148 -0.25259 -1.86364 1.2797 0.408837 0.365452 0.272209 0.312888
-1.6655 -0.275716 -1.83092 1.31477 0.389988 0.292369 0.198839 0.283772
-1.65918 -0.297418 -1.80036 1.32099 0.304021 0.246614 0.124831 0.283772
-1.65458 -0.314478 -1.77146 1.32099 0.304021 0.246614 0.124831 0.259008
-1.65248 -0.32811 -1.74109 1.33787 0.240791 0.202983 0.0723213 0.237394
-1.65011 -0.340594 -1.71391 1.33787 0.240791 0.202983 0.0723213 0.237394
-1.64854 -0.351932 -1.6888 1.33186 0.147415 0.183245 0.0219308 0.220736
-1.64751 -0.362474 -1.66485 1.33723 0.0861354 0.167561 -0.00866784 0.207732
-1.64782 -0.372012 -1.64312 1.33168 0.0774557 0.167561 -0.00866784 0.207732
-1.64957 -0.380469 -1.62551 1.33367 0.0267979 0.144559 -0.0291227 0.198916
-1.65157 -0.388369 -1.6069 1.33389 -0.0109373 0.132117 -0.0386025 0.193449
-1.65359 -0.395807 -1.58829 1.33686 -0.0110971 0.132117 -0.0386025 0.193449
-1.65538 -0.402908 -1.57247 1.33637 -0.037663 0.124545 -0.043894 0.190408
-1.65706 -0.409406 -1.55629 1.34494 -0.0471865 0.117394 -0.0444294 0.18825
-1.6591 -0.415599 -1.5424 1.34494 -0.0471865 0.117394 -0.0444294 0.18825
-1.66107 -0.420962 -1.52974 1.32684 -0.0621334 0.110058 -0.0426688 0.186985
-1.66296 -0.426503 -1.51752 1.32646 -0.0698186 0.104427 -0.0408002 0.18711
-1.66501 -0.432609 -1.50319 1.32646 -0.0698186 0.104427 -0.0408002 0.18711
-1.66654 -0.438342 -1.49089 1.33363 -0.0682968 0.0970458 -0.0358833 0.186818
-1.6678 -0.443524 -1.47818 1.33331 -0.0743825 0.0970636 -0.0341623 0.186818
-1.66876 -0.448426 -1.46514 1.36413 -0.0627987 0.0970636 -0.0341623 0.186818
-1.66991 -0.454194 -1.4544 1.36408 -0.0637352 0.0974253 -0.031509 0.186758
-1.67077 -0.459274 -1.44462 1.3642 -0.0612176 0.0998828 -0.029413 0.186646
-1.67166 -0.464532 -1.43348 1.3642 -0.0612176 0.0998828 -0.029413 0.186646
-1.67266 -0.469735 -1.42464 1.36308 -0.082409 0.1137 -0.0306628 0.186675
-1.67315 -0.475474 -1.4143 1.36026 -0.0782922 0.14148 -0.0329331 0.18758
-1.67363 -0.482133 -1.40518 1.36029 -0.0776736 0.21233 -0.0372021 0.18758
-1.6744 -0.490476 -1.39772 1.34724 -0.0761024 0.21233 -0.0372021 0.187813
-1.67484 -0.501026 -1.38758 1.34753 -0.0707862 0.276187 -0.0380952 0.190069
-1.67499 -0.513728 -1.38285 1.36093 -0.0588579 0.399644 -0.0288046 0.190069
-1.67459 -0.53041 -1.37592 1.36093 -0.0588579 0.399644 -0.0288046 0.19188
-1.67309 -0.550243 -1.3703 1.329 -0.125707 1.329 -0.125707 0.198243
-1.67111 -0.577127 -1.3687 1.33025 -0.111708 1.33025 -0.111708 0.198243
-1.66761 -0.618169 -1.37368 1.33025 -0.111708 1.33025 -0.111708 0.203932
-1.66406 -0.671764 -1.38769 1.34135 -0.11707 1.34135 -0.11707 0.227899
-1.66102 -0.734301 -1.39507 1.3443 -0.0761015 1.3443 -0.0761015 0.267136
-1.65842 -0.801387 -1.39532 1.35068 -0.0581718 1.35068 -0.0581718 0.267136
-1.65532 -0.864071 -1.39696 1.35189 0.0106951 1.35189 0.0106951 0.333145
-1.65322 -0.914265 -1.39715 1.32616 0.103685 1.32616 0.103685 0.333145
-1.65106 -0.969079 -1.40713 1.28348 0.336038 1.28348 0.336038 0.411462
-1.64421 -1.02866 -1.3956 1.26613 0.396439 1.26613 0.396439 0.484879
-1.63137 -1.08122 -1.36722 1.15751 0.586466 1.15751 0.586466 0.484879
-1.60806 -1.14263 -1.31767 1.15751 0.586466 1.15751 0.586466 0.571299
-1.57849 -1.19384 -1.26541 1.07587 0.846879 1.07587 0.846879 0.657666
-1.54623 -1.23826 -1.22162 1.05915 0.867694 1.05915 0.867694 0.657666
-1.51628 -1.26965 -1.19299 1.04149 0.935982 1.04149 0.935982 0.716767
-1.48165 -1.30046 -1.15815 1.03146 0.947022 1.03146 0.947022 0.754211
-1.4428 -1.32701 -1.11699 1.02587 0.953074 1.02587 0.953074 0.754211
-1.4097 -1.34246 -1.0885 1.01374 0.95732 1.01374 0.95732 0.776631
-1.36549 -1.36366 -1.06082 1.01063 0.96061 1.01063 0.96061 0.780095
-1.31987 -1.38566 -1.02315 0.996446 0.876982 0.996446 0.876982 0.780095
-1.26962 -1.4066 -0.982342 0.996446 0.876982 0.996446 0.876982 0.785016
-1.21532 -1.42891 -0.930192 1.0057 0.856618 1.0057 0.856618 0.792584
-1.15722 -1.4494 -0.880767 1.0057 0.856618 1.0057 0.856618 0.792584
-1.09635 -1.46845 -0.827039 1.0046 0.857904 1.0046 0.857904 0.796305
-1.03381 -1.48391 -0.772032 1.15044 0.868493 1.15044 0.868493 0.803354
-0.970243 -1.49618 -0.716855 1.15044 0.868493 1.15044 0.868493 0.803354
-0.905619 -1.50539 -0.659338 1.16409 0.755028 1.16409 0.755028 0.817139
-0.83847 -1.51367 -0.6104 1.16274 0.757104 1.16274 0.757104 0.817139
-0.771079 -1.52264 -0.571298 1.22402 0.654452 1.22402 0.654452 0.829307
-0.703011 -1.52964 -0.523228 1.223 0.656368 1.223 0.656368 0.85048
-0.634306 -1.53473 -0.484397 1.22115 0.659798 1.22115 0.659798 0.85048
-0.564764 -1.54002 -0.447835 1.30083 0.533463 1.30083 0.533463 0.891081
-0.49459 -1.54559 -0.417062 1.29816 0.539923 1.29816 0.539923 0.934419
-0.424283 -1.55254 -0.388557 1.31912 0.452892 1.31912 0.452892 0.934419
-0.353965 -1.55933 -0.361118 1.31673 0.45981 1.31673 0.45981 0.981637
-0.283471 -1.56679 -0.337464 1.32106 0.397769 1.32106 0.397769 1.05975
-0.21256 -1.57342 -0.317055 1.32106 0.397769 1.32106 0.397769 1.05975
-0.142259 -1.58016 -0.297285 1.3735 0.371023 1.3735 0.371023 1.11143
-0.0723586 -1.58648 -0.277003 1.37278 0.373657 1.37278 0.373657 1.02003
-0.00114727 -1.59262 -0.25217 1.37278 0.373657 1.37278 0.373657 1.02003
0.0712785 -1.59722 -0.225832 1.39352 0.316552 1.39352 0.316552 0.92633
0.144375 -1.60001 -0.207295 1.39285 0.3195 1.39285 0.3195 0.92633
0.217934 -1.6023 -0.191077 1.38575 0.269239 1.38575 0.269239 0.830908
0.291587 -1.60441 -0.172476 1.38611 0.267387 1.38611 0.267387 0.743568
0.364594 -1.60634 -0.157302 1.37245 0.220045 1.33568 0.229206 0.743568
0.43773 -1.60723 -0.14314 1.37245 0.220045 1.33568 0.229206 0.657014
0.510257 -1.60731 -0.129218 1.37256 0.219405 1.18474 0.283244 0.570142
0.579387 -1.6065 -0.118171 1.34347 0.167867 1.16602 0.228181 0.570142
0.643973 -1.60357 -0.103911 1.34288 0.172524 1.08506 0.297814 0.501829
0.705126 -1.60008 -0.0907486 1.33283 0.270146 1.02676 0.349195 0.450598
0.763145 -1.5935 -0.0783974 1.33283 0.270146 1.02676 0.349195 0.450598
0.820315 -1.58478 -0.0647189 1.31635 0.418763 0.948316 0.314182 0.414297
0.869884 -1.57528 -0.0458464 1.32269 0.398268 0.879908 0.272519 0.414297
0.926146 -1.56306 -0.0141509 1.32269 0.398268 0.879908 0.272519 0.406261
0.973657 -1.55192 0.014017 1.28254 0.475954 0.82568 0.197013 0.380469
1.01927 -1.54047 0.0472144 1.2898 0.455912 0.778677 0.110831 0.380469
1.06247 -1.53088 0.08157 1.25268 0.454723 0.778677 0.110831 0.349332
1.10302 -1.52349 0.117634 1.26155 0.429502 0.741102 0.00309106 0.320681
1.14268 -1.51623 0.1549 1.22858 0.425881 0.691598 -0.0858777 0.320681
1.18085 -1.51164 0.19027 1.22858 0.425881 0.691598 -0.0858777 0.299804
1.21764 -1.50938 0.228448 1.20848 0.466132 0.599233 -0.103567 0.282737
1.25354 -1.50691 0.265661 1.19634 0.450625 0.568511 -0.166602 0.282737
1.28548 -1.50496 0.304121 1.19634 0.450625 0.568511 -0.166602 0.271178
1.31319 -1.50452 0.341026 1.1974 0.479906 0.565382 -0.205683 0.260164
1.34692 -1.50314 0.385636 1.1974 0.479906 0.565382 -0.205683 0.260164
1.37826 -1.50261 0.429347 1.18319 0.449474 0.552403 -0.196877 0.252849
1.40353 -1.5008 0.46501 1.18736 0.438335 0.559999 -0.181438 0.252849
1.44004 -1.49658 0.512612 1.17081 0.416356 0.559999 -0.181438 0.245321
1.47069 -1.49056 0.555456 1.27061 0.472253 0.581747 -0.139753 0.243156
1.5006 -1.48195 0.595589 1.27203 0.468408 0.551012 -0.0627127 0.240126
1.52956 -1.47167 0.640792 1.27203 0.468408 0.551012 -0.0627127 0.240126
1.55534 -1.45788 0.688341 1.27404 0.462903 0.489599 0.0116853 0.242731
1.57455 -1.44515 0.726864 1.29813 0.424873 0.419914 0.0780507 0.242731
1.59675 -1.4242 0.786716 1.29813 0.424873 0.419914 0.0780507 0.244602
1.61139 -1.40755 0.818506 1.32351 0.390337 0.429197 0.119044 0.245012
1.62364 -1.38789 0.868788 1.32317 0.391487 0.441754 0.154623 0.239652
1.63497 -1.36764 0.906198 1.32317 0.391487 0.441754 0.154623 0.239652
1.6449 -1.34555 0.945363 1.3647 0.306185 0.471603 0.168268 0.235024
1.65409 -1.32282 0.986832 1.36754 0.293267 0.502449 0.170918 0.230648
1.66297 -1.29819 1.01813 1.38305 0.261701 0.502449 0.170918 0.230648
1.67211 -1.27199 1.04917 1.38477 0.252466 0.469731 0.158818 0.230483
1.67959 -1.24525 1.07174 1.39366 0.219239 0.463949 0.166644 0.234318
1.68671 -1.21948 1.10233 1.39366 0.219239 0.463949 0.166644 0.234318
1.69143 -1.19482 1.12493 1.39198 0.229658 0.46149 0.165914 0.240462
1.69602 -1.16947 1.15186 1.35699 0.193132 0.448095 0.171435 0.243492
1.70033 -1.14413 1.18019 1.35699 0.193132 0.448095 0.171435 0.243492
1.70186 -1.11889 1.19955 1.35641 0.193199 0.451172 0.156519 0.248602
1.70379 -1.09418 1.22039 1.35789 0.182486 0.470993 0.146626 0.248197
1.70555 -1.06946 1.24125 1.35792 0.18333 0.470993 0.146626 0.248197
1.70839 -1.04433 1.26393 1.35934 0.172506 0.497972 0.130323 0.248399
1.71085 -1.0183 1.28133 1.36133 0.156035 0.530172 0.106636 0.247908
1.71382 -0.991304 1.29928 1.3299 0.147095 0.530172 0.106636 0.247908
1.71763 -0.963322 1.31515 1.3325 0.121291 0.494208 0.101236 0.248789
1.72152 -0.935528 1.32778 1.29747 0.105457 0.458533 0.105037 0.252123
1.72406 -0.909699 1.33952 1.29747 0.105457 0.458533 0.105037 0.252123
1.72545 -0.885778 1.35014 1.35804 0.132072 0.423185 0.117881 0.252945
1.72658 -0.86192 1.35979 1.35651 0.146979 0.391686 0.118805 0.252359
1.72644 -0.839623 1.37135 1.35609 0.142524 0.391686 0.118805 0.252359
1.72586 -0.8188 1.38096 1.35981 0.12462 0.415495 0.108277 0.253263
1.72555 -0.797659 1.3938 1.36023 0.119941 0.41206 0.105666 0.250632
1.72541 -0.77574 1.39875 1.33513 0.113672 0.41206 0.105666 0.250632
1.72524 -0.753694 1.40526 1.3375 0.0812928 0.435665 0.0859322 0.247222
1.72512 -0.731611 1.4116 1.35151 0.0493478 0.465888 0.0590388 0.246159
1.7256 -0.708918 1.42083 1.35151 0.0493478 0.465888 0.0590388 0.246159
1.72725 -0.684789 1.42707 1.36198 0.00442594 0.546791 0.0183013 0.245133
1.73042 -0.659083 1.43156 1.36164 -0.0303845 0.601168 -0.0267132 0.244205
1.73594 -0.630419 1.43968 1.36082 -0.0563207 0.574551 -0.101695 0.244205
1.74299 -0.600014 1.44149 1.369 -0.0615487 0.574551 -0.101695 0.248553
1.75248 -0.571024 1.44407 1.36798 -0.0811312 0.563434 -0.186867 0.255841
1.7638 -0.542904 1.4497 1.35845 -0.0929853 0.526853 -0.204969 0.255841
1.77686 -0.515617 1.45623 1.35845 -0.0929853 0.526853 -0.204969 0.267637
1.79113 -0.489576 1.45919 1.34844 -0.0828027 0.502892 -0.204163 0.270286
1.80505 -0.464301 1.46602 1.34817 -0.0871517 0.482451 -0.181656 0.270286
1.81826 -0.439951 1.47071 1.34817 -0.0871517 0.482451 -0.181656 0.257651
1.83075 -0.41635 1.478 1.34421 -0.0635494 0.455187 -0.138754 0.250655
1.84088 -0.392584 1.48898 1.34458 -0.0551101 0.425931 -0.103007 0.250655
1.85016 -0.370583 1.49438 1.3494 -0.0430443 0.425931 -0.103007 0.251028
1.85776 -0.349554 1.5024 1.34997 -0.0174599 0.393777 -0.0725478 0.250996
1.86338 -0.330293 1.50818 1.36545 0.0121039 0.366905 -0.0539217 0.250996
1.87037 -0.308444 1.51772 1.36545 0.0121039 0.366905 -0.0539217 0.248486
1.8743 -0.289521 1.52849 1.37808 0.0396601 0.34309 -0.0383096 0.244813
1.87933 -0.27209 1.52566 1.35016 0.0548046 0.33292 -0.022009 0.244813
1.88241 -0.254657 1.54409 1.35016 0.0548046 0.33292 -0.022009 0.240471
1.88459 -0.237395 1.55895 1.3712 0.0788616 0.322258 -0.0107869 0.235028
1.88633 -0.220464 1.56757 1.36974 0.101118 0.323856 0.00499674 0.235028
1.88835 -0.204316 1.5807 1.36736 0.100596 0.323856 0.00499674 0.230192
1.88947 -0.187706 1.58742 1.36518 0.126796 0.336548 0.0176237 0.226097
1.88911 -0.17034 1.6051 1.34953 0.138791 0.355801 0.0300628 0.226097
1.88947 -0.153121 1.61232 1.37133 0.142211 0.355801 0.0300628 0.222368
1.88806 -0.134223 1.62352 1.36935 0.160099 0.397925 0.0503807 0.221624
1.88708 -0.117349 1.63424 1.35314 0.167332 0.484099 0.0937907 0.221624
1.88439 -0.0939699 1.64584 1.35314 0.167332 0.484099 0.0937907 0.220119
1.88032 -0.0696104 1.65909 1.37603 0.181623 0.597472 0.158085 0.222777
1.87507 -0.0436801 1.66909 1.37659 0.177321 0.681754 0.203662 0.227715
1.86729 -0.0137697 1.67591 1.39324 0.179757 0.681754 0.203662 0.227715
1.85687 0.0203064 1.69252 1.39437 0.170814 0.691374 0.167661 0.234961
1.84506 0.0555349 1.70407 1.39666 0.15087 0.697692 0.117859 0.249094
1.83536 0.0907093 1.71635 1.38342 0.147452 0.697692 0.117859 0.249094
1.82646 0.126639 1.72706 1.3864 0.116071 0.707225 0.0486168 0.274042
1.81803 0.162544 1.74004 1.37904 0.103927 0.643822 0.0263538 0.305819
1.81202 0.197779 1.75098 1.37921 0.10169 0.599041 0.00272097 0.305819
1.80725 0.230626 1.76263 1.35646 0.0913475 0.599041 0.00272097 0.293751
1.80259 0.261232 1.77539 1.35745 0.075132 0.556192 -0.01379 0.285546
1.79862 0.291278 1.78607 1.35745 0.075132 0.556192 -0.01379 0.285546
1.79471 0.319687 1.79671 1.35708 0.0815727 0.507568 -0.00804054 0.279669
1.79036 0.347751 1.80758 1.35688 0.0847664 0.461392 -0.0034301 0.272925
1.78593 0.373201 1.81902 1.35462 0.106306 0.420908 -0.00259801 0.272925
1.78115 0.396226 1.83888 1.35462 0.106306 0.420908 -0.00259801 0.265327
1.77717 0.417151 1.85278 1.37075 0.15508 0.375138 0.000563123 0.258173
1.77248 0.437448 1.87074 1.37273 0.136432 0.339525 -0.00417458 0.258173
1.76774 0.45643 1.89427 1.37273 0.136432 0.339525 -0.00417458 0.251455
1.76364 0.473442 1.91861 1.32651 0.112162 0.316603 -0.00982958 0.241792
1.75953 0.490219 1.94026 1.32816 0.0904894 0.299109 -0.0156043 0.241792
1.75462 0.506203 1.96405 1.35466 0.132824 0.299109 -0.0156043 0.237547
1.75043 0.521161 1.98713 1.3558 0.120684 0.31882 -0.0367881 0.230422
1.74577 0.536347 2.0143 1.31921 0.0689557 0.389678 -0.0661822 0.230422
1.74152 0.553812 2.03506 1.31921 0.0689557 0.389678 -0.0661822 0.223855
1.73604 0.5736 2.05691 1.34155 0.0734421 0.52122 -0.110998 0.219896
1.73084 0.59375 2.0763 1.30589 0.0246016 0.883997 -0.187949 0.219896
1.72234 0.626751 2.1011 1.30589 0.0246016 0.883997 -0.187949 0.219391
1.71045 0.666289 2.12311 1.34766 0.0749047 0.876389 -0.0905542 0.220542
1.69547 0.708681 2.14562 1.34724 0.082059 0.863071 -0.017908 0.232137
1.67613 0.749842 2.16643 1.32634 0.0975909 0.863071 -0.017908 0.232137
1.65415 0.788708 2.19243 1.3238 0.127465 0.827672 0.0364274 0.250253
1.63303 0.822896 2.219 1.36282 0.263348 0.815455 0.103167 0.250253
1.6054 0.860594 2.25133 1.36282 0.263348 0.815455 0.103167 0.275955
1.57807 0.892247 2.28785 1.35354 0.307485 0.816769 0.153538 0.305513
1.54834 0.922872 2.31985 1.33987 0.374419 0.786549 0.194717 0.320214
1.51653 0.950676 2.3508 1.33987 0.374419 0.786549 0.194717 0.320214
1.48401 0.975574 2.38466 1.30293 0.390152 0.772312 0.199393 0.313244
1.45042 0.999552 2.41959 1.30507 0.382936 0.759935 0.189129 0.313244
1.4161 1.02168 2.45472 1.31011 0.384199 0.759935 0.189129 0.307837
1.38227 1.04213 2.48761 1.31236 0.376473 0.797638 0.129129 0.301833
1.34751 1.06258 2.52075 1.31442 0.369197 0.820194 0.0656148 0.306661
1.31241 1.08465 2.55512 1.24961 0.279843 0.820194 0.0656148 0.306661
1.27684 1.10867 2.5885 1.24842 0.28509 0.773001 0.0663295 0.317502
1.24073 1.13133 2.62037 1.24565 0.296997 0.732201 0.0811122 0.317502
1.20615 1.15064 2.65141 1.24565 0.296997 0.732201 0.0811122 0.313585
1.17201 1.16822 2.68194 1.37995 0.334362 0.615181 0.144357 0.307152
1.13787 1.18217 2.70826 1.37651 0.34826 0.522451 0.210935 0.307152
1.10729 1.1903 2.7391 1.37651 0.34826 0.522451 0.210935 0.301235
1.07862 1.1949 2.76732 1.34148 0.331138 0.424734 0.236821 0.298273
1.05192 1.1964 2.79628 1.3262 0.387844 0.372638 0.28939 0.298273
1.02781 1.19408 2.8207 1.37257 0.38614 0.373301 0.282965 0.293253
1.00499 1.18885 2.84796 1.35296 0.450066 0.337018 0.305581 0.286289
0.983549 1.1832 2.87064 1.32641 0.485799 0.306569 0.332125 0.286289
0.963113 1.17616 2.89122 1.32641 0.485799 0.306569 0.332125 0.267383
0.943595 1.16744 2.91085 1.28067 0.517499 0.304786 0.347268 0.255241
0.924349 1.15787 2.9298 1.2861 0.505658 0.309764 0.368756 0.255241
0.905555 1.14765 2.9475 1.2861 0.505658 0.309764 0.368756 0.251159
0.886721 1.1357 2.9608 1.30882 0.461351 0.327224 0.385369 0.247772
0.867788 1.12386 2.97182 1.30621 0.468695 0.347843 0.407387 0.247772
0.848676 1.11138 2.97915 1.30621 0.468695 0.347843 0.407387 0.248558
0.828489 1.09806 2.98806 1.30715 0.466062 0.366841 0.420624 0.25084
0.808028 1.08414 2.99824 1.37376 0.399125 0.377035 0.439157 0.25084
0.786623 1.06972 3.00476 1.3541 0.378878 0.377035 0.439157 0.255952
0.764962 1.05412 3.01463 1.35665 0.369638 0.384188 0.400247 0.261054
0.743505 1.03848 3.01744 1.35282 0.310537 0.383336 0.431937 0.261054
0.721819 1.02349 3.02404 1.35282 0.310537 0.383336 0.431937 0.26636
0.700085 1.00823 3.02623 1.36993 0.255207 0.406428 0.459025 0.27272
0.677768 0.992272 3.02707 1.37278 0.239382 0.403982 0.470511 0.27272
0.654507 0.975753 3.03075 1.38612 0.198589 0.403982 0.470511 0.279038
0.630794 0.959278 3.02453 1.38774 0.186999 0.499355 0.501944 0.285862
0.606505 0.942865 3.02057 1.39129 0.158402 0.614386 0.422265 0.285862
0.582167 0.928509 3.01265 1.43341 0.109386 0.614386 0.422265 0.29094
0.548055 0.913791 3.00282 1.43548 0.0775824 0.656936 0.3178 0.296911
0.514632 0.901799 2.99715 1.44198 0.0560636 0.656936 0.3178 0.296911
0.480025 0.893273 2.99096 1.44297 0.0172239 0.693506 0.215572 0.307195
0.444637 0.886845 2.98405 1.42855 -0.0530358 0.736923 0.0953321 0.321132
0.40818 0.885193 2.98084 1.42855 -0.0530358 0.736923 0.0953321 0.321132
0.371005 0.887888 2.97011 1.42535 -0.109305 0.771027 -0.00469923 0.317501
0.333013 0.892335 2.96191 1.45685 -0.165977 0.807975 -0.109835 0.304755
0.294929 0.902052 2.95303 1.45685 -0.165977 0.807975 -0.109835 0.304755
0.256679 0.915828 2.94882 1.46847 -0.190105 0.761202 -0.222435 0.296176
0.218456 0.931867 2.93896 1.4643 -0.219917 0.648245 -0.312682 0.297293
0.182916 0.950425 2.93231 1.41645 -0.195278 0.64487 -0.282988 0.297293
0.151945 0.971371 2.9162 1.41275 -0.220467 0.526315 -0.324744 0.305182
0.124115 0.992104 2.91264 1.42199 -0.177939 0.40269 -0.284082 0.316969
0.101179 1.01158 2.90359 1.43231 -0.146253 0.399537 -0.253799 0.316969
0.0842217 1.02966 2.90146 1.43087 -0.159677 0.328423 -0.33151 0.28243
0.0687542 1.04705 2.90522 1.40464 -0.15626 0.330591 -0.452788 0.257481
0.0553255 1.06684 2.91224 1.40464 -0.15626 0.330591 -0.452788 0.257481
0.043109 1.09016 2.92223 1.40623 -0.153515 0.330899 -0.44987 0.242784
0.0309887 1.11408 2.92713 1.40283 -0.181985 0.362013 -0.419813 0.234869
0.01817 1.13783 2.93733 1.38056 -0.173294 0.362013 -0.419813 0.234869
0.00654299 1.15898 2.94332 1.42097 -0.15445 0.430268 -0.382527 0.235186
-0.00901364 1.18454 2.95592 1.42286 -0.135976 0.510372 -0.333785 0.242759
-0.0235827 1.20521 2.96984 1.42588 -0.0951792 0.510372 -0.333785 0.242759
-0.0469205 1.22809 2.97926 1.42812 -0.0514604 0.549382 -0.232251 0.25144
-0.0680949 1.24527 2.99502 1.38919 0.00701841 0.555547 -0.114896 0.259021
-0.0960924 1.26223 3.00317 1.38919 0.00701841 0.555547 -0.114896 0.259021
-0.123246 1.27301 3.02347 1.39029 0.0699802 0.550622 -0.0174912 0.27028
-0.151038 1.28154 3.03329 1.38403 0.149207 0.537218 0.0821671 0.27028
-0.178851 1.28529 3.04453 1.38403 0.149207 0.537218 0.0821671 0.279151
-0.206606 1.28553 3.05503 1.3904 0.208076 0.563697 0.150865 0.259777
-0.232216 1.2845 3.06412 1.38316 0.251768 0.665997 0.237849 0.259777
-0.265204 1.28081 3.07732 1.36767 0.250326 0.665997 0.237849 0.242478
-0.298986 1.27457 3.09021 1.36726 0.252562 1.1348 0.382936 0.23674
-0.337895 1.26784 3.08892 1.40656 0.219513 1.07996 0.160188 0.23674
-0.385808 1.26216 3.08758 1.40656 0.219513 1.07996 0.160188 0.247426
-0.438179 1.25973 3.09051 1.41157 0.184579 0.966778 0.112467 0.271832
-0.487958 1.25779 3.09657 1.34163 0.164835 0.836964 0.0672251 0.271832
-0.545743 1.25546 3.09577 1.34163 0.164835 0.836964 0.0672251 0.310975
-0.591725 1.25425 3.10893 1.37367 0.288501 0.645621 0.144045 0.362681
-0.63292 1.25294 3.13026 1.36943 0.308017 0.474854 0.125152 0.362681
-0.664874 1.24958 -3.13127 1.32342 0.397903 0.459165 0.192102 0.36413
-0.68927 1.24479 -3.11182 1.30902 0.442999 0.329073 0.196491 0.316736
-0.708935 1.23771 -3.0933 1.29748 0.475728 0.225458 0.211542 0.316736
-0.727082 1.22751 -3.06603 1.25155 0.544021 0.219859 0.234263 0.277836
-0.738631 1.21719 -3.04089 1.19469 0.659575 0.125824 0.277663 0.255414
-0.748373 1.20571 -3.01573 1.11889 0.798248 0.0650558 0.324035 0.255414
-0.754259 1.19173 -2.98419 1.11889 0.798248 0.0650558 0.324035 0.242221
-0.757601 1.17634 -2.95593 1.2232 0.592685 0.0638368 0.256165 0.232137
-0.760388 1.16133 -2.92323 1.19469 0.648232 0.0392087 0.281054 0.232137
-0.76223 1.14867 -2.90119 1.25234 0.437798 0.0655498 0.194742 0.23
-0.763573 1.13721 -2.87931 1.19854 0.568797 0.0558187 0.230689 0.226877
-0.765744 1.12727 -2.858 1.14228 0.674695 0.072959 0.210509 0.226877
-0.76702 1.11765 -2.84005 1.20279 0.474946 0.072959 0.210509 0.226319
-0.76929 1.10766 -2.82159 1.19568 0.492577 0.0706036 0.182963 0.220924
-0.770459 1.09898 -2.81129 1.22563 0.539226 0.0526039 0.196421 0.220924
-0.772033 1.08958 -2.80107 1.22563 0.539226 0.0526039 0.196421 0.216536
-0.771918 1.08243 -2.80197 1.23821 0.441804 0.0683412 0.170126 0.219817
-0.773269 1.07402 -2.78864 1.2416 0.432192 0.0615952 0.169891 0.219817
-0.774963 1.06555 -2.78128 1.2416 0.432192 0.0615952 0.169891 0.216599
-0.776124 1.057 -2.77292 1.24292 0.37284 0.050251 0.167016 0.210746
-0.777187 1.04869 -2.76411 1.23229 0.406605 0.0409465 0.243759 0.210746
-0.777117 1.03892 -2.76106 1.23203 0.364149 0.0466387 0.202116 0.212082
-0.776538 1.02789 -2.75525 1.22529 0.386233 0.0630936 0.349006 0.211639
-0.774971 1.01543 -2.7473 1.2223 0.356771 0.0645346 0.318335 0.211639
-0.773056 1.00025 -2.74558 1.2223 0.356771 0.0645346 0.318335 0.209024
-0.771203 0.984047 -2.74653 1.22021 0.36386 0.0479558 0.320053 0.206174
-0.769277 0.968239 -2.74507 1.2198 0.313758 0.0523545 0.326119 0.206174
-0.767235 0.952391 -2.74468 1.2198 0.313758 0.0523545 0.326119 0.20973
-0.764479 0.936448 -2.74656 1.22192 0.261139 0.0740483 0.338798 0.210771
-0.762171 0.919848 -2.75084 1.22202 0.260701 0.124481 0.447046 0.210771
-0.76038 0.901408 -2.75423 1.22365 0.213329 0.116709 0.401272 0.211805
-0.759388 0.880555 -2.75938 1.22551 0.202377 0.155451 0.383867 0.221708
-0.758596 0.86155 -2.76594 1.18857 0.101939 0.181013 0.292174 0.221708
-0.760455 0.839638 -2.77285 1.18655 0.0299735 0.181013 0.292174 0.228213
-0.764788 0.821899 -2.78468 1.18675 -0.0207667 0.187357 0.204904 0.230566
-0.770451 0.806049 -2.79717 1.15928 -0.205797 0.186141 0.119747 0.230566
-0.776725 0.793614 -2.8109 1.15928 -0.205797 0.186141 0.119747 0.243613
-0.783517 0.785122 -2.82457 1.1745 -0.252032 0.177526 0.0371393 0.250591
-0.789653 0.778678 -2.8394 1.15113 -0.3433 0.160734 -0.0192049 0.250591
-0.798473 0.77391 -2.85166 1.15113 -0.3433 0.160734 -0.0192049 0.234497
-0.805586 0.772631 -2.86322 1.1184 -0.406649 0.142401 -0.0495497 0.222396
-0.812081 0.770893 -2.87377 1.1015 -0.450405 0.127316 -0.0674557 0.212355
-0.819408 0.770702 -2.89034 1.06791 -0.420122 0.127316 -0.0674557 0.212355
-0.825481 0.771626 -2.90319 1.05824 -0.443929 0.113541 -0.0735028 0.205066
-0.830985 0.772928 -2.91187 1.12199 -0.291345 0.0951313 -0.0660616 0.205066
-0.836201 0.774 -2.91849 1.12199 -0.291345 0.0951313 -0.0660616 0.198933
-0.840624 0.775422 -2.92897 1.12089 -0.224687 0.0767448 -0.0551476 0.195648
-0.844272 0.776524 -2.93511 1.12545 -0.200583 0.0629835 -0.0452211 0.195648
-0.848186 0.776957 -2.94078 1.12545 -0.200583 0.0629835 -0.0452211 0.192526
-0.850903 0.777699 -2.94915 1.11904 -0.110784 0.0408073 -0.0299531 0.190371
-0.853132 0.778115 -2.95442 1.12231 -0.0703063 0.0247208 -0.0200763 0.18828
-0.854977 0.778593 -2.95507 1.11347 -0.0734379 0.0247208 -0.0200763 0.18828
-0.855725 0.779063 -2.95909 1.11589 -0.00204051 0.00416142 -0.00795686 0.18685
-0.856141 0.77888 -2.95976 1.15303 0.0157658 -0.0099167 0.000307189 0.181089
-0.856311 0.778899 -2.96212 1.15303 0.0157658 -0.0099167 0.000307189 0.181089
-0.856076 0.77896 -2.96242 1.15177 0.0563374 -0.0215917 0.00604713 0.176165
-0.856115 0.778927 -2.96188 1.14781 0.0790319 -0.0305026 0.0121943 0.173131
-0.855958 0.778929 -2.96202 1.14565 0.105799 -0.0353926 0.0158488 0.173131
-0.855336 0.778357 -2.96 1.14571 0.106082 -0.0353926 0.0158488 0.170951
-0.854299 0.777781 -2.95891 1.1432 0.13037 -0.039364 0.0184245 0.169895
-0.853379 0.77757 -2.96112 1.14301 0.137802 -0.039313 0.0214048 0.169895
-0.852355 0.776534 -2.95972 1.14301 0.137802 -0.039313 0.0214048 0.164253
-0.851303 0.77601 -2.9598 1.14042 0.157817 -0.0484238 0.0283696 0.165652
-0.850053 0.775032 -2.95991 1.14493 0.149865 -0.0470969 0.025854 0.161521
-0.848308 0.773639 -2.95974 1.14493 0.149865 -0.0470969 0.025854 0.161521
-0.846717 0.77231 -2.95867 1.09258 0.21663 -0.0517013 0.0323157 0.162324
-0.844991 0.771255 -2.95919 1.09445 0.206952 -0.0510602 0.0305738 0.161726
-0.843249 0.769809 -2.95921 1.09956 0.201856 -0.0510602 0.0305738 0.161726
-0.841442 0.767879 -2.95763 1.10049 0.196753 -0.0513253 0.0316243 0.165587
-0.83934 0.766628 -2.95891 1.10967 0.163846 -0.0445679 0.0270695 0.166219
-0.837594 0.765257 -2.95947 1.10967 0.163846 -0.0445679 0.0270695 0.166219
-0.835569 0.764284 -2.96251 1.11193 0.14771 -0.0441083 0.0253368 0.165738
-0.8337 0.763243 -2.96274 1.11988 0.138209 -0.0427832 0.0281215 0.167091
-0.832044 0.762623 -2.96586 1.12215 0.118374 -0.0402251 0.026641 0.167091
-0.830226 0.761646 -2.96899 1.12714 0.114804 -0.0402251 0.026641 0.167251
-0.828667 0.760376 -2.96955 1.12635 0.122341 -0.0386346 0.0281016 0.171282
-0.827051 0.759273 -2.96986 1.13508 0.0778768 -0.0309867 0.0243193 0.171282
-0.825281 0.757682 -2.96883 1.13508 0.0778768 -0.0309867 0.0243193 0.170396
-0.823846 0.75692 -2.97187 1.13462 0.0843559 -0.03216 0.026003 0.172696
-0.822666 0.756375 -2.97269 1.14295 0.0411745 -0.0271438 0.0252493 0.173057
-0.821668 0.755086 -2.97124 1.14295 0.0411745 -0.0271438 0.0252493 0.173057
-0.820305 0.754409 -2.97173 1.14679 0.0272863 -0.0276452 0.0231616 0.17482
-0.819359 0.753627 -2.97353 1.1469 0.02216 -0.0236784 0.0225214 0.175214
-0.818156 0.752873 -2.97369 1.14993 -0.000491278 -0.0220578 0.0242314 0.175214
-0.817199 0.752137 -2.97354 1.14993 -0.000491278 -0.0220578 0.0242314 0.173994
-0.81627 0.751192 -2.97297 1.14993 0.00279125 -0.0249216 0.0247692 0.177362
-0.815311 0.750465 -2.97245 1.15352 -0.0324642 -0.0189084 0.0214549 0.187417
-0.814387 0.749774 -2.97464 1.15352 -0.0324642 -0.0189084 0.0214549 0.187417
-0.813316 0.74886 -2.97373 1.15302 -0.0867761 -0.00383651 0.00429214 0.172326
-0.812887 0.748533 -2.97482 1.15516 -0.0510116 -0.0265574 0.0343098 0.189464
-0.812248 0.747774 -2.97406 1.15743 -0.0489191 -0.0265574 0.0343098 0.189464
-0.810838 0.746862 -2.97432 1.15534 -0.0850613 0.000272599 0.00273623 0.181324
-0.809593 0.746197 -2.97444 1.15782 -0.0629701 -0.011568 0.0170184 0.190985
-0.809262 0.745775 -2.97579 1.14878 -0.1698 0.0171482 -0.0182661 0.190985
-0.809185 0.745641 -2.97639 1.14878 -0.1698 0.0171482 -0.0182661 0.190957
-0.809129 0.745623 -2.97599 1.15489 -0.145675 0.0173915 -0.0188165 0.190928
-0.809298 0.745789 -2.97842 1.15978 -0.0994434 0.00321128 -0.000947425 0.190928
-0.80935 0.746071 -2.98202 1.16018 -0.0972849 0.00321128 -0.000947425 0.191002
-0.809348 0.745844 -2.97973 1.14806 -0.193535 0.0298496 -0.0345435 0.190996
-0.809334 0.745957 -2.98021 1.14914 -0.186966 0.0338478 -0.0396728 0.191017
-0.809868 0.746731 -2.98652 1.15016 -0.180335 0.0338478 -0.0396728 0.191017
-0.810891 0.747397 -2.98591 1.15928 -0.106995 0.0152693 -0.0158073 0.191985
-0.811911 0.747794 -2.98576 1.15203 -0.16436 0.0284197 -0.0288388 0.190986
-0.812092 0.748033 -2.98778 1.15203 -0.16436 0.0284197 -0.0288388 0.190986
-0.812512 0.748616 -2.99068 1.14576 -0.190557 0.0391535 -0.04435 0.191054
-0.813261 0.749227 -2.9916 1.15377 -0.133803 0.0226156 -0.0240564 0.191007
-0.814688 0.7497 -2.98876 1.14835 -0.168877 0.0328935 -0.0363712 0.191007
-0.815717 0.750726 -2.99288 1.14755 -0.168011 0.0328935 -0.0363712 0.190022
-0.816616 0.751569 -2.99126 1.1477 -0.167048 0.0357929 -0.0416171 0.190063
-0.817883 0.752445 -2.99481 1.1465 -0.15442 0.0285543 -0.0328061 0.189048
-0.819406 0.753307 -2.99535 1.1465 -0.15442 0.0285543 -0.0328061 0.189048
-0.820513 0.75416 -2.99576 1.1424 -0.166012 0.0336124 -0.040497 0.189036
-0.821575 0.755227 -2.99691 1.14442 -0.151466 0.0321211 -0.0382439 0.189047
-0.823007 0.755932 -2.99645 1.14283 -0.150636 0.0321211 -0.0382439 0.189047
-0.824451 0.75682 -2.99787 1.14317 -0.147986 0.0291661 -0.0340904 0.188034
-0.825854 0.757799 -2.99548 1.14301 -0.149218 0.0318014 -0.0390654 0.188045
-0.827186 0.758923 -2.99856 1.13569 -0.155496 0.0335611 -0.0402095 0.188045
-0.828576 0.760253 -2.99842 1.13569 -0.155496 0.0335611 -0.0402095 0.188068
-0.830252 0.761112 -3.00035 1.13857 -0.132752 0.028692 -0.0343397 0.187057
-0.831561 0.761811 -2.99943 1.1389 -0.129899 0.0306989 -0.0378842 0.186983
-0.832821 0.763189 -3.00218 1.13205 -0.130912 0.0306989 -0.0378842 0.186983
-0.8343 0.763905 -3.00129 1.13307 -0.121754 0.0280579 -0.0350119 0.187069
-0.83553 0.765076 -3.00373 1.13155 -0.135164 0.0329833 -0.0384783 0.187013
-0.836615 0.765912 -3.00481 1.12622 -0.137594 0.0329833 -0.0384783 0.187013
-0.838453 0.76702 -3.0047 1.12526 -0.145233 0.0367076 -0.04077 0.187044
-0.840204 0.768191 -3.00661 1.12674 -0.133269 0.0320961 -0.0358012 0.186996
-0.84189 0.769305 -3.0071 1.12674 -0.133269 0.0320961 -0.0358012 0.186996
-0.843429 0.770447 -3.00864 1.11891 -0.139393 0.0323523 -0.0355459 0.186042
-0.844794 0.771629 -3.00826 1.11738 -0.151199 0.03911 -0.0420153 0.18602
-0.846468 0.7726 -3.00879 1.115 -0.137261 0.0351488 -0.0377509 0.18602
-0.848373 0.774362 -3.01063 1.11293 -0.140564 0.0351488 -0.0377509 0.18702
-0.850254 0.775807 -3.01127 1.11706 -0.102744 0.0294231 -0.0301901 0.186967
-0.851865 0.77688 -3.0115 1.1102 -0.131183 0.0411504 -0.0380424 0.186979
-0.853549 0.778141 -3.0131 1.1102 -0.131183 0.0411504 -0.0380424 0.186979
-0.855693 0.779159 -3.01178 1.14988 -0.123773 0.0376496 -0.0341084 0.187982
-0.85744 0.780494 -3.01459 1.1528 -0.0926838 0.029754 -0.0257786 0.187976
-0.859078 0.781214 -3.00983 1.14856 -0.0964927 0.029754 -0.0257786 0.187976
-0.860326 0.782325 -3.01242 1.14312 -0.12896 0.0469772 -0.0364621 0.188033
-0.861696 0.783678 -3.01366 1.14155 -0.142203 0.0470791 -0.0352136 0.187973
-0.863964 0.784809 -3.01162 1.14114 -0.113671 0.031225 -0.0245282 0.187973
-0.865505 0.786373 -3.01201 1.14114 -0.113671 0.031225 -0.0245282 0.18797
-0.866614 0.787215 -3.01199 1.13649 -0.123791 0.0474817 -0.0331701 0.188943
-0.868319 0.788254 -3.01183 1.1338 -0.14637 0.058464 -0.0359933 0.189903
-0.870377 0.78987 -3.01085 1.13125 -0.148508 0.058464 -0.0359933 0.189903
-0.873079 0.791149 -3.00905 1.13492 -0.117222 0.0420746 -0.0240284 0.189931
-0.875761 0.792277 -3.00485 1.13509 -0.115533 0.0506226 -0.0271022 0.189887
-0.878152 0.79332 -3.00007 1.12649 -0.125058 0.0506226 -0.0271022 0.189887
-0.880411 0.794712 -2.99812 1.12413 -0.144695 0.0653385 -0.0339721 0.190032
-0.883143 0.796278 -2.995 1.11757 -0.146601 0.0582516 -0.0291255 0.190011
-0.886283 0.797706 -2.99042 1.11925 -0.133184 0.045926 -0.0220358 0.190011
-0.889193 0.7986 -2.98651 1.11307 -0.137562 0.045926 -0.0220358 0.190968
-0.891271 0.799787 -2.98293 1.10874 -0.168977 0.0736522 -0.0323062 0.19092
-0.89374 0.800821 -2.97743 1.10762 -0.176164 0.0744859 -0.0326799 0.19092
-0.897419 0.80235 -2.97332 1.09614 -0.184987 0.0744859 -0.0326799 0.191061
-0.901666 0.80322 -2.97264 1.0993 -0.16522 0.0574017 -0.0222 0.191942
-0.905834 0.803523 -2.96805 1.12191 -0.175003 0.0744214 -0.0282979 0.19098
-0.909461 0.804495 -2.96535 1.12191 -0.175003 0.0744214 -0.0282979 0.19098
-0.913308 0.805071 -2.96218 1.10605 -0.20998 0.0893658 -0.0372282 0.190153
-0.917539 0.806449 -2.95557 1.10667 -0.206695 0.0664639 -0.0277243 0.190159
-0.921768 0.807692 -2.9486 1.10667 -0.206695 0.0664639 -0.0277243 0.190159
-0.92525 0.808923 -2.94186 1.08949 -0.222406 0.0706452 -0.0301403 0.190201
-0.928878 0.810121 -2.93651 1.08611 -0.238354 0.0961354 -0.040313 0.190974
-0.933365 0.81129 -2.93067 1.07239 -0.256106 0.0947011 -0.0364106 0.190974
-0.938778 0.811999 -2.92409 1.07239 -0.256106 0.0947011 -0.0364106 0.19099
-0.944052 0.812872 -2.91722 1.06229 -0.261962 0.0801717 -0.0290012 0.191031
-0.94945 0.813062 -2.90967 1.06065 -0.26855 0.111103 -0.038583 0.190125
-0.954491 0.814371 -2.90615 1.07845 -0.243912 0.111103 -0.038583 0.190125
-0.960394 0.815367 -2.89669 1.07638 -0.252853 0.131335 -0.0441794 0.190307
-0.967017 0.816001 -2.88736 1.07649 -0.252395 0.117676 -0.0357831 0.191063
-0.974147 0.816079 -2.878 1.05292 -0.269386 0.117676 -0.0357831 0.191063
-0.980675 0.816727 -2.86982 1.05271 -0.27021 0.149056 -0.0399168 0.190095
-0.987669 0.817606 -2.86036 1.03157 -0.289165 0.213317 -0.0511007 0.191176
-0.99585 0.818047 -2.85713 1.0313 -0.290143 0.274902 -0.0604666 0.191176
-1.00665 0.817956 -2.84969 1.03274 -0.277259 0.274902 -0.0604666 0.192179
-1.02483 0.816759 -2.83763 1.02402 -0.274737 0.333039 -0.0576058 0.194
-1.03915 0.815301 -2.8321 1.02507 -0.27078 0.723941 -0.103548 0.194
-1.06305 0.812311 -2.82306 0.993175 -0.278212 0.723941 -0.103548 0.1959
-1.09572 0.806508 -2.81169 0.994301 -0.274163 0.99798 -0.251075 0.200814
-1.1358 0.800695 -2.79924 1.00077 -0.204578 1.00077 -0.204578 0.212541
-1.18387 0.793992 -2.78435 1.00077 -0.204578 1.00077 -0.204578 0.212541
-1.23481 0.786201 -2.7697 1.2749 0.234965 1.2749 0.234965 0.24046
-1.28705 0.77488 -2.75838 1.26267 0.293686 1.26267 0.293686 0.281692
-1.34036 0.754725 -2.72659 1.26267 0.293686 1.26267 0.293686 0.281692
-1.39316 0.727852 -2.68958 1.17371 0.516859 1.17371 0.516859 0.328447
-1.44387 0.694154 -2.6463 1.14991 0.567847 1.14991 0.567847 0.384801
-1.48909 0.653867 -2.60168 1.07384 0.676861 1.07384 0.676861 0.384801
-1.53073 0.607506 -2.55181 1.07384 0.676861 1.07384 0.676861 0.446181
-1.56794 0.557513 -2.50449 1.02751 0.752824 1.02751 0.752824 0.504395
-1.59977 0.503155 -2.45287 0.998997 0.790267 0.998997 0.790267 0.504395
-1.6254 0.445443 -2.40078 0.995821 0.791079 0.995821 0.791079 0.562972
-1.64305 0.389154 -2.35955 1.07816 0.831603 1.07816 0.831603 0.622728
-1.65079 0.341961 -2.31927 1.07816 0.831603 1.07816 0.831603 0.622728
-1.65268 0.298555 -2.28786 1.08652 0.781576 1.08652 0.781576 0.673629
-1.65909 0.250356 -2.26443 1.07502 0.797321 1.0188 0.77464 0.699636
-1.66847 0.197472 -2.23299 1.14012 0.71841 1.04896 0.688362 0.699636
-1.67613 0.14645 -2.1944 1.13663 0.723912 0.944518 0.66306 0.630215
-1.68557 0.0797935 -2.15124 1.17132 0.682285 0.824578 0.580087 0.554339
-1.69197 0.020922 -2.11203 1.19814 0.621971 0.836005 0.534568 0.554339
-1.69492 -0.0328168 -2.07098 1.20925 0.600083 0.703484 0.472015 0.481317
-1.69559 -0.0783087 -2.03848 1.25778 0.518869 0.562998 0.398007 0.481317
-1.69491 -0.127142 -2.00376 1.25778 0.518869 0.562998 0.398007 0.437389
-1.69268 -0.165341 -1.97246 1.27089 0.469617 0.48186 0.343221 0.39561
-1.68827 -0.199695 -1.94045 1.27761 0.451012 0.4438 0.309318 0.39561
-1.68368 -0.230273 -1.9038 1.2795 0.45422 0.4438 0.309318 0.339343
-1.6783 -0.258215 -1.8705 1.28837 0.428407 0.334861 0.254691 0.300393
-1.67211 -0.283953 -1.83968 1.30031 0.390674 0.269894 0.185199 0.300393
-1.66683 -0.304812 -1.80687 1.30529 0.341207 0.269894 0.185199 0.266739
-1.66216 -0.32081 -1.77726 1.31466 0.303092 0.216098 0.128484 0.248821
-1.65812 -0.335135 -1.74878 1.32961 0.233443 0.188311 0.0710605 0.248821
-1.65493 -0.347329 -1.72252 1.32961 0.233443 0.188311 0.0710605 0.233856
-1.65403 -0.357898 -1.69139 1.32291 0.154985 0.145569 0.0407691 0.217684
-1.65342 -0.367286 -1.6666 1.32291 0.154985 0.145569 0.0407691 0.217684
-1.65264 -0.375508 -1.64648 1.32931 0.0840388 0.142205 0.00322465 0.207755
-1.65228 -0.382922 -1.62736 1.35592 0.0449175 0.134704 -0.0159264 0.200803
-1.65281 -0.39051 -1.60585 1.35592 0.0449175 0.134704 -0.0159264 0.200803
-1.65397 -0.397882 -1.59116 1.3345 -0.00077842 0.128325 -0.027404 0.193973
-1.65505 -0.404922 -1.5762 1.33405 -0.034563 0.121222 -0.0397302 0.189016
-1.65627 -0.411231 -1.56124 1.34277 -0.027829 0.121222 -0.0397302 0.189016
-1.65782 -0.417208 -1.54873 1.34205 -0.0519435 0.1154 -0.0426368 0.186026
-1.65965 -0.424082 -1.53379 1.3328 -0.0672225 0.104233 -0.0442792 0.185168
-1.66189 -0.430224 -1.51711 1.33255 -0.0720143 0.0986416 -0.0404064 0.185168
-1.66369 -0.435812 -1.50104 1.33255 -0.0720143 0.0986416 -0.0404064 0.186037
-1.6649 -0.440695 -1.48804 1.32871 -0.0726738 0.102426 -0.0368436 0.184769
-1.66629 -0.445969 -1.47636 1.32818 -0.0817424 0.0970803 -0.0372265 0.184769
-1.66795 -0.451948 -1.46385 1.35942 -0.0687829 0.0970803 -0.0372265 0.18571
-1.66921 -0.456848 -1.45668 1.35984 -0.060049 0.112093 -0.0340431 0.185862
-1.67052 -0.462315 -1.4472 1.34674 -0.0690153 0.108658 -0.0323389 0.185862
-1.67111 -0.468261 -1.43812 1.34674 -0.0690153 0.108658 -0.0323389 0.185757
-1.67214 -0.474499 -1.42959 1.34603 -0.0817528 0.134207 -0.0331731 0.185528
-1.67277 -0.480246 -1.42193 1.3556 -0.0762763 0.181827 -0.0361731 0.187003
-1.67336 -0.48812 -1.41444 1.3556 -0.0762763 0.181827 -0.0361731 0.187003
-1.67384 -0.498574 -1.40481 1.3408 -0.0684286 0.267092 -0.0373547 0.188036
-1.67445 -0.510064 -1.39695 1.34197 -0.0392823 0.310437 -0.0253178 0.189588
-1.67409 -0.524827 -1.38985 1.36285 -0.0353359 0.310437 -0.0253178 0.189588
-1.67325 -0.541337 -1.38337 1.33604 -0.0917638 1.15523 -0.0487142 0.192594
-1.67235 -0.564222 -1.37641 1.33473 -0.109237 1.33473 -0.109237 0.199742
-1.66932 -0.601557 -1.37355 1.34726 -0.103909 1.34726 -0.103909 0.199742
-1.66523 -0.652688 -1.37807 1.34726 -0.103909 1.34726 -0.103909 0.213634
-1.66019 -0.705163 -1.38969 1.32504 -0.088593 1.32504 -0.088593 0.247136
-1.6563 -0.742953 -1.40142 1.32729 -0.0435943 1.32729 -0.0435943 0.247136
-1.65332 -0.767798 -1.4157 1.33319 -0.022289 1.33319 -0.022289 0.293883
-1.65046 -0.804437 -1.43008 1.33294 0.0340362 1.33294 0.0340362 0.335952
-1.64727 -0.854374 -1.44183 1.33177 0.065349 1.33177 0.065349 0.335952
-1.64423 -0.907478 -1.45029 1.28561 0.246946 1.28561 0.246946 0.377705
-1.64018 -0.943774 -1.47174 1.27838 0.281988 1.27838 0.281988 0.45178
-1.63544 -0.963667 -1.49785 1.20824 0.493464 1.20824 0.493464 0.45178
-1.63212 -0.977999 -1.49846 1.18923 0.537661 1.18923 0.537661 0.500009
-1.62958 -1.00567 -1.48909 1.08839 0.731636 1.08839 0.731636 0.513188
-1.62387 -1.04399 -1.4701 1.08513 0.736454 1.08513 0.736454 0.513188
-1.61211 -1.0866 -1.43076 1.08513 0.736454 1.08513 0.736454 0.547798
-1.59088 -1.1293 -1.383 1.01582 0.86602 1.01582 0.86602 0.606379
-1.56277 -1.17053 -1.32958 1.01582 0.86602 1.01582 0.86602 0.606379
-1.52681 -1.20946 -1.28039 0.983836 0.915481 0.983836 0.915481 0.66091
-1.48986 -1.24349 -1.24376 0.973283 0.926693 0.973283 0.926693 0.705938
-1.4394 -1.28305 -1.19857 0.971035 0.921605 0.971035 0.921605 0.705938
-1.38908 -1.31731 -1.15303 0.963481 0.929498 0.963481 0.929498 0.736591
-1.33582 -1.34991 -1.10322 0.958748 0.93438 0.958748 0.93438 0.736591
-1.27919 -1.37947 -1.05186 0.969056 0.908099 0.969056 0.908099 0.763301
-1.22048 -1.40734 -0.994019 0.96515 0.91225 0.96515 0.91225 0.778245
-1.16014 -1.43185 -0.944108 0.958741 0.883708 0.958741 0.883708 0.778245
-1.0983 -1.45475 -0.896649 0.958741 0.883708 0.958741 0.883708 0.790929
-1.03543 -1.47369 -0.851957 1.1174 0.924848 1.1174 0.924848 0.800497
-0.971573 -1.49028 -0.805635 1.1174 0.924848 1.1174 0.924848 0.800497
-0.905516 -1.50585 -0.762071 1.11999 0.826716 1.11999 0.826716 0.808054
-0.837519 -1.52011 -0.712604 1.11917 0.827832 1.11917 0.827832 0.832136
-0.769611 -1.5334 -0.675249 1.11917 0.827832 1.11917 0.827832 0.832136
-0.701129 -1.54427 -0.631557 1.20295 0.7416 1.20295 0.7416 0.866628
-0.632348 -1.55329 -0.586128 1.19985 0.746598 1.19985 0.746598 0.904369
-0.562945 -1.56225 -0.547138 1.23173 0.670831 1.23173 0.670831 0.904369
-0.493414 -1.57031 -0.508817 1.22874 0.676304 1.22874 0.676304 0.945993
-0.431127 -1.57704 -0.47429 1.25551 0.59792 1.25551 0.59792 0.945993
-0.35477 -1.58356 -0.437242 1.25551 0.59792 1.25551 0.59792 1.00971
-0.290398 -1.58689 -0.415336 1.25182 0.605609 1.25182 0.605609 1.07205
-0.238286 -1.585 -0.405092 1.30426 0.511125 1.30426 0.511125 1.07205
-0.199302 -1.5784 -0.412359 1.30426 0.511125 1.30426 0.511125 1.13129
-0.173799 -1.57179 -0.423275 1.32349 0.469668 1.32349 0.469668 1.09404
-0.160208 -1.56789 -0.426853 1.32349 0.469668 1.32349 0.469668 1.09404
-0.157438 -1.56725 -0.428594 1.33637 0.470006 1.33637 0.470006 1.06538
-0.158864 -1.56713 -0.426238 1.33741 0.467039 1.33741 0.467039 1.06662
-0.159053 -1.56706 -0.425106 1.33741 0.467039 1.33741 0.467039 1.06662
-0.158953 -1.56707 -0.424995 1.3042 0.454443 1.3042 0.454443 1.06941
-0.159057 -1.5671 -0.425252 1.30414 0.454621 1.30414 0.454621 1.07008
-0.158968 -1.5671 -0.424964 1.30618 0.451734 1.30618 0.451734 1.07008
-0.159049 -1.56709 -0.425172 1.3061 0.451964 1.3061 0.451964 1.06999
-0.159019 -1.56709 -0.4251 1.30613 0.45232 1.30613 0.45232 1.06999
-0.159006 -1.56709 -0.425138 1.30613 0.45232 1.30613 0.45232 1.07
-0.159046 -1.56708 -0.425183 1.30612 0.45232 1.30612 0.45232 1.072
-0.159039 -1.56709 -0.425027 1.30614 0.452337 1.30614 0.452337 1.068
-0.15901 -1.56709 -0.42509 1.30614 0.452337 1.30614 0.452337 1.068
-0.159039 -1.56709 -0.425164 1.30623 0.452104 1.30623 0.452104 1.07
-0.159019 -1.5671 -0.425106 1.3062 0.452186 1.3062 0.452186 1.068
-0.159026 -1.56711 -0.425094 1.30618 0.452154 1.30618 0.452154 1.068
-0.159048 -1.56708 -0.425166 1.30627 0.451892 1.30627 0.451892 1.068
-0.159018 -1.5671 -0.425054 1.30615 0.452229 1.30615 0.452229 1.07
-0.159019 -1.5671 -0.42512 1.30617 0.452244 1.30617 0.452244 1.07
-0.159047 -1.56709 -0.425161 1.30617 0.452248 1.30617 0.452248 1.07
-0.159045 -1.56709 -0.425083 1.30614 0.452342 1.30614 0.452342 1.07
-0.159027 -1.5671 -0.425086 1.30614 0.452342 1.30614 0.452342 1.07
-0.159048 -1.56709 -0.425195 1.3061 0.452398 1.3061 0.452398 1.068
-0.159042 -1.56708 -0.425138 1.30614 0.452283 1.30614 0.452283 1.068
-0.159013 -1.5671 -0.425072 1.30618 0.452365 1.30618 0.452365 1.068
-0.159049 -1.56709 -0.425118 1.30625 0.452188 1.30625 0.452188 1.07
-0.159046 -1.56708 -0.425149 1.30607 0.4527 1.30607 0.4527 1.07
-0.159023 -1.56711 -0.425049 1.30608 0.452591 1.30608 0.452591 1.07
-0.159013 -1.5671 -0.42508 1.30608 0.452591 1.30608 0.452591 1.07
-0.159013 -1.5671 -0.42508 1.30608 0.452591 1.30608 0.452591 1.07
-0.159013 -1.5671 -0.42508 1.30608 0.452591 1.30608 0.452591 1.07
-0.159013 -1.5671 -0.42508 1.30608 0.452591 1.30608 0.452591 1.07
-0.159013 -1.5671 -0.42508 1.30608 0.452591 1.30608 0.452591 1.07
-0.159013 -1.5671 -0.42508 1.30608 0.452591 1.30608 0.452591 1.07
-0.159013 -1.5671 -0.42508 1.30608 0.452591 1.30608 0.452591 1.07
-0.159013 -1.5671 -0.42508 1.30608 0.452591 1.30608 0.452591 1.07
-0.159013 -1.5671 -0.42508 1.30608 0.452591 1.30608 0.452591 1.07
-0.159013 -1.5671 -0.42508 1.30608 0.452591 1.30608 0.452591 1.07
-0.159013 -1.5671 -0.42508 1.30608 0.452591 1.30608 0.452591 1.07
