px py yaw vaim_x vaim_y vset_x vset_y min_dist
-0.943046 -1.54244 0.0025717 0 0 0 -0 0.818003
-0.943044 -1.54246 0.00255877 0 0 0 -0 0.818003
-0.943069 -1.54245 0.0025748 0 0 0 -0 0.815999
-0.943047 -1.54246 0.00254921 0 0 0 -0 0.817999
-0.943056 -1.54245 0.00265715 0 0 0 -0 0.817999
-0.943044 -1.54245 0.00254156 0 0 0 -0 0.816002
-0.943045 -1.54257 0.00253968 0 0 0 -0 0.816002
-0.94306 -1.54245 0.00254713 0 0 0 -0 0.817999
-0.943045 -1.54246 0.00250804 0 0 0 -0 0.818001
-0.943049 -1.54245 0.00264471 0 0 0 -0 0.818001
-0.943041 -1.54245 0.00256936 0 0 0 -0 0.817999
-0.943052 -1.54246 0.00258034 0 0 0 -0 0.817999
-0.943054 -1.54245 0.00258516 0 0 0 -0 0.818001
-0.943037 -1.54246 0.00249865 0 0 0 -0 0.816
-0.943062 -1.54257 0.00255627 0 0 0 -0 0.816
-0.943058 -1.54256 0.00250434 0 0 0 -0 0.817998
-0.94305 -1.54257 0.00249021 0 0 0 -0 0.817998
-0.943065 -1.54256 0.00253267 0 0 0 -0 0.818001
-0.943053 -1.54256 0.00244541 0 0 0 -0 0.816027
-0.943058 -1.54246 0.00260554 0 0 0 -0 0.816027
-0.943065 -1.54243 0.00256789 0 0 0 -0 0.818001
-0.943039 -1.54244 0.00251294 0 0 0 -0 0.817999
-0.943051 -1.54255 0.00256268 0 0 0 -0 0.817999
-0.943046 -1.54255 0.00247529 0 0 0 -0 0.815972
-0.94304 -1.54245 0.00250735 0 0 0 -0 0.818029
-0.943056 -1.54246 0.00259374 0 0 0 -0 0.818029
-0.943053 -1.54245 0.00256864 0 0 0 -0 0.815976
-0.943043 -1.54256 0.00247477 0 0 0 -0 0.815976
-0.94306 -1.54245 0.0025977 0 0 0 -0 0.818002
-0.94306 -1.54256 0.00246257 0 0 0 -0 0.816
-0.94305 -1.54257 0.0024391 0 0 0 -0 0.815999
-0.943073 -1.54257 0.00253126 0 0 0 -0 0.815999
-0.943069 -1.54256 0.00249468 0 0 0 -0 0.818029
-0.943049 -1.54256 0.00244135 0 0 0 -0 0.818
-0.943069 -1.54256 0.00249719 0 0 0 -0 0.818
-0.943066 -1.54255 0.00251629 0 0 0 -0 0.817996
-0.943056 -1.54256 0.00243746 0 0 0 -0 0.817974
-0.943066 -1.54256 0.00253351 0 0 0 -0 0.817974
-0.94307 -1.54255 0.00247881 0 0 0 -0 0.816027
-0.943056 -1.54256 0.00241173 0 0 0 -0 0.817999
-0.943067 -1.54256 0.00251642 0 0 0 -0 0.817999
-0.943055 -1.54255 0.00245831 0 0 0 -0 0.817974
-0.943045 -1.54246 0.0024525 0 0 0 -0 0.818028
-0.943037 -1.54245 0.00256387 0 0 0 -0 0.818028
-0.943048 -1.54245 0.00258289 0 0 0 -0 0.817974
-0.943023 -1.54245 0.00243389 0 0 0 -0 0.817998
-0.94304 -1.54246 0.00258225 0 0 0 -0 0.817998
-0.943059 -1.54245 0.00255915 0 0 0 -0 0.816
-0.943048 -1.54246 0.00250771 0 0 0 -0 0.818002
-0.943047 -1.54246 0.00249251 0 0 0 -0 0.818002
-0.943055 -1.54256 0.00251417 0 0 0 -0 0.818001
-0.943043 -1.54245 0.00252887 0 0 0 -0 0.818
-0.943036 -1.54245 0.002527 0 0 0 -0 0.818
-0.943053 -1.54244 0.00259459 0 0 0 -0 0.818028
-0.943051 -1.54255 0.00252616 0 0 0 -0 0.815971
-0.94304 -1.54256 0.0024481 0 0 0 -0 0.817999
-0.943053 -1.54245 0.00259754 0 0 0 -0 0.817999
-0.943059 -1.54256 0.00247059 0 0 0 -0 0.81603
-0.943032 -1.54256 0.00246399 0 0 0 -0 0.818002
-0.94305 -1.54256 0.00258147 0 0 0 -0 0.818002
-0.94305 -1.54245 0.00256497 0 0 0 -0 0.818
-0.943039 -1.54246 0.00253196 0 0 0 -0 0.817996
-0.943046 -1.54247 0.00256427 0 0 0 -0 0.817996
-0.943049 -1.54246 0.00259973 0 0 0 -0 0.817978
-0.943048 -1.54246 0.00255045 0 0 0 -0 0.818002
-0.943047 -1.54246 0.00254581 0 0 0 -0 0.818002
-0.943056 -1.54245 0.00263738 0 0 0 -0 0.816
-0.943048 -1.54256 0.0024664 0 0 0 -0 0.817996
-0.943044 -1.54256 0.00251686 0 0 0 -0 0.817996
-0.943068 -1.54246 0.00267046 0 0 0 -0 0.816
-0.943058 -1.54245 0.0026087 0 0 0 -0 0.817998
-0.943044 -1.54246 0.00253275 0 0 0 -0 0.817998
-0.943048 -1.54247 0.00262341 0 0 0 -0 0.816002
-0.943055 -1.54245 0.00257264 0 0 0 -0 0.816001
-0.943047 -1.54246 0.00256139 0 0 0 -0 0.818001
-0.943051 -1.54245 0.00260053 0 0 0 -0 0.818001
-0.943061 -1.54245 0.00263062 0 0 0 -0 0.815997
-0.943045 -1.54245 0.00252494 0 0 0 -0 0.815998
-0.943053 -1.54247 0.00257151 0 0 0 -0 0.815998
-0.943049 -1.54246 0.00259338 0 0 0 -0 0.816002
-0.943062 -1.54246 0.0025873 0 0 0 -0 0.816002
-0.943046 -1.54246 0.00256324 0 0 0 -0 0.816002
-0.943055 -1.54246 0.00260979 0 0 0 -0 0.817999
-0.943035 -1.54245 0.00252462 0 0 0 -0 0.816
-0.943059 -1.54244 0.00247522 0 0 0 -0 0.816
-0.94304 -1.54245 0.00252119 0 0 0 -0 0.818
-0.943045 -1.54245 0.00251265 0 0 0 -0 0.817996
-0.943024 -1.54245 0.00246084 0 0 0 -0 0.818002
-0.94305 -1.54246 0.00263004 0 0 0 -0 0.818002
-0.943061 -1.54245 0.00258828 0 0 0 -0 0.816
-0.943045 -1.54245 0.00251499 0 0 0 -0 0.816001
-0.943045 -1.54246 0.0026285 0 0 0 -0 0.816001
-0.943062 -1.54244 0.00262991 0 0 0 -0 0.815998
-0.943038 -1.54244 0.00249629 0 0 0 -0 0.816001
-0.943053 -1.54245 0.00258408 0 0 0 -0 0.816001
-0.943061 -1.54244 0.00261769 0 0 0 -0 0.815997
-0.943053 -1.54256 0.0025162 0 0 0 -0 0.817999
-0.94305 -1.54246 0.00251571 0 0 0 -0 0.817999
-0.943065 -1.54244 0.00259829 1.38318 -0.14039 1.38318 -0.14039 0.816002
-0.943055 -1.54255 0.00244081 1.38321 -0.140064 1.38321 -0.140064 0.81603
-0.943047 -1.54245 0.00251595 1.38322 -0.140025 1.38322 -0.140025 0.815972
-0.943056 -1.54245 0.0026051 1.38316 -0.140616 1.38316 -0.140616 0.815972
-0.94306 -1.54245 0.00253515 1.38316 -0.140445 1.38316 -0.140445 0.818
-0.943034 -1.54245 0.00245507 1.38316 -0.140445 1.38316 -0.140445 0.818001
-0.943051 -1.54246 0.00256965 1.38315 -0.140584 1.38315 -0.140584 0.818001
-0.943043 -1.54244 0.00257192 1.38324 -0.139744 1.38324 -0.139744 0.818025
-0.943045 -1.54245 0.00252325 1.38325 -0.139617 1.38325 -0.139617 0.81797
-0.942837 -1.54258 0.00445463 1.38325 -0.139529 1.38325 -0.139529 0.81797
-0.932838 -1.54373 0.0154124 1.38323 -0.139652 1.38323 -0.139652 0.81803
-0.906581 -1.54582 0.0163257 1.38324 -0.1398 1.38324 -0.1398 0.817972
-0.865847 -1.54903 -5.85169e-05 1.38324 -0.1398 1.38324 -0.1398 0.817972
-0.811974 -1.55433 -0.0186319 1.38319 -0.140363 1.38319 -0.140363 0.822765
-0.762081 -1.55947 -0.0410614 1.40441 -0.150459 1.40441 -0.150459 0.844345
-0.727842 -1.5619 -0.0675927 1.40441 -0.150459 1.40441 -0.150459 0.844345
-0.697385 -1.56635 -0.088463 1.40819 -0.0901645 1.40819 -0.0901645 0.86542
-0.654771 -1.5748 -0.0986947 1.40892 -0.0778515 1.40892 -0.0778515 0.88466
-0.6 -1.58635 -0.114794 1.42187 0.0298708 1.42187 0.0298708 0.88466
-0.536635 -1.60092 -0.129801 1.42173 0.0359071 1.42173 0.0359071 0.919415
-0.468382 -1.61602 -0.13457 1.42119 0.0874951 1.42119 0.0874951 0.982493
-0.39794 -1.62944 -0.133159 1.42119 0.0874951 1.42119 0.0874951 0.982493
-0.326175 -1.64238 -0.13153 1.42071 0.0949128 1.42071 0.0949128 1.06051
-0.2537 -1.65398 -0.127328 1.4183 0.162624 1.4183 0.162624 1.13659
-0.180974 -1.66443 -0.121246 1.41757 0.168885 1.41757 0.168885 1.13659
-0.108135 -1.67381 -0.11511 1.41721 0.171864 1.41721 0.171864 1.11197
-0.0357854 -1.68133 -0.10345 1.41721 0.171864 1.41721 0.171864 1.11197
0.0366942 -1.68652 -0.0899357 1.36989 0.186015 1.36989 0.186015 1.01819
0.109171 -1.68932 -0.0778597 1.39569 0.225102 1.39569 0.225102 0.914822
0.181473 -1.68971 -0.0687949 1.39569 0.225102 1.39569 0.225102 0.914822
0.254906 -1.68814 -0.057764 1.36935 0.208962 1.36935 0.208962 0.806777
0.328146 -1.68541 -0.0447974 1.36919 0.210006 1.34213 0.214086 0.710036
0.400259 -1.68193 -0.0346985 1.37303 0.169982 1.33632 0.175516 0.710036
0.470503 -1.67845 -0.0250813 1.37278 0.171976 1.13807 0.207354 0.601566
0.535677 -1.67358 -0.0163674 1.38948 0.158672 0.96505 0.222644 0.517495
0.592339 -1.66745 -0.00705472 1.38948 0.158672 0.96505 0.222644 0.517495
0.643491 -1.65993 -0.000851336 1.38778 0.172857 0.890785 0.264658 0.453848
0.692528 -1.65054 0.00783321 1.34773 0.304039 0.85546 0.380606 0.413003
0.738812 -1.63771 0.0252548 1.34773 0.304039 0.85546 0.380606 0.413003
0.783312 -1.62144 0.0416998 1.3565 0.367605 0.816862 0.372789 0.397657
0.827594 -1.60346 0.058926 1.3565 0.367605 0.816862 0.372789 0.402739
0.870859 -1.58508 0.0808599 1.36248 0.344779 0.783434 0.306703 0.402739
0.912135 -1.56767 0.103943 1.36838 0.320563 0.763528 0.182551 0.404569
0.951804 -1.55353 0.129326 1.36838 0.320563 0.763528 0.182551 0.404569
0.990923 -1.54191 0.151405 1.32151 0.362254 0.745037 0.0296014 0.368511
1.02912 -1.53298 0.176705 1.32984 0.330368 0.704485 -0.0668851 0.340287
1.05602 -1.52738 0.186739 1.32984 0.330368 0.704485 -0.0668851 0.340287
1.07956 -1.52393 0.213142 1.33663 0.301711 0.655189 -0.1312 0.322608
1.11197 -1.52164 0.237943 1.25469 0.285017 0.591607 -0.135317 0.311576
1.14514 -1.52131 0.262575 1.25469 0.285017 0.591607 -0.135317 0.311576
1.17723 -1.52088 0.293488 1.25725 0.273522 0.537511 -0.125421 0.302289
1.20786 -1.51963 0.323051 1.23791 0.285614 0.476805 -0.103501 0.294199
1.23486 -1.51703 0.355246 1.23791 0.285614 0.476805 -0.103501 0.294199
1.25985 -1.51435 0.384878 1.23413 0.342042 0.43756 -0.103344 0.284081
1.28446 -1.51077 0.416576 1.23757 0.329367 0.411364 -0.11716 0.274119
1.30754 -1.50779 0.451742 1.23212 0.341556 0.411364 -0.11716 0.274119
1.3296 -1.50455 0.48771 1.23575 0.32818 0.406145 -0.153719 0.262491
1.352 -1.50166 0.523846 1.21725 0.294384 0.421886 -0.212931 0.253236
1.37643 -1.49963 0.556069 1.2327 0.31206 0.421886 -0.212931 0.253236
1.40107 -1.49742 0.590182 1.2363 0.297467 0.430918 -0.259988 0.244914
1.42669 -1.49563 0.625098 1.21142 0.233837 0.425823 -0.266829 0.238414
1.45242 -1.49405 0.65653 1.21142 0.233837 0.425823 -0.266829 0.238414
1.47922 -1.49165 0.689411 1.33551 0.301665 0.459515 -0.252018 0.238849
1.50569 -1.48773 0.726126 1.33522 0.302931 0.487201 -0.1873 0.243156
1.53256 -1.47998 0.76262 1.34041 0.293496 0.487201 -0.1873 0.243156
1.55807 -1.47015 0.79793 1.33825 0.303216 0.452652 -0.115113 0.249531
1.58157 -1.45826 0.835211 1.33498 0.317304 0.380389 -0.00113503 0.256947
1.59831 -1.44397 0.872959 1.33679 0.296254 0.380389 -0.00113503 0.256947
1.61125 -1.43036 0.904664 1.33306 0.3126 0.351979 0.0638665 0.255578
1.6227 -1.41432 0.9451 1.37186 0.294577 0.370038 0.0684043 0.252184
1.63274 -1.39733 0.985836 1.37186 0.294577 0.370038 0.0684043 0.252184
1.64202 -1.37999 1.01592 1.36865 0.260079 0.288012 0.0876188 0.248821
1.64983 -1.3632 1.04111 1.37037 0.250819 0.31645 0.0940812 0.244252
1.65578 -1.34793 1.07141 1.37037 0.250819 0.31645 0.0940812 0.244252
1.66128 -1.33158 1.10329 1.394 0.221469 0.373541 0.0838968 0.240008
1.66664 -1.314 1.13096 1.39557 0.211353 0.407357 0.0779434 0.237562
1.67379 -1.29426 1.15329 1.38658 0.188306 0.407357 0.0779434 0.237562
1.68126 -1.27415 1.16684 1.38817 0.176176 0.445897 0.0661728 0.23813
1.68794 -1.25252 1.19151 1.38561 0.162368 0.419405 0.0774491 0.241263
1.69487 -1.22995 1.21036 1.38561 0.162368 0.419405 0.0774491 0.241263
1.7004 -1.20758 1.22604 1.39152 0.169332 0.393399 0.0904955 0.248899
1.70523 -1.18606 1.24315 1.36166 0.183388 0.38737 0.103862 0.251933
1.70844 -1.16544 1.2578 1.36166 0.183388 0.38737 0.103862 0.251933
1.71107 -1.1453 1.27338 1.39798 0.199684 0.383121 0.110362 0.256708
1.71323 -1.12499 1.29653 1.39923 0.190749 0.399145 0.106313 0.258602
1.71528 -1.10384 1.30944 1.38334 0.182896 0.399145 0.106313 0.258602
1.7168 -1.0825 1.32263 1.3837 0.18016 0.372282 0.111984 0.260645
1.71804 -1.06194 1.33457 1.38452 0.17379 0.382109 0.111728 0.259622
1.71871 -1.0433 1.34558 1.36728 0.163206 0.382109 0.111728 0.259622
1.71933 -1.02097 1.35742 1.36951 0.143331 0.433054 0.0695441 0.258319
1.72092 -0.999376 1.3703 1.34612 0.123565 0.444034 0.0585606 0.258161
1.72373 -0.976344 1.38032 1.34612 0.123565 0.444034 0.0585606 0.258541
1.72741 -0.952821 1.3945 1.29918 0.0936497 0.439887 0.0492461 0.258541
1.73034 -0.929429 1.39953 1.29953 0.08866 0.40145 0.0646329 0.260487
1.73252 -0.907415 1.40735 1.34361 0.0889941 0.40145 0.0646329 0.261881
1.73411 -0.886464 1.41631 1.34205 0.110025 0.354033 0.0912821 0.261881
1.73421 -0.866846 1.42179 1.34083 0.124033 0.340174 0.100481 0.261949
1.73355 -0.848461 1.42932 1.34455 0.118842 0.3411 0.0963264 0.260273
1.7325 -0.830496 1.43384 1.34455 0.118842 0.3411 0.0963264 0.260273
1.73144 -0.812697 1.44083 1.3332 0.112315 0.31188 0.107793 0.251702
1.73028 -0.794909 1.44596 1.33526 0.0844435 0.32948 0.0829479 0.24489
1.72906 -0.778022 1.44693 1.35641 0.0837982 0.32948 0.0829479 0.24489
1.72808 -0.760449 1.45443 1.35766 0.0602341 0.349418 0.068636 0.241774
1.72763 -0.742519 1.45699 1.35872 0.0270278 0.344787 0.0571033 0.239751
1.72742 -0.724226 1.45837 1.35872 0.0270278 0.344787 0.0571033 0.239751
1.72774 -0.706035 1.45893 1.35895 -0.0107769 0.375919 0.0224144 0.240456
1.72905 -0.687199 1.46412 1.34353 -0.0386475 0.41779 0.00103681 0.246122
1.73221 -0.666874 1.4703 1.34353 -0.0386475 0.41779 0.00103681 0.246122
1.73527 -0.645191 1.47198 1.36473 -0.0676235 0.476729 -0.0346064 0.249166
1.73951 -0.621806 1.46905 1.364 -0.0810803 0.502738 -0.0669246 0.252312
1.74542 -0.596308 1.474 1.364 -0.0810803 0.502738 -0.0669246 0.252312
1.75224 -0.570369 1.47578 1.33246 -0.10768 0.464859 -0.126169 0.255623
1.76052 -0.546282 1.47647 1.33139 -0.120238 0.446624 -0.20473 0.263552
1.77146 -0.523963 1.48157 1.3419 -0.110922 0.446624 -0.20473 0.274622
1.78437 -0.502368 1.48426 1.34169 -0.113473 0.417469 -0.209275 0.274622
1.79736 -0.481454 1.48555 1.34857 -0.0995589 0.409948 -0.201894 0.268826
1.80958 -0.46104 1.49234 1.34857 -0.0995589 0.409948 -0.201894 0.261008
1.82272 -0.441289 1.49497 1.36037 -0.0824693 0.395238 -0.172739 0.261008
1.83403 -0.421315 1.5002 1.36085 -0.0742249 0.374988 -0.133941 0.257219
1.84316 -0.401454 1.50789 1.36148 -0.0614929 0.355953 -0.0992676 0.257534
1.85047 -0.38354 1.51521 1.33941 -0.0554283 0.355953 -0.0992676 0.257534
1.85727 -0.366497 1.51971 1.34026 -0.0282739 0.334182 -0.0652338 0.25691
1.8628 -0.349159 1.51297 1.37638 0.00953441 0.315187 -0.0484818 0.256756
1.8667 -0.331379 1.52851 1.37638 0.00953441 0.315187 -0.0484818 0.256756
1.8708 -0.315884 1.53825 1.35375 0.0205551 0.295345 -0.0332217 0.249999
1.8736 -0.300072 1.5476 1.37586 0.0506368 0.288471 -0.0101207 0.247703
1.87635 -0.285657 1.55501 1.37586 0.0506368 0.288471 -0.0101207 0.247703
1.87809 -0.270873 1.56451 1.35299 0.0459073 0.282786 -0.019463 0.242979
1.88043 -0.256583 1.56851 1.35261 0.0558073 0.259452 -0.0164262 0.23818
1.88132 -0.241408 1.57763 1.36621 0.0609718 0.259452 -0.0164262 0.23818
1.88446 -0.228539 1.58654 1.36571 0.0714452 0.245344 -0.0165797 0.232821
1.88521 -0.215346 1.60049 1.36775 0.0841609 0.248229 -0.00769679 0.228305
1.88627 -0.202747 1.60753 1.36775 0.0841609 0.248229 -0.00769679 0.224794
1.88727 -0.190272 1.61563 1.3666 0.101164 0.276099 0.00479956 0.224794
1.88775 -0.176602 1.62665 1.35987 0.115307 0.278953 0.0112774 0.222771
1.88747 -0.162058 1.6357 1.35987 0.115307 0.278953 0.0112774 0.220397
1.88713 -0.146933 1.64678 1.37174 0.124629 0.273064 0.00826304 0.220397
1.88656 -0.132597 1.65699 1.37024 0.140226 0.295226 0.0158424 0.219746
1.88557 -0.117624 1.67328 1.384 0.151224 0.352238 0.0359164 0.219746
1.88403 -0.101234 1.67658 1.384 0.151224 0.352238 0.0359164 0.219746
1.88175 -0.082738 1.68349 1.36788 0.149789 0.352238 0.0359164 0.213996
1.87917 -0.0644832 1.69672 1.37978 0.110755 0.466463 0.0453559 0.224822
1.87578 -0.042723 1.70501 1.37978 0.110755 0.466463 0.0453559 0.224822
1.87202 -0.0187274 1.71489 1.36337 0.145768 0.535395 0.141424 0.22891
1.86585 0.00712659 1.72365 1.36447 0.135055 0.582815 0.147299 0.241565
1.85737 0.0344054 1.73168 1.38532 0.138186 0.582815 0.147299 0.241565
1.84777 0.0637209 1.74144 1.38538 0.137543 0.57893 0.124264 0.251435
1.83793 0.0930732 1.75264 1.38807 0.107066 0.589171 0.0554236 0.269063
1.82898 0.123201 1.76194 1.38712 0.107731 0.589171 0.0554236 0.269063
1.82248 0.153415 1.77189 1.38791 0.0969505 0.582078 -0.00746507 0.293403
1.81718 0.183451 1.78251 1.37058 0.0794191 0.54113 -0.0157701 0.307316
1.81388 0.212737 1.78875 1.37058 0.0794191 0.54113 -0.0157701 0.298597
1.81027 0.24042 1.79901 1.35906 0.0728961 0.510313 -0.0361123 0.298597
1.80671 0.267636 1.80973 1.35931 0.0679678 0.472323 -0.0249463 0.291492
1.80359 0.292807 1.81888 1.36386 0.077829 0.472323 -0.0249463 0.286533
1.8 0.316861 1.82978 1.36364 0.0816404 0.422603 -0.00157485 0.286533
1.79608 0.33967 1.84306 1.36315 0.0894861 0.389393 0.00823937 0.280577
1.79134 0.359946 1.85374 1.35836 0.100089 0.389393 0.00823937 0.268695
1.78637 0.379553 1.86534 1.35876 0.0944744 0.362762 0.00516259 0.268695
1.78155 0.398424 1.87786 1.3824 0.149017 0.335805 0.00635209 0.258664
1.7769 0.416014 1.89726 1.38465 0.126446 0.300708 0.00879126 0.25011
1.77247 0.431742 1.91778 1.33619 0.101376 0.300708 0.00879126 0.25011
1.7681 0.446123 1.93575 1.33771 0.0787489 0.276244 -0.0043125 0.247072
1.76321 0.460287 1.95111 1.33878 0.0577589 0.255714 -0.0125982 0.242185
1.75927 0.473833 1.97415 1.34921 0.0800608 0.255714 -0.0125982 0.242185
1.7558 0.487027 1.99493 1.35007 0.0638501 0.251649 -0.0147507 0.23795
1.75214 0.499597 2.01842 1.35006 0.0605045 0.266942 -0.0423579 0.232252
1.74825 0.512785 2.04164 1.35006 0.0605045 0.266942 -0.0423579 0.232252
1.74433 0.52676 2.06287 1.35066 0.0451948 0.244658 -0.0362187 0.227161
1.74061 0.540328 2.08258 1.35101 0.0333587 0.272064 -0.0669665 0.220163
1.73705 0.553505 2.10523 1.35101 0.0333587 0.272064 -0.0669665 0.220163
1.73333 0.567627 2.12752 1.3282 -0.0157247 0.314832 -0.108627 0.215558
1.73001 0.583684 2.14828 1.32803 -0.0264764 0.358026 -0.142516 0.212714
1.72628 0.602366 2.16592 1.29635 -0.0548952 0.358026 -0.142516 0.213872
1.7223 0.622379 2.18617 1.29623 -0.0575901 0.53288 -0.222296 0.213872
1.71762 0.647748 2.20051 1.33279 -0.021814 0.763375 -0.298557 0.216639
1.71057 0.68128 2.21962 1.33279 -0.021814 0.763375 -0.298557 0.227022
1.70079 0.72015 2.23658 1.34032 0.00696031 0.738438 -0.23374 0.227022
1.68886 0.759373 2.24959 1.33981 0.0374348 0.715461 -0.147974 0.248968
1.67444 0.795268 2.27806 1.33981 0.0374348 0.715461 -0.147974 0.276453
1.65789 0.829014 2.29937 1.36629 0.15161 0.696408 -0.0435914 0.276453
1.63846 0.860916 2.32961 1.35925 0.205399 0.676257 0.0526759 0.304097
1.6168 0.887586 2.34787 1.35172 0.250204 0.652245 0.120542 0.332723
1.5915 0.910799 2.37623 1.35172 0.250204 0.652245 0.120542 0.332723
1.56478 0.932201 2.40284 1.34336 0.291753 0.614629 0.182758 0.320066
1.53737 0.950736 2.4302 1.34823 0.351983 0.601472 0.183866 0.296705
1.51003 0.96681 2.45947 1.34823 0.351983 0.601472 0.183866 0.296705
1.48183 0.982052 2.49012 1.33217 0.300794 0.588576 0.184936 0.283324
1.45317 0.9965 2.51839 1.33675 0.27976 0.575329 0.161105 0.28531
1.42521 1.01003 2.54811 1.33431 0.251459 0.575329 0.161105 0.28531
1.39797 1.02234 2.57219 1.33546 0.245284 0.593087 0.110187 0.28998
1.37036 1.0352 2.59913 1.29579 0.204768 0.623326 0.0451233 0.299338
1.34255 1.05072 2.62439 1.29579 0.204768 0.623326 0.0451233 0.299338
1.31401 1.06764 2.65326 1.29463 0.211961 0.645881 -0.0430144 0.310547
1.28575 1.08576 2.67817 1.24284 0.156163 0.642155 -0.0881967 0.307287
1.25818 1.10606 2.70092 1.24284 0.156163 0.642155 -0.0881967 0.307287
1.23118 1.12641 2.72177 1.39957 0.208228 0.621133 -0.0644867 0.302848
1.2038 1.14499 2.74295 1.39952 0.20854 0.61589 -0.0517818 0.302802
1.17545 1.16174 2.76686 1.38032 0.193037 0.61589 -0.0517818 0.302802
1.1479 1.17773 2.78474 1.37747 0.212445 0.602925 0.0047402 0.299814
1.11936 1.19124 2.80547 1.37422 0.23258 0.619218 0.078208 0.302752
1.08927 1.20187 2.83005 1.35711 0.221351 0.619218 0.078208 0.302752
1.0577 1.21031 2.84679 1.34769 0.272896 0.556249 0.146393 0.304305
1.027 1.216 2.86977 1.35756 0.342724 0.488303 0.226451 0.301969
0.999102 1.21698 2.88981 1.35756 0.342724 0.488303 0.226451 0.301969
0.973454 1.21467 2.90517 1.35148 0.396098 0.418102 0.255414 0.291548
0.947795 1.21105 2.92724 1.3316 0.45849 0.350322 0.310586 0.267501
0.925649 1.20423 2.94433 1.3316 0.45849 0.350322 0.310586 0.267501
0.905581 1.19582 2.95458 1.30003 0.497852 0.306442 0.348093 0.247529
0.885462 1.18623 2.96858 1.27731 0.553556 0.289018 0.393243 0.23825
0.866654 1.17464 2.98236 1.28892 0.512969 0.292882 0.36761 0.23825
0.84927 1.1622 2.99192 1.27891 0.537432 0.277711 0.409371 0.233716
0.831299 1.14901 3.01063 1.33861 0.476725 0.269195 0.424945 0.235351
0.814247 1.13468 3.01927 1.33861 0.476725 0.269195 0.424945 0.235351
0.79709 1.11925 3.02622 1.30541 0.435921 0.276038 0.429243 0.238746
0.780402 1.10331 3.03344 1.30945 0.423641 0.295965 0.436866 0.247414
0.763552 1.08683 3.0423 1.30945 0.423641 0.295965 0.436866 0.247414
0.746374 1.07033 3.04902 1.34405 0.354487 0.30572 0.350714 0.256357
0.728995 1.05528 3.05025 1.34665 0.344485 0.33047 0.392344 0.267424
0.710439 1.04166 3.05403 1.34665 0.344485 0.33047 0.392344 0.267424
0.690836 1.02762 3.05781 1.35276 0.319644 0.338866 0.421939 0.277649
0.671452 1.01261 3.05865 1.36625 0.239101 0.367468 0.389643 0.285975
0.65165 0.997167 3.06002 1.40715 0.219436 0.365479 0.376443 0.285975
0.631459 0.982207 3.06 1.41027 0.198434 0.470252 0.439442 0.294493
0.609787 0.966716 3.06046 1.40962 0.122098 0.524192 0.443848 0.298296
0.585847 0.949804 3.05098 1.40962 0.122098 0.524192 0.443848 0.298296
0.558699 0.933365 3.04176 1.46044 0.0461602 0.581458 0.371088 0.305137
0.529387 0.919114 3.03195 1.46113 0.00951352 0.616972 0.269627 0.315734
0.49852 0.909287 3.02139 1.46365 -0.0066502 0.616972 0.269627 0.315734
0.466436 0.902309 3.01044 1.46255 -0.0570021 0.641782 0.163243 0.332199
0.433612 0.898669 3.00443 1.45979 -0.106319 0.662048 0.0493052 0.345308
0.400117 0.899892 2.9948 1.44912 -0.112729 0.662048 0.0493052 0.345308
0.367198 0.904322 2.98544 1.44444 -0.16195 0.676789 -0.0410575 0.328751
0.333791 0.911128 2.97721 1.47499 -0.184867 0.699064 -0.119354 0.319209
0.300442 0.922246 2.96841 1.47499 -0.184867 0.699064 -0.119354 0.319209
0.267065 0.935315 2.96096 1.45594 -0.179539 0.72523 -0.170545 0.315722
0.233175 0.949902 2.95166 1.45433 -0.192119 0.760026 -0.205011 0.318423
0.198513 0.967337 2.94385 1.41985 -0.15751 0.760026 -0.205011 0.318423
0.162902 0.986032 2.93788 1.42064 -0.150165 0.645237 -0.0412497 0.324873
0.129599 0.999951 2.93428 1.42079 -0.148728 0.534085 -0.0460177 0.328678
0.101221 1.00905 2.92742 1.43943 -0.102936 0.534085 -0.0460177 0.328678
0.0756558 1.01741 2.92404 1.43893 -0.109821 0.315207 -0.137294 0.280998
0.0557623 1.02666 2.9146 1.41043 -0.0574274 0.212346 -0.126672 0.24702
0.044652 1.03552 2.91198 1.41043 -0.0574274 0.212346 -0.126672 0.24702
0.0370495 1.04326 2.91898 1.43225 -0.0270565 0.138071 -0.112632 0.224881
0.0304725 1.05059 2.92451 1.39953 -0.0290372 0.091217 -0.113719 0.21162
0.0256331 1.05593 2.9282 1.39953 -0.0290372 0.091217 -0.113719 0.21162
0.0223292 1.06149 2.93186 1.42353 0.0204527 0.0623444 -0.109001 0.205317
0.0188882 1.06678 2.93654 1.42265 0.0542385 0.0482631 -0.104383 0.196218
0.0159914 1.07112 2.94263 1.39711 0.0525511 0.0482631 -0.104383 0.196218
0.0139685 1.07589 2.94769 1.39646 0.067619 0.0282894 -0.10008 0.19209
0.0120195 1.07989 2.95249 1.38418 0.0930704 0.0200171 -0.103226 0.187104
0.0110542 1.08403 2.95873 1.38418 0.0930704 0.0200171 -0.103226 0.187104
0.010339 1.0882 2.96404 1.38456 0.0872702 0.00817453 -0.0950324 0.187033
0.00970963 1.09194 2.96832 1.4321 0.128965 0.00509685 -0.0754058 0.180986
0.00940222 1.09478 2.97201 1.4321 0.128965 0.00509685 -0.0754058 0.180986
0.00951511 1.09779 2.97604 1.42946 0.0974769 -0.00592456 -0.0873 0.180945
0.0102132 1.10111 2.98223 1.42576 0.141679 -0.0103451 -0.0585631 0.186935
0.010866 1.10372 2.98168 1.42475 0.136149 -0.0103451 -0.0585631 0.186935
0.0106609 1.10551 2.98537 1.42264 0.156672 -0.00335093 -0.0205879 0.178964
0.0104668 1.10629 2.98706 1.42611 0.121085 -0.0132201 -0.0677904 0.169935
0.010866 1.10805 2.99334 1.42692 0.121169 -0.0132201 -0.0677904 0.169946
0.011506 1.11065 2.99366 1.42172 0.171735 -0.0353939 -0.0478895 0.169946
0.0127503 1.11271 3.0043 1.41564 0.214053 -0.0406601 -0.0126301 0.173
0.0136787 1.11352 3.0078 1.41173 0.238473 -0.0366029 0.00331515 0.179999
0.0148386 1.114 3.00556 1.4156 0.221432 -0.0364897 0.00256404 0.179999
0.0154047 1.11369 3.01296 1.41532 0.223217 -0.0222246 0.00654181 0.187911
0.0156858 1.1137 3.01484 1.41432 0.229486 -0.0067409 0.0152958 0.181944
0.0157084 1.11368 3.01509 1.41894 0.218411 -0.00500602 0.00378558 0.181944
0.0156664 1.11361 3.01487 1.4161 0.23616 -0.0200758 0.0196913 0.179965
0.0157859 1.11359 3.01605 1.35414 0.262003 -0.0293703 0.0534725 0.182991
0.0166139 1.11297 3.02036 1.35414 0.262003 -0.0293703 0.0534725 0.182991
0.0175173 1.11139 3.02049 1.34928 0.286622 -0.0268246 0.0792069 0.185
0.0190872 1.10945 3.02505 1.34408 0.31009 -0.0262259 0.103549 0.189993
0.0206028 1.10701 3.0344 1.34829 0.301236 -0.0248275 0.0942719 0.19067
0.0216272 1.10403 3.04251 1.34683 0.307681 -0.0154423 0.102351 0.19067
0.0219071 1.10102 3.04511 1.34217 0.327406 -0.0169318 0.122553 0.18572
0.0219678 1.09665 3.05248 1.3521 0.303513 -0.01319 0.0977286 0.190945
0.0216342 1.09235 3.05625 1.33792 0.360945 -0.0311613 0.15459 0.190945
0.0225625 1.08698 3.05946 1.35458 0.309681 -0.0132361 0.103517 0.201239
0.0232204 1.08267 3.05986 1.36153 0.2775 0.0135366 0.0743217 0.206154
0.0228518 1.07968 3.05952 1.36754 0.255635 0.0168923 0.0520585 0.206154
0.021645 1.07804 3.05838 1.36811 0.25252 0.0359492 0.0517287 0.206941
0.0202004 1.07725 3.06143 1.36472 0.270259 0.0515396 0.10324 0.206389
0.0172989 1.07485 3.0618 1.36971 0.257528 0.0515396 0.10324 0.206389
0.0137442 1.07149 3.06516 1.3657 0.278042 0.0682167 0.221672 0.209449
0.00901711 1.06362 3.06341 1.3606 0.277067 0.0862238 0.298016 0.210642
0.00451241 1.05335 3.07098 1.3606 0.277067 0.0862238 0.298016 0.208639
-0.0011837 1.04112 3.0715 1.41071 0.279036 0.101808 0.372463 0.208639
-0.00767372 1.02726 3.07471 1.40924 0.286358 0.121083 0.421564 0.208152
-0.0146035 1.01043 3.07971 1.40915 0.286826 0.127983 0.389414 0.214486
-0.0231174 0.992886 3.08093 1.4057 0.254602 0.127983 0.389414 0.214486
-0.0314861 0.975265 3.08058 1.40749 0.244551 0.165347 0.354258 0.229139
-0.0408217 0.958473 3.07634 1.40726 0.16882 0.233848 0.308478 0.237736
-0.0522955 0.943079 3.07039 1.40726 0.16882 0.233848 0.308478 0.237736
-0.066245 0.929518 3.06365 1.45211 0.0973453 0.274577 0.276672 0.24184
-0.0810434 0.917089 3.05243 1.45296 0.0836503 0.294432 0.261237 0.244352
-0.097321 0.905462 3.04218 1.44571 0.0714996 0.294432 0.261237 0.244352
-0.11405 0.89448 3.03055 1.43269 0.0553753 0.325025 0.236317 0.256624
-0.131102 0.883974 3.01763 1.43341 0.0320958 0.361173 0.178565 0.251854
-0.149522 0.876134 3.00531 1.47577 0.0275326 0.361173 0.178565 0.251854
-0.169 0.869834 2.99512 1.4757 0.0314295 0.371444 0.137718 0.248289
-0.18849 0.865652 2.9837 1.46012 0.0512317 0.377723 0.0996538 0.257303
-0.20775 0.863648 2.9746 1.46012 0.0512317 0.377723 0.0996538 0.257303
-0.226904 0.862484 2.9656 1.49372 0.0545632 0.422347 0.0966369 0.24904
-0.247239 0.861937 2.95197 1.47043 0.0674191 0.508187 0.112475 0.244806
-0.271137 0.862284 2.94187 1.47043 0.0674191 0.508187 0.112475 0.244806
-0.297805 0.862637 2.93435 1.47788 0.0694029 0.700895 0.154899 0.245671
-0.32852 0.864112 2.92359 1.47857 0.0526923 0.931633 0.231991 0.253066
-0.367815 0.867127 2.90381 1.47364 0.0707859 0.931633 0.231991 0.253066
-0.412718 0.870785 2.88831 1.47478 0.0404989 1.00651 0.15539 0.267023
-0.460645 0.876641 2.8787 1.39359 0.0553555 0.926564 -0.0127401 0.29698
-0.508927 0.887013 2.87063 1.39359 0.0553555 0.926564 -0.0127401 0.29698
-0.555143 0.900378 2.86492 1.39443 -0.0266165 0.794387 -0.117058 0.339531
-0.596343 0.916021 2.85878 1.33874 0.0248775 0.641703 -0.0801846 0.373354
-0.630077 0.930918 2.86192 1.33874 0.0248775 0.641703 -0.0801846 0.359974
-0.66003 0.943674 2.87195 1.27548 0.138594 0.483187 0.0191739 0.359974
-0.686712 0.953018 2.88571 1.2779 0.11421 0.367079 -0.0230742 0.316373
-0.706378 0.959377 2.90013 1.23729 0.288359 0.34876 0.0984658 0.316373
-0.722638 0.961986 2.92664 1.24475 0.25423 0.259297 0.0732105 0.281099
-0.738298 0.962158 2.95843 1.25111 0.220823 0.189133 0.0481778 0.25606
-0.749955 0.961709 2.98026 1.22005 0.223619 0.189133 0.0481778 0.235624
-0.758963 0.961482 3.00698 1.22506 0.194346 0.135746 0.0301587 0.235624
-0.767195 0.961374 3.03742 1.21807 0.147937 0.0999944 -0.0205847 0.221455
-0.77305 0.962159 3.06667 1.21807 0.147937 0.0999944 -0.0205847 0.210186
-0.777403 0.963703 3.08816 1.20047 0.0831238 0.0797341 -0.0857999 0.210186
-0.782269 0.966131 3.11084 1.19805 0.112727 0.0519166 -0.0600249 0.204172
-0.785877 0.969308 3.13204 1.19805 0.112727 0.0519166 -0.0600249 0.196092
-0.788778 0.971501 -3.13401 1.21523 0.231837 0.0239147 0.041026 0.196092
-0.790924 0.971951 -3.11457 1.19617 0.315769 0.00684468 0.0404226 0.192083
-0.792511 0.97029 -3.0964 1.18516 0.320656 -0.00391565 0.055327 0.189052
-0.793026 0.968351 -3.08285 1.18516 0.320656 -0.00391565 0.055327 0.189052
-0.793109 0.965865 -3.06442 1.1853 0.287561 -0.0115766 0.0634469 0.18803
-0.793035 0.963823 -3.04917 1.16902 0.3479 -0.0144127 0.06786 0.189
-0.792873 0.961732 -3.03042 1.18207 0.287222 -0.0144127 0.06786 0.189
-0.792402 0.959614 -3.01195 1.16549 0.348468 -0.0148877 0.0846837 0.189712
-0.79233 0.956999 -2.99593 1.14995 0.396727 -0.0133435 0.0885281 0.19
-0.792004 0.954019 -2.97704 1.17209 0.319185 -0.0133435 0.0885281 0.19
-0.79113 0.951343 -2.95976 1.15643 0.371955 -0.0148981 0.0988408 0.189029
-0.790384 0.948089 -2.94263 1.18447 0.260264 -0.0120479 0.0799178 0.193118
-0.789555 0.945398 -2.92731 1.18447 0.260264 -0.0120479 0.0799178 0.193118
-0.788626 0.942942 -2.91363 1.17951 0.281884 -0.00495947 0.103354 0.192611
-0.788031 0.939301 -2.90326 1.15824 0.359426 -0.0124496 0.167103 0.196554
-0.786341 0.933626 -2.89158 1.15793 0.360411 0.0014393 0.151951 0.197106
-0.78497 0.927278 -2.88389 1.20413 0.140148 0.0191305 0.0345783 0.197106
-0.78506 0.922754 -2.87523 1.20113 0.163931 0.0202844 0.0344567 0.198231
-0.786586 0.92142 -2.87291 1.20653 0.107403 0.022434 0.0328714 0.200049
-0.787128 0.920452 -2.87429 1.20653 0.107403 0.022434 0.0328714 0.200049
-0.788046 0.919071 -2.87239 1.20588 0.0668438 0.0259566 0.0306142 0.199702
-0.788958 0.9177 -2.87231 1.20441 0.0895166 0.0271032 0.0431159 0.202145
-0.790339 0.915839 -2.87382 1.20441 0.0895166 0.0271032 0.0431159 0.202145
-0.7918 0.913653 -2.87383 1.20173 0.0872482 0.0309479 0.0342037 0.203006
-0.793079 0.911595 -2.87262 1.20309 0.0657473 0.0294172 -0.0119137 0.197205
-0.79415 0.910278 -2.87174 1.19939 0.0614094 0.0294172 -0.0119137 0.197205
-0.794434 0.910143 -2.87482 1.19993 0.0497326 0.0193313 0.0267347 0.197533
-0.79483 0.909552 -2.87492 1.19468 0.12267 0.0196789 0.0244284 0.197228
-0.795713 0.90843 -2.8759 1.19468 0.12267 0.0196789 0.0244284 0.202003
-0.796504 0.907171 -2.8753 1.19472 0.122266 0.0193553 0.0265757 0.202003
-0.797313 0.905692 -2.87475 1.18865 0.0911701 0.0302467 -0.0315484 0.195396
-0.797964 0.905233 -2.87556 1.18162 0.157998 0.0152889 0.0254094 0.193911
-0.798663 0.904708 -2.87468 1.17801 0.153185 0.0152889 0.0254094 0.193911
-0.799337 0.903489 -2.87518 1.17252 0.190733 0.0103953 0.0155713 0.201006
-0.799887 0.902753 -2.87497 1.172 0.177369 0.0227481 0.00414753 0.188005
-0.800287 0.902254 -2.87454 1.172 0.177369 0.0227481 0.00414753 0.188005
-0.800705 0.901702 -2.87589 1.16622 0.206445 -0.00866298 0.029359 0.183386
-0.800968 0.901002 -2.87551 1.15274 0.271806 -0.0206811 0.0949405 0.191002
-0.80024 0.898216 -2.87627 1.15274 0.271806 -0.0206811 0.0949405 0.183419
-0.798715 0.89454 -2.87458 1.15818 0.234554 -0.00675911 0.0589677 0.183419
-0.797919 0.891577 -2.87353 1.14398 0.296162 -0.0182359 0.120987 0.186099
-0.796456 0.887223 -2.87357 1.14595 0.286328 -0.0167426 0.11108 0.186229
-0.79444 0.882732 -2.87283 1.15248 0.258786 -0.0125384 0.083187 0.186229
-0.793196 0.878761 -2.87278 1.14689 0.285029 -0.0142668 0.110013 0.184054
-0.792004 0.873848 -2.87617 1.14308 0.299917 -0.0256749 0.123755 0.190655
-0.790025 0.86823 -2.87625 1.14308 0.299917 -0.0256749 0.123755 0.190655
-0.788051 0.862451 -2.87771 1.15848 0.244028 -0.00312902 0.0689439 0.189738
-0.786052 0.858688 -2.87962 1.15667 0.252483 -0.00999694 0.0766367 0.194542
-0.785307 0.85607 -2.88167 1.16263 0.230989 -0.00669683 0.0547419 0.194542
-0.784769 0.853829 -2.88484 1.16613 0.212607 0.0191166 0.062832 0.197452
-0.784971 0.850635 -2.88345 1.16767 0.216614 0.0384394 0.150034 0.198337
-0.785818 0.844525 -2.88877 1.16767 0.216614 0.0384394 0.150034 0.205263
-0.786775 0.836703 -2.89114 1.16799 0.214889 0.0509156 0.220329 0.205263
-0.787293 0.827128 -2.89145 1.17456 0.172761 0.0686354 0.240318 0.204934
-0.787809 0.815364 -2.89314 1.17543 0.166741 0.0667064 0.230033 0.202269
-0.789233 0.803585 -2.89776 1.17105 0.160413 0.0667064 0.230033 0.202269
-0.791009 0.791702 -2.9025 1.17345 0.141795 0.0601071 0.203702 0.210318
-0.792501 0.780493 -2.90661 1.17092 0.0457626 0.0951753 0.122846 0.21333
-0.794324 0.771029 -2.91083 1.17092 0.0457626 0.0951753 0.122846 0.21333
-0.797632 0.764319 -2.91639 1.17176 0.0115447 0.0927796 0.0797433 0.218299
-0.801327 0.759511 -2.92465 1.15861 -0.098779 0.088037 0.0450283 0.225098
-0.805397 0.755623 -2.92843 1.15861 -0.098779 0.088037 0.0450283 0.225098
-0.809032 0.752222 -2.93374 1.13665 -0.204642 0.101157 -0.000657388 0.216022
-0.812385 0.750125 -2.94388 1.12104 -0.277682 0.100393 -0.0335439 0.208927
-0.81724 0.748959 -2.95138 1.10155 -0.285087 0.100393 -0.0335439 0.201704
-0.822352 0.74827 -2.95811 1.09258 -0.317748 0.0942707 -0.0497178 0.201704
-0.827331 0.748084 -2.96353 1.13643 -0.215664 0.0867004 -0.0573054 0.194712
-0.831614 0.749047 -2.97202 1.12626 -0.263689 0.0809145 -0.0726579 0.188767
-0.835329 0.751021 -2.97744 1.12626 -0.263689 0.0809145 -0.0726579 0.188767
-0.839065 0.752927 -2.98342 1.10831 -0.278718 0.0729094 -0.0823849 0.186645
-0.842488 0.754761 -2.98774 1.1172 -0.240633 0.0609228 -0.076017 0.185319
-0.845476 0.756082 -2.99459 1.10083 -0.242828 0.0609228 -0.076017 0.185319
-0.848916 0.757163 -2.99903 1.09851 -0.253137 0.0592217 -0.0782767 0.18414
-0.85188 0.759644 -3.0036 1.09147 -0.262905 0.0594172 -0.082129 0.182143
-0.855054 0.762317 -3.00256 1.08662 -0.265981 0.0594172 -0.082129 0.182143
-0.85843 0.764885 -3.00233 1.08761 -0.261916 0.0507424 -0.0755758 0.183203
-0.861478 0.767155 -3.00054 1.08849 -0.220343 0.0499732 -0.0562874 0.183913
-0.864158 0.768889 -3.00233 1.08849 -0.220343 0.0499732 -0.0562874 0.183926
-0.866444 0.770506 -3.00321 1.1208 -0.216957 0.0681327 -0.0704018 0.183926
-0.869331 0.772535 -3.00346 1.12064 -0.217812 0.0705765 -0.0682173 0.184884
-0.872458 0.775128 -2.99739 1.12128 -0.181388 0.050379 -0.041493 0.185985
-0.874908 0.777071 -2.99599 1.12128 -0.181388 0.050379 -0.041493 0.185985
-0.876937 0.778503 -2.99839 1.12133 -0.181066 0.0698816 -0.0500819 0.186914
-0.879737 0.779779 -2.99369 1.11668 -0.190604 0.0827666 -0.0552687 0.187791
-0.883568 0.781488 -2.99091 1.11668 -0.190604 0.0827666 -0.0552687 0.187791
-0.888097 0.782949 -2.98819 1.10828 -0.169884 0.0503128 -0.0344045 0.18786
-0.891883 0.784008 -2.98549 1.10874 -0.166884 0.0581138 -0.0387402 0.18797
-0.8945 0.785151 -2.98086 1.09768 -0.177015 0.0581138 -0.0387402 0.187083
-0.897014 0.786481 -2.97704 1.09443 -0.196119 0.0796084 -0.0508841 0.187083
-0.900293 0.788389 -2.97266 1.09555 -0.189767 0.0516531 -0.036895 0.188118
-0.903281 0.789585 -2.96657 1.0848 -0.199701 0.0516531 -0.036895 0.188897
-0.906197 0.790853 -2.96215 1.08692 -0.18784 0.0441616 -0.0300598 0.188897
-0.908775 0.792088 -2.95772 1.1062 -0.210595 0.0699413 -0.0430543 0.188904
-0.912041 0.793811 -2.95158 1.10463 -0.218694 0.070948 -0.0426862 0.190951
-0.916268 0.794813 -2.94171 1.10027 -0.222336 0.070948 -0.0426862 0.190951
-0.920102 0.796257 -2.93092 1.10245 -0.211277 0.0545718 -0.0290033 0.190936
-0.923234 0.796936 -2.92308 1.09965 -0.225394 0.0787837 -0.0406125 0.190927
-0.926699 0.798184 -2.91462 1.08257 -0.238843 0.0787837 -0.0406125 0.190927
-0.931065 0.799037 -2.90991 1.07759 -0.260398 0.0921608 -0.0483272 0.19202
-0.936123 0.799722 -2.90652 1.06558 -0.272474 0.0759431 -0.0387515 0.192108
-0.940908 0.800134 -2.90393 1.06558 -0.272474 0.0759431 -0.0387515 0.190071
-0.945278 0.800929 -2.89976 1.04571 -0.2901 0.0772675 -0.0394976 0.190071
-0.949515 0.801589 -2.89289 1.04016 -0.309393 0.104088 -0.0574544 0.1903
-0.954766 0.802926 -2.88985 1.06095 -0.279488 0.0842397 -0.0431456 0.190262
-0.959925 0.803177 -2.88174 1.06095 -0.279488 0.0842397 -0.0431456 0.190262
-0.964713 0.803966 -2.8749 1.0615 -0.277404 0.0926188 -0.0391801 0.190138
-0.969845 0.804703 -2.86667 1.04596 -0.293808 0.137391 -0.0529569 0.191146
-0.976583 0.805806 -2.86008 1.04596 -0.293808 0.137391 -0.0529569 0.191146
-0.984175 0.806289 -2.85526 1.02262 -0.309865 0.14722 -0.0483948 0.191125
-0.992087 0.806614 -2.85039 1.02201 -0.311871 0.140447 -0.037427 0.191961
-1.00024 0.806583 -2.84139 1.02541 -0.294791 0.140447 -0.037427 0.193173
-1.00759 0.806392 -2.83376 1.0258 -0.293433 0.203765 -0.0504981 0.193173
-1.01733 0.805976 -2.82633 1.02675 -0.290078 0.266549 -0.0546019 0.193255
-1.03059 0.804805 -2.82148 1.00396 -0.298956 0.266549 -0.0546019 0.195246
-1.04511 0.803297 -2.8113 1.00376 -0.299646 0.342742 -0.0712171 0.195246
-1.06173 0.802332 -2.80285 1.0147 -0.247563 0.455615 -0.0904925 0.197894
-1.08355 0.799971 -2.79122 1.01613 -0.241645 0.639002 -0.115777 0.204016
-1.11181 0.796072 -2.77264 0.98009 -0.23595 0.639002 -0.115777 0.204016
-1.14491 0.790797 -2.75966 0.983058 -0.223262 0.896146 -0.149579 0.213948
-1.18434 0.783187 -2.75096 0.987162 -0.204352 0.987162 -0.204352 0.231596
-1.23087 0.774856 -2.74318 1.28891 0.187488 1.11851 -0.107639 0.231596
-1.28106 0.765219 -2.73569 1.28268 0.226194 1.24213 0.0485249 0.261152
-1.33213 0.756264 -2.72357 1.24584 0.343755 1.23373 0.290711 0.305528
-1.38181 0.739622 -2.69104 1.24584 0.343755 1.23373 0.290711 0.305528
-1.43055 0.715659 -2.65196 1.15103 0.57838 1.15103 0.57838 0.357878
-1.47461 0.68361 -2.60252 1.12572 0.626216 1.12572 0.626216 0.414032
-1.51323 0.643465 -2.54673 1.097 0.656988 1.097 0.656988 0.467159
-1.54687 0.597766 -2.49681 1.07174 0.727709 1.07174 0.727709 0.467159
-1.57631 0.547117 -2.44828 1.05103 0.757316 1.05103 0.757316 0.516969
-1.60209 0.491225 -2.40124 1.05103 0.757316 1.05103 0.757316 0.566934
-1.62428 0.431378 -2.35875 1.03057 0.784936 1.03057 0.784936 0.566934
-1.64332 0.369127 -2.31364 1.13642 0.768655 1.13642 0.768655 0.618319
-1.65385 0.312493 -2.27716 1.13642 0.768655 1.13642 0.768655 0.618319
-1.65935 0.263746 -2.23924 1.12536 0.784761 1.12253 0.783396 0.673272
-1.66862 0.210105 -2.20832 1.12806 0.729786 0.995688 0.666037 0.676649
-1.67764 0.15454 -2.1783 1.12806 0.729786 0.995688 0.666037 0.676649
-1.68548 0.0962959 -2.13867 1.19033 0.670727 0.918656 0.539895 0.606364
-1.69162 0.0396903 -2.10347 1.19987 0.653519 0.795061 0.458575 0.532422
-1.69733 -0.0126777 -2.06576 1.22631 0.570627 0.824259 0.397943 0.532422
-1.70149 -0.0617838 -2.02545 1.23607 0.549165 0.666509 0.402721 0.468355
-1.70454 -0.106144 -1.99486 1.25646 0.459926 0.538145 0.351657 0.432284
-1.70416 -0.144284 -1.9591 1.25646 0.459926 0.538145 0.351657 0.432284
-1.70122 -0.178555 -1.92693 1.26072 0.448122 0.465075 0.328198 0.383363
-1.69663 -0.210252 -1.89231 1.28258 0.435658 0.392876 0.301557 0.331744
-1.69068 -0.238011 -1.86227 1.28258 0.435658 0.392876 0.301557 0.331744
-1.68402 -0.263173 -1.83118 1.2895 0.381377 0.296459 0.2317 0.296989
-1.67724 -0.285076 -1.80509 1.29918 0.346976 0.256309 0.182154 0.258575
-1.67187 -0.301943 -1.77716 1.32333 0.34268 0.256309 0.182154 0.258575
-1.66744 -0.317067 -1.74717 1.32907 0.319704 0.178558 0.146015 0.246998
-1.66261 -0.330489 -1.72529 1.34209 0.259657 0.172857 0.0830685 0.241534
-1.65946 -0.341016 -1.69823 1.33028 0.231458 0.172857 0.0830685 0.241534
-1.65748 -0.349923 -1.67145 1.33816 0.180424 0.153053 0.0386229 0.227676
-1.65598 -0.359279 -1.64754 1.33748 0.173971 0.153053 0.0386229 0.214576
-1.65574 -0.367126 -1.62552 1.34357 0.1181 0.13686 0.0123421 0.214576
-1.65582 -0.375453 -1.60601 1.32263 0.0529441 0.125512 -0.00898597 0.207027
-1.65631 -0.382228 -1.59066 1.32263 0.0529441 0.125512 -0.00898597 0.200964
-1.65753 -0.388014 -1.57485 1.32368 0.00548239 0.133072 -0.0355404 0.200964
-1.65926 -0.395447 -1.55684 1.34462 -0.0138236 0.116195 -0.0404987 0.19779
-1.66103 -0.401824 -1.54273 1.34429 -0.0330425 0.104574 -0.0414863 0.194749
-1.66282 -0.407831 -1.52967 1.35524 -0.0289456 0.104574 -0.0414863 0.194749
-1.66446 -0.413571 -1.51569 1.35499 -0.0388679 0.0921803 -0.0417055 0.193957
-1.66594 -0.418924 -1.50112 1.32967 -0.0545417 0.0851331 -0.0388685 0.192889
-1.66713 -0.423749 -1.49052 1.32967 -0.0545417 0.0851331 -0.0388685 0.192889
-1.66854 -0.428129 -1.48121 1.34517 -0.0541158 0.100541 -0.0382306 0.191543
-1.66999 -0.433341 -1.47153 1.34429 -0.0726971 0.096428 -0.0330862 0.190673
-1.67104 -0.438602 -1.46267 1.34429 -0.0726971 0.096428 -0.0330862 0.190673
-1.67189 -0.443319 -1.4562 1.33768 -0.0730124 0.100745 -0.0245817 0.191369
-1.67279 -0.448636 -1.44641 1.33785 -0.069779 0.102408 -0.0204261 0.190554
-1.67316 -0.454031 -1.43818 1.35846 -0.060136 0.102408 -0.0204261 0.190554
-1.67329 -0.459361 -1.42951 1.35844 -0.0605055 0.0858907 -0.0184105 0.190583
-1.67334 -0.464512 -1.42252 1.34536 -0.056505 0.0789701 -0.0167695 0.189565
-1.67356 -0.46934 -1.41445 1.34536 -0.056505 0.0789701 -0.0167695 0.18758
-1.6737 -0.473493 -1.40506 1.3439 -0.0843808 0.103937 -0.024659 0.18758
-1.67467 -0.478485 -1.39627 1.35999 -0.0769851 0.0937425 -0.0266081 0.187737
-1.67516 -0.483981 -1.38983 1.35999 -0.0769851 0.0937425 -0.0266081 0.188375
-1.67525 -0.488761 -1.38629 1.34213 -0.0809764 0.150438 -0.0392113 0.188375
-1.67576 -0.495483 -1.38037 1.3421 -0.0815026 0.163656 -0.0408531 0.188726
-1.67635 -0.504216 -1.3731 1.35795 -0.0916605 0.154918 -0.0381021 0.191752
-1.67622 -0.513218 -1.36889 1.35795 -0.0916605 0.154918 -0.0381021 0.191752
-1.67659 -0.521492 -1.36121 1.35849 -0.0832293 0.27104 -0.0473337 0.192111
-1.67743 -0.533563 -1.35531 1.33843 -0.115277 0.447672 -0.0685394 0.196399
-1.67859 -0.552691 -1.35132 1.33843 -0.115277 0.447672 -0.0685394 0.196399
-1.67801 -0.575556 -1.34768 1.34483 -0.127738 0.603008 -0.0676635 0.202091
-1.67645 -0.603729 -1.34213 1.3444 -0.132122 0.896437 -0.0845796 0.210563
-1.67382 -0.641093 -1.3453 1.34355 -0.131312 0.896437 -0.0845796 0.224965
-1.67059 -0.671602 -1.35214 1.3451 -0.11437 1.2131 -0.123287 0.224965
-1.66797 -0.685999 -1.36246 1.34667 -0.0941632 1.34667 -0.0941632 0.259003
-1.66724 -0.703152 -1.35332 1.34599 -0.0881878 1.34599 -0.0881878 0.279226
-1.66666 -0.723665 -1.35811 1.34808 -0.0463795 1.34808 -0.0463795 0.279226
-1.66626 -0.73136 -1.37125 1.34242 0.0182123 1.34242 0.0182123 0.304966
-1.66713 -0.745257 -1.36935 1.34242 0.0182123 1.34242 0.0182123 0.311033
-1.66595 -0.774356 -1.3744 1.34676 0.121302 1.34676 0.121302 0.311033
-1.66217 -0.817567 -1.38589 1.3462 0.127451 1.3462 0.127451 0.330889
-1.65647 -0.872211 -1.39409 1.33453 0.153505 1.33453 0.153505 0.375469
-1.64832 -0.933863 -1.38806 1.33175 0.199878 1.33175 0.199878 0.375469
-1.63705 -1.00006 -1.3722 1.32543 0.238241 1.32543 0.238241 0.451271
-1.62272 -1.06783 -1.35338 1.28145 0.427937 1.28145 0.427937 0.545234
-1.60685 -1.13609 -1.33329 1.26451 0.475658 1.26451 0.475658 0.545234
-1.58937 -1.20421 -1.31062 1.11529 0.798695 1.11529 0.798695 0.644575
-1.56995 -1.27249 -1.28931 1.11529 0.798695 1.11529 0.798695 0.733262
-1.54869 -1.33973 -1.26676 1.0071 0.970946 1.0071 0.970946 0.733262
-1.51959 -1.40226 -1.22223 0.991493 0.986875 0.991493 0.986875 0.824403
-1.48103 -1.45823 -1.15537 0.991493 0.986875 0.991493 0.986875 0.824403
-1.43523 -1.50533 -1.08217 0.888965 1.14848 0.888965 1.14848 0.896809
-1.38339 -1.5435 -1.00597 0.874263 1.15972 0.874263 1.15972 0.947899
-1.32691 -1.57464 -0.942818 0.867544 1.1539 0.867544 1.1539 0.947899
-1.26671 -1.59935 -0.888785 0.855136 1.16313 0.855136 1.16313 0.974264
-1.20299 -1.61602 -0.829893 0.938222 1.05594 0.938222 1.05594 0.978281
-1.13683 -1.62712 -0.778354 0.938222 1.05594 0.938222 1.05594 0.978281
-1.06926 -1.6341 -0.723513 0.937813 1.05631 0.937813 1.05631 0.970665
-1.00126 -1.63832 -0.662332 1.01705 0.995762 1.01705 0.995762 0.960411
-0.932792 -1.6377 -0.601164 1.01705 0.995762 1.01705 0.995762 0.960411
-0.864375 -1.63293 -0.550903 1.11804 0.821634 1.11804 0.821634 0.946775
-0.795695 -1.62999 -0.504668 1.11909 0.820208 1.11909 0.820208 0.944047
-0.727105 -1.62779 -0.458204 1.19844 0.680274 1.19844 0.680274 0.944047
-0.658259 -1.62355 -0.409837 1.19862 0.679967 1.19862 0.679967 0.954388
-0.589715 -1.61969 -0.372786 1.19787 0.681279 1.19787 0.681279 0.975556
-0.520849 -1.61645 -0.336268 1.25106 0.633179 1.25106 0.633179 0.975556
-0.451743 -1.61232 -0.30184 1.24946 0.636336 1.24946 0.636336 1.00235
-0.382718 -1.60764 -0.270064 1.334 0.474895 1.334 0.474895 1.04473
-0.313809 -1.60126 -0.235902 1.33255 0.478949 1.33255 0.478949 1.04473
-0.2446 -1.59618 -0.211046 1.38574 0.348532 1.38574 0.348532 1.09518
-0.173882 -1.59494 -0.195898 1.38574 0.348532 1.38574 0.348532 1.09518
-0.102089 -1.59604 -0.181528 1.36275 0.292764 1.36275 0.292764 1.10109
-0.0301763 -1.59647 -0.16094 1.39255 0.266213 1.39255 0.266213 1.00006
0.0425361 -1.59591 -0.135001 1.39255 0.266213 1.39255 0.266213 1.00006
0.115352 -1.59479 -0.115749 1.39312 0.263241 1.39312 0.263241 0.898512
0.188623 -1.59336 -0.101773 1.39383 0.259452 1.39383 0.259452 0.80891
0.251599 -1.58956 -0.100891 1.39566 0.123189 1.39566 0.123189 0.80891
0.298359 -1.58258 -0.111784 1.39577 0.121947 1.39577 0.121947 0.717701
0.339955 -1.57693 -0.102925 1.3825 0.0858693 1.27134 0.102624 0.659793
0.392522 -1.57574 -0.0906471 1.3825 0.0858693 1.27134 0.102624 0.659793
0.452082 -1.57849 -0.0871497 1.38231 0.0888892 1.1486 0.124114 0.601018
0.515816 -1.58126 -0.0864892 1.37364 0.0621751 1.14247 0.0773232 0.543676
0.57819 -1.58418 -0.0808555 1.37364 0.0621751 1.14247 0.0773232 0.543676
0.637535 -1.58705 -0.0761374 1.32428 0.166354 1.04064 0.0944731 0.486225
0.69671 -1.59005 -0.0684069 1.32428 0.166354 1.04064 0.0944731 0.486225
0.753614 -1.59163 -0.055463 1.31104 0.296477 0.923046 0.180738 0.460097
0.805509 -1.58975 -0.0341944 1.31157 0.294132 0.853003 0.207907 0.423894
0.854329 -1.58514 -0.0108043 1.31157 0.294132 0.853003 0.207907 0.423894
0.900689 -1.5784 0.011935 1.30089 0.382868 0.779852 0.225437 0.403075
0.939368 -1.56992 0.0358578 1.30468 0.369771 0.723253 0.192188 0.396348
0.983135 -1.55886 0.0686235 1.26268 0.413271 0.723253 0.192188 0.396348
1.02085 -1.54893 0.102226 1.26494 0.406316 0.695848 0.101222 0.370188
1.0577 -1.54027 0.137648 1.25557 0.386275 0.663316 0.0128484 0.344099
1.09242 -1.53428 0.171004 1.25557 0.386275 0.663316 0.0128484 0.344099
1.12692 -1.52946 0.201024 1.26229 0.363706 0.625104 -0.0715919 0.323036
1.16074 -1.5257 0.23472 1.25138 0.368845 0.599087 -0.130558 0.308908
1.19272 -1.52474 0.267894 1.25138 0.368845 0.599087 -0.130558 0.308908
1.22464 -1.52372 0.30242 1.23357 0.424995 0.533254 -0.130146 0.296363
1.25528 -1.52156 0.340032 1.23843 0.41063 0.486757 -0.135407 0.287899
1.2826 -1.51994 0.377701 1.20657 0.401738 0.486757 -0.135407 0.287899
1.30844 -1.51788 0.418123 1.20992 0.391544 0.479968 -0.169173 0.278226
1.33492 -1.51511 0.454181 1.21388 0.379096 0.464535 -0.195475 0.26908
1.3616 -1.5126 0.491746 1.21476 0.389218 0.464535 -0.195475 0.26908
1.38801 -1.51062 0.527776 1.21875 0.376556 0.440946 -0.206459 0.26056
1.40893 -1.50846 0.5576 1.21585 0.338426 0.437755 -0.209209 0.26056
1.43894 -1.50503 0.595013 1.21585 0.338426 0.437755 -0.209209 0.252954
1.46341 -1.50115 0.632865 1.30619 0.380498 0.463113 -0.196344 0.248656
1.48873 -1.49623 0.670915 1.30834 0.373022 0.507609 -0.155833 0.248872
1.51446 -1.48766 0.708704 1.31206 0.353951 0.507609 -0.155833 0.248872
1.54065 -1.47632 0.746237 1.3119 0.354553 0.473076 -0.111497 0.25004
1.56471 -1.46343 0.788686 1.31127 0.356874 0.447815 -0.0500732 0.252829
1.5851 -1.45098 0.825859 1.34434 0.34934 0.447815 -0.0500732 0.252829
1.6029 -1.43508 0.873261 1.34256 0.356125 0.37365 0.0500506 0.252353
1.61781 -1.41999 0.90028 1.35045 0.305392 0.375459 0.0558306 0.253358
1.62873 -1.40403 0.933927 1.35045 0.305392 0.375459 0.0558306 0.253358
1.63855 -1.38653 0.979813 1.37174 0.299678 0.31184 0.0927504 0.250579
1.64714 -1.36981 1.01206 1.37298 0.293953 0.310604 0.108003 0.24295
1.65336 -1.3536 1.04388 1.37298 0.293953 0.310604 0.108003 0.24295
1.65831 -1.3372 1.07592 1.40012 0.252448 0.370085 0.0940886 0.240393
1.6633 -1.3196 1.10777 1.40238 0.239529 0.399185 0.0886363 0.238122
1.67028 -1.29988 1.13445 1.40588 0.207058 0.399185 0.0886363 0.238122
1.67769 -1.28049 1.14661 1.40782 0.193444 0.438849 0.0747186 0.236705
1.68454 -1.2579 1.17273 1.39583 0.169769 0.429163 0.0760634 0.239016
1.69083 -1.23569 1.18838 1.39583 0.169769 0.429163 0.0760634 0.239016
1.69688 -1.21339 1.20671 1.39565 0.171297 0.403515 0.0875291 0.246135
1.70232 -1.19173 1.22741 1.36779 0.178498 0.396803 0.0987824 0.251004
1.70662 -1.17028 1.24838 1.36779 0.178498 0.396803 0.0987824 0.251004
1.70982 -1.14966 1.26602 1.37644 0.19047 0.381067 0.107753 0.255257
1.71289 -1.12876 1.28599 1.37702 0.186246 0.401154 0.10383 0.257781
1.71406 -1.10721 1.28973 1.3572 0.181538 0.401154 0.10383 0.257781
1.71654 -1.08635 1.31491 1.35767 0.177969 0.372874 0.112548 0.260198
1.71797 -1.0658 1.3289 1.36575 0.170976 0.377933 0.110434 0.259526
1.71882 -1.04544 1.34017 1.33816 0.162153 0.377933 0.110434 0.259526
1.71895 -1.02533 1.35404 1.34062 0.140384 0.440784 0.0711771 0.259542
1.72055 -1.0039 1.36595 1.35361 0.128307 0.442414 0.0607975 0.259077
1.72388 -0.980394 1.37576 1.35361 0.128307 0.442414 0.0607975 0.259077
1.72786 -0.957063 1.38544 1.30809 0.0980734 0.446282 0.0481344 0.258772
1.73064 -0.933617 1.39446 1.30819 0.0967434 0.406667 0.063999 0.261243
1.73283 -0.911 1.40145 1.31188 0.0948068 0.406667 0.063999 0.261708
1.73428 -0.890227 1.4081 1.31043 0.113087 0.358717 0.0987845 0.261708
1.73443 -0.870091 1.41616 1.30908 0.127708 0.343261 0.103562 0.263054
1.73312 -0.851588 1.42527 1.35245 0.124488 0.343261 0.103562 0.262697
1.73187 -0.833064 1.43272 1.35248 0.124176 0.346259 0.0978029 0.262697
1.73076 -0.814895 1.44186 1.33981 0.116861 0.309975 0.107334 0.253757
1.72934 -0.797373 1.44319 1.33981 0.116861 0.309975 0.107334 0.245151
1.72623 -0.780818 1.44744 1.36243 0.0817397 0.330798 0.0821978 0.245151
1.72435 -0.764259 1.45213 1.36362 0.0584721 0.349842 0.0682475 0.244084
1.72468 -0.746137 1.45534 1.36475 0.0185241 0.337274 0.0498425 0.241621
1.72476 -0.727633 1.4596 1.35268 0.0166618 0.337274 0.0498425 0.241621
1.72584 -0.709585 1.46409 1.35273 -0.0118129 0.369009 0.0243231 0.243906
1.72699 -0.691395 1.4622 1.34851 -0.0425858 0.418337 -0.0071998 0.245568
1.72981 -0.671397 1.46543 1.34851 -0.0425858 0.418337 -0.0071998 0.245568
1.73339 -0.649716 1.46902 1.33536 -0.0751174 0.469984 -0.0384919 0.247319
1.73819 -0.626531 1.47107 1.33453 -0.0886964 0.508821 -0.0651056 0.249821
1.74425 -0.601182 1.47062 1.33453 -0.0886964 0.508821 -0.0651056 0.249821
1.75064 -0.574913 1.47213 1.34806 -0.0999905 0.4687 -0.119128 0.256257
1.7588 -0.550453 1.47354 1.34714 -0.111653 0.450125 -0.201508 0.262684
1.7696 -0.528318 1.47855 1.35166 -0.104335 0.450125 -0.201508 0.273837
1.78223 -0.50691 1.48089 1.35107 -0.111638 0.42341 -0.214465 0.273837
1.79562 -0.485711 1.47854 1.35563 -0.0926974 0.411598 -0.199454 0.270803
1.8081 -0.465026 1.48493 1.35563 -0.0926974 0.411598 -0.199454 0.261334
1.81993 -0.444889 1.49132 1.35555 -0.0939503 0.398983 -0.176271 0.261334
1.83228 -0.425522 1.49387 1.33151 -0.0786276 0.375735 -0.132649 0.257244
1.84143 -0.40598 1.5025 1.33151 -0.0786276 0.375735 -0.132649 0.257083
1.84965 -0.3873 1.50918 1.34712 -0.0507623 0.358683 -0.0995802 0.257083
1.85751 -0.369379 1.51421 1.34775 -0.0295846 0.338982 -0.0695546 0.257112
1.86223 -0.355245 1.51801 1.34009 -0.00313806 0.314122 -0.0449586 0.257112
1.86731 -0.334826 1.52307 1.34009 -0.00313806 0.314122 -0.0449586 0.258202
1.87141 -0.320003 1.53234 1.37951 0.0413943 0.295148 -0.0279427 0.251645
1.87434 -0.304633 1.54005 1.37914 0.0522655 0.291984 -0.0135916 0.246264
1.87688 -0.289516 1.55057 1.37914 0.0522655 0.291984 -0.0135916 0.246264
1.87756 -0.273821 1.55765 1.36108 0.0566795 0.278016 -0.0101618 0.241436
1.87978 -0.25954 1.56346 1.36087 0.061402 0.26191 -0.0114806 0.239262
1.88039 -0.244743 1.58256 1.37113 0.0669374 0.26191 -0.0114806 0.239262
1.88286 -0.232053 1.58576 1.37059 0.0770992 0.242572 -0.0140561 0.232722
1.88381 -0.218983 1.59336 1.37399 0.0839131 0.245589 -0.00900961 0.227304
1.88566 -0.206941 1.60429 1.37399 0.0839131 0.245589 -0.00900961 0.227304
1.88634 -0.193961 1.61231 1.37333 0.0941452 0.269956 -0.00106373 0.22465
1.88713 -0.180194 1.62478 1.36566 0.109724 0.28414 0.00978259 0.223102
1.88695 -0.165511 1.63729 1.36566 0.109724 0.28414 0.00978259 0.220472
1.88659 -0.150523 1.64739 1.35848 0.128649 0.269509 0.00978915 0.220472
1.88627 -0.135976 1.65906 1.35823 0.13128 0.292172 0.00986251 0.218799
1.88419 -0.120657 1.6723 1.39229 0.136664 0.292172 0.00986251 0.218497
1.88404 -0.106046 1.67955 1.39183 0.141241 0.346711 0.0294426 0.218497
1.88223 -0.0895456 1.68697 1.39106 0.148625 0.413355 0.0593964 0.220591
1.879 -0.0695398 1.69583 1.38169 0.15268 0.468532 0.0995338 0.222424
1.87333 -0.0463542 1.70758 1.38169 0.15268 0.468532 0.0995338 0.222424
1.86837 -0.0224429 1.71427 1.39032 0.14366 0.524826 0.127188 0.228257
1.86077 0.00292502 1.72228 1.39041 0.142826 0.572894 0.149778 0.234404
1.8516 0.0304289 1.73717 1.35893 0.138708 0.572894 0.149778 0.234404
1.84223 0.0590527 1.74211 1.36127 0.113503 0.583082 0.104056 0.246117
1.83277 0.0881855 1.75495 1.36349 0.0826492 0.585204 0.0321722 0.262465
1.82455 0.11848 1.76335 1.39456 0.0894568 0.585204 0.0321722 0.262465
1.81929 0.148531 1.77154 1.39532 0.0766323 0.581823 -0.0249929 0.286639
1.81484 0.178845 1.78373 1.37538 0.063169 0.542811 -0.0362838 0.30426
1.81184 0.208153 1.79076 1.37538 0.063169 0.542811 -0.0362838 0.30426
1.80944 0.235935 1.79847 1.35787 0.060107 0.520137 -0.0536878 0.296114
1.80702 0.263539 1.80805 1.35796 0.0579559 0.470602 -0.0365189 0.290955
1.80453 0.289226 1.81689 1.35796 0.0579559 0.470602 -0.0365189 0.290955
1.80168 0.313106 1.82612 1.3576 0.0659422 0.423533 -0.00640039 0.286561
1.79801 0.335577 1.83751 1.35705 0.076429 0.388919 0.00556063 0.281493
1.79345 0.35597 1.84758 1.36608 0.103767 0.359759 0.00986975 0.267852
1.78894 0.374589 1.85825 1.36608 0.103767 0.359759 0.00986975 0.267852
1.78438 0.392169 1.87226 1.36072 0.125786 0.335133 0.0101334 0.256275
1.77995 0.409501 1.8884 1.36236 0.106559 0.297128 0.0229894 0.25094
1.77528 0.425233 1.90798 1.34639 0.111835 0.297128 0.0229894 0.25094
1.7704 0.439497 1.92949 1.3479 0.0918508 0.285849 0.000906192 0.245237
1.76561 0.45383 1.94508 1.34923 0.0696499 0.26129 -0.00252094 0.240941
1.76134 0.46769 1.96502 1.33988 0.0764047 0.26129 -0.00252094 0.240941
1.75723 0.480743 1.98607 1.34082 0.057621 0.249164 -0.00071186 0.238358
1.7535 0.493148 2.00746 1.35953 0.0730532 0.267167 -0.0344259 0.234603
1.74932 0.506003 2.02886 1.35953 0.0730532 0.267167 -0.0344259 0.234603
1.74517 0.519624 2.04738 1.36016 0.0600388 0.25633 -0.0396064 0.229132
1.74108 0.533382 2.06912 1.36064 0.0480179 0.256685 -0.0520927 0.22141
1.73735 0.547085 2.09257 1.36064 0.0480179 0.256685 -0.0520927 0.215691
1.73405 0.56019 2.11476 1.33738 -0.000569004 0.298791 -0.0963424 0.215691
1.73056 0.575375 2.13585 1.33731 -0.0136861 0.313972 -0.116223 0.2117
1.72748 0.59178 2.15243 1.28682 -0.0645188 0.313972 -0.116223 0.211243
1.72359 0.608876 2.1705 1.28643 -0.0718813 0.452441 -0.190944 0.211243
1.71981 0.630892 2.18691 1.34379 -0.0196054 0.709073 -0.297794 0.215622
1.71325 0.661155 2.20612 1.34393 -0.00251832 0.753186 -0.249069 0.22183
1.70408 0.697434 2.2223 1.34393 -0.00251832 0.753186 -0.249069 0.22183
1.69187 0.736448 2.24018 1.35367 0.0289259 0.730517 -0.186909 0.236794
1.67772 0.774128 2.26078 1.35211 0.0710669 0.703029 -0.0871877 0.258573
1.66112 0.807674 2.28233 1.3394 0.0922017 0.703029 -0.0871877 0.258573
1.6427 0.839308 2.31058 1.33528 0.13978 0.693356 0.00333969 0.284357
1.62161 0.869056 2.33967 1.34458 0.243755 0.666002 0.072515 0.313955
1.59804 0.894534 2.36743 1.34458 0.243755 0.666002 0.072515 0.313955
1.57301 0.918353 2.39563 1.34556 0.309367 0.641132 0.131327 0.331678
1.54692 0.939702 2.42367 1.31718 0.323252 0.611561 0.167168 0.312544
1.51965 0.957794 2.45454 1.31718 0.323252 0.611561 0.167168 0.312544
1.49204 0.973719 2.48149 1.34676 0.322696 0.60128 0.164436 0.291605
1.46376 0.989101 2.50927 1.35268 0.296894 0.582861 0.156348 0.292017
1.4355 1.00334 2.54001 1.29617 0.232099 0.582861 0.156348 0.292017
1.40747 1.01654 2.57018 1.29744 0.224895 0.604401 0.106097 0.288919
1.38036 1.03016 2.59184 1.27739 0.179467 0.626444 0.0585013 0.296453
1.35184 1.04591 2.61882 1.27739 0.179467 0.626444 0.0585013 0.296453
1.3235 1.06231 2.64354 1.27678 0.183769 0.629935 -0.00859204 0.306917
1.29499 1.07939 2.66652 1.25713 0.15959 0.651999 -0.0966604 0.308761
1.26728 1.09926 2.68938 1.25713 0.15959 0.651999 -0.0966604 0.308761
1.23994 1.12044 2.71124 1.25682 0.161988 0.624781 -0.0782784 0.304785
1.21259 1.14057 2.73055 1.25696 0.160896 0.619265 -0.0456866 0.304033
1.18494 1.15815 2.75435 1.23528 0.132571 0.619265 -0.0456866 0.304033
1.15734 1.17389 2.77448 1.39358 0.220315 0.609453 -0.0170947 0.301972
1.12825 1.18851 2.79423 1.39023 0.240544 0.616472 0.0606322 0.301094
1.09897 1.20048 2.81873 1.3724 0.22838 0.616472 0.0606322 0.301094
1.06835 1.20998 2.84165 1.36584 0.264803 0.572435 0.123585 0.304734
1.03744 1.21665 2.86221 1.35341 0.325256 0.506529 0.204161 0.303425
1.00946 1.21867 2.87874 1.35341 0.325256 0.506529 0.204161 0.303425
0.982467 1.21769 2.89714 1.37389 0.383577 0.437058 0.242373 0.293372
0.956309 1.21538 2.91945 1.35292 0.452004 0.362134 0.302668 0.273807
0.934061 1.20949 2.93814 1.35292 0.452004 0.362134 0.302668 0.250242
0.912928 1.20159 2.95255 1.31981 0.491872 0.313993 0.340269 0.250242
0.892778 1.19254 2.96415 1.29516 0.553526 0.283593 0.401056 0.240746
0.873787 1.18163 2.97954 1.30021 0.515155 0.28936 0.362795 0.240746
0.855093 1.16977 2.99404 1.28859 0.543568 0.272455 0.390411 0.2322
0.83747 1.15766 3.01124 1.32089 0.54308 0.264023 0.418533 0.231801
0.822546 1.14496 3.02458 1.32089 0.54308 0.264023 0.418533 0.231801
0.804055 1.12922 3.03545 1.32129 0.542107 0.269225 0.429441 0.234553
0.787519 1.11315 3.04652 1.31271 0.438594 0.282683 0.437622 0.240168
0.770867 1.09639 3.05609 1.31271 0.438594 0.282683 0.437622 0.248723
0.75429 1.07939 3.06066 1.34773 0.374083 0.305336 0.427446 0.248723
0.737176 1.06278 3.0616 1.35038 0.364394 0.323695 0.431641 0.259048
0.718983 1.04652 3.06349 1.36466 0.290233 0.323695 0.431641 0.269702
0.699979 1.02969 3.06837 1.36955 0.266207 0.344644 0.420687 0.269702
0.681248 1.01309 3.06741 1.39711 0.209937 0.318904 0.37245 0.282238
0.662816 0.99759 3.06632 1.39711 0.209937 0.318904 0.37245 0.293602
0.645166 0.982957 3.06565 1.40023 0.188026 0.4284 0.341789 0.293602
0.625989 0.968751 3.06104 1.4227 0.115537 0.497809 0.426406 0.302885
0.60295 0.95387 3.05287 1.4227 0.115537 0.497809 0.426406 0.305205
0.577089 0.938426 3.04891 1.42337 0.0467969 0.565267 0.403967 0.305205
0.549606 0.923332 3.04001 1.42397 0.0217923 0.62272 0.299681 0.311638
0.518621 0.911951 3.03278 1.42855 -0.0381324 0.632778 0.217756 0.320097
0.486168 0.904818 3.02081 1.42855 -0.0381324 0.632778 0.217756 0.320097
0.452996 0.900253 3.00923 1.42623 -0.0898445 0.651668 0.0949497 0.336751
0.419891 0.899089 3.00293 1.47462 -0.10113 0.651668 0.0949497 0.338203
0.387045 0.901393 2.99688 1.47115 -0.143014 0.670058 0.00439905 0.338203
0.353291 0.905385 2.9862 1.45865 -0.174086 0.686849 -0.080022 0.324127
0.319938 0.914005 2.97632 1.45865 -0.174086 0.686849 -0.080022 0.315437
0.286479 0.924833 2.96787 1.4251 -0.192753 0.711372 -0.142907 0.315437
0.253134 0.93755 2.96192 1.41996 -0.227535 0.712923 -0.188225 0.314829
0.219617 0.953368 2.95367 1.41996 -0.227535 0.712923 -0.188225 0.317033
0.186171 0.970741 2.945 1.44446 -0.192461 0.617413 -0.188472 0.317033
0.155036 0.987263 2.936 1.44218 -0.208873 0.502471 -0.18534 0.325698
0.129037 1.00217 2.92666 1.40676 -0.172945 0.502471 -0.18534 0.321477
0.10636 1.01649 2.92039 1.40486 -0.187762 0.389327 -0.17022 0.321477
0.086062 1.02941 2.91494 1.44546 -0.114197 0.321009 -0.277243 0.286382
0.0711797 1.04359 2.91288 1.44546 -0.114197 0.321009 -0.277243 0.258357
0.059001 1.06029 2.91652 1.40769 -0.146227 0.252961 -0.320274 0.258357
0.0486789 1.07739 2.91758 1.43167 -0.16757 0.200408 -0.353152 0.242166
0.0401492 1.09521 2.9216 1.43167 -0.16757 0.200408 -0.353152 0.229476
0.0331725 1.11303 2.92416 1.3839 -0.176484 0.1879 -0.356752 0.229476
0.0254536 1.13021 2.93029 1.38001 -0.204714 0.226259 -0.378614 0.222827
0.0178976 1.14865 2.94002 1.39807 -0.159121 0.250427 -0.361137 0.218275
0.00899331 1.1681 2.9512 1.39807 -0.159121 0.250427 -0.361137 0.218275
-0.000144738 1.18757 2.96367 1.3765 -0.141854 0.2534 -0.324903 0.220599
-0.0103856 1.20567 2.97822 1.37823 -0.123957 0.307603 -0.276145 0.217987
-0.0212519 1.22276 2.99362 1.37823 -0.123957 0.307603 -0.276145 0.217987
-0.0343717 1.23802 3.00158 1.41311 -0.095273 0.30577 -0.243133 0.220246
-0.0480766 1.25298 3.01734 1.41311 -0.095273 0.30577 -0.243133 0.22035
-0.061937 1.26668 3.03024 1.43098 -0.0532958 0.317188 -0.207813 0.22035
-0.0758293 1.27964 3.03618 1.4318 -0.0222453 0.32661 -0.152287 0.221475
-0.0912589 1.29037 3.04921 1.3966 0.00315573 0.296086 -0.0946219 0.223344
-0.106807 1.29816 3.06291 1.3966 0.00315573 0.296086 -0.0946219 0.223344
-0.121639 1.30379 3.07004 1.39578 0.0479077 0.266468 -0.0509352 0.221737
-0.135916 1.3083 3.08552 1.41608 0.0807926 0.248131 -0.0221133 0.218628
-0.148485 1.31135 3.09744 1.41608 0.0807926 0.248131 -0.0221133 0.218628
-0.16057 1.31365 3.10913 1.41327 0.119365 0.206769 0.0144705 0.217728
-0.171928 1.31517 3.11361 1.41036 0.149844 0.180264 0.0198693 0.213998
-0.181646 1.31487 3.12214 1.37689 0.150292 0.180264 0.0198693 0.213998
-0.190449 1.31464 3.13232 1.37686 0.150584 0.153281 0.0229317 0.206081
-0.198717 1.31426 3.13951 1.37744 0.145149 0.137667 0.0224237 0.202438
-0.206239 1.31382 -3.1369 1.40553 0.153367 0.137667 0.0224237 0.200637
-0.213255 1.31361 -3.12571 1.40685 0.140718 0.13331 0.0315722 0.200637
-0.220202 1.31315 -3.11741 1.42517 0.188875 0.175605 0.0328798 0.196805
-0.227352 1.31163 -3.11315 1.42517 0.188875 0.175605 0.0328798 0.191689
-0.236693 1.31111 -3.10478 1.41366 0.117971 0.231471 0.029311 0.191689
-0.247189 1.31068 -3.09964 1.40417 0.20165 0.226206 0.0205081 0.187656
-0.259764 1.3099 -3.09286 1.40417 0.20165 0.226206 0.0205081 0.18447
-0.271592 1.30912 -3.08673 1.40578 0.0974653 0.257766 0.0143814 0.18447
-0.284078 1.30834 -3.08373 1.40666 0.0836583 0.365734 0.0260948 0.183751
-0.300806 1.3084 -3.07748 1.41616 0.0933658 0.796291 0.0827579 0.185899
-0.329079 1.30762 -3.09402 1.41616 0.0933658 0.796291 0.0827579 0.185899
-0.365169 1.30624 -3.09151 1.38439 0.0974654 1.04938 0.118313 0.19398
-0.410876 1.30275 -3.09703 1.38592 0.0725267 1.01811 0.0170883 0.2181
-0.462475 1.29828 -3.10177 1.37358 0.0717707 1.01794 0.0181677 0.2181
-0.51536 1.29499 -3.09418 1.37281 0.0851376 0.929685 0.0183467 0.252465
-0.565353 1.29397 -3.08684 1.37337 0.0756722 0.791194 -0.0120765 0.302415
-0.609434 1.29326 -3.08255 1.37095 0.150881 0.780056 0.0618182 0.302415
-0.650179 1.29031 -3.05973 1.36699 0.183345 0.603391 0.0682519 0.359727
-0.685171 1.28658 -3.05573 1.36359 0.266643 0.496297 0.0689475 0.369032
-0.713116 1.28147 -3.04175 1.36359 0.266643 0.496297 0.0689475 0.369032
-0.737652 1.27674 -3.01986 1.35853 0.291338 0.42188 -0.00952557 0.318586
-0.760914 1.27489 -3.00453 1.32817 0.433599 0.323822 -0.0500692 0.27815
-0.778346 1.27513 -2.98374 1.32817 0.433599 0.323822 -0.0500692 0.27815
-0.796486 1.2759 -2.9501 1.3361 0.492595 0.225748 -0.0421224 0.264787
-0.810588 1.2769 -2.92258 1.3527 0.444995 0.222196 -0.0994266 0.245353
-0.822196 1.27805 -2.89873 1.35379 0.391231 0.243419 -0.143496 0.21862
-0.834993 1.28178 -2.87254 1.36879 0.334998 0.211594 -0.171469 0.21862
-0.848012 1.28571 -2.85455 1.40449 0.24022 0.14948 -0.17188 0.218473
-0.859532 1.29111 -2.83612 1.40449 0.24022 0.14948 -0.17188 0.216206
-0.869317 1.29656 -2.81501 1.40796 0.218927 0.137117 -0.146918 0.216206
-0.878483 1.30202 -2.79421 1.39676 0.127706 0.132055 -0.125484 0.206145
-0.887444 1.30564 -2.77204 1.39983 0.0878925 0.12037 -0.113799 0.212702
-0.89575 1.30692 -2.74982 1.4429 0.107111 0.12037 -0.113799 0.212702
-0.903776 1.30958 -2.72411 1.44312 0.104134 0.132744 -0.0797669 0.21849
-0.912059 1.31129 -2.69997 1.42739 0.0672942 0.135724 -0.0583151 0.209839
-0.920042 1.31137 -2.68158 1.42739 0.0672942 0.135724 -0.0583151 0.209839
-0.927533 1.31107 -2.66127 1.42858 0.0335301 0.096231 -0.0424603 0.209716
-0.934596 1.31022 -2.63737 1.47641 0.025942 0.103822 -0.0510194 0.207827
-0.940513 1.31047 -2.62044 1.47641 0.025942 0.103822 -0.0510194 0.207827
-0.946287 1.31024 -2.60122 1.45356 -0.0366232 0.111746 -0.0377049 0.203364
-0.952671 1.31049 -2.57896 1.45254 -0.0656044 0.0958774 -0.0353275 0.202568
-0.958563 1.30926 -2.56377 1.49173 -0.0559348 0.0958774 -0.0353275 0.202568
-0.963926 1.30785 -2.54702 1.49122 -0.0682043 0.085077 -0.0333071 0.20187
-0.969556 1.30731 -2.52846 1.48461 -0.0924662 0.123265 -0.0470626 0.201163
-0.975438 1.30617 -2.51135 1.47669 -0.105055 0.123265 -0.0470626 0.201163
-0.982759 1.30443 -2.49284 1.47581 -0.116778 0.133264 -0.0606235 0.201393
-0.98992 1.30409 -2.47495 1.46131 -0.153387 0.111598 -0.0592305 0.204091
-0.996861 1.30305 -2.46026 1.46169 -0.149754 0.173647 -0.0972631 0.200827
-1.00634 1.30143 -2.4403 1.46236 -0.177111 0.173647 -0.0972631 0.200827
-1.01627 1.29937 -2.42944 1.46052 -0.191727 0.172041 -0.0944768 0.204423
-1.02631 1.29759 -2.41892 1.44013 -0.223781 0.192275 -0.126746 0.207201
-1.03738 1.29602 -2.41114 1.44013 -0.223781 0.192275 -0.126746 0.207201
-1.04961 1.29353 -2.39518 1.44032 -0.222515 0.244884 -0.158615 0.209133
-1.06303 1.29147 -2.38264 1.41643 -0.236277 0.317352 -0.219211 0.214847
-1.08056 1.28848 -2.36972 1.41643 -0.236277 0.317352 -0.219211 0.214847
-1.0997 1.28531 -2.36282 1.44037 -0.207421 0.461492 -0.331321 0.221519
-1.12345 1.28208 -2.35277 1.44236 -0.193057 0.713868 -0.513844 0.232246
-1.15418 1.27655 -2.33254 1.43942 -0.173079 0.713868 -0.513844 0.243249
-1.19154 1.26892 -2.31695 1.44171 -0.152832 0.936857 -0.621267 0.243249
-1.23518 1.25849 -2.29519 1.444 -0.12937 1.02352 -0.519518 0.268846
-1.28337 1.24324 -2.28235 1.43253 -0.0629117 1.13339 -0.340473 0.298013
-1.33396 1.21991 -2.26504 1.43253 -0.0629117 1.13339 -0.340473 0.298013
-1.38524 1.19051 -2.26102 1.43374 -0.022461 1.26904 -0.175278 0.341862
-1.43646 1.15684 -2.25261 1.43366 0.027216 1.40629 -0.0194123 0.385518
-1.48671 1.11542 -2.24443 1.38627 0.130205 1.32649 0.0266631 0.385518
-1.5362 1.06678 -2.22822 1.37957 0.230775 1.37957 0.230775 0.440997
-1.57999 1.0146 -2.20155 1.37222 0.271102 1.37222 0.271102 0.503318
-1.61357 0.966627 -2.17732 1.35375 0.373077 1.35375 0.373077 0.503318
-1.63542 0.931418 -2.16248 1.34407 0.406578 1.34407 0.406578 0.564794
-1.65279 0.899969 -2.14557 1.32553 0.518625 1.32553 0.518625 0.61213
-1.67439 0.859389 -2.12799 1.32553 0.518625 1.32553 0.518625 0.61213
-1.6966 0.811263 -2.10072 1.3391 0.570672 1.3391 0.570672 0.636927
-1.71734 0.75753 -2.07292 1.33528 0.579551 1.33528 0.579551 0.669825
-1.73552 0.699201 -2.04502 1.32653 0.5765 1.32653 0.5765 0.669825
-1.75014 0.637082 -2.00994 1.32184 0.587181 1.32184 0.587181 0.711048
-1.76076 0.571492 -1.97921 1.31619 0.599731 1.31619 0.599731 0.749083
-1.76845 0.503882 -1.94721 1.32071 0.571846 1.32071 0.571846 0.749083
-1.77323 0.432997 -1.91251 1.31532 0.584146 1.31532 0.584146 0.769283
-1.77528 0.360904 -1.87864 1.31293 0.559154 1.31293 0.559154 0.78449
-1.77493 0.288178 -1.84816 1.30806 0.570454 1.30806 0.570454 0.78449
-1.77234 0.215247 -1.81924 1.30245 0.583149 1.17747 0.564313 0.692526
-1.76662 0.144581 -1.78757 1.26943 0.426071 1.03767 0.391138 0.588133
-1.75838 0.0776197 -1.752 1.26943 0.426071 1.03767 0.391138 0.588133
-1.74729 0.0118931 -1.71999 1.29782 0.371468 0.890002 0.309999 0.50346
-1.73648 -0.0476168 -1.70489 1.29782 0.371468 0.890002 0.309999 0.50346
-1.72807 -0.100514 -1.68419 1.32033 0.265968 0.718921 0.287997 0.422782
-1.72027 -0.145421 -1.67035 1.31859 0.274463 0.556932 0.319555 0.354596
-1.71021 -0.18174 -1.65792 1.34136 0.276598 0.556932 0.319555 0.354596
-1.6991 -0.213975 -1.64359 1.33891 0.288235 0.40956 0.289387 0.31034
-1.68758 -0.240892 -1.63235 1.3391 0.287366 0.315131 0.264112 0.284225
-1.67698 -0.26188 -1.61923 1.32721 0.291304 0.315131 0.264112 0.284225
-1.66604 -0.27961 -1.60651 1.33216 0.267732 0.251252 0.191578 0.260602
-1.65627 -0.295236 -1.59484 1.34962 0.231984 0.219049 0.110155 0.256961
-1.65006 -0.307933 -1.57934 1.34962 0.231984 0.219049 0.110155 0.256961
-1.64641 -0.319401 -1.56585 1.34786 0.140478 0.1926 0.0334167 0.238993
-1.64409 -0.330183 -1.55657 1.35343 0.068385 0.168216 -0.0166011 0.222543
-1.64397 -0.339174 -1.54689 1.35343 0.068385 0.168216 -0.0166011 0.222543
-1.64536 -0.34732 -1.5344 1.34745 -0.00893554 0.151489 -0.051796 0.212635
-1.64702 -0.355976 -1.52354 1.34633 -0.0555233 0.14978 -0.0863324 0.206731
-1.64985 -0.364269 -1.51883 1.33475 -0.066322 0.14978 -0.0863324 0.206731
-1.65337 -0.372002 -1.5115 1.33388 -0.0820712 0.144688 -0.080888 0.202045
-1.65659 -0.379706 -1.50281 1.35451 -0.0875691 0.137108 -0.0708821 0.200165
-1.65936 -0.387425 -1.49227 1.35451 -0.0875691 0.137108 -0.0708821 0.200165
-1.66221 -0.394687 -1.48332 1.35509 -0.078181 0.134269 -0.0528701 0.199099
-1.66418 -0.401975 -1.47592 1.33615 -0.0733762 0.117868 -0.0459865 0.198112
-1.66538 -0.408804 -1.46692 1.33615 -0.0733762 0.117868 -0.0459865 0.198112
-1.66673 -0.415375 -1.45836 1.34678 -0.0741359 0.101216 -0.0387658 0.195953
-1.66794 -0.421403 -1.45325 1.34675 -0.0747312 0.101334 -0.0440689 0.193945
-1.66893 -0.4269 -1.44455 1.34982 -0.0733831 0.101334 -0.0440689 0.193945
-1.67017 -0.432555 -1.43456 1.34916 -0.0846673 0.0828682 -0.0382779 0.192885
-1.67135 -0.437585 -1.42628 1.33336 -0.093368 0.0734049 -0.0321458 0.189545
-1.67219 -0.441723 -1.41942 1.33336 -0.093368 0.0734049 -0.0321458 0.191579
-1.67294 -0.445943 -1.41303 1.33302 -0.0981585 0.0752258 -0.028369 0.191579
-1.67363 -0.449897 -1.40599 1.36425 -0.0878939 0.0881191 -0.0190261 0.190493
-1.67414 -0.454366 -1.39824 1.36425 -0.0878939 0.0881191 -0.0190261 0.190255
-1.674 -0.459165 -1.39179 1.34671 -0.11376 0.0832825 -0.0179458 0.190255
-1.67407 -0.463417 -1.38899 1.34885 -0.0846496 0.109275 -0.0243918 0.189225
-1.67424 -0.468677 -1.38556 1.33572 -0.105896 0.11293 -0.0274442 0.189335
-1.6746 -0.474918 -1.3793 1.33572 -0.105896 0.11293 -0.0274442 0.189335
-1.67505 -0.481267 -1.37251 1.33564 -0.10684 0.1362 -0.0325196 0.188338
-1.6753 -0.488095 -1.36773 1.35407 -0.0967454 0.155148 -0.0389905 0.188785
-1.67564 -0.496547 -1.36462 1.35407 -0.0967454 0.155148 -0.0389905 0.190027
-1.67586 -0.504878 -1.35798 1.34567 -0.107796 0.150271 -0.0369151 0.190027
-1.67573 -0.513046 -1.35634 1.34492 -0.116837 0.148892 -0.0339262 0.191649
-1.67604 -0.520639 -1.35313 1.33697 -0.117913 0.148892 -0.0339262 0.192933
-1.6764 -0.528669 -1.34886 1.33946 -0.0851262 0.282149 -0.0514164 0.192933
-1.67726 -0.541222 -1.34312 1.33497 -0.138759 0.508874 -0.0784582 0.197673
-1.67734 -0.562071 -1.33801 1.33431 -0.144967 0.680662 -0.0828418 0.202157
-1.67707 -0.592304 -1.34351 1.33431 -0.144967 0.680662 -0.0828418 0.202157
-1.67543 -0.626753 -1.34193 1.35272 -0.128314 0.939074 -0.103432 0.215493
-1.67351 -0.668374 -1.34668 1.35497 -0.101764 1.34647 -0.109651 0.231262
-1.66989 -0.720484 -1.35971 1.3626 -0.0934634 1.34586 -0.10899 0.231262
-1.66581 -0.774835 -1.37285 1.36389 -0.0720535 1.36389 -0.0720535 0.257868
-1.66032 -0.847414 -1.37323 1.34656 -0.0278594 1.34656 -0.0278594 0.326205
-1.65369 -0.915722 -1.36863 1.33968 0.00127624 1.33968 0.00127624 0.326205
-1.64646 -0.972712 -1.37505 1.33763 0.0740831 1.33763 0.0740831 0.40686
-1.64002 -1.01979 -1.38124 1.29452 0.37068 1.29452 0.37068 0.498577
-1.63122 -1.07246 -1.365 1.29452 0.37068 1.29452 0.37068 0.498577
-1.61637 -1.12725 -1.34109 1.17543 0.616487 1.17543 0.616487 0.569547
-1.59622 -1.18411 -1.31329 1.16207 0.641315 1.16207 0.641315 0.638973
-1.5723 -1.2423 -1.28624 1.16207 0.641315 1.16207 0.641315 0.638973
-1.54039 -1.29615 -1.2417 1.04036 0.891125 1.04036 0.891125 0.717887
-1.49947 -1.34426 -1.17551 1.02724 0.906218 1.02724 0.906218 0.785377
-1.45171 -1.38605 -1.11078 0.976745 1.021 0.976745 1.021 0.785377
-1.39873 -1.42185 -1.04942 0.966235 1.03095 0.966235 1.03095 0.831458
-1.34206 -1.45338 -0.992996 0.952945 0.994774 0.952945 0.994774 0.862546
-1.2884 -1.47865 -0.944037 0.952945 0.994774 0.952945 0.994774 0.862546
-1.22064 -1.50456 -0.878997 0.970508 0.924845 0.970508 0.924845 0.866492
-1.15647 -1.52336 -0.833644 0.970029 0.925348 0.970029 0.925348 0.877973
-1.09019 -1.53824 -0.780611 0.970029 0.925348 0.970029 0.925348 0.877973
-1.02392 -1.54879 -0.725197 0.977986 0.823488 0.977986 0.823488 0.870869
-0.958692 -1.55585 -0.669652 0.97863 0.822722 0.97863 0.822722 0.87318
-0.893908 -1.56031 -0.618361 1.17256 0.797679 1.17256 0.797679 0.87318
-0.828259 -1.56529 -0.572416 1.17233 0.798008 1.17233 0.798008 0.871626
-0.760482 -1.57063 -0.531224 1.20241 0.68531 1.20241 0.68531 0.888867
-0.692064 -1.57497 -0.497259 1.20241 0.68531 1.20241 0.68531 0.888867
-0.623619 -1.57826 -0.459277 1.20104 0.687694 1.20104 0.687694 0.914654
-0.555068 -1.58122 -0.422805 1.28249 0.592598 1.28249 0.592598 0.948519
-0.486707 -1.58259 -0.391212 1.28249 0.592598 1.28249 0.592598 0.948519
-0.418676 -1.58378 -0.362871 1.33987 0.492295 1.33987 0.492295 0.995162
-0.349251 -1.58745 -0.338586 1.33987 0.492295 1.33987 0.492295 0.995162
-0.278645 -1.59283 -0.314776 1.35588 0.417267 1.35588 0.417267 1.04194
-0.207508 -1.59827 -0.292064 1.3553 0.419146 1.3553 0.419146 1.1207
-0.136007 -1.60355 -0.272617 1.3553 0.419146 1.3553 0.419146 1.1207
-0.0646371 -1.60818 -0.254629 1.35594 0.372121 1.35594 0.372121 1.0651
0.006767 -1.61235 -0.230914 1.35702 0.368168 1.35702 0.368168 0.970877
0.0780661 -1.61518 -0.205522 1.35142 0.321927 1.35142 0.321927 0.970877
0.149093 -1.61714 -0.189164 1.35044 0.325993 1.35044 0.325993 0.874091
0.220366 -1.61813 -0.171522 1.36818 0.257595 1.36818 0.257595 0.788199
0.291531 -1.6194 -0.155292 1.36818 0.257595 1.36818 0.257595 0.788199
0.363067 -1.62096 -0.142116 1.35831 0.218342 1.332 0.222307 0.690966
0.43447 -1.62187 -0.126153 1.35831 0.218342 1.332 0.222307 0.618075
0.504954 -1.62194 -0.111335 1.35908 0.213497 1.14206 0.246207 0.618075
0.570498 -1.62041 -0.10139 1.40479 0.186086 1.01751 0.244459 0.537052
0.628672 -1.61718 -0.0945348 1.40479 0.186086 1.01751 0.244459 0.537052
0.682939 -1.61279 -0.0827067 1.34252 0.352244 0.928204 0.357408 0.461679
0.734951 -1.60436 -0.061894 1.3449 0.343043 0.851 0.33809 0.431174
0.783006 -1.59275 -0.0374865 1.28759 0.377163 0.851 0.33809 0.431174
0.828788 -1.58021 -0.0103893 1.29256 0.359782 0.803329 0.297862 0.412671
0.872574 -1.56728 0.0129737 1.29757 0.341268 0.757715 0.23142 0.409347
0.913724 -1.55525 0.040107 1.30742 0.41411 0.757715 0.23142 0.409347
0.953181 -1.54409 0.0699835 1.3113 0.401631 0.741999 0.109124 0.376393
0.991407 -1.53494 0.100268 1.28569 0.373172 0.722764 -0.0119736 0.348783
1.02956 -1.53099 0.132996 1.28569 0.373172 0.722764 -0.0119736 0.348783
1.0669 -1.52863 0.163208 1.29247 0.348967 0.674347 -0.0859915 0.329667
1.10358 -1.52632 0.192464 1.29753 0.329641 0.64648 -0.145647 0.317609
1.13785 -1.52613 0.216784 1.29753 0.329641 0.64648 -0.145647 0.317609
1.17255 -1.527 0.246963 1.2435 0.319272 0.584233 -0.138044 0.307927
1.20549 -1.52667 0.276664 1.24612 0.308877 0.535243 -0.136134 0.300248
1.23515 -1.5262 0.310554 1.23847 0.396364 0.535243 -0.136134 0.300248
1.26401 -1.52485 0.347466 1.24123 0.387632 0.482853 -0.116413 0.292453
1.29121 -1.52277 0.384197 1.19649 0.408689 0.482853 -0.116413 0.283377
1.31714 -1.51919 0.422101 1.19953 0.399658 0.495892 -0.170936 0.283377
1.34329 -1.51622 0.456817 1.20321 0.388441 0.466645 -0.180373 0.27222
1.37036 -1.5133 0.496839 1.23635 0.406803 0.43971 -0.194668 0.262161
1.39562 -1.51102 0.532124 1.23635 0.406803 0.43971 -0.194668 0.262161
1.41584 -1.50973 0.562311 1.20995 0.343111 0.442766 -0.19992 0.255196
1.44525 -1.50674 0.610824 1.20995 0.343111 0.442766 -0.19992 0.251645
1.47038 -1.50207 0.647322 1.21292 0.332465 0.463759 -0.186209 0.251645
1.49303 -1.49636 0.677306 1.21442 0.326932 0.499959 -0.163541 0.250011
1.52071 -1.48719 0.71797 1.21508 0.324494 0.474909 -0.118674 0.251178
1.54536 -1.47596 0.761497 1.31339 0.344216 0.474909 -0.118674 0.251178
1.5683 -1.46359 0.800417 1.31265 0.347006 0.405963 -0.02947 0.251505
1.58703 -1.45036 0.838566 1.34158 0.346474 0.405963 -0.02947 0.254983
1.60256 -1.43566 0.87845 1.34121 0.347912 0.359553 0.0504156 0.254983
1.61555 -1.42133 0.911436 1.34741 0.30932 0.325824 0.0674579 0.252329
1.62534 -1.40634 0.938776 1.34741 0.30932 0.325824 0.0674579 0.25104
1.63372 -1.39129 0.980563 1.37541 0.289221 0.315985 0.0846317 0.25104
1.64113 -1.37549 1.01255 1.3763 0.284922 0.298584 0.0983753 0.24613
1.64688 -1.35944 1.04741 1.3785 0.274066 0.330761 0.0877997 0.240731
1.65224 -1.34361 1.07662 1.37441 0.23467 0.330761 0.0877997 0.240731
1.6587 -1.32676 1.10253 1.377 0.218926 0.368891 0.080975 0.235984
1.66454 -1.30927 1.1313 1.38554 0.17247 0.419624 0.0695669 0.234411
1.67168 -1.29014 1.14966 1.38554 0.17247 0.419624 0.0695669 0.234411
1.67857 -1.27159 1.16364 1.37463 0.151845 0.448001 0.0576243 0.234799
1.68694 -1.24696 1.18749 1.37504 0.148061 0.417604 0.0734982 0.239469
1.69348 -1.22457 1.20236 1.37504 0.148061 0.417604 0.0734982 0.239469
1.69964 -1.20281 1.22326 1.38824 0.16485 0.403048 0.089443 0.246887
1.70365 -1.18536 1.23692 1.38547 0.186635 0.386823 0.104926 0.253266
1.70846 -1.16092 1.2574 1.39651 0.189628 0.386823 0.104926 0.253266
1.71043 -1.14085 1.27508 1.39522 0.198907 0.389789 0.110395 0.255754
1.71287 -1.12015 1.29376 1.37425 0.183362 0.393726 0.106029 0.258928
1.71441 -1.099 1.30725 1.37425 0.183362 0.393726 0.106029 0.258928
1.71574 -1.07815 1.31774 1.3746 0.180656 0.368913 0.110091 0.25885
1.71681 -1.05735 1.33506 1.35609 0.15378 0.399112 0.102639 0.259096
1.7181 -1.03655 1.34694 1.35609 0.15378 0.399112 0.102639 0.259096
1.71912 -1.01525 1.35955 1.33484 0.137713 0.436053 0.0735992 0.257718
1.72068 -0.992698 1.37226 1.3368 0.117121 0.444985 0.0531938 0.258487
1.72382 -0.969674 1.38432 1.3227 0.105731 0.444985 0.0531938 0.256875
1.72744 -0.9464 1.39463 1.32339 0.0967522 0.43644 0.0476073 0.256875
1.73041 -0.923481 1.4009 1.33184 0.0919898 0.396074 0.070888 0.259981
1.73254 -0.901822 1.40554 1.33005 0.115046 0.348432 0.0956506 0.261678
1.73235 -0.882597 1.41274 1.33005 0.115046 0.348432 0.0956506 0.261678
1.73136 -0.864119 1.4184 1.33522 0.121865 0.343348 0.099721 0.260965
1.7304 -0.846245 1.42849 1.33545 0.119272 0.338229 0.0975149 0.259215
1.72917 -0.828006 1.43544 1.35731 0.114891 0.338229 0.0975149 0.259215
1.72775 -0.809868 1.43511 1.35786 0.108205 0.308116 0.0981539 0.253751
1.726 -0.79235 1.44274 1.34559 0.0807059 0.328109 0.0797874 0.249082
1.72446 -0.775753 1.44394 1.34559 0.0807059 0.328109 0.0797874 0.249082
1.72352 -0.758676 1.44773 1.34728 0.0444306 0.349885 0.058741 0.243825
1.7234 -0.740927 1.45234 1.36878 0.0192431 0.339648 0.0513316 0.243453
1.72429 -0.722557 1.45423 1.36878 0.0192431 0.339648 0.0513316 0.243453
1.72527 -0.704533 1.46005 1.36938 -0.0145438 0.379816 0.0177818 0.245179
1.72661 -0.685998 1.46256 1.36879 -0.0425224 0.417823 -0.0140933 0.244848
1.72981 -0.665336 1.46364 1.3539 -0.0456791 0.417823 -0.0140933 0.244848
1.73326 -0.648146 1.46825 1.35274 -0.0723501 0.469884 -0.0376476 0.246125
1.73905 -0.620577 1.4692 1.35182 -0.0878325 0.504941 -0.0717589 0.250429
1.7447 -0.598119 1.47042 1.3346 -0.0920572 0.504941 -0.0717589 0.250429
1.75244 -0.569411 1.47119 1.33368 -0.104497 0.462102 -0.120232 0.254756
1.76071 -0.545454 1.47345 1.33258 -0.117761 0.448799 -0.203712 0.263046
1.7716 -0.523035 1.47752 1.33258 -0.117761 0.448799 -0.203712 0.274212
1.78493 -0.501562 1.4799 1.34237 -0.114797 0.422108 -0.21069 0.274212
1.79824 -0.480425 1.4835 1.34387 -0.101923 0.412033 -0.202425 0.270106
1.81052 -0.459436 1.48547 1.34387 -0.101923 0.412033 -0.202425 0.260834
1.82297 -0.439664 1.48969 1.35323 -0.0856969 0.395525 -0.171117 0.260834
1.83476 -0.420601 1.49298 1.35367 -0.0783622 0.377236 -0.133519 0.256231
1.84354 -0.400507 1.50615 1.34069 -0.0490237 0.358207 -0.0987817 0.257068
1.85109 -0.382319 1.50988 1.34069 -0.0490237 0.358207 -0.0987817 0.257068
1.85644 -0.364134 1.51432 1.34929 -0.0210914 0.339561 -0.0669053 0.258566
1.86166 -0.346443 1.52071 1.34945 0.00363028 0.310322 -0.0395063 0.256635
1.86717 -0.330413 1.53312 1.34945 0.00363028 0.310322 -0.0395063 0.256635
1.87041 -0.31489 1.53883 1.3528 0.0219148 0.293539 -0.0334171 0.252097
1.87333 -0.299579 1.53707 1.35258 0.0324788 0.286248 -0.0207363 0.246825
1.876 -0.284672 1.54812 1.37467 0.044998 0.286248 -0.0207363 0.246825
1.87753 -0.26984 1.56441 1.37435 0.0538269 0.27947 -0.0150067 0.242303
1.88066 -0.256051 1.56533 1.35577 0.0573153 0.259906 -0.017719 0.237674
1.88177 -0.241613 1.57373 1.35577 0.0573153 0.259906 -0.017719 0.237674
1.88322 -0.227905 1.59179 1.38882 0.0789287 0.244011 -0.0165639 0.232712
1.88428 -0.215248 1.59432 1.38822 0.0888312 0.24853 -0.008013 0.228611
1.88603 -0.203116 1.60244 1.38822 0.0888312 0.24853 -0.008013 0.224499
1.88676 -0.190469 1.61797 1.37925 0.103768 0.268423 0.00500484 0.224499
1.88719 -0.17694 1.62696 1.37855 0.112699 0.285644 0.009114 0.222854
1.88704 -0.162485 1.63535 1.37327 0.112687 0.285644 0.009114 0.220802
1.88613 -0.146818 1.65036 1.37174 0.129944 0.268395 0.00950757 0.220802
1.88544 -0.13243 1.65328 1.36247 0.143507 0.285729 0.0134774 0.21878
1.88487 -0.117982 1.67026 1.36247 0.143548 0.352536 0.0328637 0.219449
1.88373 -0.101142 1.67294 1.36247 0.143548 0.352536 0.0328637 0.219449
1.88205 -0.0833411 1.68453 1.36724 0.152092 0.420698 0.065494 0.221065
1.87801 -0.0623606 1.69636 1.36717 0.152708 0.470704 0.100694 0.225207
1.87364 -0.0399247 1.7013 1.36216 0.152767 0.470704 0.100694 0.225207
1.86714 -0.0150271 1.71338 1.36259 0.14892 0.523963 0.137175 0.228937
1.85906 0.010618 1.71951 1.38265 0.140389 0.577324 0.145549 0.235915
1.85124 0.0350488 1.73206 1.38265 0.140389 0.577324 0.145549 0.235915
1.84149 0.0667499 1.73827 1.38428 0.12325 0.577174 0.104146 0.247162
1.83214 0.0955998 1.75259 1.39288 0.0966594 0.589805 0.0394914 0.265942
1.82418 0.125995 1.75945 1.39288 0.0966594 0.589805 0.0394914 0.288532
1.81887 0.155937 1.7661 1.36464 0.0754483 0.586007 -0.0186125 0.288532
1.81441 0.186341 1.77681 1.36505 0.0676044 0.540276 -0.0272099 0.304969
1.81133 0.215698 1.78764 1.35808 0.0680355 0.512717 -0.0395203 0.296273
1.80894 0.242547 1.79672 1.35808 0.0680355 0.512717 -0.0395203 0.296273
1.80641 0.268773 1.80537 1.37269 0.0751205 0.470006 -0.0305157 0.291823
1.80341 0.294236 1.81678 1.37189 0.0885717 0.415279 0.00707448 0.285227
1.79912 0.316193 1.82776 1.37189 0.0885717 0.415279 0.00707448 0.285227
1.79455 0.336657 1.83996 1.35982 0.0836872 0.397251 -0.00130291 0.280735
1.78989 0.357057 1.84968 1.35955 0.0880006 0.361502 0.00691769 0.270694
1.78565 0.37672 1.8617 1.3813 0.151433 0.361502 0.00691769 0.270694
1.78105 0.394824 1.87772 1.38304 0.134651 0.337998 0.00324011 0.258145
1.77646 0.412394 1.89588 1.3592 0.102804 0.298516 0.0160767 0.254213
1.77194 0.428252 1.91463 1.3592 0.102804 0.298516 0.0160767 0.254213
1.76751 0.442512 1.93273 1.36069 0.0805875 0.282412 -0.0102291 0.249305
1.76316 0.456459 1.94806 1.35487 0.0853461 0.261933 -0.0132203 0.244713
1.75891 0.470364 1.96865 1.35487 0.0853461 0.261933 -0.0132203 0.244713
1.75578 0.483774 1.99441 1.33437 0.0616292 0.243408 -0.0141325 0.238695
1.75217 0.496498 2.0162 1.33502 0.0454873 0.264377 -0.0395117 0.233725
1.74841 0.509168 2.0343 1.33502 0.0454873 0.264377 -0.0395117 0.228385
1.74467 0.522433 2.05391 1.33543 0.0309807 0.260589 -0.0418317 0.228385
1.74073 0.536356 2.07358 1.33567 0.0179373 0.261903 -0.0581311 0.222453
1.73693 0.550247 2.09401 1.30831 -0.0256475 0.296905 -0.092724 0.216886
1.73355 0.565581 2.115 1.30831 -0.0256475 0.296905 -0.092724 0.216886
1.72977 0.581632 2.13369 1.29983 -0.0447506 0.313301 -0.114638 0.21441
1.72595 0.5984 2.14928 1.2997 -0.0483018 0.482756 -0.194336 0.215012
1.7222 0.62017 2.16797 1.30973 -0.0388012 0.482756 -0.194336 0.215012
1.71762 0.645652 2.18594 1.30993 -0.0315626 0.773626 -0.3008 0.215869
1.71042 0.678729 2.20265 1.3101 -0.0229845 0.755278 -0.232939 0.222425
1.70038 0.716885 2.21594 1.36521 0.0256657 0.755278 -0.232939 0.222425
1.68813 0.755763 2.24048 1.3647 0.0453952 0.724317 -0.161403 0.241558
1.67383 0.792724 2.26384 1.36811 0.150069 0.699875 -0.0685691 0.266597
1.65806 0.822358 2.28325 1.36811 0.150069 0.699875 -0.0685691 0.266597
1.63713 0.8561 2.31788 1.37952 0.260564 0.673871 0.0431777 0.293046
1.61483 0.88429 2.35293 1.37071 0.303499 0.655999 0.108735 0.322508
1.59088 0.907561 2.37557 1.33456 0.288152 0.655999 0.108735 0.327567
1.5638 0.929774 2.41015 1.32592 0.325625 0.632889 0.154568 0.327567
1.53636 0.9493 2.438 1.32363 0.334815 0.601966 0.181751 0.304561
1.50852 0.966054 2.46699 1.31592 0.329251 0.601966 0.181751 0.304561
1.48064 0.981051 2.49481 1.3221 0.303513 0.593703 0.175532 0.291956
1.45209 0.995386 2.52613 1.31714 0.250909 0.59149 0.147044 0.285612
1.42462 1.0092 2.55272 1.31714 0.250909 0.59149 0.147044 0.288968
1.39626 1.02267 2.58161 1.2988 0.201552 0.589923 0.116376 0.288968
1.36872 1.03585 2.60363 1.29914 0.19937 0.624529 0.0507457 0.296935
1.34046 1.05073 2.63047 1.29914 0.19937 0.624529 0.0507457 0.308781
1.31187 1.06708 2.65508 1.31562 0.201302 0.639776 -0.0286968 0.308781
1.28342 1.08448 2.68201 1.31405 0.211277 0.642541 -0.0981214 0.306803
1.25602 1.10451 2.70463 1.3844 0.204225 0.642541 -0.0981214 0.300715
1.2292 1.12497 2.72707 1.38453 0.20333 0.624599 -0.0790175 0.300715
1.20185 1.14428 2.74803 1.40144 0.203049 0.615755 -0.0531426 0.301409
1.17959 1.15783 2.76252 1.41667 0.223668 0.601978 -0.0165028 0.299128
1.14663 1.17598 2.78723 1.41667 0.223668 0.601978 -0.0165028 0.299128
1.11775 1.18945 2.80784 1.39621 0.230529 0.617534 0.0521561 0.298913
1.08801 1.20094 2.83302 1.38907 0.270219 0.573518 0.120178 0.301334
1.05758 1.20835 2.85353 1.3919 0.264165 0.573518 0.120178 0.301334
1.02798 1.21316 2.87151 1.37898 0.324936 0.51411 0.201052 0.305224
0.999877 1.21525 2.88796 1.34294 0.378021 0.443419 0.242439 0.298476
0.974012 1.21321 2.90466 1.34294 0.378021 0.443419 0.242439 0.298476
0.94931 1.20907 2.92389 1.32567 0.434727 0.380751 0.292303 0.274584
0.925745 1.20315 2.94902 1.28341 0.489957 0.323849 0.345326 0.255211
0.90526 1.19373 2.96605 1.28341 0.489957 0.323849 0.345326 0.255211
0.88584 1.18288 2.97613 1.29911 0.488793 0.299451 0.338118 0.241136
0.866856 1.17161 2.98877 1.28573 0.522988 0.282784 0.399795 0.237564
0.850027 1.15934 2.99659 1.30931 0.469013 0.282784 0.399795 0.237564
0.832395 1.14544 3.00718 1.30645 0.476925 0.284533 0.413864 0.236276
0.814792 1.13163 3.01695 1.29999 0.494281 0.280048 0.424112 0.240994
0.797294 1.11675 3.02591 1.32578 0.450724 0.280048 0.424112 0.240994
0.780219 1.10079 3.03582 1.33091 0.435352 0.296258 0.432974 0.247139
0.762816 1.08499 3.04679 1.36188 0.378766 0.305584 0.393731 0.255503
0.74521 1.06991 3.05117 1.36188 0.378766 0.305584 0.393731 0.255503
0.72742 1.05546 3.05416 1.3461 0.35044 0.334867 0.424002 0.265508
0.708421 1.04044 3.06095 1.35185 0.327563 0.348803 0.423292 0.274705
0.688871 1.02458 3.06672 1.35185 0.327563 0.348803 0.423292 0.274705
0.669094 1.0082 3.06955 1.40481 0.220092 0.325815 0.382725 0.284088
0.649916 0.992143 3.07039 1.40773 0.200584 0.450906 0.385621 0.29326
0.629613 0.976762 3.07091 1.42645 0.162854 0.450906 0.385621 0.29326
0.606795 0.961468 3.06605 1.42956 0.132818 0.509634 0.433014 0.300942
0.581947 0.945815 3.05852 1.42615 0.0453402 0.573229 0.381428 0.305596
0.554242 0.930952 3.04866 1.42615 0.0453402 0.573229 0.381428 0.305596
0.524042 0.918041 3.03971 1.43239 -0.00795551 0.618474 0.282315 0.315119
0.492709 0.907797 3.02981 1.43136 -0.0549014 0.637552 0.182029 0.327787
0.459757 0.902315 3.01779 1.43136 -0.0549014 0.637552 0.182029 0.327787
0.427244 0.899174 3.00943 1.42129 -0.114662 0.65929 0.0664391 0.344079
0.393822 0.900058 3.00136 1.41603 -0.167525 0.672484 -0.0295451 0.331547
0.360555 0.905847 2.99044 1.43622 -0.170035 0.672484 -0.0295451 0.331547
0.327234 0.913805 2.97842 1.43114 -0.208477 0.6891 -0.10743 0.320839
0.294037 0.924218 2.96911 1.43278 -0.201837 0.721987 -0.16635 0.315698
0.260626 0.938308 2.96295 1.43278 -0.201837 0.721987 -0.16635 0.315698
0.226609 0.95433 2.95541 1.43087 -0.214995 0.750622 -0.199322 0.317132
0.192202 0.971335 2.94593 1.45785 -0.165517 0.749714 -0.181792 0.32462
0.157023 0.989582 2.9394 1.45785 -0.165517 0.749714 -0.181792 0.32462
0.121728 1.00692 2.92991 1.42333 -0.0976117 0.65794 0.00740492 0.333661
0.0885347 1.0192 2.92764 1.42469 -0.0751262 0.570647 0.0536003 0.342151
0.0579424 1.0252 2.93159 1.44513 -0.00746278 0.575318 0.0845907 0.342151
0.0294398 1.02926 2.93325 1.44456 0.0414032 0.462066 0.0865295 0.286
0.0033032 1.03238 2.93083 1.44485 0.0295374 0.206799 -0.0193857 0.291896
-0.0131528 1.03452 2.928 1.40834 0.0541609 0.206799 -0.0193857 0.291896
-0.0216212 1.03778 2.92909 1.40243 0.139761 0.226501 0.0670258 0.245263
-0.0312698 1.03904 2.93593 1.43181 0.210954 0.128434 0.0734532 0.202656
-0.0401633 1.03812 2.93812 1.43181 0.210954 0.128434 0.0734532 0.202656
-0.0465872 1.03626 2.94468 1.35691 0.311491 0.0240372 0.110593 0.168288
-0.0509736 1.03252 2.94769 1.31452 0.458535 -0.0474099 0.253256 0.160838
-0.0519207 1.02361 2.95592 1.31452 0.458535 -0.0474099 0.253256 0.160838
-0.0533958 1.01254 2.95953 1.29599 0.508555 -0.0577547 0.30451 0.159559
-0.0543468 0.999392 2.96084 1.29077 0.521671 -0.0485976 0.319794 0.158994
-0.0559606 0.985457 2.96624 1.33413 0.485222 -0.0422626 0.277764 0.158994
-0.0574406 0.971513 2.97078 1.33204 0.490911 -0.028384 0.28586 0.157299
-0.059637 0.958242 2.96881 1.33563 0.492628 0.0135272 0.321763 0.170257
-0.0629122 0.944119 2.96813 1.33563 0.492628 0.0135272 0.321763 0.170257
-0.0671338 0.929447 2.96718 1.36521 0.414894 0.0711898 0.299447 0.192309
-0.0728069 0.915114 2.96441 1.3865 0.336979 0.171801 0.29818 0.212534
-0.0814976 0.902306 2.95726 1.3865 0.336979 0.171801 0.29818 0.212534
-0.0933685 0.89078 2.9537 1.40431 0.255962 0.20481 0.268888 0.232934
-0.107232 0.88036 2.95122 1.4124 0.206677 0.250844 0.224902 0.245694
-0.121765 0.870935 2.9458 1.457 0.180121 0.250844 0.224902 0.245694
-0.137267 0.862278 2.93903 1.4613 0.141089 0.313079 0.167925 0.237181
-0.153467 0.855512 2.93431 1.49143 0.122739 0.348173 0.113848 0.236375
-0.171684 0.853213 2.92508 1.49143 0.122739 0.348173 0.113848 0.239066
-0.190104 0.85243 2.92228 1.49201 0.115567 0.363937 0.0857518 0.239066
-0.208816 0.85183 2.91604 1.49254 0.108466 0.435825 0.0723671 0.238072
-0.229917 0.853017 2.91018 1.49254 0.108466 0.435825 0.0723671 0.233904
-0.252052 0.85537 2.90154 1.47108 0.110459 0.551587 0.0971821 0.233904
-0.27728 0.858343 2.89365 1.47153 0.104306 0.706912 0.137694 0.237232
-0.309281 0.862479 2.88503 1.44795 0.116847 0.706912 0.137694 0.245852
-0.34508 0.866953 2.87753 1.44942 0.0969191 0.952502 0.219362 0.245852
-0.38681 0.87233 2.86719 1.45127 0.0634976 1.05435 0.144462 0.265012
-0.435099 0.880529 2.8512 1.43933 0.0233799 0.952354 -0.0500195 0.29065
-0.483675 0.894136 2.84151 1.43933 0.0233799 0.952354 -0.0500195 0.29065
-0.529704 0.911554 2.83517 1.43893 -0.0410674 0.84244 -0.130974 0.33814
-0.571837 0.930583 2.8303 1.43449 -0.120173 0.713557 -0.228836 0.33814
-0.607199 0.951129 2.82423 1.30346 0.18688 0.665394 0.0907069 0.394198
-0.639677 0.965294 2.85155 1.30029 0.207778 0.494964 0.0863944 0.379571
-0.672508 0.972711 2.87295 1.30365 0.185567 0.396973 0.0489075 0.335782
-0.6992 0.977849 2.88076 1.30365 0.185567 0.396973 0.0489075 0.335782
-0.719142 0.981483 2.8983 1.30576 0.170047 0.306667 0.0194575 0.280346
-0.736175 0.984962 2.91883 1.22692 0.301285 0.182847 0.0598598 0.256628
-0.748336 0.985915 2.9468 1.22692 0.301285 0.182847 0.0598598 0.256628
-0.756934 0.985146 2.97667 0.82741 0.944842 -0.0866363 0.504661 0.243689
-0.763463 0.976072 3.02335 0.810773 0.959157 -0.111349 0.515086 0.222158
-0.766716 0.958518 3.05676 0.84044 0.892968 -0.0798899 0.449761 0.222158
-0.767715 0.937193 3.08661 0.800263 0.929146 -0.104783 0.493299 0.223019
-0.766731 0.915082 3.11489 0.801475 0.9281 -0.0746104 0.493089 0.2273
-0.765105 0.89188 -3.13979 1.00574 0.744051 0.0278785 0.280269 0.2273
-0.766082 0.873199 -3.11473 1.01573 0.730359 0.0209796 0.415676 0.23781
-0.769023 0.85741 -3.08806 1.16154 0.396326 0.140332 0.257398 0.246431
-0.77409 0.842194 -3.07208 1.16154 0.396326 0.140332 0.257398 0.246431
-0.782452 0.83016 -3.05395 1.18042 0.27827 0.188586 0.235542 0.255106
-0.791421 0.818422 -3.04538 1.19433 0.210693 0.223918 0.149859 0.281546
-0.801509 0.808448 -3.03938 1.19433 0.210693 0.223918 0.149859 0.281546
-0.812298 0.800171 -3.02812 1.18934 0.054081 0.254579 0.0353613 0.263893
-0.824958 0.795294 -3.02238 1.19034 -0.0234219 0.256723 -0.0434199 0.244139
-0.838284 0.794541 -3.01822 1.17614 -0.0444956 0.256723 -0.0434199 0.244139
-0.851265 0.79532 -3.01334 1.17307 -0.0958525 0.227259 -0.0690182 0.229196
-0.86393 0.795648 -3.01059 1.12723 -0.180027 0.236556 -0.11296 0.219419
-0.877095 0.797144 -3.00992 1.12723 -0.180027 0.236556 -0.11296 0.219419
-0.889209 0.800534 -3.00896 1.12183 -0.211078 0.242928 -0.129013 0.210353
-0.901235 0.805121 -3.00674 1.13231 -0.210506 0.234824 -0.116777 0.20817
-0.913614 0.809434 -3.00249 1.13231 -0.210506 0.234824 -0.116777 0.20817
-0.926085 0.812686 -2.99403 1.09638 -0.224507 0.242312 -0.0958383 0.208257
-0.939069 0.81545 -2.98804 1.09863 -0.213215 0.237956 -0.0900882 0.208767
-0.952117 0.817615 -2.98424 1.0887 -0.200849 0.237956 -0.0900882 0.208639
-0.964736 0.819916 -2.97501 1.08919 -0.198157 0.232229 -0.0738955 0.208639
-0.97725 0.821644 -2.96372 1.08879 -0.162468 0.265496 -0.0661167 0.209776
-0.990189 0.822371 -2.94975 1.08879 -0.162468 0.265496 -0.0661167 0.211601
-1.00458 0.822379 -2.93611 1.08931 -0.158922 0.314587 -0.0503597 0.211601
-1.01985 0.822765 -2.92316 1.05861 -0.166846 0.396996 -0.0535257 0.212503
-1.03955 0.821314 -2.90872 1.05861 -0.166846 0.396996 -0.0535257 0.214683
-1.06043 0.81991 -2.89304 1.02578 -0.1515 0.449633 -0.0515955 0.214683
-1.08303 0.817241 -2.87641 1.02639 -0.147333 0.588499 -0.0540011 0.219228
-1.11097 0.813112 -2.85942 1.01989 -0.08144 0.889663 -0.061007 0.226729
-1.14843 0.806632 -2.8472 1.01989 -0.08144 0.889663 -0.061007 0.226729
-1.1922 0.797916 -2.83286 1.02081 -0.0689459 1.02081 -0.0689459 0.241156
-1.24019 0.788161 -2.81284 1.26916 0.368253 1.20569 0.0901567 0.268408
-1.29379 0.773439 -2.79965 1.26916 0.368253 1.20569 0.0901567 0.268408
-1.35079 0.754 -2.76387 1.18378 0.515113 1.14655 0.352012 0.306919
-1.40454 0.728237 -2.71082 1.16206 0.56239 1.16206 0.56239 0.358706
-1.453 0.693092 -2.65539 1.10493 0.651379 1.10904 0.596485 0.358706
-1.49584 0.652124 -2.6027 1.07608 0.697995 1.07608 0.697995 0.414065
-1.53403 0.605025 -2.54581 1.05057 0.735841 1.05057 0.735841 0.468955
-1.56785 0.553231 -2.49835 1.05057 0.735841 1.05057 0.735841 0.468955
-1.59801 0.498061 -2.44936 1.02677 0.768694 1.02677 0.768694 0.524322
-1.62379 0.439237 -2.39976 1.00379 0.818181 1.00379 0.818181 0.579424
-1.64535 0.37767 -2.35464 1.00379 0.818181 1.00379 0.818181 0.579424
-1.662 0.31456 -2.31509 1.11384 0.797374 1.11384 0.797374 0.636008
-1.67662 0.249439 -2.27409 1.09598 0.821745 1.0412 0.795365 0.693093
-1.68859 0.183277 -2.22633 1.09598 0.821745 1.0412 0.795365 0.693093
-1.69701 0.116965 -2.18203 1.09933 0.762363 0.90219 0.667424 0.614582
-1.70249 0.0536387 -2.14068 1.10219 0.758218 0.746351 0.586853 0.532646
-1.70505 -0.00518416 -2.10115 1.19228 0.63173 0.812757 0.448961 0.532646
-1.70746 -0.0592767 -2.0664 1.20539 0.606349 0.672399 0.366803 0.463398
-1.71072 -0.108974 -2.0267 1.25293 0.510938 0.526008 0.362327 0.416335
-1.71082 -0.151719 -2.00315 1.25293 0.510938 0.526008 0.362327 0.416335
-1.70849 -0.188154 -1.97474 1.26034 0.492372 0.431917 0.323477 0.373661
-1.7048 -0.218795 -1.94317 1.26967 0.470227 0.361013 0.330121 0.320257
-1.70045 -0.244909 -1.91225 1.26967 0.470227 0.361013 0.330121 0.320257
-1.69393 -0.269231 -1.88575 1.27781 0.467513 0.253262 0.294932 0.281386
-1.68636 -0.290628 -1.85719 1.28794 0.438811 0.206683 0.229369 0.256006
-1.6792 -0.306903 -1.82328 1.29663 0.412439 0.206683 0.229369 0.256006
-1.67211 -0.320735 -1.79613 1.31141 0.362713 0.16849 0.169417 0.234663
-1.66572 -0.332351 -1.77044 1.30439 0.327136 0.16849 0.169417 0.232844
-1.66058 -0.342334 -1.74263 1.31726 0.270692 0.150931 0.109296 0.232844
-1.65666 -0.351996 -1.71561 1.32824 0.210307 0.13014 0.0626513 0.227317
-1.65482 -0.360882 -1.68534 1.32068 0.191359 0.13014 0.0626513 0.213613
-1.65432 -0.367838 -1.66469 1.32766 0.13464 0.128394 0.0178443 0.213613
-1.65405 -0.374429 -1.64271 1.36141 0.0786648 0.114604 -0.00725233 0.206157
-1.65444 -0.380507 -1.62355 1.36141 0.0786648 0.114604 -0.00725233 0.199749
-1.65575 -0.386788 -1.60252 1.34403 0.0270579 0.129483 -0.0336829 0.199749
-1.65735 -0.393358 -1.58753 1.34429 -0.00553737 0.118294 -0.0446577 0.196572
-1.65898 -0.399852 -1.57315 1.34429 -0.00553737 0.118294 -0.0446577 0.194701
-1.66093 -0.40631 -1.55537 1.35682 -0.0194554 0.106412 -0.0455015 0.194701
-1.663 -0.411749 -1.53864 1.35664 -0.0295734 0.097186 -0.0425184 0.192781
-1.66501 -0.416981 -1.52362 1.33188 -0.0471185 0.0906306 -0.0345882 0.191968
-1.66663 -0.421476 -1.50815 1.33188 -0.0471185 0.0906306 -0.0345882 0.191968
-1.66787 -0.426459 -1.4966 1.34749 -0.0427619 0.104696 -0.0330464 0.191749
-1.66895 -0.431833 -1.48502 1.34696 -0.057178 0.10564 -0.0325218 0.191539
-1.66958 -0.437808 -1.47578 1.34696 -0.057178 0.10564 -0.0325218 0.191539
-1.67041 -0.443274 -1.4652 1.33551 -0.0621345 0.113551 -0.0226032 0.190493
-1.67098 -0.449014 -1.45573 1.33498 -0.0725495 0.10076 -0.0219369 0.188715
-1.67157 -0.455032 -1.44572 1.36552 -0.0625748 0.10076 -0.0219369 0.188715
-1.67176 -0.459931 -1.43837 1.36563 -0.0599874 0.078464 -0.0206776 0.187659
-1.67212 -0.464622 -1.42962 1.34342 -0.0620713 0.0707133 -0.021183 0.187758
-1.67245 -0.46897 -1.42013 1.34342 -0.0620713 0.0707133 -0.021183 0.187758
-1.67301 -0.472506 -1.4102 1.3358 -0.080657 0.102146 -0.0281432 0.18675
-1.674 -0.477183 -1.40086 1.35908 -0.0773142 0.0953083 -0.0287546 0.187529
-1.67435 -0.482676 -1.39308 1.35908 -0.0773142 0.0953083 -0.0287546 0.189171
-1.67474 -0.487887 -1.38527 1.34838 -0.0863593 0.136125 -0.0363918 0.189171
-1.67575 -0.49422 -1.3795 1.34862 -0.0824407 0.195353 -0.0463744 0.188562
-1.67629 -0.503607 -1.37359 1.3599 -0.0820202 0.160101 -0.0396392 0.190853
-1.67628 -0.51319 -1.36789 1.3599 -0.0820202 0.160101 -0.0396392 0.190853
-1.67668 -0.521733 -1.36003 1.35939 -0.0900595 0.203573 -0.0435093 0.192324
-1.67707 -0.531913 -1.35413 1.35711 -0.119644 0.427962 -0.0661869 0.197154
-1.67838 -0.549197 -1.34594 1.35711 -0.119644 0.427962 -0.0661869 0.197154
-1.67811 -0.571078 -1.34089 1.34546 -0.119427 0.62108 -0.0720287 0.202491
-1.67638 -0.599015 -1.33822 1.34466 -0.12814 0.857208 -0.0909511 0.210769
-1.67403 -0.636453 -1.33882 1.34925 -0.126651 0.857208 -0.0909511 0.210769
-1.67103 -0.67942 -1.3382 1.35065 -0.110744 1.25063 -0.117499 0.224496
-1.6674 -0.731818 -1.34382 1.36531 -0.0908252 1.36531 -0.0908252 0.25676
-1.6637 -0.78022 -1.35275 1.36531 -0.0908252 1.36531 -0.0908252 0.308832
-1.65662 -0.860129 -1.35702 1.36746 -0.0489163 1.36746 -0.0489163 0.308832
-1.64892 -0.928918 -1.35166 1.32367 0.0405725 1.32367 0.0405725 0.378559
-1.63796 -0.996703 -1.34581 1.3211 0.0919089 1.3211 0.0919089 0.471521
-1.62473 -1.06389 -1.33371 1.25433 0.453515 1.25433 0.453515 0.471521
-1.60421 -1.12675 -1.29743 1.23322 0.508125 1.23322 0.508125 0.569586
-1.57606 -1.18364 -1.25104 1.13184 0.782712 1.13184 0.782712 0.65921
-1.53964 -1.23449 -1.20238 1.13184 0.782712 1.13184 0.782712 0.65921
-1.49611 -1.2801 -1.15446 1.11572 0.805515 1.11572 0.805515 0.717857
-1.44745 -1.32162 -1.10698 1.05543 0.915505 1.05543 0.915505 0.764147
-1.39411 -1.35846 -1.05072 1.05543 0.915505 1.05543 0.915505 0.764147
-1.33717 -1.38964 -0.998047 1.01025 0.877615 1.01025 0.877615 0.79338
-1.27776 -1.41695 -0.945333 1.00648 0.881942 1.00648 0.881942 0.811505
-1.21671 -1.44124 -0.893671 1.00648 0.881942 1.00648 0.881942 0.811505
-1.15393 -1.46256 -0.843864 1.00423 0.8845 1.00423 0.8845 0.811557
-1.09002 -1.4804 -0.794919 1.00423 0.8845 1.00423 0.8845 0.811079
-1.02583 -1.49462 -0.743066 0.992898 0.722368 0.992898 0.722368 0.811079
-0.962887 -1.50645 -0.693359 0.992738 0.722589 0.992738 0.722589 0.820406
-0.901711 -1.51714 -0.647586 1.16457 0.773421 1.16457 0.773421 0.825502
-0.839583 -1.52748 -0.598155 1.16364 0.77481 1.16364 0.77481 0.825502
-0.782517 -1.53173 -0.559486 1.26511 0.662834 1.26511 0.662834 0.836704
-0.741273 -1.52826 -0.532098 1.26511 0.662834 1.26511 0.662834 0.836704
-0.691664 -1.52174 -0.509711 1.26344 0.551613 1.26344 0.551613 0.868523
-0.639206 -1.52284 -0.501726 1.26106 0.557034 1.26106 0.557034 0.868978
-0.580724 -1.5306 -0.485342 1.26106 0.557034 1.26106 0.557034 0.868978
-0.518108 -1.54133 -0.459624 1.33509 0.508103 1.33509 0.508103 0.888384
-0.452151 -1.55327 -0.435303 1.3335 0.512245 1.3335 0.512245 0.94391
-0.384551 -1.56574 -0.414013 1.31959 0.474042 1.31959 0.474042 0.94391
-0.316209 -1.57745 -0.393306 1.31669 0.482035 1.31669 0.482035 1.01352
-0.246999 -1.58769 -0.367552 1.32847 0.460179 1.32847 0.460179 1.09922
-0.177184 -1.59676 -0.346019 1.35596 0.459807 1.35596 0.459807 1.09922
-0.106993 -1.60448 -0.323732 1.35373 0.466315 1.35373 0.466315 1.08848
-0.0362653 -1.61114 -0.299503 1.35304 0.434055 1.35304 0.434055 1.08848
0.0351732 -1.61621 -0.273429 1.3545 0.429473 1.3545 0.429473 0.998606
0.107267 -1.61945 -0.247422 1.38027 0.371255 1.38027 0.371255 0.905587
0.179714 -1.62165 -0.225782 1.38027 0.371255 1.38027 0.371255 0.905587
0.252811 -1.62363 -0.206479 1.3753 0.318941 1.3753 0.318941 0.817337
0.325905 -1.62519 -0.189045 1.37573 0.317109 1.37311 0.316715 0.725754
0.398684 -1.6262 -0.172224 1.37573 0.317109 1.37311 0.316715 0.725754
0.471596 -1.62644 -0.155735 1.36571 0.265333 1.21469 0.288097 0.632372
0.540782 -1.62527 -0.144096 1.36493 0.269349 1.00257 0.323966 0.542827
0.60628 -1.62329 -0.128697 1.38612 0.25492 1.00091 0.312981 0.542827
0.666062 -1.61841 -0.117907 1.38537 0.258923 0.884021 0.33449 0.474316
0.718463 -1.61154 -0.102139 1.29386 0.359012 0.839998 0.383128 0.423388
0.766388 -1.60168 -0.0784631 1.29386 0.359012 0.839998 0.383128 0.423388
0.812562 -1.58906 -0.0517256 1.31249 0.412108 0.781086 0.348474 0.407654
0.856168 -1.57548 -0.0238508 1.29439 0.410377 0.751601 0.277296 0.410678
0.897192 -1.56321 0.00861649 1.29439 0.410377 0.751601 0.277296 0.410678
0.936399 -1.55121 0.0389248 1.26015 0.408496 0.730763 0.173482 0.383751
0.971361 -1.54119 0.0676265 1.26015 0.408496 0.730763 0.173482 0.383751
1.01316 -1.53105 0.101189 1.25325 0.376696 0.721159 0.0347034 0.354826
1.05087 -1.52404 0.131377 1.26006 0.353243 0.685224 -0.0597298 0.330179
1.08724 -1.52125 0.158516 1.26006 0.353243 0.685224 -0.0597298 0.330179
1.12308 -1.51942 0.186634 1.26403 0.329044 0.644552 -0.133059 0.312926
1.15814 -1.51904 0.213779 1.26861 0.31091 0.592743 -0.150599 0.301287
1.19082 -1.52026 0.242377 1.24193 0.383214 0.592743 -0.150599 0.301287
1.22237 -1.5212 0.277739 1.24587 0.370214 0.523135 -0.132831 0.294176
1.25251 -1.52079 0.310698 1.20141 0.411357 0.500139 -0.147339 0.288368
1.27968 -1.51965 0.348277 1.20141 0.411357 0.500139 -0.147339 0.288368
1.30681 -1.51842 0.389959 1.21717 0.45599 0.48522 -0.165809 0.280453
1.33404 -1.51656 0.431716 1.22095 0.445786 0.465894 -0.184683 0.271444
1.36111 -1.51512 0.470443 1.22095 0.445786 0.465894 -0.184683 0.271444
1.387 -1.51306 0.50816 1.21673 0.41365 0.442249 -0.192928 0.262468
1.41302 -1.51085 0.550727 1.22109 0.400602 0.442402 -0.189302 0.25582
1.43783 -1.50796 0.589776 1.28156 0.42215 0.442402 -0.189302 0.25582
1.46261 -1.5037 0.627489 1.28506 0.411352 0.465946 -0.16979 0.252383
1.48687 -1.49723 0.664692 1.29454 0.373412 0.510161 -0.143271 0.250962
1.51188 -1.48874 0.702139 1.29454 0.373412 0.510161 -0.143271 0.250962
1.53708 -1.47757 0.74031 1.29524 0.370981 0.475754 -0.112635 0.249912
1.56138 -1.4648 0.782694 1.33022 0.359964 0.450026 -0.0554025 0.251992
1.58227 -1.45146 0.822734 1.33022 0.359964 0.450026 -0.0554025 0.251992
1.6005 -1.43627 0.866194 1.3382 0.323891 0.418459 0.0327582 0.250105
1.61652 -1.42077 0.898854 1.33814 0.324144 0.316706 0.0615363 0.253326
1.62785 -1.40574 0.922531 1.36332 0.300789 0.316706 0.0615363 0.253326
1.63558 -1.39048 0.966593 1.36147 0.309036 0.318118 0.0938196 0.250013
1.64278 -1.37514 1.00462 1.36246 0.304629 0.310034 0.109343 0.245301
1.64867 -1.35958 1.03351 1.38478 0.290949 0.310034 0.109343 0.245301
1.65387 -1.343 1.06579 1.38798 0.275288 0.373371 0.0965461 0.240579
1.65972 -1.32534 1.09462 1.38808 0.224501 0.376585 0.0947734 0.236872
1.66626 -1.30601 1.11935 1.38808 0.224501 0.376585 0.0947734 0.236872
1.67328 -1.28659 1.1462 1.39496 0.178033 0.452255 0.0691842 0.234968
1.68033 -1.26559 1.16479 1.39619 0.16813 0.440583 0.0682091 0.236014
1.68728 -1.24316 1.18013 1.39619 0.16813 0.440583 0.0682091 0.236014
1.69472 -1.22046 1.19931 1.39571 0.172004 0.400182 0.0816625 0.2434
1.70046 -1.19829 1.22143 1.39355 0.188764 0.400409 0.0930229 0.249167
1.7048 -1.17766 1.24242 1.38567 0.176758 0.400409 0.0930229 0.249167
1.70821 -1.15627 1.25946 1.38361 0.192228 0.38247 0.105098 0.253623
1.71187 -1.13612 1.28162 1.36042 0.187805 0.386638 0.110816 0.259892
1.71389 -1.11496 1.29371 1.36042 0.187805 0.386638 0.110816 0.259892
1.71483 -1.09473 1.30877 1.36006 0.190398 0.373019 0.117607 0.256566
1.71579 -1.07414 1.32791 1.37657 0.152985 0.404926 0.0973718 0.259389
1.71722 -1.05364 1.33745 1.37657 0.152985 0.404926 0.0973718 0.259389
1.71838 -1.03235 1.35008 1.35607 0.146272 0.419789 0.0902582 0.257629
1.72058 -1.01036 1.36154 1.35735 0.133833 0.429333 0.0676852 0.258796
1.72242 -0.987891 1.371 1.34405 0.123468 0.429333 0.0676852 0.258999
1.72557 -0.965071 1.38891 1.34587 0.101743 0.461456 0.0389484 0.258999
1.72861 -0.94207 1.39212 1.31649 0.0988361 0.414394 0.063619 0.259193
1.73131 -0.919282 1.39938 1.31649 0.0988361 0.414394 0.063619 0.261872
1.73304 -0.897514 1.40779 1.31578 0.107896 0.368184 0.0812896 0.261872
1.73354 -0.877254 1.41712 1.36155 0.117809 0.351159 0.0949718 0.262024
1.73287 -0.858783 1.42263 1.36155 0.117809 0.351159 0.0949718 0.261719
1.73234 -0.840163 1.42908 1.33923 0.129082 0.335904 0.102572 0.261719
1.73131 -0.822336 1.43727 1.34024 0.118179 0.318702 0.105652 0.257515
1.72986 -0.804581 1.44124 1.36111 0.0935644 0.324404 0.0909066 0.24795
1.72761 -0.78788 1.44077 1.36111 0.0935644 0.324404 0.0909066 0.24795
1.72626 -0.770987 1.44509 1.36253 0.0700122 0.352882 0.0683716 0.241781
1.726 -0.752888 1.44957 1.34986 0.0389187 0.330507 0.0652552 0.240903
1.72538 -0.734639 1.45501 1.34986 0.0389187 0.330507 0.0652552 0.240903
1.72561 -0.717257 1.45897 1.33995 0.00457354 0.355887 0.0414455 0.242402
1.72557 -0.699312 1.46227 1.33968 -0.0275648 0.402608 0.00681187 0.245739
1.72809 -0.67978 1.46329 1.3367 -0.029374 0.402608 0.00681187 0.245739
1.73135 -0.658839 1.469 1.33549 -0.0640564 0.44459 -0.0252137 0.245561
1.735 -0.636703 1.47013 1.33454 -0.0814873 0.498097 -0.0516611 0.247769
1.73971 -0.614671 1.46814 1.35438 -0.0792068 0.498097 -0.0516611 0.247769
1.74647 -0.586777 1.47058 1.35306 -0.0991735 0.480964 -0.0950682 0.251851
1.7532 -0.561788 1.47238 1.36435 -0.109411 0.451088 -0.168615 0.258472
1.76257 -0.537496 1.47156 1.36435 -0.109411 0.451088 -0.168615 0.267956
1.77354 -0.515025 1.47597 1.33122 -0.116179 0.429031 -0.212495 0.267956
1.78583 -0.493333 1.47844 1.33169 -0.110677 0.410985 -0.21117 0.272229
1.79888 -0.472758 1.48066 1.33662 -0.0983536 0.410985 -0.21117 0.260159
1.8121 -0.452752 1.48674 1.33634 -0.102012 0.405367 -0.193043 0.260159
1.82441 -0.433249 1.49111 1.33657 -0.09894 0.382162 -0.162047 0.255876
1.83524 -0.414632 1.4913 1.34894 -0.0737251 0.3621 -0.119181 0.254335
1.84311 -0.395452 1.50552 1.34894 -0.0737251 0.3621 -0.119181 0.254335
1.85107 -0.378181 1.50135 1.34068 -0.039956 0.342945 -0.0844179 0.25403
1.85604 -0.35929 1.51274 1.3411 -0.0217234 0.322598 -0.0608728 0.255462
1.86302 -0.343556 1.51532 1.3703 -0.00424921 0.322598 -0.0608728 0.255462
1.86657 -0.326497 1.53287 1.37024 0.012778 0.302366 -0.045842 0.253448
1.87098 -0.310924 1.53797 1.36995 0.0309843 0.288434 -0.0272987 0.249335
1.87354 -0.295795 1.54623 1.3639 0.039792 0.288434 -0.0272987 0.249335
1.8757 -0.281328 1.55788 1.36364 0.0479591 0.287353 -0.0158322 0.245642
1.87815 -0.266844 1.56608 1.36356 0.0502006 0.269611 -0.0169865 0.240346
1.87982 -0.252282 1.5677 1.36356 0.0502006 0.269611 -0.0169865 0.240346
1.88128 -0.238223 1.57796 1.37916 0.0710695 0.249064 -0.0183537 0.235134
1.88306 -0.225032 1.59122 1.37883 0.0772154 0.243844 -0.0148037 0.229387
1.88549 -0.212617 1.59688 1.37883 0.0772154 0.243844 -0.0148037 0.226202
1.88648 -0.199996 1.60731 1.36476 0.0893188 0.263098 -0.00530554 0.226202
1.88771 -0.188656 1.61748 1.36392 0.101245 0.284081 0.0105006 0.224944
1.88803 -0.17294 1.62854 1.35848 0.0991846 0.284081 0.0105006 0.22153
1.88722 -0.1578 1.64097 1.3566 0.122237 0.276599 0.0121366 0.22153
1.88689 -0.143103 1.65973 1.35599 0.128819 0.280484 0.00776408 0.220693
1.88572 -0.128183 1.6616 1.35433 0.145254 0.31202 0.0271458 0.219569
1.88557 -0.113627 1.67207 1.35433 0.145254 0.31202 0.0271458 0.219569
1.88425 -0.097266 1.68646 1.382 0.151174 0.379981 0.0513269 0.220264
1.87979 -0.0780704 1.69237 1.3815 0.155676 0.449405 0.0854625 0.222684
1.87696 -0.0574836 1.70134 1.3815 0.155676 0.449405 0.0854625 0.222684
1.87199 -0.0343669 1.70879 1.38266 0.144999 0.494811 0.108301 0.226005
1.86551 -0.0099487 1.72023 1.37611 0.139832 0.572868 0.161569 0.233403
1.85789 0.0140448 1.72677 1.37611 0.139832 0.572868 0.161569 0.233403
1.84681 0.0457091 1.73598 1.3751 0.136726 0.572111 0.134983 0.239986
1.83673 0.0747745 1.75096 1.37518 0.0965128 0.58489 0.0615142 0.255442
1.82823 0.104053 1.75678 1.37518 0.0965128 0.58489 0.0615142 0.275743
1.82138 0.133769 1.76745 1.37507 0.0801699 0.583363 0.00552684 0.275743
1.81649 0.163813 1.77331 1.37589 0.0646009 0.565757 -0.0374644 0.303297
1.81311 0.193334 1.78431 1.35739 0.0600962 0.565757 -0.0374644 0.298261
1.81054 0.222894 1.7899 1.35738 0.0602139 0.53285 -0.0512262 0.298261
1.80765 0.251465 1.80157 1.36789 0.0632553 0.497966 -0.052373 0.292008
1.80545 0.278274 1.81136 1.36748 0.0715092 0.440893 -0.0144326 0.28863
1.80206 0.301898 1.81848 1.36748 0.0715092 0.440893 -0.0144326 0.28863
1.79838 0.323915 1.83051 1.35216 0.0825539 0.400339 -0.000896347 0.283387
1.79427 0.345292 1.84277 1.35221 0.0816846 0.37579 -0.000828947 0.275449
1.78973 0.364992 1.85369 1.34504 0.109282 0.37579 -0.000828947 0.275449
1.78586 0.384 1.86712 1.34555 0.102867 0.347899 0.00762716 0.261819
1.78126 0.401891 1.88102 1.37457 0.12069 0.314928 0.00824986 0.253276
1.77678 0.418594 1.89841 1.37457 0.12069 0.314928 0.00824986 0.253276
1.7723 0.433902 1.91947 1.37616 0.100938 0.287018 0.0127782 0.248894
1.76776 0.448544 1.93539 1.33594 0.0712048 0.268742 -0.00732211 0.242504
1.76353 0.462514 1.95125 1.33594 0.0712048 0.268742 -0.00732211 0.242504
1.75914 0.475515 1.97059 1.3459 0.075858 0.244897 -0.00347995 0.238714
1.75561 0.488554 1.99539 1.34664 0.0614574 0.257081 -0.0209883 0.236415
1.75158 0.501114 2.01564 1.34953 0.0713591 0.257081 -0.0209883 0.231676
1.74792 0.513928 2.03895 1.34996 0.0625786 0.268401 -0.0394405 0.231676
1.74435 0.527576 2.05993 1.35049 0.0497695 0.242022 -0.0380869 0.226169
1.74031 0.5414 2.08089 1.35049 0.0497695 0.242022 -0.0380869 0.21922
1.73694 0.553784 2.10286 1.3509 0.0372929 0.279567 -0.0737019 0.21922
1.73311 0.567254 2.12377 1.32894 -0.0124162 0.311277 -0.108861 0.21454
1.72984 0.583805 2.14477 1.32894 -0.0124162 0.311277 -0.108861 0.212964
1.72586 0.600814 2.1648 1.32522 -0.0349197 0.406601 -0.161743 0.212964
1.72236 0.621126 2.18492 1.32523 -0.0348595 0.580264 -0.241367 0.222412
1.71749 0.64836 2.2023 1.3354 0.00257106 0.765177 -0.274688 0.228089
1.70887 0.682819 2.21958 1.3354 0.00257106 0.765177 -0.274688 0.228089
1.69822 0.722134 2.24095 1.33525 0.0201211 0.744248 -0.205175 0.23735
1.68513 0.760845 2.26002 1.3392 0.057054 0.711325 -0.132332 0.254268
1.66891 0.796249 2.27815 1.3392 0.057054 0.711325 -0.132332 0.254268
1.65145 0.829454 2.30088 1.37028 0.188807 0.689874 -0.0284806 0.276996
1.63216 0.860081 2.33524 1.36365 0.231866 0.678955 0.0538415 0.30609
1.60984 0.886502 2.36309 1.3364 0.243723 0.678955 0.0538415 0.30609
1.58537 0.91139 2.39036 1.32795 0.286184 0.647332 0.119875 0.329259
1.5641 0.929738 2.41592 1.32147 0.314765 0.624834 0.158859 0.315479
1.53429 0.950962 2.44726 1.34629 0.341428 0.624834 0.158859 0.315479
1.50337 0.969592 2.47874 1.34921 0.3297 0.597022 0.173042 0.295241
1.47519 0.985179 2.50697 1.34595 0.283768 0.588584 0.167328 0.287118
1.44708 0.998963 2.53709 1.34595 0.283768 0.588584 0.167328 0.284273
1.41926 1.01188 2.56335 1.32789 0.231198 0.58918 0.130323 0.284273
1.39093 1.0251 2.58925 1.32948 0.221885 0.60341 0.0902393 0.292691
1.36301 1.03918 2.61354 1.32948 0.221885 0.60341 0.0902393 0.292691
1.33481 1.05388 2.64055 1.30992 0.188757 0.620058 0.0181634 0.303675
1.30661 1.06976 2.66456 1.30879 0.196483 0.666939 -0.0950732 0.310089
1.27846 1.08952 2.68474 1.23515 0.132945 0.666939 -0.0950732 0.304276
1.24985 1.1107 2.70606 1.23454 0.13855 0.62479 -0.097903 0.304276
1.22222 1.13106 2.72491 1.39488 0.197188 0.620318 -0.0697814 0.303234
1.19535 1.14999 2.74516 1.39488 0.197188 0.620318 -0.0697814 0.30046
1.16722 1.16712 2.76712 1.39316 0.209014 0.599416 -0.0345995 0.30046
1.13996 1.18285 2.78618 1.3695 0.213311 0.613104 0.020834 0.300781
1.11155 1.1957 2.80919 1.3695 0.213311 0.613104 0.020834 0.302387
1.08228 1.20715 2.83496 1.36653 0.241062 0.605433 0.101764 0.302387
1.05185 1.21616 2.84976 1.35553 0.296767 0.535334 0.167703 0.306915
1.02225 1.22043 2.8723 1.379 0.369383 0.464182 0.231496 0.295941
0.995457 1.21926 2.88853 1.379 0.369383 0.464182 0.231496 0.295941
0.970414 1.2163 2.90764 1.32378 0.416623 0.389544 0.27581 0.282142
0.946604 1.21127 2.92935 1.31829 0.487502 0.323031 0.336662 0.260426
0.925552 1.2029 2.94627 1.31829 0.487502 0.323031 0.336662 0.260426
0.906009 1.19324 2.96175 1.29341 0.550136 0.292725 0.382738 0.243416
0.886927 1.18207 2.98093 1.27177 0.598467 0.283104 0.393574 0.238123
0.868352 1.17019 2.99959 1.32916 0.493867 0.283104 0.393574 0.238123
0.850679 1.15723 3.01129 1.32461 0.505928 0.278807 0.402323 0.23595
0.833041 1.14372 3.02161 1.35268 0.451055 0.274497 0.411715 0.238282
0.815785 1.12992 3.02948 1.35268 0.451055 0.274497 0.411715 0.238282
0.799063 1.11467 3.03923 1.35236 0.452041 0.29359 0.419902 0.244047
0.782304 1.09855 3.04851 1.32273 0.388707 0.316079 0.424836 0.251853
0.764596 1.08264 3.05435 1.32273 0.388707 0.316079 0.424836 0.251853
0.74677 1.06686 3.05493 1.39747 0.307381 0.319138 0.333617 0.260767
0.728854 1.05224 3.05861 1.39984 0.296391 0.351373 0.4136 0.271082
0.710303 1.03874 3.06151 1.36425 0.256672 0.350745 0.409433 0.271082
0.691016 1.02412 3.06245 1.36776 0.237226 0.339305 0.392241 0.281703
0.671221 1.00909 3.06424 1.37073 0.219433 0.394025 0.366647 0.288791
0.651455 0.994281 3.06595 1.39101 0.18218 0.388986 0.33321 0.288791
0.630816 0.980506 3.06371 1.3933 0.163726 0.464931 0.409409 0.29655
0.608834 0.966824 3.06078 1.43295 0.122597 0.531775 0.43587 0.30235
0.585244 0.952763 3.05115 1.43295 0.122597 0.531775 0.43587 0.30235
0.559443 0.938189 3.03796 1.46024 0.0396781 0.590119 0.365541 0.305551
0.530638 0.924983 3.02975 1.46075 0.00838607 0.621961 0.271894 0.31443
0.499252 0.915395 3.01861 1.46075 0.00838607 0.621961 0.271894 0.31443
0.466456 0.908595 3.01091 1.46236 -0.04054 0.64577 0.185837 0.327709
0.433292 0.904378 3.00464 1.4604 -0.085921 0.661229 0.0765165 0.340245
0.400251 0.90494 3.0004 1.4489 -0.09108 0.661229 0.0765165 0.340245
0.366538 0.908103 2.99198 1.44506 -0.139261 0.682084 -0.019328 0.333821
0.33276 0.913998 2.98086 1.43125 -0.176598 0.69747 -0.10225 0.323681
0.299122 0.924211 2.97105 1.43125 -0.176598 0.69747 -0.10225 0.323681
0.265553 0.936333 2.9647 1.45407 -0.173938 0.722259 -0.156307 0.317524
0.231429 0.95064 2.95728 1.45168 -0.192892 0.756564 -0.197579 0.31922
0.196698 0.96769 2.95029 1.45168 -0.192892 0.756564 -0.197579 0.31922
0.161152 0.985554 2.94048 1.41825 -0.149899 0.728954 -0.139383 0.324299
0.125831 1.00233 2.92872 1.42053 -0.126561 0.631118 -0.00757723 0.330663
0.093774 1.01386 2.93066 1.44491 -0.0605088 0.63547 0.0212965 0.330663
0.0632475 1.02112 2.92869 1.44422 -0.0751845 0.315043 -0.108231 0.272092
0.0391926 1.02809 2.91759 1.40163 -0.0742523 0.192306 -0.119188 0.23148
0.0264942 1.03433 2.91801 1.40163 -0.0742523 0.192306 -0.119188 0.23148
0.0188559 1.04067 2.91978 1.40002 -0.100181 0.105629 -0.116355 0.212049
0.0140376 1.04764 2.91682 1.43408 -0.0881814 0.0609208 -0.0935145 0.188769
0.0110949 1.05309 2.92132 1.43408 -0.0881814 0.0609208 -0.0935145 0.188769
0.00849905 1.05645 2.91932 1.39528 -0.111673 0.0110958 -0.0909557 0.180371
0.00722563 1.05953 2.92381 1.39692 -0.0887819 -0.00512094 -0.101697 0.186161
0.00685437 1.0627 2.93034 1.43684 -0.0494679 -0.00512094 -0.101697 0.186161
0.00761651 1.06701 2.93764 1.43695 -0.0460644 -0.00115475 -0.0464327 0.181064
0.00794088 1.06978 2.93966 1.43501 -0.0877601 -0.00567378 -0.0882582 0.178
0.00793975 1.0723 2.94827 1.43501 -0.0877601 -0.00567378 -0.0882582 0.182924
0.00824031 1.07523 2.95216 1.43451 -0.0956773 -0.0118916 -0.0899554 0.182924
0.00913899 1.07836 2.95665 1.42932 -0.0971423 -0.011076 -0.0262208 0.18393
0.00942151 1.07973 2.95947 1.42932 -0.0971423 -0.011076 -0.0262208 0.182913
0.0092786 1.07985 2.96229 1.42685 -0.131707 -0.00345705 -0.0625105 0.182913
0.0094856 1.08122 2.96913 1.42669 -0.133493 -0.00558858 -0.062527 0.185945
0.00979493 1.08313 2.97401 1.42669 -0.133493 -0.00558858 -0.062527 0.183997
0.0100273 1.08519 2.97871 1.42742 -0.129631 -0.00536723 -0.0215211 0.183997
0.00999113 1.08641 2.98308 1.42258 -0.174903 -0.000960474 -0.0782164 0.187974
0.00965168 1.08839 2.98755 1.42226 -0.180926 -0.000242777 -0.0269388 0.184943
0.00960263 1.09007 2.99036 1.42226 -0.180926 -0.000242777 -0.0269388 0.184943
0.0091079 1.09062 2.99369 1.41799 -0.206815 -0.000657116 -0.066898 0.183981
0.00912976 1.09274 2.99633 1.41682 -0.214687 -0.00408247 -0.0576992 0.188996
0.00916879 1.09474 2.99977 1.41682 -0.214687 -0.00408247 -0.0576992 0.188996
0.00958141 1.09639 2.99991 1.41783 -0.200461 -0.000607527 -0.0101123 0.184005
0.00953052 1.09694 2.99893 1.4123 -0.236283 -0.00148194 -0.0746364 0.181975
0.0097742 1.09878 3.00027 1.41065 -0.241807 -0.00148194 -0.0746364 0.186999
0.010292 1.10146 3.00157 1.41031 -0.243807 -0.00849093 -0.0567313 0.186999
0.0108051 1.10393 3.0017 1.41315 -0.226743 -0.00480033 -0.0130204 0.186987
0.0110016 1.10536 3.00426 1.41315 -0.226743 -0.00480033 -0.0130204 0.183951
0.0108024 1.10596 3.00696 1.41041 -0.244504 0.00215956 -0.056776 0.183951
0.0108993 1.10746 3.01041 1.41 -0.248884 -0.00480167 -0.0533702 0.187998
0.0111377 1.10956 3.01343 1.41352 -0.228088 -0.00348037 -0.0145102 0.188989
0.0111053 1.11101 3.01383 1.413 -0.23208 -0.00408024 -0.0184901 0.188989
0.0109947 1.11134 3.01877 1.4103 -0.247949 0.00419113 -0.0420494 0.186978
0.0108939 1.11249 3.0228 1.40715 -0.264957 0.000458047 -0.0529326 0.188984
0.0107051 1.11439 3.0271 1.40715 -0.264957 0.000458047 -0.0529326 0.187996
0.0106512 1.11638 3.03039 1.40729 -0.261188 -0.00551704 -0.0482417 0.187996
0.0108731 1.11796 3.03164 1.40307 -0.282974 -0.00402611 -0.0708889 0.188992
0.0108436 1.12026 3.03252 1.40307 -0.282974 -0.00402611 -0.0708889 0.186975
0.0110752 1.12313 3.03622 1.3984 -0.302017 0.00403874 -0.0918504 0.186975
0.0111989 1.12692 3.03982 1.39647 -0.31083 0.0102247 -0.110461 0.190975
0.0117684 1.13188 3.04294 1.39622 -0.310678 0.0102247 -0.110461 0.188981
0.0116852 1.13717 3.0447 1.39936 -0.29626 0.02907 -0.179128 0.188981
0.0115117 1.14467 3.04711 1.3981 -0.303011 0.0352801 -0.24843 0.188946
0.0105449 1.15512 3.04969 1.39759 -0.305341 0.0477299 -0.331516 0.190874
0.00972666 1.16941 3.05461 1.39759 -0.305341 0.0477299 -0.331516 0.190874
0.0086465 1.18504 3.05911 1.39749 -0.304522 0.0498158 -0.318144 0.194784
0.0069083 1.2002 3.06581 1.39987 -0.29338 0.0859365 -0.29823 0.20041
0.00533085 1.21383 3.07006 1.39963 -0.262586 0.0859365 -0.29823 0.20041
0.0024415 1.22996 3.0789 1.40479 -0.233455 0.156891 -0.275401 0.208855
-0.00298637 1.24397 3.0857 1.40799 -0.183362 0.172403 -0.246639 0.218494
-0.0102288 1.25737 3.09469 1.40799 -0.183362 0.172403 -0.246639 0.224426
-0.01843 1.27018 3.10542 1.41082 -0.130715 0.21652 -0.209374 0.224426
-0.0278098 1.28145 3.10321 1.40849 -0.094668 0.248725 -0.161772 0.231225
-0.0390448 1.29144 3.1108 1.40849 -0.094668 0.248725 -0.161772 0.235537
-0.0508417 1.30179 3.12588 1.39261 -0.0562236 0.241845 -0.133305 0.235537
-0.0628299 1.30961 3.13265 1.39372 -0.00775674 0.263028 -0.0880469 0.227979
-0.0759141 1.3155 3.13888 1.41385 0.0376134 0.261113 -0.0261231 0.22237
-0.0891105 1.31939 -3.13969 1.41385 0.0376134 0.261113 -0.0261231 0.22237
-0.102675 1.3208 -3.13862 1.41267 0.0688315 0.237797 -0.00232544 0.219851
-0.114882 1.3221 -3.1279 1.37974 0.103452 0.213528 0.0200584 0.222869
-0.125964 1.32338 -3.11833 1.37974 0.103452 0.213528 0.0200584 0.222869
-0.136367 1.32321 -3.10997 1.41763 0.13939 0.203598 0.0424388 0.218184
-0.146227 1.32289 -3.1049 1.41482 0.165488 0.192287 0.0783217 0.209426
-0.156198 1.32102 -3.09695 1.40871 0.165814 0.192287 0.0783217 0.209426
-0.165522 1.31819 -3.08984 1.40821 0.16999 0.204571 0.0779654 0.202823
-0.175296 1.31502 -3.08446 1.38066 0.172908 0.195539 0.0763022 0.199773
-0.185167 1.31246 -3.08053 1.38066 0.172908 0.195539 0.0763022 0.199892
-0.19474 1.30937 -3.07767 1.37885 0.186729 0.203038 0.0731497 0.199892
-0.204541 1.30655 -3.07488 1.41408 0.157675 0.203551 0.0741919 0.201749
-0.214646 1.30346 -3.06918 1.41408 0.157675 0.203551 0.0741919 0.205946
-0.223518 1.30097 -3.06827 1.38434 0.17879 0.248354 0.068727 0.205946
-0.235844 1.2983 -3.06343 1.38293 0.189452 0.325382 0.0680112 0.210305
-0.250166 1.29584 -3.06047 1.40789 0.11506 0.448441 0.0674462 0.215106
-0.271037 1.29286 -3.06059 1.40789 0.11506 0.448441 0.0674462 0.215106
-0.294602 1.28906 -3.06116 1.40938 0.0950737 0.588818 0.069282 0.222265
-0.321884 1.28556 -3.06108 1.37791 0.0814718 0.801818 0.0910197 0.231377
-0.357112 1.28147 -3.07115 1.37791 0.0814718 0.801818 0.0910197 0.231377
-0.397101 1.27697 -3.07032 1.35972 0.0853462 1.1411 0.117388 0.244245
-0.445416 1.27278 -3.07994 1.36135 0.0535108 1.07495 0.0103438 0.270564
-0.499531 1.2687 -3.08941 1.39089 0.0924747 1.06987 0.0440888 0.270564
-0.554338 1.26605 -3.08416 1.38995 0.105641 0.973847 0.0429241 0.304466
-0.609383 1.26349 -3.07489 1.39107 0.0897451 0.856615 0.00325765 0.361378
-0.653971 1.2612 -3.07441 1.37985 0.18814 0.856615 0.00325765 0.361378
-0.703257 1.25887 -3.06186 1.37529 0.21901 0.741118 -0.0863927 0.422007
-0.745095 1.25937 -3.04965 1.34392 0.272843 0.589934 -0.090257 0.371979
-0.779614 1.26143 -3.03533 1.34392 0.272843 0.589934 -0.090257 0.333259
-0.810025 1.26371 -3.01606 1.3385 0.437912 0.454901 0.012391 0.333259
-0.83637 1.26349 -2.9862 1.35267 0.391988 0.458029 -0.0513332 0.30689
-0.855171 1.26219 -2.95627 1.33121 0.404966 0.458029 -0.0513332 0.30689
-0.882922 1.26086 -2.92604 1.34497 0.356617 0.383526 -0.0524497 0.288769
-0.905165 1.26129 -2.89719 1.35497 0.316509 0.345203 -0.051153 0.275404
-0.924566 1.26014 -2.86334 1.3451 0.297374 0.345203 -0.051153 0.26232
-0.941799 1.2588 -2.83354 1.35234 0.262479 0.317722 -0.0381113 0.26232
-0.959155 1.25749 -2.80197 1.40006 0.249444 0.316236 -0.0372574 0.255233
-0.975727 1.25447 -2.77505 1.40006 0.249444 0.316236 -0.0372574 0.24932
-0.992544 1.25009 -2.7482 1.41541 0.227406 0.353503 -0.0611917 0.24932
-1.01041 1.24625 -2.71883 1.41795 0.210962 0.389433 -0.0700877 0.249459
-1.03031 1.24201 -2.69102 1.41795 0.210962 0.389433 -0.0700877 0.246539
-1.0512 1.23739 -2.6626 1.41029 0.179567 0.464722 -0.127671 0.246539
-1.07432 1.23261 -2.63743 1.41136 0.170935 0.572083 -0.195549 0.252998
-1.10271 1.22763 -2.608 1.40227 0.154646 0.765206 -0.292651 0.239749
-1.13699 1.22132 -2.57825 1.40227 0.154646 0.765206 -0.292651 0.239749
-1.17633 1.21352 -2.55448 1.38335 0.114123 0.896061 -0.338019 0.246987
-1.22003 1.20361 -2.52749 1.3821 0.12848 1.13775 -0.294736 0.258228
-1.26996 1.18912 -2.50391 1.3821 0.12848 1.13775 -0.294736 0.258228
-1.32445 1.16972 -2.4844 1.39554 0.193274 1.18291 -0.175008 0.274674
-1.37965 1.14539 -2.45818 1.3915 0.220516 1.27849 0.0247904 0.336054
-1.43248 1.11515 -2.42984 1.33546 0.2867 1.20781 0.0656019 0.336054
-1.48223 1.07853 -2.39755 1.31739 0.360738 1.29892 0.328749 0.379051
-1.52098 1.04654 -2.36861 1.29278 0.492648 1.29278 0.492648 0.433261
-1.54879 1.02237 -2.34574 1.29278 0.492648 1.29278 0.492648 0.433261
-1.58456 0.985339 -2.31751 1.27101 0.556782 1.27101 0.556782 0.499865
-1.61463 0.943638 -2.28569 1.25655 0.61163 1.25655 0.61163 0.540762
-1.6409 0.894535 -2.25204 1.25655 0.61163 1.25655 0.61163 0.540762
-1.65824 0.848307 -2.22214 1.27593 0.672888 1.27593 0.672888 0.591759
-1.66973 0.807145 -2.19588 1.26644 0.690575 1.26644 0.690575 0.636119
-1.68537 0.758619 -2.17844 1.26777 0.651679 1.26777 0.651679 0.636119
-1.70118 0.704916 -2.15827 1.26096 0.664775 1.26096 0.664775 0.657147
-1.71556 0.645534 -2.12802 1.25766 0.670993 1.25766 0.670993 0.702087
-1.72809 0.582093 -2.09372 1.25626 0.643133 1.25626 0.643133 0.702087
-1.73862 0.516277 -2.06195 1.25035 0.654552 1.25035 0.654552 0.721988
-1.7453 0.455053 -2.03033 1.25057 0.632494 1.25057 0.632494 0.745441
-1.75188 0.377657 -1.98617 1.25057 0.632494 1.25057 0.632494 0.745441
-1.75528 0.306795 -1.94512 1.23438 0.543204 1.23438 0.543204 0.750481
-1.75677 0.243746 -1.91483 1.23438 0.543204 1.23438 0.543204 0.750481
-1.75771 0.166921 -1.87945 1.27813 0.485742 1.12067 0.462008 0.674459
-1.75678 0.100149 -1.85232 1.27885 0.48383 0.963103 0.436238 0.594288
-1.75389 0.0392831 -1.8235 1.27885 0.48383 0.963103 0.436238 0.594288
-1.74877 -0.0169909 -1.79283 1.29021 0.402702 0.808833 0.330146 0.505021
-1.7434 -0.0673768 -1.77063 1.29181 0.397533 0.693613 0.307369 0.424844
-1.73709 -0.111234 -1.74889 1.30021 0.348958 0.700958 0.258636 0.424844
-1.73119 -0.151505 -1.72545 1.2988 0.354148 0.536821 0.239297 0.367124
-1.72542 -0.186318 -1.70622 1.3095 0.333162 0.419914 0.240283 0.317003
-1.71808 -0.213748 -1.68938 1.3095 0.333162 0.419914 0.240283 0.317003
-1.70935 -0.237525 -1.67001 1.30758 0.340638 0.315722 0.228517 0.284315
-1.70024 -0.258472 -1.64982 1.31199 0.336775 0.254205 0.265502 0.260649
-1.6899 -0.276027 -1.63052 1.31199 0.336775 0.254205 0.265502 0.260649
-1.67882 -0.290987 -1.61326 1.30934 0.310335 0.204314 0.204524 0.248568
-1.66828 -0.304573 -1.59944 1.32121 0.255098 0.200637 0.133157 0.243323
-1.66072 -0.316206 -1.58187 1.34286 0.252513 0.200637 0.133157 0.243323
-1.65558 -0.325636 -1.56968 1.35488 0.176981 0.178542 0.0650017 0.24057
-1.6509 -0.336772 -1.55287 1.35488 0.176981 0.178542 0.0650017 0.224282
-1.64788 -0.346322 -1.53898 1.35196 0.0918684 0.15972 0.00959534 0.224282
-1.64622 -0.355478 -1.52475 1.35481 0.0268785 0.149658 -0.0262415 0.210432
-1.6468 -0.363591 -1.51539 1.35193 -0.0425589 0.140699 -0.0637891 0.201573
-1.64825 -0.370952 -1.50536 1.35193 -0.0425589 0.140699 -0.0637891 0.201573
-1.65037 -0.378418 -1.49603 1.35471 -0.0888122 0.129109 -0.0720344 0.197576
-1.6527 -0.385297 -1.48698 1.35391 -0.100231 0.134474 -0.0608633 0.193846
-1.65509 -0.392311 -1.47994 1.33378 -0.108031 0.134474 -0.0608633 0.193846
-1.65637 -0.399424 -1.47353 1.33292 -0.118159 0.120015 -0.0599648 0.191786
-1.65819 -0.406908 -1.46431 1.33295 -0.117861 0.106988 -0.0574393 0.189076
-1.65989 -0.413261 -1.45538 1.34469 -0.114748 0.106988 -0.0574393 0.189076
-1.66133 -0.418998 -1.44976 1.34502 -0.110755 0.105687 -0.0632586 0.187836
-1.66326 -0.42505 -1.44204 1.34433 -0.118873 0.0887996 -0.056517 0.186862
-1.66486 -0.43043 -1.43476 1.34433 -0.118873 0.0887996 -0.056517 0.186862
-1.66668 -0.435201 -1.42919 1.33524 -0.122025 0.0729956 -0.0497533 0.186674
-1.66818 -0.439194 -1.42271 1.33125 -0.127538 0.0659155 -0.0445474 0.186794
-1.66968 -0.44248 -1.41658 1.33125 -0.127538 0.0659155 -0.0445474 0.186794
-1.67136 -0.445947 -1.40809 1.3646 -0.105713 0.0750494 -0.0335355 0.187417
-1.67223 -0.449666 -1.40245 1.36509 -0.0991878 0.0920941 -0.0265841 0.188123
-1.67219 -0.454797 -1.39744 1.35972 -0.0997524 0.0920941 -0.0265841 0.188142
-1.67254 -0.459691 -1.39116 1.35884 -0.111125 0.09193 -0.0251146 0.188142
-1.67285 -0.4647 -1.38688 1.34033 -0.117156 0.109266 -0.0289412 0.187102
-1.67322 -0.47048 -1.38162 1.34063 -0.11369 0.10971 -0.0312819 0.187567
-1.67339 -0.476621 -1.37646 1.34063 -0.11369 0.10971 -0.0312819 0.187567
-1.67362 -0.482678 -1.37152 1.3577 -0.108271 0.145064 -0.0383503 0.186523
-1.67389 -0.490194 -1.36777 1.35823 -0.101466 0.142693 -0.0400572 0.186016
-1.6742 -0.497873 -1.36414 1.34324 -0.103385 0.142693 -0.0400572 0.186016
-1.67464 -0.505392 -1.36074 1.34394 -0.0938783 0.116332 -0.0351336 0.187971
-1.67502 -0.512671 -1.35686 1.34718 -0.091993 0.163952 -0.0417906 0.189453
-1.67572 -0.520514 -1.34995 1.34718 -0.091993 0.163952 -0.0417906 0.192674
-1.67569 -0.529805 -1.34706 1.34406 -0.129838 0.347846 -0.0643103 0.192674
-1.67664 -0.544423 -1.34367 1.35282 -0.148665 0.540319 -0.0818042 0.195692
-1.67752 -0.567817 -1.34267 1.35282 -0.148665 0.540319 -0.0818042 0.203449
-1.67665 -0.595246 -1.34004 1.3323 -0.147954 0.694566 -0.0867813 0.203449
-1.67562 -0.624323 -1.33957 1.33394 -0.132423 0.976754 -0.107439 0.216319
-1.67377 -0.66989 -1.34659 1.35101 -0.113234 1.30528 -0.151835 0.234021
-1.67039 -0.722968 -1.35145 1.35101 -0.113234 1.30528 -0.151835 0.234021
-1.66643 -0.784268 -1.35609 1.35302 -0.0859601 1.35302 -0.0859601 0.269723
-1.6625 -0.850067 -1.35686 1.34587 -0.0179842 1.34587 -0.0179842 0.332161
-1.65843 -0.917698 -1.354 1.34587 -0.0179842 1.34587 -0.0179842 0.332161
-1.65148 -0.985631 -1.34594 1.33683 0.188285 1.33683 0.188285 0.415433
-1.63801 -1.05159 -1.3194 1.32705 0.248006 1.32705 0.248006 0.506243
-1.6197 -1.11616 -1.29621 1.29583 0.359131 1.29583 0.359131 0.506243
-1.59631 -1.17853 -1.26254 1.28252 0.404113 1.28252 0.404113 0.608539
-1.56634 -1.2373 -1.2318 1.12982 0.742341 1.12982 0.742341 0.697554
-1.52851 -1.29052 -1.18935 1.10575 0.833712 1.10575 0.833712 0.697554
-1.48365 -1.33823 -1.14299 1.09072 0.853281 1.09072 0.853281 0.762556
-1.4338 -1.38129 -1.09436 1.02714 0.967316 1.02714 0.967316 0.815982
-1.38003 -1.4195 -1.03269 1.02714 0.967316 1.02714 0.967316 0.815982
-1.32219 -1.45145 -0.978765 0.98164 0.966944 0.98164 0.966944 0.845119
-1.26145 -1.47769 -0.932913 0.978151 0.970473 0.978151 0.970473 0.862077
-1.19845 -1.49908 -0.890363 0.968584 0.916135 0.968584 0.916135 0.862077
-1.13374 -1.51817 -0.839295 0.968755 0.877792 0.968755 0.877792 0.866264
-1.06873 -1.53349 -0.788757 0.968072 0.878546 0.968072 0.878546 0.861759
-1.00444 -1.54563 -0.733388 0.968072 0.878546 0.968072 0.878546 0.861759
-0.940359 -1.55448 -0.677122 0.968338 0.878252 0.968338 0.878252 0.866521
-0.876669 -1.55974 -0.626126 1.14795 0.785622 1.14795 0.785622 0.870715
-0.811598 -1.5645 -0.579249 1.14753 0.786243 1.14753 0.786243 0.870715
-0.744795 -1.56982 -0.539098 1.21572 0.67885 1.21572 0.67885 0.884566
-0.676919 -1.57557 -0.50608 1.21572 0.67885 1.21572 0.67885 0.907832
-0.617422 -1.57669 -0.481271 1.21461 0.680825 1.21461 0.680825 0.907832
-0.565205 -1.57554 -0.462798 1.26018 0.589102 1.26018 0.589102 0.948795
-0.507479 -1.57845 -0.437898 1.26018 0.589102 1.26018 0.589102 0.948795
-0.446459 -1.58135 -0.409706 1.28255 0.530769 1.28255 0.530769 0.973555
-0.382815 -1.58584 -0.385986 1.28115 0.534156 1.28115 0.534156 1.00656
-0.316772 -1.59154 -0.364493 1.31603 0.461249 1.31603 0.461249 1.00656
-0.249046 -1.59818 -0.339226 1.31457 0.465382 1.31457 0.465382 1.07483
-0.187072 -1.60413 -0.321073 1.35144 0.456014 1.35144 0.456014 1.13391
-0.110544 -1.60945 -0.293385 1.3306 0.425109 1.3306 0.425109 1.13391
-0.047775 -1.61309 -0.26912 1.3304 0.42573 1.3304 0.42573 1.04634
0.0294559 -1.61597 -0.237324 1.33665 0.377102 1.33665 0.377102 0.94725
0.100652 -1.6177 -0.213435 1.33665 0.377102 1.33665 0.377102 0.94725
0.171955 -1.61748 -0.19178 1.36437 0.364703 1.36437 0.364703 0.851036
0.243534 -1.61579 -0.169233 1.36437 0.364703 1.36437 0.364703 0.767582
0.314804 -1.61272 -0.147899 1.36581 0.359281 1.36581 0.359281 0.767582
0.386773 -1.60861 -0.12714 1.36106 0.241864 1.32652 0.24707 0.678145
0.457752 -1.60548 -0.118114 1.36106 0.241864 1.32652 0.24707 0.678145
0.527713 -1.60337 -0.104699 1.41037 0.192851 1.11453 0.237442 0.586549
0.592262 -1.60052 -0.0945696 1.41082 0.189533 1.02089 0.248305 0.52033
0.651973 -1.59666 -0.0830046 1.34704 0.286375 1.02516 0.276621 0.52033
0.709179 -1.59095 -0.0616184 1.34875 0.278203 0.945331 0.261034 0.471836
0.763732 -1.58317 -0.0423652 1.32826 0.364462 0.861862 0.261006 0.440166
0.813808 -1.57403 -0.0203273 1.32826 0.364462 0.861862 0.261006 0.440166
0.859779 -1.56401 0.00383967 1.33292 0.347014 0.800064 0.213208 0.415937
0.903062 -1.55392 0.0274021 1.29351 0.351697 0.765074 0.12864 0.387258
0.944849 -1.54375 0.0545192 1.29351 0.351697 0.765074 0.12864 0.387258
0.985029 -1.53517 0.0827523 1.29325 0.389534 0.72978 0.0296415 0.358807
1.01993 -1.53051 0.110913 1.30025 0.365479 0.690608 -0.0511344 0.335662
1.05994 -1.52811 0.144059 1.25269 0.336244 0.690608 -0.0511344 0.335662
1.09572 -1.5274 0.175841 1.25814 0.315234 0.654625 -0.113663 0.321794
1.13088 -1.52589 0.206138 1.25814 0.315234 0.654625 -0.113663 0.312355
1.16529 -1.52521 0.233831 1.24397 0.339928 0.618779 -0.144607 0.312355
1.19975 -1.52475 0.266273 1.24662 0.330066 0.567194 -0.144426 0.303536
1.23141 -1.52426 0.301597 1.22978 0.419483 0.492033 -0.109531 0.293075
1.2595 -1.52258 0.337286 1.22978 0.419483 0.492033 -0.109531 0.293075
1.28523 -1.51969 0.375719 1.19863 0.406924 0.486037 -0.147356 0.285122
1.31158 -1.51699 0.413561 1.19863 0.406924 0.486037 -0.147356 0.274507
1.3384 -1.51422 0.450998 1.20188 0.397208 0.479415 -0.183772 0.274507
1.36506 -1.5119 0.490512 1.2064 0.383267 0.446727 -0.194402 0.264249
1.39157 -1.50956 0.526796 1.2064 0.383267 0.446727 -0.194402 0.254148
1.41372 -1.50696 0.554861 1.26885 0.397454 0.436508 -0.210091 0.254148
1.44116 -1.50315 0.596739 1.27383 0.381212 0.445478 -0.205051 0.248593
1.46584 -1.49989 0.638553 1.30016 0.387855 0.445478 -0.205051 0.247734
1.49083 -1.4942 0.6754 1.303 0.3782 0.48208 -0.180724 0.247734
1.51653 -1.4868 0.713831 1.31202 0.344787 0.485046 -0.136975 0.248057
1.54157 -1.47662 0.753782 1.31202 0.344787 0.485046 -0.136975 0.248002
1.56554 -1.46506 0.79213 1.31184 0.345478 0.462896 -0.0921591 0.248002
1.58737 -1.45173 0.830191 1.34422 0.340327 0.377634 0.0208681 0.25277
1.60253 -1.43717 0.873319 1.34175 0.349967 0.350147 0.0552879 0.256291
1.61426 -1.4223 0.903796 1.35228 0.301001 0.350147 0.0552879 0.256291
1.62298 -1.40651 0.943263 1.35022 0.310106 0.370868 0.0690096 0.252197
1.63368 -1.39007 0.979282 1.37647 0.294726 0.370868 0.0690096 0.245096
1.64308 -1.37219 1.01168 1.37688 0.29283 0.295022 0.0953971 0.245096
1.65043 -1.35516 1.04174 1.3802 0.276743 0.311906 0.0924796 0.243334
1.65589 -1.33977 1.07134 1.37604 0.224729 0.389189 0.0829542 0.238788
1.66221 -1.32223 1.10019 1.37604 0.224729 0.389189 0.0829542 0.238788
1.66949 -1.30341 1.12638 1.4105 0.201026 0.413118 0.075536 0.236647
1.67703 -1.28379 1.13917 1.41204 0.189884 0.448765 0.0680685 0.238093
1.68517 -1.26193 1.16421 1.39924 0.173621 0.448765 0.0680685 0.238093
1.69217 -1.23851 1.17984 1.3985 0.179506 0.417605 0.084925 0.243163
1.69873 -1.21667 1.19844 1.39702 0.190683 0.396484 0.103963 0.25036
1.70379 -1.19521 1.22346 1.37666 0.179058 0.396484 0.103963 0.25036
1.70676 -1.17551 1.24329 1.3741 0.197728 0.386848 0.116975 0.254659
1.70941 -1.15313 1.25504 1.38222 0.208442 0.375935 0.121767 0.257548
1.71133 -1.13221 1.27044 1.38222 0.208442 0.375935 0.121767 0.257548
1.71286 -1.11171 1.28784 1.36102 0.187033 0.400643 0.113224 0.259042
1.71364 -1.09028 1.30973 1.36157 0.183015 0.371754 0.115414 0.258857
1.71505 -1.07016 1.31502 1.36902 0.18299 0.371754 0.115414 0.258857
1.71519 -1.05008 1.33008 1.34411 0.158612 0.390623 0.104428 0.258127
1.7157 -1.02982 1.34416 1.34543 0.147005 0.436486 0.0709509 0.255079
1.71818 -1.00811 1.35317 1.33157 0.136832 0.436486 0.0709509 0.255079
1.72125 -0.984845 1.36337 1.33384 0.112629 0.45136 0.047075 0.254987
1.72497 -0.961579 1.37199 1.31425 0.0974255 0.43974 0.050726 0.2578
1.7288 -0.940451 1.38237 1.31425 0.0974255 0.43974 0.050726 0.2578
1.73212 -0.915052 1.39222 1.31736 0.0987442 0.400088 0.0733776 0.259099
1.73368 -0.893498 1.40066 1.35316 0.12243 0.353642 0.0976089 0.261913
1.73339 -0.874085 1.40844 1.35316 0.12243 0.353642 0.0976089 0.263411
1.73254 -0.855581 1.41792 1.35708 0.136673 0.333935 0.107952 0.263411
1.73176 -0.838906 1.42467 1.35725 0.134946 0.341272 0.10465 0.257462
1.72994 -0.819509 1.43482 1.33712 0.129819 0.299806 0.113505 0.256276
1.72755 -0.802132 1.43703 1.33712 0.129819 0.299806 0.113505 0.256276
1.7252 -0.786051 1.44249 1.36907 0.0728184 0.342584 0.0716084 0.245236
1.72375 -0.771131 1.44792 1.36997 0.053164 0.345094 0.0653008 0.244788
1.72412 -0.750953 1.45024 1.36997 0.053164 0.345094 0.0653008 0.244788
1.72425 -0.732153 1.45548 1.35928 0.0194068 0.342056 0.0513899 0.242883
1.72435 -0.713675 1.46165 1.35937 -0.0110661 0.375106 0.0235827 0.24444
1.72579 -0.695037 1.46502 1.35787 -0.0129033 0.375106 0.0235827 0.24444
1.72759 -0.67613 1.46597 1.35719 -0.0448312 0.423258 -0.011277 0.244669
1.73117 -0.655177 1.47017 1.34034 -0.0814843 0.472585 -0.0442526 0.245642
1.73582 -0.631948 1.46922 1.34034 -0.0814843 0.472585 -0.0442526 0.249214
1.74111 -0.607643 1.46893 1.3391 -0.0998402 0.507474 -0.0769959 0.249214
1.74773 -0.582345 1.47211 1.35775 -0.104478 0.464712 -0.124992 0.255289
1.75637 -0.558118 1.47306 1.35775 -0.104478 0.464712 -0.124992 0.262756
1.76565 -0.534846 1.47903 1.36074 -0.107181 0.443843 -0.204428 0.262756
1.77662 -0.512614 1.47972 1.36032 -0.112378 0.420254 -0.217025 0.273535
1.78976 -0.491784 1.48238 1.36462 -0.103126 0.420254 -0.217025 0.269012
1.80322 -0.471578 1.4863 1.36515 -0.0958582 0.412307 -0.202524 0.269012
1.81604 -0.451691 1.48883 1.36509 -0.0966334 0.393006 -0.174785 0.261095
1.82765 -0.431995 1.49214 1.33958 -0.0846273 0.379265 -0.138547 0.257392
1.83658 -0.412623 1.49925 1.33958 -0.0846273 0.379265 -0.138547 0.257392
1.84522 -0.393877 1.50479 1.36426 -0.0447954 0.358173 -0.0994706 0.255186
1.85277 -0.375543 1.51149 1.36478 -0.0243428 0.335581 -0.0701495 0.256509
1.85797 -0.359288 1.51595 1.34857 -0.0248428 0.335581 -0.0701495 0.256509
1.86365 -0.340486 1.52507 1.34879 -0.00687094 0.313375 -0.0496925 0.255645
1.86861 -0.324649 1.53309 1.38444 0.0313038 0.293063 -0.0372958 0.252391
1.87202 -0.310343 1.54092 1.38444 0.0313038 0.293063 -0.0372958 0.252391
1.87456 -0.294019 1.55477 1.38408 0.0444515 0.289865 -0.0207779 0.247913
1.87731 -0.279294 1.56133 1.36667 0.0500067 0.280122 -0.0157217 0.242276
1.8794 -0.264887 1.56088 1.36667 0.0500067 0.280122 -0.0157217 0.242276
1.88131 -0.250649 1.57149 1.37864 0.0651797 0.259898 -0.0155978 0.238763
1.88323 -0.236665 1.5805 1.37825 0.0730093 0.246493 -0.0166856 0.232557
1.88426 -0.224353 1.59519 1.35871 0.0672873 0.246493 -0.0166856 0.232557
1.8855 -0.21051 1.60603 1.38087 0.0860856 0.254126 -0.0092263 0.229104
1.88649 -0.197667 1.6098 1.37956 0.105027 0.266145 0.00616938 0.225314
1.88671 -0.184263 1.62031 1.37216 0.10385 0.266145 0.00616938 0.22264
1.88701 -0.170496 1.63354 1.37176 0.10905 0.289416 0.0100102 0.22264
1.88664 -0.156176 1.64335 1.36478 0.122565 0.2753 0.00747207 0.220591
1.88615 -0.141285 1.65164 1.36478 0.122565 0.2753 0.00747207 0.21879
1.88496 -0.126295 1.66051 1.35435 0.138091 0.290914 0.0101234 0.21879
1.88436 -0.111813 1.67172 1.35418 0.139669 0.34256 0.0282287 0.218768
1.88237 -0.0948293 1.68227 1.35322 0.148681 0.412892 0.061296 0.220102
1.88024 -0.077304 1.68622 1.38901 0.151185 0.412892 0.061296 0.220102
1.87638 -0.0535478 1.69626 1.38893 0.151865 0.471442 0.0987207 0.223125
1.87083 -0.0298283 1.7096 1.37011 0.147368 0.514766 0.129836 0.228388
1.86389 -0.00466349 1.71776 1.37011 0.147368 0.514766 0.129836 0.235856
1.85559 0.0212584 1.7268 1.36908 0.139461 0.574283 0.150779 0.235856
1.84605 0.0483868 1.73688 1.37087 0.120609 0.577481 0.106375 0.246953
1.83721 0.0772943 1.7484 1.37087 0.120609 0.577481 0.106375 0.261972
1.82866 0.10733 1.75191 1.37672 0.0927645 0.584112 0.0417907 0.261972
1.82146 0.137083 1.76587 1.37758 0.0790889 0.582401 -0.0171562 0.286091
1.81769 0.167081 1.77074 1.36056 0.0719745 0.582401 -0.0171562 0.305105
1.81383 0.197396 1.77994 1.36106 0.0619308 0.544187 -0.0418633 0.305105
1.81106 0.226428 1.78863 1.37286 0.0753436 0.510926 -0.0451384 0.296997
1.80879 0.253784 1.80002 1.37324 0.0679243 0.47417 -0.0401126 0.291148
1.80684 0.278715 1.80964 1.37324 0.0679243 0.47417 -0.0401126 0.291148
1.80431 0.302736 1.81861 1.37258 0.0803038 0.411096 -0.00432752 0.28624
1.80069 0.32524 1.82857 1.37248 0.0818662 0.386173 -0.00288622 0.280932
1.79628 0.344968 1.83969 1.34653 0.0817071 0.386173 -0.00288622 0.280932
1.79225 0.364043 1.84983 1.34639 0.0839764 0.358986 0.00385908 0.268325
1.7881 0.382726 1.86239 1.37435 0.135553 0.329881 0.00659702 0.257999
1.78358 0.40032 1.87894 1.37435 0.135553 0.329881 0.00659702 0.257999
1.77923 0.416745 1.89791 1.35898 0.123635 0.294058 0.00874139 0.249161
1.77467 0.43235 1.91733 1.36088 0.100581 0.270177 0.000642114 0.245417
1.77079 0.445015 1.93605 1.36088 0.100581 0.270177 0.000642114 0.245417
1.76638 0.459303 1.95559 1.35202 0.0857935 0.249813 -0.00982121 0.239914
1.76272 0.472498 1.97607 1.35323 0.0639002 0.222925 -0.00823115 0.237029
1.75929 0.484225 1.99975 1.33431 0.0418192 0.237648 -0.0288094 0.231859
1.75577 0.49575 2.01705 1.33431 0.0418192 0.237648 -0.0288094 0.231859
1.7526 0.507767 2.03874 1.34172 0.0310101 0.242979 -0.0355609 0.226892
1.74913 0.519959 2.05816 1.34196 0.0173704 0.22951 -0.0415903 0.220606
1.74576 0.532322 2.07865 1.34196 0.0173704 0.22951 -0.0415903 0.220606
1.74237 0.544455 2.09832 1.31288 -0.0286549 0.251754 -0.0711344 0.215688
1.73921 0.557413 2.11709 1.31259 -0.0396634 0.27463 -0.0962679 0.212753
1.73592 0.571837 2.13342 1.30943 -0.050553 0.27463 -0.0962679 0.212753
1.73263 0.586744 2.15382 1.3091 -0.0583332 0.303905 -0.119541 0.208424
1.73028 0.602645 2.1721 1.30881 -0.064645 0.489783 -0.208708 0.209699
1.72619 0.625273 2.19162 1.30881 -0.064645 0.489783 -0.208708 0.214566
1.72077 0.652139 2.21102 1.30912 -0.0579063 0.752428 -0.32408 0.214566
1.71377 0.686043 2.22498 1.33789 -0.0198126 0.737163 -0.260037 0.222588
1.70375 0.724332 2.24722 1.33804 0.00291127 0.702076 -0.214327 0.238345
1.69128 0.761476 2.26725 1.34048 0.0214858 0.702076 -0.214327 0.238345
1.67742 0.797228 2.28881 1.33916 0.0633123 0.684654 -0.105903 0.26317
1.66143 0.830062 2.30734 1.37449 0.203314 0.663716 -0.0138187 0.29065
1.64184 0.858493 2.33731 1.37449 0.203314 0.663716 -0.0138187 0.29065
1.62026 0.885266 2.36343 1.37715 0.280024 0.637592 0.0504073 0.316663
1.59703 0.909617 2.39013 1.36888 0.317999 0.595876 0.10691 0.326318
1.57266 0.930405 2.42091 1.36888 0.317999 0.595876 0.10691 0.326318
1.54825 0.948727 2.45326 1.35976 0.346419 0.561324 0.131579 0.303628
1.5229 0.965488 2.48361 1.36532 0.323813 0.538777 0.131796 0.285807
1.49789 0.979805 2.50674 1.33104 0.292453 0.538777 0.131796 0.285807
1.47587 0.991876 2.53415 1.33605 0.268655 0.5277 0.116854 0.274593
1.44859 1.0064 2.56605 1.33975 0.249561 0.521322 0.0868137 0.277442
1.42443 1.01951 2.59507 1.30768 0.188129 0.521322 0.0868137 0.277442
1.39979 1.03241 2.62352 1.30828 0.183907 0.527714 0.0317506 0.281777
1.37582 1.04569 2.64788 1.29576 0.152228 0.518563 -0.0139352 0.288927
1.35276 1.05992 2.66972 1.29576 0.152228 0.518563 -0.0139352 0.288927
1.32931 1.07455 2.69662 1.2952 0.156917 0.550582 -0.106005 0.289392
1.30622 1.09176 2.71821 1.29533 0.155796 0.548195 -0.146482 0.282955
1.28592 1.10892 2.73839 1.28449 0.125067 0.548195 -0.146482 0.282955
1.26121 1.13045 2.76164 1.24269 0.0744373 0.518428 -0.131217 0.279478
1.23905 1.14867 2.78295 1.24263 0.0755147 0.520039 -0.0890912 0.278257
1.21662 1.16447 2.7999 1.4025 0.143652 0.520039 -0.0890912 0.278169
1.19279 1.17909 2.81906 1.40068 0.160472 0.497536 -0.0564191 0.278169
1.16971 1.19185 2.83547 1.41857 0.191286 0.49361 0.00463293 0.277398
1.14629 1.20209 2.86088 1.41857 0.191286 0.49361 0.00463293 0.278673
1.12208 1.21048 2.87736 1.40879 0.221128 0.50424 0.0731667 0.278673
1.09685 1.21702 2.89309 1.39832 0.279758 0.449508 0.108967 0.279248
1.07258 1.22023 2.91119 1.38567 0.33688 0.412093 0.170091 0.26451
1.05169 1.2206 2.92567 1.38165 0.331251 0.412093 0.170091 0.26451
1.02766 1.21872 2.94355 1.3639 0.398066 0.346037 0.227209 0.26092
1.00707 1.215 2.96248 1.34192 0.438302 0.305878 0.231812 0.244328
0.988662 1.20915 2.97484 1.34192 0.438302 0.305878 0.231812 0.244328
0.971786 1.20252 2.98701 1.29944 0.464111 0.248391 0.262757 0.238488
0.955818 1.19532 2.99857 1.29391 0.479314 0.25198 0.27649 0.223783
0.940803 1.18724 3.00789 1.29391 0.479314 0.25198 0.27649 0.223783
0.925498 1.17896 3.02053 1.30138 0.485002 0.22037 0.287871 0.219795
0.911213 1.16935 3.02815 1.29666 0.497489 0.212844 0.290597 0.218477
0.897423 1.15944 3.03968 1.32583 0.462622 0.212844 0.290597 0.218477
0.884419 1.14921 3.04914 1.32426 0.467087 0.212545 0.301017 0.219852
0.871589 1.13864 3.05949 1.34294 0.410961 0.219064 0.301978 0.221598
0.858548 1.12765 3.06448 1.34294 0.410961 0.219064 0.301978 0.221598
0.846417 1.118 3.07038 1.37973 0.370045 0.22926 0.307231 0.22612
0.832489 1.10573 3.06555 1.38096 0.365433 0.246955 0.312936 0.230807
0.818349 1.09447 3.06753 1.38096 0.365433 0.246955 0.312936 0.230807
0.803906 1.08248 3.07373 1.35657 0.325502 0.262709 0.31319 0.237698
0.790059 1.07076 3.06938 1.3594 0.313473 0.277143 0.311093 0.242983
0.77624 1.06004 3.06905 1.37437 0.282131 0.277143 0.311093 0.242983
0.759135 1.04705 3.06769 1.37647 0.271713 0.286227 0.314269 0.250079
0.743832 1.03506 3.06533 1.40671 0.234749 0.305424 0.317582 0.255831
0.729004 1.02393 3.06402 1.40671 0.234749 0.305424 0.317582 0.260418
0.710642 1.01038 3.06064 1.40823 0.225393 0.300549 0.319067 0.260418
0.693748 0.997935 3.05816 1.43423 0.190434 0.295887 0.324243 0.26582
0.676978 0.985376 3.05463 1.43423 0.190434 0.295887 0.324243 0.272021
0.660934 0.97303 3.0499 1.43973 0.145241 0.290179 0.318508 0.272021
0.644133 0.960514 3.04649 1.44118 0.130135 0.339365 0.296206 0.274952
0.628912 0.949956 3.04371 1.40528 0.110707 0.335705 0.27192 0.277387
0.609993 0.937506 3.03278 1.40683 0.0888491 0.428334 0.350454 0.277387
0.590225 0.926334 3.02082 1.40807 0.0664306 0.464948 0.278851 0.280244
0.567534 0.916508 3.00887 1.4091 0.0390034 0.476627 0.221369 0.28508
0.545088 0.910192 3.00156 1.4091 0.0390034 0.476627 0.221369 0.28508
0.517624 0.904304 2.99145 1.44783 -0.0173305 0.484529 0.159841 0.295849
0.49231 0.900501 2.98374 1.44669 -0.0600138 0.522793 0.0930135 0.304186
0.466063 0.900285 2.97585 1.47599 -0.0530009 0.522793 0.0930135 0.304186
0.439262 0.901526 2.9674 1.47418 -0.090178 0.532365 0.0304753 0.301172
0.412172 0.904702 2.96177 1.47178 -0.123327 0.549112 -0.0250113 0.292745
0.385653 0.910968 2.95537 1.46447 -0.114404 0.549112 -0.0250113 0.292745
0.358517 0.918325 2.94549 1.46235 -0.138915 0.571865 -0.0698062 0.287073
0.331206 0.927429 2.94152 1.44678 -0.149116 0.599357 -0.106638 0.286443
0.30331 0.938639 2.93515 1.44678 -0.149116 0.599357 -0.106638 0.286443
0.275361 0.950898 2.92942 1.44889 -0.131531 0.619795 -0.131251 0.288751
0.245983 0.963855 2.92113 1.44826 -0.138291 0.651711 -0.145672 0.295216
0.216358 0.978862 2.91973 1.46648 -0.123435 0.651711 -0.145672 0.295216
0.186295 0.994683 2.91575 1.42641 -0.11738 0.584115 -0.205397 0.301834
0.1581 1.01129 2.91132 1.42678 -0.112819 0.479649 -0.191589 0.312291
0.136054 1.02595 2.90707 1.40927 -0.0873237 0.479649 -0.191589 0.312291
0.113236 1.04284 2.91217 1.40872 -0.0957588 0.377692 -0.174291 0.32236
0.0951221 1.05691 2.90986 1.40759 -0.111194 0.319068 -0.251921 0.29015
0.0809893 1.07075 2.90846 1.40759 -0.111194 0.319068 -0.251921 0.29015
0.0692112 1.08645 2.91096 1.4034 -0.155353 0.262035 -0.327386 0.260068
0.0580775 1.10307 2.91381 1.38376 -0.112364 0.192798 -0.291872 0.244848
0.0504708 1.11818 2.91651 1.38376 -0.112364 0.192798 -0.291872 0.244848
0.0424931 1.13538 2.92523 1.39943 -0.109777 0.16273 -0.296179 0.237537
0.0362364 1.15032 2.93622 1.39789 -0.127887 0.188958 -0.310104 0.223052
0.0311319 1.16428 2.94168 1.41416 -0.0916035 0.183971 -0.277024 0.21579
0.0231517 1.18063 2.94827 1.41233 -0.116444 0.215794 -0.28813 0.21579
0.0151882 1.19544 2.95791 1.39412 -0.118005 0.186872 -0.263223 0.214318
0.00716193 1.20993 2.96937 1.39412 -0.118005 0.186872 -0.263223 0.217154
-0.000696271 1.22371 2.9832 1.3947 -0.110846 0.182999 -0.234561 0.217154
-0.00714638 1.23575 2.99608 1.3754 -0.0819493 0.225931 -0.200342 0.208094
-0.0156121 1.24773 3.00023 1.37471 -0.0927412 0.213979 -0.174751 0.203878
-0.0255253 1.2599 3.01122 1.41278 -0.0815326 0.213979 -0.174751 0.203878
-0.0348513 1.27014 3.02577 1.41281 -0.0809848 0.190113 -0.162045 0.2076
-0.0437576 1.28003 3.03653 1.38318 -0.0628289 0.190247 -0.142489 0.207736
-0.0521433 1.28835 3.05171 1.38318 -0.0628289 0.190247 -0.142489 0.207736
-0.0605865 1.29654 3.06486 1.38416 -0.0349658 0.216113 -0.116016 0.197043
-0.0701107 1.3039 3.07852 1.41896 -0.0345996 0.198756 -0.111535 0.194899
-0.0794497 1.30973 3.08898 1.41896 -0.0345996 0.198756 -0.111535 0.194899
-0.0900887 1.31654 3.09681 1.38703 -0.0361663 0.173637 -0.0883688 0.199024
-0.0990958 1.3215 3.10162 1.3875 -0.00107058 0.148562 -0.06389 0.196052
-0.10672 1.32607 3.11382 1.42046 0.00449126 0.148562 -0.06389 0.185139
-0.11392 1.32917 3.12599 1.42025 0.0245064 0.12936 -0.0537097 0.185139
-0.120379 1.33166 3.13591 1.39829 0.0125314 0.0889239 -0.0481935 0.184238
-0.126457 1.33443 -3.13436 1.39829 0.0125314 0.0889239 -0.0481935 0.190524
-0.130302 1.33654 -3.12574 1.39797 0.0323571 0.0629796 -0.0306629 0.190524
-0.13388 1.33848 -3.11655 1.43577 0.0799657 0.0490831 -0.0100753 0.180607
-0.136344 1.33948 -3.1097 1.43689 0.0563999 -0.00552596 -0.0189722 0.177463
-0.13784 1.34038 -3.10402 1.41847 0.0646298 -0.00552596 -0.0189722 0.177463
-0.137967 1.34069 -3.10327 1.41894 0.0533843 -0.0559086 -0.0142439 0.177663
-0.136693 1.34129 -3.0981 1.4127 0.0668168 -0.223255 -0.0411033 0.170747
-0.130304 1.34312 -3.09085 1.4127 0.0668168 -0.223255 -0.0411033 0.170747
-0.118701 1.34524 -3.086 1.41393 0.0312412 -0.370663 -0.0668345 0.173887
-0.103271 1.34779 -3.08022 1.41396 0.0389272 -0.119706 -0.00738619 0.171515
-0.0932565 1.3485 -3.07574 1.41396 0.0389272 -0.119706 -0.00738619 0.180551
-0.0891522 1.34871 -3.06871 1.39423 0.00350677 -0.133752 -0.00928777 0.180551
-0.0862999 1.34907 -3.06377 1.39414 -0.0161244 -0.0476783 0.00461403 0.186756
-0.0835228 1.34903 -3.06014 1.42105 -0.0107655 -0.0476783 0.00461403 0.178259
-0.0817586 1.34915 -3.0563 1.42108 0.00254858 -0.0157279 0.00121457 0.178259
-0.081251 1.34936 -3.05306 1.421 -0.0156327 -0.0199748 -0.0169381 0.173589
-0.0812569 1.34944 -3.05265 1.42831 -0.038415 -0.0225827 -0.0267573 0.177717
-0.0807886 1.35001 -3.05096 1.42831 -0.038415 -0.0225827 -0.0267573 0.177717
-0.0797482 1.35073 -3.04818 1.43265 -0.0306593 -0.173344 0.0702952 0.178886
-0.0743366 1.34972 -3.0426 1.43268 -0.0291501 -0.00682836 -0.0230082 0.169906
-0.0706422 1.3498 -3.03906 1.43451 -0.0285722 -0.00682836 -0.0230082 0.169906
-0.0715543 1.35105 -3.0397 1.43334 -0.0644889 -0.307344 0.128721 0.169813
-0.0652112 1.34945 -3.03018 1.43207 -0.0883667 -0.281234 0.240772 0.176372
-0.0510159 1.3427 -3.02233 1.43569 -0.0877245 -0.281234 0.240772 0.175858
-0.0350302 1.33238 -3.01425 1.43702 -0.0624135 -0.229614 0.20539 0.175858
-0.0210602 1.3233 -3.01301 1.40613 -0.0857665 -0.0969257 0.0607979 0.175286
-0.0144714 1.3191 -3.00785 1.40613 -0.0857665 -0.0969257 0.0607979 0.176831
-0.0105913 1.31726 -3.00445 1.38154 -0.121797 -0.148342 0.2445 0.176831
-0.00347618 1.31169 -3.00127 1.3843 -0.0847602 -0.0805815 0.148515 0.176462
0.00328547 1.30544 -2.99803 1.38426 -0.0853646 -0.0320291 0.0770003 0.176647
0.00624115 1.30185 -2.99519 1.40079 -0.100546 -0.0320291 0.0770003 0.176647
0.00748851 1.30075 -2.99642 1.40038 -0.105987 -0.0546058 0.11207 0.178588
0.0100191 1.29774 -2.99757 1.40738 -0.101513 -0.00302415 0.0330642 0.179546
0.0122121 1.29595 -2.99767 1.40738 -0.101513 -0.00302415 0.0330642 0.179546
0.0126314 1.29547 -2.99677 1.42523 -0.114985 0.0163317 0.015056 0.182556
0.0123044 1.29558 -2.99769 1.42285 -0.141409 0.00371586 0.0170325 0.182757
0.0121203 1.29547 -2.99916 1.42724 -0.144934 0.00371586 0.0170325 0.182757
0.012071 1.29548 -2.99912 1.42747 -0.142709 0.0037549 0.0163326 0.18391
0.0121443 1.29554 -3.00016 1.42866 -0.130192 0.0180342 0.00666167 0.183827
0.0121324 1.29549 -2.99935 1.4281 -0.128361 0.0180342 0.00666167 0.183827
0.0121049 1.29549 -2.99943 1.42648 -0.145301 -0.00523398 0.0207538 0.183954
0.0122003 1.29543 -2.99985 1.42659 -0.144586 -0.0100206 0.0242298 0.184013
0.0125034 1.29525 -3.0003 1.42659 -0.144586 -0.0100206 0.0242298 0.183998
0.0126971 1.29509 -3.00022 1.42883 -0.120301 0.00448301 0.0125067 0.183998
0.0127421 1.2951 -3.00009 1.42839 -0.125445 -0.00517415 0.0202489 0.183997
0.0127516 1.29506 -3.00028 1.4278 -0.131987 -0.0177742 0.033359 0.183985
0.0133238 1.29465 -3.00025 1.42841 -0.131565 -0.0177742 0.033359 0.183985
0.0141107 1.29411 -2.99954 1.42962 -0.117592 -0.0124263 0.0260653 0.184018
0.0147204 1.29357 -2.99998 1.43221 -0.0888925 -0.0124086 0.0259637 0.183993
0.0151437 1.29326 -2.99979 1.43221 -0.0888925 -0.0124086 0.0259637 0.183993
0.0152131 1.29279 -2.99742 1.43045 -0.113739 -0.0100104 0.0241187 0.184036
0.0157398 1.29231 -2.99724 1.43057 -0.112202 -0.0129601 0.0263543 0.183932
0.0162747 1.2918 -2.99665 1.43057 -0.112202 -0.0129601 0.0263543 0.183932
0.0172211 1.29118 -2.99784 1.37769 -0.0767505 -0.0152664 0.0284735 0.183815
0.017875 1.29075 -2.99991 1.37767 -0.0770194 0.00197872 0.0150361 0.183919
0.0184299 1.29029 -2.99876 1.37801 -0.0823425 0.00197872 0.0150361 0.185052
0.0183832 1.29016 -2.99852 1.37589 -0.112296 -0.00522183 0.0204976 0.185052
0.0180669 1.28983 -2.99839 1.38139 -0.0709004 -0.00614804 0.0181929 0.184914
0.0183866 1.2893 -3.00343 1.38139 -0.0709004 -0.00614804 0.0181929 0.184948
0.018667 1.28857 -3.00769 1.38237 -0.0535184 0.000110864 0.0135726 0.184948
0.0187338 1.28784 -3.01128 1.38103 -0.0809644 0.0025019 0.0115755 0.184819
0.0188934 1.28724 -3.01505 1.38102 -0.0810888 -0.00479749 0.0177418 0.18557
0.0190559 1.28666 -3.01848 1.38158 -0.0747565 -0.00479749 0.0177418 0.18557
0.0191553 1.28609 -3.02166 1.38137 -0.0786113 -0.00809163 0.0183506 0.184708
0.0192794 1.28558 -3.02437 1.38185 -0.0733057 -0.0115448 0.0186488 0.182737
0.0196085 1.28503 -3.02637 1.38185 -0.0733057 -0.0115448 0.0186488 0.187623
0.0201471 1.2844 -3.02705 1.38344 -0.0342349 -0.0136822 0.0172119 0.187623
0.0206209 1.28401 -3.02702 1.38381 -0.025004 -0.00392582 0.00951553 0.188666
0.0207396 1.28386 -3.02702 1.38381 -0.025004 -0.00392582 0.00951553 0.187325
0.0206868 1.28382 -3.02752 1.38435 -0.0403422 -0.000616807 0.00407437 0.187325
0.0207228 1.28379 -3.02738 1.38488 -0.0128501 -0.00410859 0.010433 0.187285
0.0207246 1.28371 -3.02779 1.38566 0.0068983 -0.00394579 0.0120762 0.188905
0.0206748 1.28373 -3.02729 1.38566 0.0068983 -0.00394579 0.0120762 0.188905
0.0206885 1.28374 -3.02711 1.3857 0.00599597 -0.00102994 0.00683315 0.189033
0.0207577 1.28372 -3.02732 1.38554 0.0220291 -0.00044582 0.00295401 0.188
0.020752 1.28376 -3.02745 1.38554 0.0220291 -0.00044582 0.00295401 0.183
0.0207531 1.28375 -3.02745 1.38565 0.0278337 -0.00529956 0.00697671 0.183
0.0208558 1.28368 -3.0275 1.38569 0.0257293 -0.0168936 0.0134513 0.182002
0.0213129 1.28345 -3.02868 1.38574 0.0257225 -0.0168936 0.0134513 0.181992
0.0217357 1.28302 -3.02758 1.38542 0.0393064 -0.0173547 0.0165109 0.181992
0.0224254 1.28259 -3.02903 1.38508 0.0607871 -0.016895 0.0134612 0.187809
0.0231622 1.28192 -3.0285 1.38457 0.0713646 -0.00338846 0.00838903 0.188951
0.023615 1.28153 -3.02821 1.38457 0.0713646 -0.00338846 0.00838903 0.188951
0.0237889 1.28134 -3.02824 1.38633 0.0585638 0.00433337 -0.000639177 0.188998
0.023784 1.28131 -3.02842 1.38614 0.062847 -0.00244773 0.00211959 0.187081
0.023875 1.28138 -3.02862 1.38829 0.0600358 -0.00244773 0.00211959 0.187081
0.0238828 1.28136 -3.0288 1.3871 0.0831665 -0.00421948 0.0131343 0.186598
0.024024 1.28134 -3.02858 1.38658 0.0929852 -0.00573829 0.00986356 0.185999
0.0243427 1.28099 -3.02888 1.38666 0.0917526 -0.00963404 0.00755009 0.181
0.0247192 1.28071 -3.02896 1.38676 0.0923809 -0.00963404 0.00755009 0.181
0.0250262 1.28046 -3.02913 1.38758 0.0783056 -0.0217397 0.0174261 0.179776
0.0256594 1.27983 -3.0291 1.38712 0.0861737 -0.0217028 0.0171596 0.179457
0.0266499 1.27907 -3.02964 1.38809 0.0859173 -0.0217028 0.0171596 0.179457
0.0277529 1.27825 -3.02982 1.38483 0.1281 -0.023723 0.0164923 0.186557
0.0285833 1.27759 -3.02924 1.38545 0.143876 -0.00578022 0.0101573 0.190819
0.0292797 1.27711 -3.02967 1.38545 0.143876 -0.00578022 0.0101573 0.190868
0.0300707 1.27663 -3.03236 1.38988 0.126693 0.0147098 0.000938822 0.190868
0.029931 1.27635 -3.03336 1.39201 0.100584 0.0051508 -0.00613928 0.188552
0.0295347 1.27616 -3.03223 1.39201 0.100584 0.0051508 -0.00613928 0.190931
0.0296773 1.27598 -3.03564 1.3936 0.100724 -0.00146004 0.0107096 0.190931
0.0294841 1.27578 -3.03592 1.39195 0.121309 0.00277643 0.00384168 0.19173
0.0294806 1.27533 -3.03838 1.39344 0.0954289 0.0246827 0.00532923 0.191818
0.0290434 1.27477 -3.04168 1.39344 0.0954289 0.0246827 0.00532923 0.191818
0.0285649 1.27442 -3.04557 1.39471 0.0750628 0.016463 -0.0105814 0.192785
0.0283038 1.2743 -3.04836 1.39488 0.0718528 0.0115507 0.00790267 0.193596
0.0285628 1.27357 -3.05291 1.39488 0.0718528 0.0115507 0.00790267 0.193396
0.0283881 1.27313 -3.05372 1.39304 0.0871643 0.0117534 0.00656524 0.193396
0.0284307 1.27268 -3.05595 1.39505 0.0447307 0.0215504 -0.0161188 0.193002
0.0285934 1.27238 -3.05913 1.39408 0.0532857 0.0215504 -0.0161188 0.191771
0.0284261 1.2725 -3.06072 1.39439 0.0445557 0.00848003 -0.0139666 0.191771
0.0278995 1.27275 -3.05939 1.39385 0.0648984 0.00400372 0.00161572 0.194591
0.0283761 1.27251 -3.06189 1.39355 0.071122 0.0108933 0.00758584 0.195931
0.0283963 1.2725 -3.06222 1.39355 0.071122 0.0108933 0.00758584 0.195931
0.0276268 1.27239 -3.06263 1.39389 0.0358326 0.0246397 -0.0225623 0.195002
0.0274006 1.27235 -3.06464 1.39415 0.0235544 0.0134476 -0.0187434 0.194485
0.0273041 1.2726 -3.06509 1.39403 0.0267515 0.0134476 -0.0187434 0.195764
0.0276307 1.27242 -3.06737 1.39392 0.0319965 0.0100708 0.00361514 0.195764
0.027331 1.27226 -3.0684 1.39334 0.041242 0.0183458 0.00509313 0.195897
0.0267253 1.27221 -3.07249 1.39393 -0.00664038 0.0179359 -0.0203435 0.194
0.0264023 1.27222 -3.07447 1.39359 -0.0075345 0.0179359 -0.0203435 0.194
0.0261638 1.27228 -3.07641 1.39332 -0.0108306 0.0106372 -0.0142127 0.19337
0.0260565 1.27221 -3.07732 1.39329 -0.0145247 0.00782604 0.00443754 0.196743
0.0260669 1.27223 -3.07726 1.39241 -0.00584598 0.00782604 0.00443754 0.196938
0.0260536 1.27224 -3.07718 1.39236 -0.0137194 0.0188262 0.00191355 0.196938
0.0256721 1.27197 -3.07969 1.39159 -0.0256338 0.0162854 -0.00939704 0.196
0.0252103 1.27193 -3.08299 1.39159 -0.0256338 0.0162854 -0.00939704 0.198008
0.0249027 1.27186 -3.08466 1.39175 -0.0142153 0.0128724 -0.000863342 0.198008
0.0244603 1.27186 -3.08834 1.39123 -0.0308174 0.0233335 -0.0139096 0.195002
0.024151 1.27174 -3.08892 1.3906 -0.0520976 0.0140635 -0.0228228 0.195001
0.0238961 1.27188 -3.09068 1.38963 -0.0466948 0.0140635 -0.0228228 0.195001
0.0234448 1.27209 -3.09113 1.38993 -0.0366877 0.0121599 -0.0102164 0.198496
0.0229707 1.27236 -3.09036 1.38872 -0.0254361 0.0185781 0.00355236 0.193002
0.0226356 1.27219 -3.09305 1.38872 -0.0254361 0.0185781 0.00355236 0.193002
0.0219786 1.2721 -3.09672 1.38652 -0.0622057 0.00993572 -0.0236186 0.193
0.0216347 1.27231 -3.09743 1.38666 -0.0589624 0.00687788 -0.00336183 0.195
0.0213566 1.27234 -3.09917 1.38666 -0.0589624 0.00687788 -0.00336183 0.193002
0.0213791 1.27229 -3.09964 1.38621 -0.0382395 0.0112056 -0.00389459 0.193002
0.0209539 1.27246 -3.09748 1.38455 -0.07772 0.0102511 -0.0257136 0.189002
0.0209549 1.27231 -3.09864 1.38301 -0.0845097 0.00133903 -0.0229462 0.195002
0.0206956 1.27241 -3.09944 1.38301 -0.0845097 0.00133903 -0.0229462 0.195002
0.0206402 1.27256 -3.10147 1.38238 -0.0856937 0.0148806 -0.0282437 0.199913
0.0197606 1.27309 -3.10082 1.38316 -0.0720712 0.0261714 -0.0326513 0.190001
0.0191335 1.27394 -3.10043 1.38316 -0.0720712 0.0261714 -0.0326513 0.190001
0.018344 1.27485 -3.10151 1.38159 -0.0941063 0.0035906 -0.0238064 0.190011
0.0178274 1.27542 -3.10065 1.37972 -0.118454 0.00361719 -0.0238442 0.197004
0.0174526 1.27574 -3.09956 1.37754 -0.115942 0.00361719 -0.0238442 0.196027
0.0175062 1.27569 -3.10081 1.37866 -0.101733 0.0195266 -0.0308586 0.196027
0.0169272 1.27616 -3.10048 1.3771 -0.0994141 0.0173278 -0.0300453 0.190025
0.0164449 1.27677 -3.10133 1.37475 -0.12789 0.00338108 -0.0220797 0.192003
0.0158441 1.27715 -3.09989 1.37475 -0.12789 0.00338108 -0.0220797 0.192003
0.0157164 1.27729 -3.09973 1.37435 -0.1273 0.00779447 -0.0234958 0.199068
0.0154375 1.27761 -3.09967 1.37695 -0.0952539 0.03041 -0.0324188 0.195021
0.0145637 1.27844 -3.09929 1.3754 -0.0949681 0.03041 -0.0324188 0.195021
0.013415 1.2795 -3.09896 1.37378 -0.116072 0.0143073 -0.0241765 0.193006
0.0128167 1.28004 -3.0991 1.43021 -0.123873 0.00970338 -0.022024 0.198128
0.0124382 1.28039 -3.09927 1.43021 -0.123873 0.00970338 -0.022024 0.1983
0.0120692 1.28072 -3.0992 1.43042 -0.105874 0.0396954 -0.0339149 0.1983
0.0109787 1.28193 -3.09838 1.43091 -0.0990627 0.0389668 -0.0340926 0.196028
0.00962836 1.28333 -3.09846 1.42974 -0.114715 0.0278885 -0.0287369 0.197063
0.00838756 1.28435 -3.09863 1.42781 -0.113674 0.0278885 -0.0287369 0.197063
0.00711593 1.28574 -3.0978 1.42796 -0.111823 0.033865 -0.0315115 0.197345
0.00569325 1.28725 -3.0967 1.42478 -0.0974522 0.0564661 -0.0396282 0.196255
0.00385347 1.28915 -3.09652 1.42478 -0.0974522 0.0564661 -0.0396282 0.196255
0.0014994 1.29152 -3.09549 1.42084 -0.108487 0.0416095 -0.0328703 0.195385
-0.000591535 1.29341 -3.09476 1.42099 -0.106562 0.0461644 -0.0327019 0.194524
-0.00241463 1.295 -3.09435 1.42099 -0.106562 0.0461644 -0.0327019 0.193854
-0.00429551 1.29653 -3.09394 1.41608 -0.108486 0.0479404 -0.0315136 0.193854
-0.00601917 1.29793 -3.09154 1.41609 -0.10836 0.0513695 -0.0288551 0.192761
-0.00876749 1.29951 -3.08878 1.40936 -0.100166 0.0585666 -0.0292153 0.191419
-0.0116768 1.30058 -3.08616 1.40936 -0.100166 0.0585666 -0.0292153 0.191419
-0.0152779 1.30151 -3.08394 1.40396 -0.110649 0.0447553 -0.0207673 0.192443
-0.0176608 1.30252 -3.08592 1.40457 -0.102722 0.0689668 -0.0326863 0.19266
-0.0207816 1.30381 -3.08239 1.40457 -0.102722 0.0689668 -0.0326863 0.193163
-0.0246663 1.30534 -3.07915 1.39663 -0.0935896 0.0875256 -0.0356921 0.193163
-0.0289832 1.30674 -3.07378 1.39595 -0.103336 0.0707197 -0.0352185 0.194346
-0.0333456 1.30806 -3.07008 1.38841 -0.104308 0.0707197 -0.0352185 0.196257
-0.037459 1.30929 -3.06835 1.38867 -0.100853 0.0699019 -0.0376041 0.196257
-0.0412149 1.31078 -3.06672 1.43162 -0.0844969 0.0966322 -0.0447773 0.196398
-0.0459274 1.31239 -3.06641 1.43116 -0.0919469 0.0850567 -0.0474067 0.19785
-0.0510358 1.31369 -3.06707 1.42584 -0.0927734 0.0850567 -0.0474067 0.19785
-0.0561621 1.31574 -3.06398 1.41997 -0.103773 0.0636991 -0.0427099 0.200197
-0.0593104 1.31741 -3.06353 1.42116 -0.0860115 0.0879937 -0.0539141 0.201743
-0.0634408 1.31977 -3.06523 1.40908 -0.0870764 0.0879937 -0.0539141 0.203269
-0.068328 1.32244 -3.06357 1.41024 -0.0657112 0.113203 -0.0607152 0.203269
-0.0733228 1.32426 -3.0642 1.39883 -0.060275 0.11928 -0.0624293 0.203784
-0.0797025 1.327 -3.05992 1.39883 -0.060275 0.11928 -0.0624293 0.204749
-0.085751 1.32951 -3.06116 1.39962 -0.0376806 0.126624 -0.0445325 0.204749
-0.0930999 1.3315 -3.05953 1.38355 0.00129349 0.135842 -0.0250626 0.206036
-0.100328 1.33276 -3.05499 1.38337 0.0226614 0.131207 -0.0123675 0.208588
-0.1066 1.33328 -3.05237 1.42585 0.0242725 0.131207 -0.0123675 0.208588
-0.113233 1.33361 -3.05233 1.42545 0.0416071 0.103743 -0.0113169 0.211126
-0.11983 1.334 -3.04801 1.39756 0.0682663 0.09382 0.00199176 0.205454
-0.125725 1.33416 -3.0446 1.39756 0.0682663 0.09382 0.00199176 0.199819
-0.1308 1.33407 -3.04022 1.43611 0.0937614 0.099599 0.0200288 0.199819
-0.13523 1.33356 -3.04043 1.43634 0.0901074 0.0915437 0.0284922 0.195772
-0.139728 1.33297 -3.04019 1.43495 0.110131 0.0907317 0.0355912 0.192612
-0.143962 1.33146 -3.04217 1.41994 0.113067 0.0907317 0.0355912 0.192612
-0.148651 1.33024 -3.03826 1.41875 0.127092 0.105527 0.0414048 0.190891
-0.15469 1.3281 -3.03851 1.39947 0.134419 0.120648 0.0461715 0.190167
-0.159974 1.3264 -3.03507 1.39947 0.134419 0.120648 0.0461715 0.190167
-0.167362 1.32429 -3.03231 1.38808 0.115962 0.114139 0.0419845 0.190336
-0.1725 1.32278 -3.03287 1.38735 0.124415 0.11028 0.0386782 0.190905
-0.177987 1.32116 -3.03331 1.38735 0.124415 0.11028 0.0386782 0.192606
-0.184068 1.31883 -3.03522 1.42762 0.122106 0.125815 0.0461059 0.192606
-0.190012 1.31671 -3.03215 1.42852 0.111146 0.146337 0.0437556 0.193721
-0.196369 1.31403 -3.03259 1.40598 0.0991726 0.175103 0.0326063 0.196435
-0.204781 1.31187 -3.0341 1.40598 0.0991726 0.175103 0.0326063 0.196435
-0.21491 1.30991 -3.03302 1.38851 0.10067 0.19962 0.0290937 0.199435
-0.223389 1.30815 -3.03462 1.38838 0.102534 0.262999 0.0329414 0.202849
-0.235323 1.30641 -3.03703 1.38838 0.102534 0.262999 0.0329414 0.202849
-0.250838 1.30419 -3.03743 1.38964 0.0836652 0.298729 0.0298754 0.20686
-0.263877 1.30208 -3.03908 1.38956 0.0849068 0.408087 0.0425624 0.2106
-0.282617 1.29926 -3.03665 1.39628 0.0850163 0.408087 0.0425624 0.2162
-0.304264 1.29596 -3.03893 1.39716 0.0691086 0.612676 0.0604209 0.2162
-0.334325 1.29098 -3.04842 1.38761 0.0641222 0.869167 0.0688233 0.225638
-0.366671 1.28773 -3.04849 1.38748 0.0667792 1.09285 0.0300813 0.239902
-0.417652 1.28348 -3.06362 1.34535 0.0726363 1.09219 0.034478 0.239902
-0.470832 1.27991 -3.07227 1.34712 0.0226732 0.983824 -0.0320848 0.263875
-0.513629 1.27556 -3.08633 1.34721 0.0160095 0.877928 -0.0547242 0.303726
-0.546513 1.27258 -3.09317 1.35568 0.132522 0.860944 0.0579521 0.303726
-0.593543 1.27035 -3.08212 1.35457 0.143428 0.71162 0.0465184 0.348242
-0.633424 1.26679 -3.07164 1.34392 0.267772 0.566714 0.150627 0.263154
-0.666538 1.26046 -3.04851 1.34392 0.267772 0.566714 0.150627 0.263154
-0.694924 1.25294 -3.0325 1.30367 0.42223 0.435827 0.110908 0.357112
-0.71999 1.24571 -3.0108 1.33451 0.311309 0.340466 0.10184 0.305168
-0.736762 1.24081 -2.99666 1.33451 0.311309 0.340466 0.10184 0.305168
-0.754585 1.23368 -2.97722 1.32235 0.471953 0.230188 0.0955173 0.260632
-0.767396 1.22854 -2.9517 1.33734 0.42762 0.140885 0.0604954 0.247957
-0.777028 1.22404 -2.92661 1.32029 0.368825 0.140885 0.0604954 0.247957
-0.782372 1.22088 -2.90858 1.31067 0.401676 0.107754 0.101716 0.224295
-0.787571 1.21701 -2.88657 1.30186 0.486647 0.0503083 0.149441 0.204101
-0.790355 1.21095 -2.86506 1.30186 0.486647 0.0503083 0.149441 0.204101
-0.792461 1.2037 -2.84296 1.29586 0.502414 0.00934711 0.136669 0.211035
-0.793544 1.19767 -2.81851 1.30007 0.438426 0.0220214 0.15028 0.21
-0.793772 1.19299 -2.80098 1.30007 0.438426 0.0220214 0.15028 0.21
-0.794536 1.18581 -2.77757 1.29546 0.379802 0.0143335 0.186703 0.201016
-0.793866 1.1774 -2.76164 1.26258 0.477888 -0.00559674 0.192341 0.189485
-0.792322 1.16871 -2.74771 1.29351 0.351733 -0.000229754 0.156734 0.196668
-0.790663 1.16197 -2.73745 1.24763 0.490197 -0.0212036 0.267486 0.196668
-0.786187 1.15241 -2.728 1.22654 0.540816 -0.00696756 0.299846 0.201929
-0.781692 1.13986 -2.71233 1.25729 0.436983 0.000905173 0.247614 0.192743
-0.777857 1.12821 -2.70261 1.24424 0.47286 0.022225 0.201267 0.192743
-0.775251 1.11772 -2.69496 1.23899 0.473083 -0.00121671 0.249665 0.198486
-0.772672 1.10845 -2.68964 1.23002 0.495948 -0.0010361 0.310396 0.210212
-0.768484 1.09647 -2.68366 1.25494 0.404129 0.0130496 0.216944 0.210212
-0.763634 1.08311 -2.68092 1.26432 0.373758 0.0480126 0.190429 0.210892
-0.761737 1.07367 -2.67825 1.25828 0.39363 0.0475556 0.211143 0.211887
-0.761698 1.0653 -2.67922 1.26459 0.356039 0.0532361 0.173456 0.211887
-0.76129 1.05502 -2.67904 1.26346 0.360054 0.0387773 0.175463 0.225121
-0.760942 1.04695 -2.67789 1.22673 0.276294 0.0953966 0.113589 0.22594
-0.760749 1.03921 -2.68099 1.22673 0.276294 0.0953966 0.113589 0.22594
-0.762921 1.03125 -2.68651 1.2202 0.244491 0.124883 0.301351 0.22137
-0.764318 1.02026 -2.69175 1.21747 0.257705 0.131309 0.421418 0.229553
-0.763644 1.00493 -2.69755 1.21747 0.257705 0.131309 0.421418 0.229553
-0.761577 0.982852 -2.70204 1.2218 0.236358 0.14679 0.398389 0.227951
-0.760573 0.961874 -2.7061 1.22223 0.234128 0.165717 0.393371 0.223634
-0.760828 0.942624 -2.71139 1.20404 0.215413 0.162555 0.372391 0.231938
-0.7617 0.921643 -2.71696 1.20409 0.215127 0.197133 0.366901 0.231938
-0.763706 0.901166 -2.7277 1.19748 0.119289 0.277686 0.341922 0.245028
-0.768348 0.880157 -2.73686 1.19748 0.119289 0.277686 0.341922 0.256632
-0.776137 0.856984 -2.75177 1.18647 0.0211801 0.295046 0.237394 0.256632
-0.78463 0.839572 -2.7634 1.18532 -0.0563919 0.310536 0.128956 0.277551
-0.795771 0.825311 -2.78051 1.18532 -0.0563919 0.310536 0.128956 0.2828
-0.808071 0.814296 -2.79188 1.19437 -0.170076 0.291273 0.0130781 0.2828
-0.82237 0.805347 -2.80879 1.17482 -0.274303 0.267659 -0.0745428 0.257991
-0.835577 0.80234 -2.82361 1.11111 -0.307734 0.267659 -0.0745428 0.238922
-0.847096 0.80179 -2.83263 1.07649 -0.412822 0.250463 -0.132991 0.238922
-0.861551 0.802808 -2.84658 1.07364 -0.403789 0.246848 -0.167348 0.227788
-0.873733 0.805394 -2.85525 1.07364 -0.403789 0.246848 -0.167348 0.219795
-0.886778 0.8096 -2.87009 1.06063 -0.436807 0.253694 -0.178428 0.219795
-0.901787 0.814846 -2.87745 1.10015 -0.357873 0.263132 -0.181289 0.217387
-0.916532 0.818821 -2.88218 1.10178 -0.352831 0.275831 -0.182242 0.216564
-0.930179 0.822868 -2.88499 1.10091 -0.292864 0.275831 -0.182242 0.216564
-0.947158 0.827747 -2.88388 1.10356 -0.2827 0.302276 -0.161715 0.217352
-0.962002 0.831183 -2.88052 1.07168 -0.272217 0.336153 -0.127754 0.215195
-0.979406 0.83328 -2.87211 1.07168 -0.272217 0.336153 -0.127754 0.215195
-0.999385 0.834602 -2.86765 1.07191 -0.271293 0.382109 -0.135512 0.221694
-1.01683 0.836263 -2.8637 1.07425 -0.215421 0.425718 -0.124859 0.223417
-1.03833 0.83646 -2.85599 1.07425 -0.215421 0.425718 -0.124859 0.223417
-1.06139 0.835997 -2.84771 1.07605 -0.206227 0.495165 -0.0912867 0.229679
-1.08869 0.834559 -2.83338 1.0783 -0.194134 0.705414 -0.100145 0.236635
-1.11641 0.831409 -2.8216 1.05271 -0.106877 0.705414 -0.100145 0.236635
-1.15578 0.825161 -2.80743 1.0538 -0.0954465 1.00005 -0.14125 0.24707
-1.19489 0.818187 -2.79454 1.02328 -0.0353423 1.02328 -0.0353423 0.263794
-1.23228 0.81184 -2.79641 1.2666 0.323676 1.08095 0.00211885 0.292114
-1.25526 0.80949 -2.80326 1.25926 0.351154 1.20889 0.1305 0.292114
-1.26261 0.811122 -2.80282 1.24771 0.39019 1.23668 0.341863 0.31611
-1.27628 0.812381 -2.78926 1.24771 0.39019 1.23668 0.341863 0.327371
-1.304 0.808398 -2.79537 1.13355 0.605977 1.13762 0.551672 0.327371
-1.34283 0.79981 -2.78502 1.1278 0.616627 1.12875 0.603888 0.353827
-1.38279 0.782263 -2.75207 1.12187 0.65425 1.12566 0.603657 0.390601
-1.42102 0.755769 -2.7022 1.10859 0.676509 1.10859 0.676509 0.390601
-1.45768 0.721057 -2.65825 1.09222 0.70262 1.09222 0.70262 0.42243
-1.48989 0.684002 -2.61323 1.03717 0.780758 1.03717 0.780758 0.459735
-1.52607 0.632189 -2.55765 1.03717 0.780758 1.03717 0.780758 0.459735
-1.5549 0.579166 -2.51355 1.01928 0.80071 1.01928 0.80071 0.500163
-1.58174 0.522426 -2.46838 1.01928 0.80071 1.01928 0.80071 0.54282
-1.60347 0.469068 -2.42303 1.03558 0.770648 1.03558 0.770648 0.54282
-1.62491 0.407167 -2.37114 1.01084 0.802823 1.01084 0.802823 0.591658
-1.64278 0.343379 -2.32338 0.979807 0.840417 0.979807 0.840417 0.591658
-1.6568 0.278688 -2.27837 1.10887 0.804248 1.10887 0.804248 0.642618
-1.66764 0.212862 -2.22415 1.09223 0.826702 1.0072 0.785756 0.684872
-1.67407 0.15453 -2.1824 1.15872 0.694898 1.07124 0.652774 0.684872
-1.6817 0.0833214 -2.13466 1.15292 0.704472 0.908976 0.586995 0.602726
-1.68818 0.0164972 -2.09211 1.16442 0.685303 0.775556 0.498038 0.524405
-1.68669 -0.0332057 -2.06445 1.16442 0.685303 0.775556 0.498038 0.524405
-1.68387 -0.0732216 -2.03899 1.17814 0.661439 0.646225 0.405285 0.461372
-1.68312 -0.120278 -2.00034 1.2594 0.480309 0.520705 0.368969 0.439086
-1.68091 -0.157378 -1.96524 1.2594 0.480309 0.520705 0.368969 0.439086
-1.67706 -0.187342 -1.93407 1.27601 0.450957 0.497627 0.318604 0.381234
-1.67135 -0.218494 -1.89926 1.28542 0.423393 0.383954 0.260312 0.337538
-1.6669 -0.246188 -1.86566 1.29096 0.428096 0.383954 0.260312 0.337538
-1.6617 -0.270076 -1.83191 1.30013 0.399395 0.324365 0.186514 0.30138
-1.65663 -0.291195 -1.79859 1.32371 0.348914 0.258781 0.126163 0.270987
-1.65321 -0.309382 -1.76322 1.31943 0.307187 0.258781 0.126163 0.270987
-1.65073 -0.32361 -1.73592 1.32867 0.26434 0.225836 0.0659956 0.245686
-1.64915 -0.336951 -1.70883 1.33875 0.207359 0.184384 0.0285785 0.226228
-1.6492 -0.348508 -1.68053 1.33875 0.207359 0.184384 0.0285785 0.226228
-1.6497 -0.356703 -1.65829 1.34949 0.103168 0.167898 -0.00908819 0.214122
-1.6504 -0.36662 -1.63407 1.35226 0.0563889 0.145987 -0.0257931 0.206946
-1.65162 -0.373961 -1.61559 1.33594 0.0458116 0.145987 -0.0257931 0.206946
-1.65352 -0.382283 -1.59396 1.32376 0.00958077 0.131705 -0.0349474 0.200534
-1.65482 -0.388593 -1.58002 1.32363 -0.0213345 0.12744 -0.0480329 0.19628
-1.65672 -0.395407 -1.56526 1.34382 -0.0125081 0.12744 -0.0480329 0.19628
-1.65862 -0.401935 -1.55017 1.34359 -0.0277695 0.110292 -0.048448 0.1929
-1.6602 -0.408451 -1.53959 1.34406 -0.0476447 0.0967679 -0.048837 0.192047
-1.66216 -0.413983 -1.52596 1.34406 -0.0476447 0.0967679 -0.048837 0.192047
-1.66445 -0.418965 -1.51283 1.32755 -0.0603009 0.0841761 -0.0404742 0.189893
-1.66593 -0.423637 -1.50062 1.3271 -0.0695099 0.0991465 -0.0428487 0.190888
-1.66724 -0.428667 -1.48718 1.3271 -0.0695099 0.0991465 -0.0428487 0.190888
-1.66866 -0.434552 -1.47502 1.34351 -0.0588923 0.107329 -0.0346579 0.18951
-1.66967 -0.440226 -1.46384 1.34267 -0.075645 0.104544 -0.0302388 0.188504
-1.67033 -0.446023 -1.45347 1.36857 -0.065063 0.104544 -0.0302388 0.188504
-1.67109 -0.451799 -1.44353 1.36802 -0.0757046 0.0958344 -0.0250962 0.188681
-1.67216 -0.457572 -1.4328 1.35424 -0.0629735 0.0795926 -0.0210074 0.187694
-1.67253 -0.463094 -1.4254 1.35424 -0.0629735 0.0795926 -0.0210074 0.187904
-1.67248 -0.467285 -1.41942 1.35426 -0.0625895 0.0726424 -0.0215468 0.187904
-1.6726 -0.470679 -1.41189 1.33798 -0.0848366 0.100675 -0.0274938 0.186799
-1.67346 -0.476012 -1.40257 1.33798 -0.0848366 0.100675 -0.0274938 0.186496
-1.67407 -0.481498 -1.39584 1.35524 -0.0868234 0.108023 -0.03155 0.186496
-1.67416 -0.487531 -1.39042 1.35508 -0.0891914 0.147179 -0.0411407 0.187159
-1.67473 -0.493978 -1.38297 1.33807 -0.0870539 0.169788 -0.0448722 0.187812
-1.67538 -0.50389 -1.3756 1.33807 -0.0870539 0.169788 -0.0448722 0.187812
-1.67568 -0.513166 -1.36978 1.35781 -0.119213 0.153151 -0.0396694 0.192103
-1.67635 -0.521891 -1.36396 1.34706 -0.142419 0.299474 -0.0496011 0.192716
-1.67759 -0.532848 -1.35749 1.34706 -0.142419 0.299474 -0.0496011 0.192716
-1.67746 -0.548097 -1.35271 1.35638 -0.120265 0.510238 -0.0691588 0.19628
-1.67707 -0.569896 -1.35013 1.35631 -0.121116 0.688785 -0.0768728 0.203423
-1.67592 -0.600206 -1.35006 1.34302 -0.124425 0.688785 -0.0768728 0.213979
-1.67378 -0.635268 -1.34673 1.34358 -0.118203 0.998708 -0.0939601 0.213979
-1.67147 -0.677893 -1.34772 1.35944 -0.105175 1.26959 -0.143584 0.234228
-1.66868 -0.731127 -1.3561 1.35944 -0.105175 1.26959 -0.143584 0.266166
-1.66583 -0.792066 -1.36046 1.36153 -0.07331 1.36153 -0.07331 0.266166
-1.66163 -0.857552 -1.35875 1.35957 -0.015286 1.35957 -0.015286 0.324379
-1.65308 -0.932794 -1.3501 1.35957 -0.015286 1.35957 -0.015286 0.403381
-1.64364 -0.995068 -1.34056 1.29623 0.294725 1.29623 0.294725 0.403381
-1.62528 -1.06771 -1.29913 1.28 0.358718 1.28 0.358718 0.497825
-1.60376 -1.12257 -1.26729 1.16326 0.590766 1.16326 0.590766 0.603735
-1.57575 -1.18129 -1.23761 1.16326 0.590766 1.16326 0.590766 0.603735
-1.54184 -1.23563 -1.20449 1.14505 0.625341 1.14505 0.625341 0.677281
-1.49699 -1.28985 -1.15752 1.09032 0.806582 1.09032 0.806582 0.737754
-1.45547 -1.32908 -1.11473 1.09032 0.806582 1.09032 0.806582 0.737754
-1.40487 -1.36834 -1.06788 1.01419 0.901766 1.01419 0.901766 0.784439
-1.34557 -1.40595 -1.00768 1.00791 0.908782 1.00791 0.908782 0.816094
-1.28751 -1.43498 -0.950328 1.02166 0.914753 1.02166 0.914753 0.816094
-1.22712 -1.45947 -0.896235 1.01775 0.919106 1.01775 0.919106 0.828335
-1.1711 -1.47455 -0.859672 1.0163 0.9207 1.0163 0.9207 0.828257
-1.12462 -1.48026 -0.799212 0.979068 0.800593 0.979068 0.800593 0.828257
-1.07792 -1.48293 -0.76092 0.978873 0.800832 0.978873 0.800832 0.828768
-1.03311 -1.48991 -0.730533 1.1087 0.830603 1.1087 0.830603 0.806657
-0.979469 -1.49982 -0.693476 1.10864 0.830675 1.10864 0.830675 0.806657
-0.915749 -1.51081 -0.646928 1.22568 0.720014 1.22568 0.720014 0.806591
-0.860238 -1.51874 -0.605139 1.22568 0.720014 1.22568 0.720014 0.806591
-0.789595 -1.52813 -0.571693 1.2381 0.629033 1.2381 0.629033 0.823863
-0.723016 -1.53912 -0.539506 1.23657 0.632028 1.23657 0.632028 0.847141
-0.662221 -1.54972 -0.507607 1.23657 0.632028 1.23657 0.632028 0.847141
-0.587397 -1.55997 -0.47025 1.27449 0.567662 1.27449 0.567662 0.887075
-0.525778 -1.56781 -0.44045 1.27154 0.574245 1.27154 0.574245 0.940019
-0.457023 -1.57638 -0.408473 1.32049 0.504307 1.32049 0.504307 0.940019
-0.388275 -1.58305 -0.378309 1.31724 0.512721 1.31724 0.512721 0.993084
-0.3194 -1.5877 -0.349051 1.2955 0.473606 1.2955 0.473606 1.05086
-0.250318 -1.59196 -0.320936 1.3265 0.456804 1.3265 0.456804 1.05086
-0.180997 -1.59666 -0.299942 1.32472 0.461954 1.32472 0.461954 1.12344
-0.110684 -1.60074 -0.274073 1.33312 0.40207 1.33312 0.40207 1.06112
-0.0411498 -1.60368 -0.248961 1.33312 0.40207 1.33312 0.40207 1.06112
0.0290645 -1.6066 -0.223855 1.3648 0.325448 1.3648 0.325448 0.971815
0.100187 -1.60865 -0.203276 1.36386 0.329384 1.36386 0.329384 0.971815
0.171769 -1.61002 -0.188489 1.36386 0.329384 1.36386 0.329384 0.878091
0.243915 -1.61049 -0.16931 1.36497 0.324724 1.36497 0.324724 0.776469
0.315989 -1.61011 -0.150943 1.36497 0.324724 1.36497 0.324724 0.776469
0.395381 -1.60821 -0.130555 1.41208 0.234935 1.36042 0.242722 0.699193
0.460261 -1.60569 -0.118287 1.41221 0.234182 1.17554 0.269853 0.618802
0.534096 -1.60141 -0.104244 1.36523 0.150968 1.16223 0.181564 0.618802
0.590577 -1.59754 -0.092453 1.36459 0.156642 1.0166 0.209093 0.546274
0.64892 -1.59372 -0.0900778 1.33656 0.279831 0.969871 0.255232 0.48442
0.702525 -1.58893 -0.0725773 1.33656 0.279831 0.969871 0.255232 0.48442
0.753877 -1.5825 -0.0535683 1.33821 0.271862 0.877877 0.256485 0.45176
0.807406 -1.57362 -0.0349005 1.32668 0.347104 0.828388 0.220886 0.42596
0.848466 -1.56609 -0.0147763 1.32668 0.347104 0.828388 0.220886 0.42596
0.891869 -1.55786 0.0103754 1.29272 0.366665 0.781428 0.163813 0.398981
0.933747 -1.54964 0.0377796 1.29848 0.345707 0.74227 0.0812832 0.373358
0.977282 -1.54301 0.0679947 1.26209 0.383751 0.74227 0.0812832 0.373358
1.012 -1.53875 0.0950915 1.26777 0.364559 0.714915 -0.00489442 0.35262
1.04969 -1.53474 0.130494 1.26777 0.364559 0.714915 -0.00489442 0.33546
1.0864 -1.53209 0.1602 1.26165 0.354911 0.674734 -0.062612 0.33546
1.12275 -1.52884 0.187689 1.26598 0.33914 0.631482 -0.10451 0.321124
1.15677 -1.52729 0.217949 1.24825 0.374896 0.631482 -0.10451 0.309135
1.19014 -1.52683 0.249669 1.25241 0.360758 0.59461 -0.133581 0.309135
1.22594 -1.52528 0.288209 1.22887 0.441261 0.536812 -0.13032 0.298893
1.25357 -1.52393 0.320567 1.22887 0.441261 0.536812 -0.13032 0.298893
1.28174 -1.52269 0.357671 1.20618 0.415027 0.478214 -0.113424 0.288096
1.30884 -1.51972 0.398591 1.21055 0.402101 0.48876 -0.175893 0.279297
1.33523 -1.51741 0.435485 1.21055 0.402101 0.48876 -0.175893 0.269332
1.36249 -1.5155 0.475146 1.20924 0.411234 0.461363 -0.186097 0.269332
1.39162 -1.5128 0.517393 1.21382 0.397508 0.436652 -0.192644 0.259786
1.41379 -1.51083 0.548704 1.26413 0.424751 0.436652 -0.192644 0.259786
1.43838 -1.5078 0.588093 1.26897 0.410077 0.449722 -0.192395 0.254496
1.46337 -1.50366 0.629401 1.27174 0.401417 0.472954 -0.170092 0.251587
1.48864 -1.49725 0.66722 1.27174 0.401417 0.472954 -0.170092 0.251587
1.51636 -1.48815 0.710275 1.27328 0.396478 0.499135 -0.138835 0.25119
1.54183 -1.47805 0.753977 1.31196 0.362003 0.467431 -0.0985679 0.249643
1.56478 -1.46517 0.79473 1.31196 0.362003 0.467431 -0.0985679 0.249643
1.58581 -1.45219 0.827911 1.32886 0.318585 0.438266 -0.0248066 0.251434
1.60225 -1.43905 0.864752 1.32763 0.323662 0.359834 0.0501998 0.254008
1.61607 -1.42366 0.901118 1.35318 0.301022 0.359834 0.0501998 0.254008
1.62754 -1.40677 0.938987 1.35163 0.307929 0.368901 0.0591884 0.25446
1.63612 -1.39266 0.975686 1.35043 0.313133 0.30763 0.101383 0.248098
1.64418 -1.37592 1.00702 1.37352 0.300953 0.30763 0.101383 0.248098
1.65095 -1.35784 1.04215 1.3761 0.288905 0.301856 0.10641 0.244962
1.65531 -1.34398 1.07024 1.37432 0.230057 0.382615 0.0877097 0.239921
1.66069 -1.32647 1.10083 1.37432 0.230057 0.382615 0.0877097 0.239921
1.66754 -1.30742 1.12763 1.39941 0.209913 0.381725 0.0847152 0.237104
1.67504 -1.28551 1.15095 1.4013 0.19688 0.446511 0.0718876 0.236766
1.68092 -1.2675 1.16838 1.4013 0.19688 0.446511 0.0718876 0.239534
1.68897 -1.24182 1.19906 1.40225 0.169411 0.428965 0.0715177 0.239534
1.69521 -1.22149 1.21176 1.40141 0.176203 0.396656 0.0841286 0.245096
1.70078 -1.19798 1.22725 1.38272 0.165448 0.396656 0.0841286 0.250587
1.70471 -1.18182 1.24837 1.3812 0.177708 0.395719 0.0964243 0.250587
1.7084 -1.1582 1.26109 1.38866 0.188427 0.389374 0.101156 0.255058
1.71174 -1.1361 1.28616 1.38866 0.188427 0.389374 0.101156 0.260335
1.71321 -1.11696 1.29589 1.36751 0.183474 0.398372 0.105806 0.260335
1.71491 -1.09612 1.30745 1.36649 0.190941 0.37056 0.11855 0.256582
1.716 -1.07566 1.32198 1.37092 0.15604 0.404326 0.0976344 0.25861
1.71753 -1.05309 1.33717 1.35021 0.144615 0.404326 0.0976344 0.25861
1.71907 -1.03168 1.35019 1.3501 0.14557 0.432187 0.0761719 0.258113
1.72151 -1.00941 1.36236 1.3375 0.125218 0.41847 0.0668043 0.258708
1.72424 -0.986833 1.37177 1.3375 0.125218 0.41847 0.0668043 0.258708
1.72697 -0.967014 1.38178 1.31539 0.0972128 0.448845 0.0429976 0.260323
1.73011 -0.942424 1.39146 1.31526 0.0989873 0.406447 0.0702583 0.262056
1.7327 -0.919784 1.39781 1.31526 0.0989873 0.406447 0.0702583 0.262056
1.73393 -0.898914 1.40402 1.35673 0.119644 0.356625 0.097683 0.263718
1.7339 -0.881208 1.41196 1.35516 0.136278 0.335275 0.108059 0.264066
1.73213 -0.860734 1.42089 1.33478 0.128394 0.335275 0.108059 0.264066
1.73067 -0.844932 1.42699 1.33415 0.134794 0.342305 0.102283 0.261386
1.72933 -0.825104 1.43627 1.35234 0.115251 0.315736 0.103752 0.257114
1.72741 -0.80745 1.4378 1.35234 0.115251 0.315736 0.103752 0.257114
1.72584 -0.790345 1.44042 1.35406 0.092848 0.322815 0.0893363 0.248032
1.7243 -0.775355 1.44503 1.34259 0.0650677 0.350938 0.063457 0.245246
1.72365 -0.757526 1.45115 1.34259 0.0650677 0.350938 0.063457 0.245246
1.72436 -0.737072 1.45851 1.34332 0.0269057 0.333121 0.0583639 0.245181
1.72431 -0.71872 1.45909 1.34357 -0.00759633 0.361224 0.03016 0.244588
1.72459 -0.702776 1.45793 1.36465 -0.00661606 0.361224 0.03016 0.245222
1.72663 -0.682362 1.46206 1.36418 -0.0365098 0.40897 -0.00532512 0.245222
1.72956 -0.662172 1.46208 1.36318 -0.063782 0.454503 -0.0302742 0.245344
1.73428 -0.639687 1.46703 1.34754 -0.083605 0.497015 -0.057528 0.247557
1.73955 -0.614668 1.46649 1.34754 -0.083605 0.497015 -0.057528 0.247557
1.74524 -0.591535 1.47047 1.3644 -0.101939 0.478725 -0.105713 0.253856
1.7531 -0.566513 1.47171 1.36427 -0.103676 0.444039 -0.168063 0.259945
1.76361 -0.541223 1.4688 1.3356 -0.104092 0.444039 -0.168063 0.259945
1.77361 -0.521564 1.47459 1.33452 -0.117122 0.426529 -0.214725 0.270115
1.78588 -0.500863 1.47579 1.33745 -0.100642 0.417393 -0.208821 0.274048
1.7992 -0.480594 1.48003 1.33745 -0.100642 0.417393 -0.208821 0.274048
1.81316 -0.458151 1.48619 1.33768 -0.0974843 0.405996 -0.178065 0.264689
1.82465 -0.44038 1.48752 1.34958 -0.0749489 0.383473 -0.141068 0.259726
1.83483 -0.421392 1.49284 1.34958 -0.0749489 0.383473 -0.141068 0.259726
1.84354 -0.401815 1.49941 1.34093 -0.0468133 0.36326 -0.104841 0.25715
1.85112 -0.382851 1.51017 1.34138 -0.0314322 0.345039 -0.0751043 0.257603
1.85709 -0.364949 1.51653 1.35657 -0.0256695 0.345039 -0.0751043 0.257603
1.86246 -0.345648 1.52336 1.35681 -0.00371837 0.321717 -0.0510248 0.257431
1.86648 -0.33051 1.53232 1.35679 0.00793779 0.303863 -0.0419398 0.253851
1.86998 -0.31432 1.53744 1.35679 0.00793779 0.303863 -0.0419398 0.253851
1.87423 -0.299858 1.53543 1.35666 0.02041 0.290437 -0.0284653 0.249513
1.87622 -0.282575 1.54945 1.35209 0.0413282 0.29101 -0.0179325 0.243839
1.8792 -0.269616 1.55417 1.35209 0.0413282 0.29101 -0.0179325 0.239237
1.8813 -0.254474 1.57054 1.35438 0.0596898 0.265297 -0.0113904 0.239237
1.88305 -0.239905 1.57569 1.35379 0.0717577 0.247442 -0.014492 0.235429
1.88386 -0.224788 1.58576 1.35323 0.0817436 0.249743 -0.00973522 0.230503
1.885 -0.213832 1.59555 1.38517 0.0898179 0.249743 -0.00973522 0.230503
1.88684 -0.200727 1.60248 1.38421 0.103628 0.268019 0.00279116 0.226244
1.88677 -0.188219 1.61141 1.3749 0.111826 0.28368 0.0133206 0.223487
1.88672 -0.172411 1.62055 1.3749 0.111826 0.28368 0.0133206 0.223487
1.88685 -0.159352 1.64031 1.36821 0.125305 0.276667 0.00898328 0.222302
1.88668 -0.143072 1.65065 1.36623 0.145289 0.274292 0.0133924 0.218793
1.88475 -0.129376 1.66095 1.37701 0.147046 0.274292 0.0133924 0.218793
1.88383 -0.115071 1.67216 1.3585 0.136991 0.324304 0.0230029 0.218293
1.8839 -0.0989504 1.68113 1.35817 0.140216 0.393928 0.0506736 0.220145
1.88074 -0.0816116 1.69439 1.39188 0.144652 0.393928 0.0506736 0.223746
1.87828 -0.0609939 1.70228 1.39078 0.154846 0.455399 0.0915481 0.223746
1.87367 -0.0389064 1.7116 1.35875 0.150031 0.488924 0.112987 0.227323
1.86692 -0.014692 1.72187 1.35994 0.138827 0.572223 0.160884 0.231682
1.85858 0.0115329 1.72858 1.37772 0.141061 0.572223 0.160884 0.231682
1.84899 0.0402415 1.73346 1.37941 0.123526 0.578616 0.114805 0.242329
1.83917 0.0693308 1.74792 1.38122 0.101267 0.57951 0.0634114 0.257372
1.83067 0.102042 1.75707 1.38691 0.102017 0.57951 0.0634114 0.257372
1.82339 0.132163 1.76672 1.38802 0.0855875 0.578364 0.00280932 0.277054
1.81906 0.159037 1.77292 1.38898 0.0682848 0.561693 -0.0441483 0.307532
1.81548 0.188455 1.78454 1.38898 0.0682848 0.561693 -0.0441483 0.307532
1.81324 0.217868 1.79325 1.36782 0.0667033 0.519413 -0.0494154 0.29832
1.81096 0.248568 1.80081 1.3808 0.0650032 0.489966 -0.051363 0.293339
1.8089 0.272022 1.81178 1.3808 0.0650032 0.489966 -0.051363 0.288239
1.80628 0.299602 1.82324 1.37104 0.0734328 0.431636 -0.0130681 0.288239
1.80346 0.321043 1.83324 1.37084 0.0770835 0.397623 -0.00570302 0.284476
1.79897 0.341996 1.84379 1.35555 0.0923042 0.397623 -0.00570302 0.270583
1.79438 0.3637 1.85636 1.35493 0.101009 0.36329 0.0100329 0.270583
1.79044 0.380867 1.86592 1.37693 0.140303 0.338157 0.00936998 0.259316
1.78555 0.39877 1.88269 1.37693 0.140303 0.338157 0.00936998 0.24864
1.78103 0.4155 1.90252 1.37894 0.118863 0.307922 0.00635379 0.24864
1.77663 0.431458 1.92046 1.36264 0.101783 0.276383 0.00901849 0.244886
1.77192 0.447711 1.9414 1.36405 0.0807604 0.252269 -0.00786468 0.23899
1.76753 0.459449 1.95686 1.33279 0.0697088 0.252269 -0.00786468 0.23899
1.76344 0.472986 1.9799 1.33378 0.0471511 0.230853 -0.00434785 0.235214
1.76015 0.483932 1.99815 1.37141 0.0769946 0.239269 -0.0210366 0.232938
1.75705 0.495698 2.01864 1.37141 0.0769946 0.239269 -0.0210366 0.232938
1.75315 0.509049 2.04378 1.37192 0.0671309 0.250336 -0.0359688 0.228828
1.74984 0.520629 2.06323 1.34184 0.0212312 0.222627 -0.0335186 0.222589
1.74588 0.534723 2.08535 1.34184 0.0212312 0.222627 -0.0335186 0.215694
1.74233 0.545941 2.10751 1.31229 -0.0263452 0.252275 -0.0666273 0.215694
1.73932 0.558173 2.12388 1.31185 -0.0429642 0.27101 -0.094164 0.210928
1.7359 0.572406 2.14294 1.30785 -0.0553762 0.27101 -0.094164 0.210888
1.73268 0.587281 2.16306 1.30732 -0.0668832 0.294631 -0.119256 0.210888
1.7297 0.601601 2.17721 1.32245 -0.0542198 0.47631 -0.204834 0.209742
1.72595 0.623007 2.19454 1.32245 -0.0542198 0.47631 -0.204834 0.213531
1.72034 0.651897 2.21543 1.32256 -0.0515803 0.738483 -0.313727 0.213531
1.71438 0.681768 2.23606 1.33629 -0.0300786 0.734561 -0.277943 0.220347
1.70408 0.723275 2.25549 1.33661 -0.0065231 0.712594 -0.206377 0.2347
1.69261 0.756727 2.2686 1.35985 0.0376877 0.712594 -0.206377 0.2347
1.67676 0.796039 2.29136 1.35829 0.0751908 0.683256 -0.131862 0.258174
1.66242 0.825998 2.3184 1.3771 0.191314 0.670935 -0.0290352 0.286094
1.6436 0.855516 2.33873 1.3771 0.191314 0.670935 -0.0290352 0.286094
1.62236 0.883031 2.36381 1.3696 0.239152 0.642568 0.0396861 0.312722
1.59927 0.90853 2.39582 1.37333 0.30171 0.609572 0.086527 0.325919
1.57563 0.929814 2.4285 1.37333 0.30171 0.609572 0.086527 0.325919
1.55101 0.949082 2.45595 1.32691 0.307034 0.562065 0.126373 0.305705
1.5233 0.967886 2.48716 1.33127 0.287526 0.542458 0.131884 0.286478
1.50088 0.980839 2.51225 1.32166 0.266398 0.542458 0.131884 0.286478
1.47295 0.99575 2.5426 1.32638 0.241799 0.53292 0.117732 0.27492
1.44802 1.00877 2.56983 1.32975 0.22253 0.525569 0.0925627 0.273911
1.42615 1.02019 2.59492 1.3071 0.188689 0.525569 0.0925627 0.279607
1.40158 1.03274 2.62096 1.3083 0.180213 0.529418 0.0438982 0.279607
1.37681 1.04531 2.64989 1.2951 0.14877 0.519857 -0.00632976 0.287027
1.35106 1.06083 2.67385 1.2951 0.14877 0.519857 -0.00632976 0.290249
1.33009 1.07396 2.69532 1.31608 0.153718 0.55379 -0.0980955 0.290249
1.30659 1.09048 2.71606 1.31589 0.155332 0.542659 -0.141668 0.2832
1.2838 1.10919 2.73555 1.31681 0.147295 0.523505 -0.134602 0.278417
1.26142 1.12776 2.7554 1.24024 0.0717163 0.523505 -0.134602 0.278417
1.2395 1.14571 2.77398 1.24028 0.0708794 0.518457 -0.0951675 0.276596
1.21504 1.16356 2.79485 1.42321 0.16773 0.494309 -0.0622801 0.276546
1.19451 1.17607 2.80981 1.42321 0.16773 0.494309 -0.0622801 0.276546
1.17168 1.1884 2.83062 1.41625 0.18899 0.490625 -0.0034615 0.27484
1.14822 1.19918 2.85372 1.41184 0.219531 0.502725 0.0680014 0.276277
1.1242 1.20697 2.87179 1.41184 0.219531 0.502725 0.0680014 0.276277
1.09623 1.21332 2.89397 1.39868 0.267372 0.459403 0.0988917 0.278398
1.07367 1.21666 2.9085 1.38454 0.332943 0.413282 0.165579 0.269872
1.0505 1.2174 2.92543 1.38158 0.327938 0.413282 0.165579 0.269872
1.02867 1.21582 2.94364 1.36839 0.379235 0.364135 0.215337 0.262507
1.00757 1.21294 2.96224 1.31167 0.423497 0.310486 0.222688 0.251796
0.988699 1.20751 2.97627 1.31167 0.423497 0.310486 0.222688 0.251796
0.971546 1.20136 2.98906 1.3072 0.443974 0.268483 0.255653 0.239278
0.9554 1.19418 3.00122 1.29618 0.475166 0.254921 0.272137 0.226883
0.94011 1.18587 3.01069 1.29618 0.475166 0.254921 0.272137 0.226883
0.925414 1.17696 3.0199 1.30303 0.472587 0.228567 0.285592 0.221211
0.911325 1.16692 3.02914 1.29699 0.488911 0.215789 0.289035 0.219745
0.898185 1.15663 3.0368 1.30997 0.439012 0.215789 0.289035 0.219745
0.885343 1.14647 3.04746 1.30861 0.443043 0.214226 0.294195 0.220999
0.87235 1.13614 3.05583 1.34336 0.405417 0.221118 0.30063 0.22399
0.860071 1.12557 3.06137 1.34336 0.405417 0.221118 0.30063 0.227794
0.847332 1.11454 3.06539 1.34601 0.39653 0.232573 0.305096 0.227794
0.834648 1.10339 3.06562 1.38198 0.361067 0.248729 0.305253 0.233863
0.821292 1.09256 3.06388 1.38198 0.361067 0.248729 0.305253 0.239675
0.807431 1.08134 3.06371 1.3451 0.313549 0.267975 0.304683 0.239675
0.793126 1.06988 3.06373 1.34716 0.30454 0.278891 0.305474 0.246234
0.778154 1.05821 3.06437 1.37754 0.279462 0.278891 0.305474 0.251862
0.762607 1.04677 3.06172 1.38016 0.266237 0.293269 0.304416 0.251862
0.746855 1.03529 3.06203 1.38266 0.252931 0.307664 0.30739 0.257366
0.730457 1.02356 3.06144 1.40985 0.231477 0.307664 0.30739 0.262506
0.713045 1.01197 3.06221 1.41139 0.221887 0.314478 0.317707 0.262506
0.695728 1.00003 3.06327 1.3782 0.193066 0.304173 0.322215 0.267635
0.678586 0.988001 3.06037 1.3782 0.193066 0.304173 0.322215 0.272293
0.661348 0.975662 3.05661 1.38015 0.178592 0.294957 0.323667 0.272293
0.643922 0.963279 3.05431 1.38188 0.164696 0.362201 0.318388 0.276044
0.625991 0.951081 3.05175 1.38449 0.14108 0.421639 0.346879 0.279216
0.605752 0.938809 3.04739 1.40595 0.0837116 0.421639 0.346879 0.279216
0.583747 0.926215 3.03713 1.40708 0.0618867 0.460698 0.285049 0.281857
0.560241 0.915725 3.02621 1.42669 0.0109258 0.47245 0.218595 0.287914
0.536032 0.908173 3.01877 1.42669 0.0109258 0.47245 0.218595 0.287914
0.511303 0.902396 3.00937 1.46721 -0.0457069 0.490084 0.147285 0.295358
0.486129 0.898245 2.99631 1.46533 -0.0871699 0.524401 0.0761214 0.303372
0.459778 0.898172 2.98513 1.4371 -0.0866192 0.524401 0.0761214 0.303372
0.433166 0.899947 2.97555 1.43394 -0.128698 0.525301 0.0135297 0.298207
0.40633 0.903463 2.9649 1.43041 -0.163332 0.550591 -0.0453514 0.288795
0.379837 0.910296 2.95861 1.45147 -0.141917 0.550591 -0.0453514 0.288795
0.353191 0.918401 2.9478 1.44891 -0.166064 0.569817 -0.088875 0.284502
0.326193 0.928289 2.9406 1.45537 -0.15264 0.596628 -0.122567 0.285042
0.298838 0.940414 2.93463 1.45537 -0.15264 0.596628 -0.122567 0.285042
0.271007 0.953266 2.92647 1.43731 -0.136575 0.627289 -0.139122 0.289133
0.242489 0.96709 2.92187 1.43682 -0.141699 0.628922 -0.167245 0.295643
0.213436 0.982493 2.9169 1.43682 -0.141699 0.628922 -0.167245 0.295643
0.184383 0.998321 2.90969 1.41973 -0.116441 0.543644 -0.204259 0.304859
0.15692 1.0152 2.9035 1.42046 -0.107216 0.473437 -0.204632 0.315394
0.134128 1.0315 2.90226 1.40687 -0.0587156 0.472667 -0.199524 0.315394
0.114136 1.04771 2.90093 1.40649 -0.0672574 0.37766 -0.189467 0.310206
0.0959827 1.06241 2.90258 1.44469 -0.0255322 0.281609 -0.174653 0.281318
0.0819041 1.07478 2.90593 1.44469 -0.0255322 0.281609 -0.174653 0.281318
0.070627 1.08572 2.91234 1.4439 -0.054281 0.216833 -0.151927 0.265902
0.0606822 1.09574 2.91797 1.4433 -0.0297507 0.183358 -0.147043 0.246824
0.0523776 1.10498 2.9259 1.4433 -0.0297507 0.183358 -0.147043 0.227482
0.045343 1.11373 2.93467 1.38631 -0.0635879 0.139912 -0.126765 0.227482
0.0388002 1.12149 2.93913 1.38374 -0.105659 0.0990851 -0.129263 0.218456
0.0337813 1.12865 2.94764 1.41949 -0.0914946 0.0990851 -0.129263 0.217266
0.0300293 1.13488 2.95523 1.41852 -0.10554 0.0787907 -0.10999 0.217266
0.0267699 1.14064 2.95467 1.41921 -0.0958495 0.0711631 -0.087964 0.204208
0.0237067 1.14534 2.96142 1.40099 -0.0999114 0.0711631 -0.087964 0.196125
0.0212972 1.14985 2.96136 1.39793 -0.136218 0.0498331 -0.130431 0.196125
0.0185872 1.15475 2.97327 1.38495 -0.147335 0.0278629 -0.0985518 0.196086
0.0167456 1.15982 2.97774 1.38561 -0.141057 0.0306692 -0.117722 0.196059
0.0152972 1.16445 2.98699 1.37381 -0.142388 0.0306692 -0.117722 0.196059
0.0141307 1.16918 2.99279 1.37352 -0.145174 0.0404769 -0.183172 0.184066
0.0131266 1.17634 2.99896 1.36306 -0.183474 0.00507035 -0.117245 0.181025
0.0122791 1.18265 3.01336 1.36306 -0.183474 0.00507035 -0.117245 0.181025
0.0127175 1.18741 3.01933 1.36291 -0.184584 -0.00395791 -0.100202 0.18899
0.0127463 1.1908 3.02471 1.42174 -0.155248 0.0165832 -0.124256 0.187951
0.0121416 1.19535 3.03162 1.42174 -0.155248 0.0165832 -0.124256 0.187951
0.0113605 1.2011 3.04207 1.41971 -0.162584 0.027353 -0.210351 0.177921
0.0100515 1.20901 3.04823 1.41729 -0.182479 -0.00370623 -0.145598 0.175955
0.00972986 1.21623 3.05771 1.41416 -0.193113 -0.00370623 -0.145598 0.175955
0.010139 1.22306 3.06869 1.41434 -0.191789 -0.00998705 -0.13164 0.18199
0.0106319 1.2289 3.0772 1.41681 -0.17254 0.00874897 -0.170908 0.185968
0.0111488 1.23598 3.07962 1.41586 -0.161663 0.0152708 -0.15812 0.175924
0.0110226 1.24326 3.08573 1.41586 -0.161663 0.0152708 -0.15812 0.175924
0.0102704 1.2505 3.09112 1.41461 -0.188259 -0.0100569 -0.131602 0.174904
0.0099243 1.25701 3.10119 1.41379 -0.194334 -0.0156715 -0.108729 0.180886
0.0101916 1.26213 3.11172 1.41545 -0.18704 -0.0156715 -0.108729 0.180886
0.01086 1.26672 3.1195 1.41848 -0.162457 -0.00476928 -0.0967753 0.189919
0.0114922 1.27162 3.12493 1.42322 -0.113658 0.0125625 -0.084482 0.181926
0.0104513 1.27566 3.13626 1.42223 -0.122315 0.0125625 -0.084482 0.181926
0.00997156 1.27957 3.14083 1.4209 -0.1369 -0.00836749 -0.0582452 0.180899
0.0097321 1.28262 -3.13746 1.42407 -0.132574 -0.0131437 -0.0410342 0.187929
0.00982707 1.28477 -3.13275 1.42407 -0.132574 -0.0131437 -0.0410342 0.186993
0.0108179 1.28616 -3.12984 1.42456 -0.110313 0.000507691 -0.0325477 0.186993
0.0105446 1.28771 -3.1239 1.42528 -0.100545 -0.00313548 -0.0215613 0.183982
0.0103291 1.28886 -3.11975 1.42528 -0.100545 -0.00313548 -0.0215613 0.187937
0.0102154 1.2898 -3.11597 1.4265 -0.103572 -0.0116333 -0.00761356 0.187937
0.0107518 1.29027 -3.11309 1.42795 -0.0811182 -0.00328907 -0.00724469 0.184986
0.0105812 1.2907 -3.11046 1.42822 -0.0844537 -0.0111402 0.00325855 0.184008
0.0105955 1.29081 -3.10982 1.42822 -0.0844537 -0.0111402 0.00325855 0.184008
0.0105685 1.29081 -3.10957 1.42803 -0.0892278 -0.0146301 0.0126406 0.184994
0.0106178 1.29078 -3.10966 1.42851 -0.0811489 -0.012279 0.0109329 0.179993
0.0105501 1.29082 -3.10955 1.42851 -0.0811489 -0.012279 0.0109329 0.179993
0.0102503 1.29089 -3.10763 1.42768 -0.0937935 -0.0249356 0.0244402 0.180001
0.0103564 1.29081 -3.10595 1.42872 -0.0762796 -0.0246116 0.0223992 0.185999
0.0108939 1.29077 -3.10337 1.42864 -0.0763738 -0.0246116 0.0223992 0.178003
0.0115378 1.29059 -3.10426 1.42975 -0.0516102 -0.0105719 0.0137723 0.178003
0.0114936 1.2906 -3.10363 1.42954 -0.0752187 -0.029456 0.0263947 0.175996
0.0117822 1.29052 -3.10227 1.42952 -0.0756173 -0.0347126 0.0329838 0.175999
0.0126112 1.29018 -3.10005 1.43043 -0.0760218 -0.0347126 0.0329838 0.175999
0.0138596 1.28949 -3.10019 1.43139 -0.0552317 -0.0346239 0.0324455 0.178948
0.0148909 1.28889 -3.0989 1.43239 -0.0138529 -0.027456 0.0271687 0.179985
0.0160324 1.28868 -3.09264 1.4336 -0.0166076 -0.027456 0.0271687 0.179985
0.0171599 1.28872 -3.09137 1.43248 -0.0588175 -0.0250124 0.0248356 0.174991
0.0179921 1.28812 -3.08484 1.37833 -0.0599922 -0.0371513 0.0350021 0.174535
0.0191399 1.28722 -3.07873 1.37833 -0.0599922 -0.0371513 0.0350021 0.178436
0.0205294 1.28642 -3.07402 1.38176 -0.0398653 -0.035334 0.0360517 0.178436
0.0223171 1.28572 -3.07227 1.38215 -0.0230152 -0.0253409 0.0271959 0.184706
0.0231169 1.28538 -3.0682 1.3823 0.00972943 -0.0110043 0.0166129 0.186936
0.0237785 1.28489 -3.06856 1.38521 -0.00152201 -0.0110043 0.0166129 0.186936
0.0238456 1.2849 -3.06878 1.38515 0.0127228 -0.00224644 0.0112425 0.1862
0.024055 1.2849 -3.06764 1.39 0.00441892 -0.000359589 0.0104927 0.186052
0.0241887 1.28494 -3.06682 1.39 0.00441892 -0.000359589 0.0104927 0.186052
0.024214 1.28493 -3.06709 1.39033 0.00549947 0.00409521 0.0150567 0.185981
0.0242351 1.2849 -3.06704 1.39023 0.017593 0.00723554 0.0083483 0.186068
0.0242313 1.28485 -3.06743 1.39031 0.00872422 0.0030159 0.0081571 0.186066
0.0241965 1.28488 -3.06732 1.39067 0.00732086 0.0030159 0.0081571 0.186066
0.0242508 1.28488 -3.06731 1.39054 0.0203481 0.000600554 0.010089 0.185964
0.024229 1.28487 -3.06717 1.39008 0.0397272 -0.00185704 0.0123195 0.186007
0.0241879 1.28488 -3.06724 1.39008 0.0397272 -0.00185704 0.0123195 0.186007
0.0242997 1.28485 -3.06748 1.38967 0.0524042 -0.00425142 0.0141165 0.186017
0.0243402 1.28481 -3.06704 1.38945 0.0580449 -0.00666081 0.0160097 0.185991
0.0243644 1.28475 -3.06645 1.38949 0.0580543 -0.00666081 0.0160097 0.186009
0.024457 1.28469 -3.0665 1.38872 0.0741529 -0.00908635 0.0180142 0.186009
0.0246936 1.28452 -3.06614 1.38702 0.101164 -0.00425022 0.0141077 0.185971
0.0247764 1.28446 -3.06624 1.38724 0.0999856 -0.00425022 0.0141077 0.185984
0.024842 1.28439 -3.06655 1.38807 0.0877391 0.00757243 0.00611655 0.185984
0.0248642 1.28442 -3.06668 1.38855 0.0878914 0.000565611 0.0103336 0.185988
0.0247949 1.28438 -3.06641 1.38804 0.0957291 -0.00184911 0.0122514 0.18598
0.0247612 1.28443 -3.06651 1.38807 0.0964229 -0.00184911 0.0122514 0.18598
0.0245034 1.28456 -3.06421 1.38717 0.108581 -0.00426431 0.014197 0.186021
0.0248883 1.28433 -3.06609 1.38662 0.115392 -0.00424638 0.0140728 0.185001
0.0247083 1.28444 -3.06397 1.38659 0.115163 -0.00424638 0.0140728 0.179
0.024715 1.28441 -3.06361 1.38726 0.106829 -0.013919 0.0219103 0.179
0.0250637 1.28416 -3.06345 1.38623 0.118181 -0.0284014 0.0334375 0.178811
0.0260186 1.28329 -3.06261 1.38623 0.118181 -0.0284014 0.0334375 0.181
0.0272931 1.28225 -3.06381 1.38583 0.125562 -0.0259943 0.0315091 0.181
0.0286683 1.28108 -3.0645 1.38275 0.155942 -0.0235615 0.0295107 0.186943
0.0297484 1.28018 -3.06421 1.37968 0.181105 -0.00381824 0.0112216 0.186709
0.0303006 1.27968 -3.0641 1.38271 0.176934 -0.00381824 0.0112216 0.186709
0.0304978 1.27951 -3.0638 1.38656 0.143725 0.0100826 0.00346686 0.187663
0.0304556 1.27951 -3.06371 1.39258 0.115624 0.00133236 0.00502313 0.187733
0.0304727 1.2795 -3.06354 1.39258 0.115624 0.00133236 0.00502313 0.187929
0.0305056 1.27946 -3.06345 1.39273 0.126374 -0.00115786 0.00685128 0.187929
0.0305243 1.27952 -3.06439 1.39116 0.142639 0.00699967 0.00881031 0.187988
0.0305311 1.27938 -3.06265 1.39378 0.114148 0.0263604 -0.00580839 0.187985
0.0305217 1.27938 -3.06239 1.39392 0.113617 0.0263604 -0.00580839 0.187985
0.0304773 1.27944 -3.06296 1.39498 0.09988 0.015072 -0.00136922 0.188035
0.0305151 1.2794 -3.0626 1.39472 0.103883 0.0127176 0.000163136 0.187923
0.0305048 1.27938 -3.06225 1.39472 0.103883 0.0127176 0.000163136 0.187923
0.0304922 1.27938 -3.06222 1.39482 0.10257 0.0212194 0.000117996 0.188023
0.0305275 1.27935 -3.06235 1.39655 0.0754562 0.0196021 -0.00323941 0.187981
0.0304902 1.27938 -3.06232 1.39638 0.0785831 0.0128133 -0.000474306 0.187986
0.0304562 1.27939 -3.0623 1.39643 0.0774923 0.0128133 -0.000474306 0.187986
0.0304905 1.27937 -3.06229 1.39596 0.0855276 0.0116906 0.00697739 0.187997
0.0305289 1.27933 -3.06244 1.39615 0.0808493 0.0218486 -0.00405603 0.188003
0.0305062 1.27932 -3.06249 1.39615 0.0808493 0.0218486 -0.00405603 0.188003
0.030488 1.2794 -3.06211 1.39782 0.0441148 0.0241085 -0.00495773 0.188
0.0304369 1.27943 -3.06228 1.3976 0.0506735 0.0212194 0.000116316 0.187991
0.0301032 1.2795 -3.06106 1.39767 0.0513148 0.0212194 0.000116316 0.188014
0.0299639 1.27933 -3.06057 1.3976 0.0533521 0.0211382 0.000652441 0.188014
0.02945 1.27954 -3.05866 1.39838 0.025657 0.0351329 -0.00764747 0.188977
0.0291561 1.27939 -3.05869 1.398 0.0246252 0.0351329 -0.00764747 0.188805
0.0278927 1.27968 -3.05445 1.39821 -0.00376759 0.0199438 -0.00551967 0.188805
0.0271735 1.28001 -3.05211 1.39683 0.00649864 0.0187435 0.0024545 0.188873
0.0268685 1.27992 -3.0508 1.39682 0.00817749 0.0249801 0.00334745 0.189628
0.0263684 1.27989 -3.04954 1.39455 0.0034215 0.0249801 0.00334745 0.189628
0.0260134 1.27978 -3.05316 1.39437 -0.022441 0.0134365 -0.00455295 0.18888
0.0256255 1.27937 -3.05269 1.39432 -0.0252792 0.0110049 -0.00256302 0.1898
0.0255214 1.27943 -3.05342 1.39284 -0.0301628 0.0110049 -0.00256302 0.190751
0.0255058 1.27943 -3.05341 1.39314 -0.00911185 0.0155187 -0.00433036 0.190751
0.0255001 1.27944 -3.05361 1.39114 -0.0418618 0.0183332 -0.00889237 0.190579
0.0253127 1.27952 -3.05293 1.39057 -0.0577076 0.009246 -0.00493642 0.190985
0.0251534 1.27962 -3.05239 1.39064 -0.0568084 0.009246 -0.00493642 0.190985
0.0252229 1.27961 -3.05221 1.3914 -0.0337169 0.0106936 -0.000497493 0.191051
0.0252037 1.27957 -3.05223 1.39144 -0.0318194 0.0192288 -0.000761513 0.190958
0.0250566 1.27967 -3.05165 1.39098 -0.0337534 0.0192288 -0.000761513 0.190958
0.0246749 1.27961 -3.05033 1.38947 -0.0729731 0.0138926 -0.00761817 0.191005
0.0241929 1.27978 -3.05001 1.38975 -0.0688988 0.0116545 0.00721401 0.191035
0.0239143 1.27969 -3.05004 1.38975 -0.0688988 0.0116545 0.00721401 0.190831
0.0239837 1.27974 -3.04974 1.38944 -0.0485675 0.0107041 -0.000567198 0.190831
0.0241044 1.27958 -3.05088 1.38798 -0.0801214 0.0228847 -0.0109204 0.190864
0.0239846 1.27968 -3.05026 1.38721 -0.0863615 0.00934914 -0.00561883 0.190919
0.0237714 1.27969 -3.05085 1.38721 -0.0863615 0.00934914 -0.00561883 0.190919
0.0237896 1.27967 -3.05096 1.38724 -0.0858588 0.00937766 -0.0058568 0.191111
0.0237663 1.27968 -3.05127 1.3883 -0.0753353 0.0387602 -0.0177192 0.191011
0.022986 1.28003 -3.0513 1.3883 -0.0753353 0.0387602 -0.0177192 0.190838
0.0216087 1.28005 -3.05285 1.38645 -0.091871 0.0184319 -0.00952371 0.190838
0.0199263 1.27974 -3.05248 1.38471 -0.115247 0.0116008 -0.00644632 0.192004
0.0188582 1.27975 -3.0527 1.38277 -0.113287 0.0116008 -0.00644632 0.193639
0.0181484 1.27978 -3.05225 1.38239 -0.117763 0.0166956 -0.0120785 0.193639
0.0177148 1.27976 -3.0539 1.38323 -0.107453 0.0330017 -0.0212256 0.193932
0.0164193 1.27975 -3.05454 1.37774 -0.125446 0.0109451 -0.0155018 0.193039
0.0151092 1.27981 -3.05457 1.37774 -0.125446 0.0109451 -0.0155018 0.193039
0.0142356 1.28001 -3.05372 1.37225 -0.148981 0.00889813 -0.0162194 0.195774
0.0136896 1.28039 -3.05374 1.37383 -0.133695 0.0251595 -0.0257388 0.196291
0.0129476 1.28105 -3.05295 1.42935 -0.130457 0.0251595 -0.0257388 0.193045
0.011981 1.28186 -3.05289 1.42934 -0.130612 0.0208715 -0.0247762 0.193045
0.0109289 1.28282 -3.05274 1.42701 -0.153959 0.00964525 -0.0210933 0.196028
0.0101122 1.28335 -3.05255 1.42546 -0.154342 0.00964525 -0.0210933 0.197108
0.00956165 1.28381 -3.05243 1.42576 -0.151506 0.0168807 -0.0247343 0.197108
0.00878392 1.28461 -3.05229 1.42426 -0.129099 0.0425206 -0.0352127 0.19621
0.0071768 1.2858 -3.0518 1.42263 -0.145926 0.0276769 -0.0295765 0.19602
0.00578627 1.28698 -3.05121 1.42101 -0.145464 0.0276769 -0.0295765 0.19602
0.00452639 1.28789 -3.05083 1.42105 -0.145112 0.0336279 -0.0309514 0.196159
0.00323869 1.28901 -3.05083 1.42242 -0.130938 0.0500388 -0.0359573 0.196032
0.0012305 1.29046 -3.05078 1.41868 -0.130205 0.0500388 -0.0359573 0.196077
-0.00129322 1.29161 -3.05212 1.41835 -0.133752 0.0444304 -0.033727 0.196077
-0.00465011 1.29251 -3.05021 1.41563 -0.127294 0.0487447 -0.033206 0.195292
-0.00742092 1.29374 -3.04997 1.41451 -0.139195 0.0360437 -0.0260836 0.196047
-0.00921255 1.29492 -3.05105 1.4059 -0.13558 0.0360437 -0.0260836 0.196047
-0.0108139 1.29604 -3.05187 1.40607 -0.133816 0.0459284 -0.0318065 0.196021
-0.0128693 1.29766 -3.05095 1.40647 -0.129506 0.0465104 -0.0324316 0.195704
-0.0151523 1.29861 -3.05393 1.40038 -0.128205 0.0465104 -0.0324316 0.196207
-0.0178099 1.2994 -3.05525 1.39921 -0.140431 0.0370256 -0.0275777 0.196207
-0.0198565 1.30025 -3.05571 1.39607 -0.128351 0.0528333 -0.0354939 0.197041
-0.0224228 1.30154 -3.05632 1.39612 -0.127837 0.0627715 -0.0431177 0.196979
-0.0259125 1.30328 -3.05692 1.38705 -0.124603 0.0627715 -0.0431177 0.196979
-0.0291089 1.30497 -3.05627 1.3864 -0.131606 0.0717308 -0.0444758 0.197556
-0.0328577 1.30693 -3.05471 1.38036 -0.120601 0.0918811 -0.0522545 0.198421
-0.0375572 1.30883 -3.05296 1.38036 -0.120601 0.0918811 -0.0522545 0.198421
-0.0422839 1.31032 -3.05497 1.38088 -0.114499 0.0957321 -0.0531276 0.198951
-0.0474448 1.3125 -3.05584 1.43131 -0.104705 0.0941412 -0.0515904 0.199627
-0.0524079 1.31484 -3.0548 1.43131 -0.104705 0.0941412 -0.0515904 0.200573
-0.0576071 1.31675 -3.05383 1.41214 -0.106153 0.0893048 -0.0554358 0.200573
-0.0624457 1.31837 -3.05315 1.4133 -0.0893347 0.102849 -0.0571004 0.20205
-0.067558 1.32054 -3.04999 1.40154 -0.0742817 0.107798 -0.0628706 0.203769
-0.0731809 1.32301 -3.04809 1.40154 -0.0742817 0.107798 -0.0628706 0.203769
-0.0795809 1.32564 -3.04391 1.40206 -0.0636965 0.122893 -0.0613773 0.205142
-0.0858023 1.32796 -3.04333 1.39005 -0.0341338 0.131273 -0.0387974 0.205921
-0.0923776 1.32994 -3.0423 1.39005 -0.0341338 0.131273 -0.0387974 0.205921
-0.0993338 1.33145 -3.04138 1.42568 -0.0136248 0.12886 -0.0229673 0.208724
-0.106371 1.33227 -3.03936 1.4257 0.0112796 0.120218 -0.0133603 0.211429
-0.112534 1.33279 -3.03854 1.40825 0.0108234 0.120218 -0.0133603 0.209593
-0.118858 1.33309 -3.03654 1.40771 0.0404503 0.107353 -0.00353227 0.209593
-0.125242 1.33314 -3.03374 1.40705 0.059202 0.0921905 0.00571522 0.204296
-0.130315 1.33298 -3.03114 1.38879 0.0749908 0.0863664 0.0147382 0.199422
-0.134487 1.33263 -3.03242 1.38879 0.0749908 0.0863664 0.0147382 0.199422
-0.138634 1.33215 -3.03014 1.42157 0.088983 0.0895595 0.0276996 0.196073
-0.143123 1.33126 -3.03002 1.42144 0.0911186 0.0987556 0.0316638 0.193131
-0.148269 1.32988 -3.02956 1.40994 0.0915478 0.0987556 0.0316638 0.193131
-0.153403 1.32856 -3.03161 1.4097 0.0952069 0.11081 0.0358856 0.191592
-0.158429 1.32729 -3.02776 1.40322 0.103173 0.117349 0.0406228 0.191059
-0.164521 1.32512 -3.02811 1.39612 0.121681 0.119155 0.0449111 0.190639
-0.170582 1.32367 -3.02609 1.39612 0.121681 0.119155 0.0449111 0.190639
-0.17678 1.32212 -3.02324 1.38102 0.109854 0.110888 0.0426752 0.191079
-0.182597 1.32031 -3.02128 1.38088 0.11154 0.127721 0.0433591 0.192808
-0.188717 1.31806 -3.02147 1.41449 0.112878 0.127721 0.0433591 0.192808
-0.194743 1.31501 -3.02479 1.41539 0.10093 0.15842 0.038587 0.194348
-0.202259 1.31302 -3.02383 1.40897 0.0831247 0.185141 0.0326373 0.197196
-0.210928 1.31131 -3.02437 1.39989 0.0846599 0.185141 0.0326373 0.199958
-0.220815 1.30926 -3.0269 1.40049 0.0740906 0.21203 0.0263405 0.199958
-0.230854 1.30729 -3.02658 1.38171 0.0844064 0.262383 0.0285371 0.202857
-0.243229 1.30505 -3.029 1.38171 0.0844064 0.262383 0.0285371 0.207978
-0.2575 1.3029 -3.02915 1.40089 0.0878558 0.326833 0.0382263 0.207978
-0.272535 1.30019 -3.02754 1.40184 0.0711727 0.438516 0.0427987 0.212162
-0.293532 1.29704 -3.03132 1.4198 0.0500048 0.632697 0.0498216 0.218013
-0.320827 1.29374 -3.03778 1.4198 0.0500048 0.632697 0.0498216 0.218013
-0.353325 1.2891 -3.03977 1.41959 0.0558134 0.921295 0.0661089 0.229436
-0.392569 1.28484 -3.04248 1.37394 0.062083 1.05621 0.0141926 0.244212
-0.440565 1.28063 -3.05203 1.37394 0.062083 1.05621 0.0141926 0.244212
-0.49373 1.27674 -3.05649 1.38014 0.0558447 0.945634 -0.00964634 0.271146
-0.545751 1.27389 -3.0566 1.38019 0.054546 0.784142 -0.0352938 0.315244
-0.590652 1.2716 -3.05697 1.3837 0.188488 0.76448 0.0951557 0.366234
-0.630441 1.26831 -3.04301 1.37868 0.222222 0.618425 0.107631 0.366234
-0.665727 1.26131 -3.02169 1.34513 0.293232 0.470881 0.161459 0.355894
-0.693656 1.25304 -3.01105 1.33762 0.325806 0.326182 0.173357 0.30465
-0.713148 1.24351 -2.99702 1.33762 0.325806 0.326182 0.173357 0.30465
-0.728655 1.2341 -2.98065 1.29366 0.537952 0.213002 0.20224 0.285531
-0.741931 1.22408 -2.95918 1.26569 0.600818 0.174065 0.191185 0.265297
-0.75131 1.21461 -2.94085 1.26569 0.600818 0.174065 0.191185 0.265297
-0.759755 1.20402 -2.91862 1.23318 0.665006 0.134349 0.16958 0.241205
-0.765747 1.19553 -2.90129 1.18747 0.743544 0.0665452 0.203733 0.234116
-0.770141 1.18604 -2.87453 1.20014 0.634165 0.0832714 0.169001 0.234116
-0.773024 1.17718 -2.85366 1.16032 0.704381 0.0647055 0.176762 0.23
-0.775341 1.1692 -2.83716 1.15779 0.648567 0.0645167 0.135558 0.221067
-0.778052 1.16164 -2.81883 1.15779 0.648567 0.0645167 0.135558 0.221067
-0.780329 1.15532 -2.80269 1.22232 0.580028 0.0480988 0.118613 0.212105
-0.781665 1.14941 -2.78906 1.18615 0.650803 0.0208351 0.256287 0.216679
-0.78067 1.14054 -2.77124 1.20905 0.5708 0.0208351 0.256287 0.216679
-0.77908 1.12965 -2.75823 1.21357 0.561141 0.0319547 0.252963 0.218634
-0.777324 1.11771 -2.74848 1.21439 0.559359 0.0323634 0.292521 0.210393
-0.775218 1.10516 -2.73548 1.23256 0.490976 0.0323634 0.292521 0.210393
-0.772596 1.09195 -2.7264 1.22018 0.520988 0.016772 0.339604 0.205406
-0.76937 1.0776 -2.71658 1.235 0.440569 0.0129211 0.25637 0.216507
-0.765939 1.06378 -2.71003 1.235 0.440569 0.0129211 0.25637 0.216871
-0.762392 1.05154 -2.70936 1.24768 0.386392 0.0432284 0.20485 0.216871
-0.760144 1.04121 -2.70833 1.24625 0.390981 0.0653738 0.212993 0.210104
-0.759763 1.03062 -2.70394 1.24625 0.390981 0.0653738 0.212993 0.225921
-0.759729 1.02014 -2.70378 1.20081 0.326663 0.0947911 0.33154 0.225921
-0.758399 1.00643 -2.70196 1.21105 0.286396 0.146208 0.446895 0.229411
-0.75683 0.988799 -2.70375 1.20971 0.244533 0.140009 0.405765 0.225525
-0.755677 0.96822 -2.70753 1.2118 0.23397 0.144952 0.394771 0.225525
-0.755264 0.947375 -2.71439 1.21002 0.220261 0.150266 0.379993 0.233971
-0.755933 0.926545 -2.72077 1.21599 0.184477 0.214857 0.335374 0.241336
-0.757688 0.906199 -2.72676 1.21599 0.184477 0.214857 0.335374 0.241336
-0.762024 0.886814 -2.73164 1.20875 0.0834231 0.249536 0.269698 0.245754
-0.768329 0.868333 -2.74489 1.21048 0.0527738 0.273054 0.242309 0.248117
-0.776883 0.851393 -2.75491 1.18591 -0.0197939 0.273054 0.242309 0.248117
-0.786536 0.835203 -2.76577 1.18358 -0.0768535 0.269024 0.160485 0.260479
-0.79595 0.820874 -2.78051 1.19455 -0.138737 0.260895 0.0635788 0.264917
-0.806252 0.810395 -2.79649 1.19455 -0.138737 0.260895 0.0635788 0.264917
-0.817595 0.803733 -2.81177 1.1828 -0.217217 0.224721 0.00807588 0.259625
-0.828512 0.798428 -2.82357 1.12156 -0.330994 0.210037 -0.0574667 0.241851
-0.838662 0.796246 -2.83597 1.12156 -0.330994 0.210037 -0.0574667 0.241851
-0.848657 0.79519 -2.84781 1.13457 -0.283062 0.196075 -0.0713122 0.228272
-0.858751 0.794307 -2.8604 1.13046 -0.299064 0.176361 -0.0719097 0.218839
-0.868419 0.794528 -2.86631 1.08876 -0.283601 0.176361 -0.0719097 0.218839
-0.877234 0.794933 -2.87321 1.08127 -0.310926 0.155793 -0.0788651 0.210361
-0.885619 0.795804 -2.88123 1.08938 -0.281193 0.134371 -0.0720219 0.205404
-0.893034 0.796982 -2.8889 1.12234 -0.214091 0.134371 -0.0720219 0.205404
-0.899783 0.798288 -2.89537 1.13243 -0.151962 0.105346 -0.0491941 0.201971
-0.905591 0.79919 -2.89675 1.10069 -0.205237 0.108472 -0.0401601 0.200706
-0.910823 0.799216 -2.90173 1.10069 -0.205237 0.108472 -0.0401601 0.198405
-0.916216 0.799581 -2.90223 1.10932 -0.177568 0.0800825 -0.0202749 0.198405
-0.921108 0.799386 -2.90282 1.11514 -0.136301 0.0544849 -0.0110754 0.195592
-0.924441 0.799082 -2.89878 1.09852 -0.160144 0.0544849 -0.0110754 0.193169
-0.926465 0.799001 -2.89499 1.09781 -0.1649 0.0341781 -0.00424487 0.193169
-0.927828 0.798792 -2.8906 1.09587 -0.177357 0.0221177 -0.00177869 0.180492
-0.929087 0.798421 -2.89133 1.0899 -0.138346 -0.0286896 0.0139329 0.172272
-0.929154 0.798494 -2.88945 1.0899 -0.138346 -0.0286896 0.0139329 0.172272
-0.92845 0.798321 -2.88809 1.08105 -0.152586 -0.0726908 0.0215949 0.177116
-0.926833 0.797629 -2.886 1.06837 -0.224809 -0.0505247 0.016221 0.170034
-0.925569 0.796383 -2.88577 1.06928 -0.220543 -0.0505247 0.016221 0.170034
-0.924242 0.795545 -2.88569 1.08412 -0.129143 -0.0841943 0.0237907 0.159783
-0.922025 0.795089 -2.87906 1.08874 -0.0815104 -0.138084 0.0335707 0.168804
-0.916545 0.794661 -2.87682 1.09338 -0.0579202 -0.138084 0.0335707 0.162425
-0.910204 0.794812 -2.8724 1.08228 -0.165856 -0.104481 0.0218094 0.162425
-0.904848 0.794644 -2.86839 1.10185 -0.0601112 -0.130024 0.0297205 0.158446
-0.899762 0.794094 -2.86354 1.10277 -0.0398143 -0.121037 0.0403418 0.160008
-0.89425 0.793732 -2.85849 1.11932 -0.00840535 -0.121037 0.0403418 0.160008
-0.88892 0.792878 -2.85752 1.11804 -0.0541329 -0.0966823 0.0425363 0.167633
-0.883728 0.792309 -2.85678 1.11707 -0.0714327 -0.043722 0.038199 0.160644
-0.880278 0.79121 -2.85718 1.13151 -0.0434457 -0.043722 0.038199 0.166746
-0.878334 0.790146 -2.85939 1.12798 0.0993097 -0.054091 0.0493083 0.166746
-0.876546 0.788797 -2.85544 1.10074 0.179436 -0.0288409 0.0397368 0.170645
-0.874669 0.787676 -2.8566 1.10074 0.179436 -0.0288409 0.0397368 0.168224
-0.873089 0.787028 -2.86001 1.11777 0.13211 -0.0228295 0.033753 0.168224
-0.871735 0.785531 -2.85957 1.11274 0.169316 -0.0269717 0.037232 0.167752
-0.870563 0.784736 -2.85964 1.11753 0.166228 -0.0269717 0.037232 0.172093
-0.86902 0.783879 -2.86008 1.11448 0.185569 -0.0300206 0.0366168 0.172093
-0.867164 0.782923 -2.86199 1.1226 0.127527 -0.020887 0.0313631 0.167871
-0.865876 0.78214 -2.86185 1.12091 0.163698 -0.0296518 0.0365414 0.168389
-0.864387 0.781049 -2.8639 1.12091 0.163698 -0.0296518 0.0365414 0.168389
-0.862829 0.780438 -2.86733 1.12663 0.161316 -0.0286404 0.0358691 0.169008
-0.861089 0.778961 -2.86735 1.12924 0.14191 -0.0274502 0.0350545 0.168172
-0.859398 0.778061 -2.86732 1.13125 0.140088 -0.0274502 0.0350545 0.169152
-0.857921 0.777358 -2.86655 1.13082 0.155351 -0.0302099 0.0354884 0.169152
-0.856635 0.776498 -2.86739 1.12897 0.168291 -0.0238006 0.0368126 0.16841
-0.855634 0.775243 -2.86948 1.13548 0.151794 -0.0210601 0.0401936 0.168175
-0.854406 0.774165 -2.87308 1.13548 0.151794 -0.0210601 0.0401936 0.168175
-0.852948 0.772987 -2.87956 1.13779 0.167413 -0.0211858 0.0429879 0.169264
-0.851656 0.771366 -2.88242 1.13839 0.163292 -0.021117 0.0412621 0.168848
-0.849984 0.770056 -2.88884 1.14077 0.166688 -0.021117 0.0412621 0.168848
-0.84856 0.76886 -2.89292 1.14187 0.158959 -0.0230796 0.0404325 0.168979
-0.846951 0.767617 -2.89557 1.14138 0.162448 -0.0244224 0.0385795 0.167426
-0.845149 0.766174 -2.89914 1.14138 0.162448 -0.0244224 0.0385795 0.16956
-0.843478 0.764568 -2.90304 1.14045 0.168811 -0.0265286 0.0411039 0.16956
-0.841968 0.763347 -2.9056 1.11168 0.126431 -0.0236174 0.0376531 0.171509
-0.840511 0.761828 -2.90984 1.11348 0.109518 -0.02224 0.0331224 0.170198
-0.839245 0.760499 -2.91239 1.11682 0.113234 -0.02224 0.0331224 0.170198
-0.837997 0.759087 -2.91689 1.11722 0.109179 -0.0240996 0.0351638 0.172563
-0.836754 0.75762 -2.9192 1.12044 0.068727 -0.0221212 0.0299959 0.170578
-0.835478 0.756165 -2.9238 1.12211 0.0710362 -0.0221212 0.0299959 0.172769
-0.834181 0.754801 -2.92873 1.12239 0.0665935 -0.0263606 0.0315548 0.172769
-0.832707 0.753432 -2.93293 1.12773 0.0443331 -0.023263 0.0281291 0.173471
-0.831701 0.75199 -2.93726 1.12773 0.0443331 -0.023263 0.0281291 0.173751
-0.830572 0.750414 -2.9428 1.12989 0.0285773 -0.022201 0.027106 0.173751
-0.829325 0.74912 -2.94725 1.12989 0.0285636 -0.0232803 0.025078 0.174597
-0.828204 0.747799 -2.95359 1.13021 0.00914673 -0.0220796 0.0237601 0.174565
-0.827149 0.746358 -2.95757 1.13567 0.0326277 -0.0220796 0.0237601 0.174565
-0.825881 0.744952 -2.96073 1.13604 0.01446 -0.0235091 0.0223193 0.177
-0.824815 0.743824 -2.96396 1.13867 0.00956124 -0.0209041 0.0194901 0.177726
-0.823935 0.743173 -2.9699 1.13867 0.00956124 -0.0209041 0.0194901 0.176934
-0.82228 0.742898 -2.97496 1.14264 -0.0121892 -0.0207803 0.0162492 0.176934
-0.821036 0.742541 -2.97837 1.14245 -0.0238457 -0.0219665 0.0176246 0.179166
-0.819872 0.741892 -2.98087 1.14533 -0.0254613 -0.0176492 0.0157884 0.178157
-0.818847 0.741435 -2.98336 1.14533 -0.0254613 -0.0176492 0.0157884 0.178157
-0.817838 0.740818 -2.98576 1.14523 -0.0299162 -0.0182653 0.0193938 0.178298
-0.817108 0.739508 -2.98577 1.14851 -0.0308006 -0.0170811 0.0211663 0.179411
-0.815847 0.738625 -2.98637 1.14851 -0.0308006 -0.0170811 0.0211663 0.179411
-0.814681 0.737615 -2.98448 1.15171 -0.0430226 -0.0153433 0.0193908 0.176584
-0.813877 0.736934 -2.98776 1.15065 -0.0654841 -0.0196571 0.0241162 0.186258
-0.812859 0.73589 -2.99376 1.15304 -0.0719049 -0.0196571 0.0241162 0.178124
-0.811975 0.73462 -2.99632 1.15099 -0.0995417 -0.00474672 0.00825275 0.178124
-0.811301 0.733838 -2.99874 1.15235 -0.0822313 -0.0172874 0.0215808 0.190959
-0.81064 0.732842 -3.00228 1.15323 -0.10214 0.00331085 -0.000606261 0.188231
-0.810198 0.732316 -3.00324 1.15323 -0.10214 0.00331085 -0.000606261 0.188231
-0.810175 0.732328 -3.00325 1.15311 -0.12926 -0.0017238 0.00498387 0.190998
-0.810085 0.732265 -3.00274 1.14239 -0.203227 0.031157 -0.0304992 0.191017
-0.810208 0.732357 -3.00354 1.14338 -0.202506 0.031157 -0.0304992 0.189995
-0.810838 0.732529 -3.00885 1.15175 -0.147671 0.0173031 -0.0155091 0.189995
-0.810914 0.732723 -3.01127 1.15187 -0.146763 0.0151217 -0.0163141 0.19
-0.810945 0.732752 -3.01122 1.1519 -0.144938 0.0151217 -0.0163141 0.190033
-0.811076 0.732829 -3.01256 1.14298 -0.203633 0.0352211 -0.0379595 0.190033
-0.811589 0.733055 -3.01622 1.14624 -0.178942 0.0343121 -0.0368786 0.189999
-0.812962 0.733561 -3.01714 1.15272 -0.130893 0.019549 -0.0210714 0.190002
-0.813831 0.73407 -3.01555 1.15266 -0.12572 0.019549 -0.0210714 0.190002
-0.813918 0.734066 -3.01516 1.14547 -0.17982 0.0307399 -0.0331236 0.189028
-0.814361 0.734597 -3.01948 1.14561 -0.170167 0.0310092 -0.0364206 0.189102
-0.815363 0.734671 -3.01792 1.14392 -0.171268 0.0310092 -0.0364206 0.188021
-0.816755 0.734949 -3.02283 1.14651 -0.152938 0.0242685 -0.0289285 0.188021
-0.817938 0.735353 -3.02636 1.14416 -0.1648 0.0277824 -0.0360535 0.187011
-0.818911 0.735854 -3.02741 1.14416 -0.1648 0.0277824 -0.0360535 0.186141
-0.819844 0.736559 -3.02821 1.13965 -0.16594 0.0271003 -0.0384342 0.186141
-0.820986 0.737252 -3.02924 1.13729 -0.181401 0.0280362 -0.0421308 0.186097
-0.822024 0.738033 -3.02883 1.13776 -0.160596 0.0207316 -0.0343925 0.18503
-0.822971 0.738709 -3.0284 1.13776 -0.160596 0.0207316 -0.0343925 0.18503
-0.823824 0.739247 -3.02893 1.13629 -0.170668 0.0247676 -0.0420387 0.185057
-0.825004 0.740169 -3.03133 1.13608 -0.163291 0.0238058 -0.0409182 0.185013
-0.82603 0.741127 -3.02994 1.13608 -0.163291 0.0238058 -0.0409182 0.185042
-0.827184 0.742142 -3.03219 1.1306 -0.166406 0.0256261 -0.0430169 0.185042
-0.828463 0.742912 -3.03401 1.1314 -0.16087 0.0260599 -0.0433923 0.185031
-0.829821 0.744002 -3.0332 1.12681 -0.174115 0.0327084 -0.0505934 0.183969
-0.831509 0.745218 -3.03459 1.12681 -0.174115 0.0327084 -0.0505934 0.183969
-0.833545 0.746462 -3.03403 1.1305 -0.148304 0.0252423 -0.0458262 0.184043
-0.835088 0.747635 -3.03444 1.12473 -0.165434 0.0270191 -0.0475108 0.183052
-0.83643 0.748795 -3.03677 1.12473 -0.165434 0.0270191 -0.0475108 0.183033
-0.837801 0.750244 -3.03852 1.11242 -0.200834 0.0363882 -0.0606676 0.183033
-0.839536 0.752044 -3.0417 1.11708 -0.173055 0.0296309 -0.0534441 0.183989
-0.841355 0.754083 -3.04327 1.11324 -0.176338 0.0296309 -0.0534441 0.184991
-0.843171 0.755739 -3.0468 1.11696 -0.15095 0.0233769 -0.0437532 0.184991
-0.844499 0.757053 -3.04678 1.11461 -0.167437 0.0362384 -0.0514009 0.184907
-0.84606 0.758305 -3.05145 1.11234 -0.155046 0.0393274 -0.0436694 0.184887
-0.847891 0.759663 -3.05198 1.11234 -0.155046 0.0393274 -0.0436694 0.184887
-0.849852 0.760737 -3.0536 1.11562 -0.109754 0.0320378 -0.0308955 0.185931
-0.85143 0.761671 -3.05244 1.11535 -0.112486 0.0413088 -0.033717 0.185924
-0.853048 0.762885 -3.05237 1.1054 -0.129673 0.0413088 -0.033717 0.186033
-0.854733 0.764511 -3.05412 1.10507 -0.132469 0.0436791 -0.035101 0.186033
-0.856618 0.766139 -3.05386 1.10854 -0.0993167 0.0341399 -0.029331 0.18597
-0.858246 0.767265 -3.05489 1.14754 -0.0930747 0.0341399 -0.029331 0.18692
-0.859565 0.768517 -3.05324 1.14791 -0.0884574 0.0354099 -0.0302163 0.18692
-0.860823 0.769586 -3.05348 1.1435 -0.0939914 0.0414769 -0.0314162 0.186907
-0.862228 0.77085 -3.05205 1.14482 -0.0762763 0.0324255 -0.0262209 0.187924
-0.863638 0.772011 -3.05127 1.13966 -0.0812382 0.0324255 -0.0262209 0.187924
-0.865132 0.772662 -3.05173 1.13897 -0.0904745 0.0400659 -0.0281661 0.18792
-0.866724 0.773833 -3.05038 1.13626 -0.085218 0.037385 -0.0266281 0.188892
-0.868119 0.77488 -3.0511 1.13626 -0.085218 0.037385 -0.0266281 0.188982
-0.869816 0.776053 -3.04889 1.13595 -0.0892164 0.0467049 -0.0296521 0.188982
-0.872117 0.777387 -3.04554 1.13164 -0.0954005 0.0431496 -0.0273813 0.189929
-0.874736 0.778712 -3.03987 1.13118 -0.100776 0.0466824 -0.0271247 0.1899
-0.87723 0.780201 -3.03725 1.12496 -0.105424 0.0466824 -0.0271247 0.1899
-0.879503 0.78165 -3.03488 1.12517 -0.103221 0.0523332 -0.0304561 0.190947
-0.881759 0.78271 -3.03051 1.11853 -0.11178 0.0537474 -0.0287348 0.190923
-0.884322 0.783617 -3.02745 1.11853 -0.11178 0.0537474 -0.0287348 0.190923
-0.886997 0.785285 -3.01873 1.11778 -0.119049 0.0457141 -0.0241555 0.1909
-0.889681 0.786156 -3.01574 1.11099 -0.130578 0.0582022 -0.0314196 0.191017
-0.892053 0.787882 -3.01104 1.11086 -0.131656 0.0612269 -0.0328835 0.190978
-0.894994 0.789329 -3.00678 1.10098 -0.134806 0.0612269 -0.0328835 0.190978
-0.898129 0.790737 -3.0022 1.09694 -0.164509 0.053926 -0.0287625 0.191899
-0.90074 0.791996 -2.99948 1.09211 -0.157804 0.0535748 -0.0263175 0.192808
-0.903516 0.793319 -2.99407 1.09211 -0.157804 0.0535748 -0.0263175 0.192808
-0.906388 0.794641 -2.99137 1.09015 -0.170856 0.0770986 -0.0352111 0.192955
-0.909723 0.796471 -2.98822 1.08567 -0.197318 0.0831701 -0.0339829 0.19387
-0.913992 0.79758 -2.98502 1.08567 -0.197318 0.0831701 -0.0339829 0.195927
-0.918324 0.798448 -2.9786 1.09985 -0.19413 0.0738781 -0.0282734 0.195927
-0.922484 0.799319 -2.97463 1.10319 -0.174168 0.0685068 -0.0249433 0.195822
-0.926344 0.800364 -2.96708 1.08623 -0.213473 0.0946198 -0.0402348 0.194975
-0.931203 0.801879 -2.9584 1.08623 -0.213473 0.0946198 -0.0402348 0.194975
-0.936518 0.803053 -2.94926 1.08463 -0.221443 0.0820189 -0.0325205 0.195195
-0.94191 0.803724 -2.94144 1.07437 -0.221179 0.0778409 -0.0268662 0.195009
-0.946099 0.804807 -2.93458 1.07437 -0.221179 0.0778409 -0.0268662 0.195009
-0.950067 0.805749 -2.92761 1.0701 -0.240982 0.110472 -0.0376553 0.195063
-0.954924 0.806743 -2.91905 1.06609 -0.258151 0.126377 -0.0417747 0.195165
-0.961782 0.807266 -2.91185 1.06465 -0.24553 0.126377 -0.0417747 0.196039
-0.969036 0.808026 -2.90037 1.06616 -0.238907 0.113365 -0.0266082 0.196039
-0.975715 0.808524 -2.89039 1.06538 -0.242355 0.148593 -0.0353519 0.195968
-0.983011 0.80884 -2.87863 1.04983 -0.253703 0.148593 -0.0353519 0.196243
-0.991014 0.809322 -2.86878 1.04844 -0.259387 0.192884 -0.0434263 0.196243
-1.00062 0.809388 -2.86394 1.0266 -0.277002 0.188355 -0.0301886 0.196152
-1.0111 0.808693 -2.85636 1.02649 -0.277411 0.191176 -0.030384 0.197144
-1.02132 0.807398 -2.84389 1.01328 -0.269575 0.191176 -0.030384 0.197144
-1.03129 0.806249 -2.83489 1.01356 -0.268518 0.309413 -0.0552343 0.197194
-1.0452 0.805336 -2.82522 0.983938 -0.277484 0.416969 -0.079594 0.198247
-1.06454 0.804222 -2.81344 0.983938 -0.277484 0.416969 -0.079594 0.203093
-1.08675 0.801459 -2.80393 0.984571 -0.275229 0.505078 -0.0872524 0.203093
-1.11125 0.798005 -2.79337 1.00388 -0.215071 0.762546 -0.126741 0.211252
-1.14356 0.793303 -2.78129 1.00388 -0.215071 0.762546 -0.126741 0.223225
-1.18178 0.786284 -2.7701 1.28519 0.203888 1.08188 -0.148252 0.223225
-1.22816 0.777595 -2.74833 1.28051 0.231432 1.17786 0.00386721 0.246425
-1.28045 0.763925 -2.73036 1.24941 0.345612 1.21255 0.184131 0.281247
-1.33438 0.743647 -2.69981 1.24941 0.345612 1.21255 0.184131 0.281247
-1.38819 0.716814 -2.66009 1.23354 0.398556 1.23354 0.398556 0.329767
-1.43949 0.68318 -2.62386 1.15017 0.52526 1.15017 0.52526 0.380088
-1.48479 0.643758 -2.58197 1.15017 0.52526 1.15017 0.52526 0.380088
-1.52561 0.598203 -2.53463 1.091 0.672186 1.091 0.672186 0.440797
-1.56217 0.548323 -2.48687 1.06658 0.710293 1.06658 0.710293 0.498738
-1.59316 0.493942 -2.44003 1.05556 0.723329 1.05556 0.723329 0.498738
-1.61969 0.436239 -2.39214 1.031 0.757936 1.031 0.757936 0.556493
-1.64182 0.375871 -2.34368 1.00385 0.793538 1.00385 0.793538 0.613649
-1.65885 0.314424 -2.30144 1.00385 0.793538 1.00385 0.793538 0.613649
-1.67222 0.251419 -2.25597 0.966188 0.838988 0.966188 0.838988 0.671647
-1.68077 0.187962 -2.20842 1.14588 0.73876 0.978262 0.65804 0.650715
-1.68668 0.125812 -2.16336 1.14588 0.73876 0.978262 0.65804 0.650715
-1.68712 0.0724153 -2.13457 1.15631 0.692039 0.850219 0.544636 0.574554
-1.68414 0.0254372 -2.10776 1.16768 0.672676 0.730238 0.462016 0.518324
-1.68508 -0.0216097 -2.06838 1.22796 0.542064 0.754705 0.41121 0.518324
-1.68745 -0.0663023 -2.03295 1.23528 0.525152 0.639637 0.382353 0.468192
-1.68928 -0.108636 -2.00292 1.2437 0.504902 0.530894 0.397464 0.440743
-1.68782 -0.146081 -1.96419 1.27379 0.46874 0.536892 0.357671 0.440743
-1.68365 -0.179415 -1.92936 1.27803 0.457037 0.496432 0.326331 0.387803
-1.67961 -0.211194 -1.89794 1.27824 0.412029 0.403749 0.270121 0.339341
-1.6758 -0.238908 -1.86881 1.27824 0.412029 0.403749 0.270121 0.339341
-1.67132 -0.263336 -1.83737 1.30011 0.373852 0.318177 0.218273 0.303764
-1.66657 -0.285734 -1.80979 1.32107 0.34193 0.264459 0.151648 0.277279
-1.66324 -0.302142 -1.78033 1.32107 0.34193 0.264459 0.151648 0.277279
-1.66031 -0.316714 -1.75106 1.33055 0.281446 0.231238 0.0908448 0.25628
-1.65804 -0.330023 -1.72326 1.33787 0.244328 0.184193 0.0616861 0.239504
-1.65686 -0.342198 -1.69851 1.33617 0.217052 0.184193 0.0616861 0.239504
-1.65644 -0.351034 -1.67551 1.34411 0.160715 0.161773 0.0266406 0.224479
-1.65634 -0.359797 -1.65439 1.34202 0.099868 0.150304 -0.00123344 0.215982
-1.65659 -0.367697 -1.63323 1.34202 0.099868 0.150304 -0.00123344 0.215982
-1.65728 -0.375476 -1.61613 1.34437 0.0606635 0.127402 -0.010552 0.208133
-1.65854 -0.382928 -1.59807 1.3638 0.0343239 0.135178 -0.0340753 0.203281
-1.6602 -0.389958 -1.57985 1.3638 0.0343239 0.135178 -0.0340753 0.203281
-1.66196 -0.39677 -1.56552 1.33374 0.00346063 0.116392 -0.0349945 0.199956
-1.66388 -0.403198 -1.54951 1.33365 -0.0157346 0.105295 -0.0366493 0.198025
-1.66557 -0.409081 -1.53458 1.34504 -0.00998345 0.105295 -0.0366493 0.198025
-1.66694 -0.414568 -1.52261 1.34488 -0.0233382 0.0946653 -0.0297751 0.195879
-1.66825 -0.419475 -1.50996 1.34474 -0.030413 0.092746 -0.0244271 0.195871
-1.66954 -0.424663 -1.49685 1.35807 -0.0237934 0.092746 -0.0244271 0.195871
-1.67051 -0.429592 -1.48514 1.35783 -0.0351164 0.110286 -0.0267534 0.19363
-1.67138 -0.434948 -1.47567 1.33817 -0.0478009 0.109994 -0.0228795 0.193581
-1.67204 -0.440519 -1.4642 1.33817 -0.0478009 0.109994 -0.0228795 0.191441
-1.67249 -0.446349 -1.45465 1.33169 -0.0491786 0.10572 -0.0164155 0.191441
-1.67282 -0.452021 -1.44527 1.3309 -0.067191 0.0959279 -0.0187907 0.191531
-1.67291 -0.457536 -1.43622 1.33094 -0.066393 0.0808114 -0.0151463 0.188704
-1.67285 -0.462246 -1.42796 1.35472 -0.0557907 0.0808114 -0.0151463 0.188704
-1.67316 -0.466371 -1.41893 1.35323 -0.0845157 0.0721298 -0.0192555 0.188768
-1.67371 -0.470526 -1.40852 1.35307 -0.0871127 0.101368 -0.0257894 0.18765
-1.6744 -0.47533 -1.39925 1.35307 -0.0871127 0.101368 -0.0257894 0.18765
-1.67467 -0.480888 -1.39228 1.34881 -0.110117 0.106224 -0.0293078 0.188264
-1.67492 -0.486851 -1.38556 1.35055 -0.0862186 0.143007 -0.0363791 0.188364
-1.67574 -0.493716 -1.37911 1.33861 -0.0848688 0.143007 -0.0363791 0.188364
-1.67608 -0.501135 -1.37451 1.33729 -0.103709 0.164285 -0.0410201 0.189873
-1.67642 -0.509584 -1.36922 1.33723 -0.104442 0.165796 -0.0381148 0.190971
-1.67695 -0.518476 -1.36284 1.35145 -0.100443 0.165796 -0.0381148 0.194576
-1.67706 -0.527125 -1.35812 1.35261 -0.0833171 0.25006 -0.0460456 0.194576
-1.6775 -0.538986 -1.35334 1.34978 -0.11149 0.479916 -0.0643452 0.197116
-1.67827 -0.558587 -1.35054 1.34887 -0.122063 0.649046 -0.0750262 0.201241
-1.67816 -0.586943 -1.34722 1.33688 -0.124988 0.649046 -0.0750262 0.201241
-1.67616 -0.619919 -1.34256 1.33626 -0.131457 0.91567 -0.0935758 0.212647
-1.67387 -0.660133 -1.34719 1.33852 -0.105957 1.32092 -0.108364 0.228293
-1.67058 -0.711481 -1.3584 1.33117 -0.105974 1.32092 -0.108364 0.228293
-1.66631 -0.771415 -1.36932 1.33234 -0.0900916 1.33234 -0.0900916 0.253719
-1.6615 -0.837073 -1.36696 1.34301 -0.0451244 1.34301 -0.0451244 0.320028
-1.65602 -0.905056 -1.3626 1.34301 -0.0451244 1.34301 -0.0451244 0.320028
-1.64962 -0.973876 -1.356 1.30021 0.242869 1.30021 0.242869 0.396718
-1.63664 -1.03969 -1.33013 1.28676 0.306215 1.28676 0.306215 0.490653
-1.61639 -1.10219 -1.299 1.28676 0.306215 1.28676 0.306215 0.490653
-1.59187 -1.16367 -1.27146 1.18446 0.60048 1.18446 0.60048 0.590533
-1.56054 -1.22069 -1.22888 1.16636 0.634911 1.16636 0.634911 0.673177
-1.52277 -1.27277 -1.17271 1.11365 0.822007 1.11365 0.822007 0.738755
-1.47881 -1.31836 -1.11826 1.09895 0.84155 1.09895 0.84155 0.738755
-1.42945 -1.35907 -1.06492 1.08945 0.853819 1.08945 0.853819 0.784863
-1.3765 -1.39475 -1.01249 1.08945 0.853819 1.08945 0.853819 0.814989
-1.32059 -1.4266 -0.969485 1.08364 0.861175 1.08364 0.861175 0.814989
-1.26178 -1.45549 -0.932765 1.01347 0.891176 1.01347 0.891176 0.836691
-1.20061 -1.48155 -0.890251 1.01347 0.891176 1.01347 0.891176 0.843644
-1.14357 -1.50149 -0.830515 1.00168 0.831057 1.00168 0.831057 0.843644
-1.0926 -1.5144 -0.782395 1.00066 0.832284 1.00066 0.832284 0.852075
-1.03772 -1.52778 -0.743314 1.11019 0.845044 1.11019 0.845044 0.852075
-0.980741 -1.53886 -0.700228 1.10934 0.846153 1.10934 0.846153 0.845701
-0.927368 -1.54721 -0.658612 1.10998 0.845317 1.10998 0.845317 0.852986
-0.858353 -1.55558 -0.610229 1.19042 0.783717 1.19042 0.783717 0.852986
-0.793572 -1.56254 -0.57153 1.18971 0.78479 1.18971 0.78479 0.862689
-0.726631 -1.56948 -0.532946 1.2065 0.69673 1.2065 0.69673 0.887504
-0.658797 -1.5756 -0.498474 1.2065 0.69673 1.2065 0.69673 0.887504
-0.590858 -1.58095 -0.460889 1.28915 0.586736 1.28915 0.586736 0.920778
-0.52198 -1.58689 -0.430668 1.28688 0.591697 1.28688 0.591697 0.961235
-0.451937 -1.59319 -0.400029 1.30883 0.518611 1.30883 0.518611 0.961235
-0.381223 -1.59948 -0.374488 1.30626 0.525048 1.30626 0.525048 1.0188
-0.310931 -1.60522 -0.348441 1.30626 0.525048 1.30626 0.525048 1.07277
-0.240324 -1.60977 -0.319466 1.32366 0.47338 1.32366 0.47338 1.07277
-0.169871 -1.61334 -0.295826 1.32216 0.477551 1.32216 0.477551 1.14708
-0.099071 -1.6162 -0.268799 1.34677 0.393373 1.34677 0.393373 1.04971
-0.0284801 -1.61873 -0.243404 1.34622 0.395251 1.34622 0.395251 1.04971
0.0429224 -1.62155 -0.218228 1.34746 0.332269 1.34746 0.332269 0.956739
0.114513 -1.62344 -0.196812 1.34746 0.332269 1.34746 0.332269 0.956739
0.186005 -1.62453 -0.180217 1.34616 0.337521 1.34616 0.337521 0.865891
0.257072 -1.62389 -0.162241 1.40044 0.291104 1.40044 0.291104 0.78035
0.329218 -1.62291 -0.143808 1.40044 0.291104 1.40044 0.291104 0.78035
0.402713 -1.62212 -0.130328 1.40197 0.283686 1.40197 0.283686 0.665896
0.476026 -1.62081 -0.11064 1.40004 0.293021 1.07731 0.341666 0.6065
0.542906 -1.61662 -0.0958071 1.36999 0.182521 1.06035 0.229191 0.6065
0.602945 -1.60943 -0.080747 1.37007 0.181935 0.991014 0.239068 0.526788
0.658517 -1.60207 -0.0694911 1.3692 0.188351 0.913704 0.26727 0.461457
0.709444 -1.59456 -0.0589507 1.31743 0.287178 0.923733 0.333807 0.461457
0.758347 -1.58516 -0.0422547 1.31944 0.277791 0.853829 0.288468 0.449254
0.797197 -1.57315 -0.0410751 1.32616 0.339907 0.829504 0.215063 0.424584
0.82107 -1.56066 -0.041051 1.32616 0.339907 0.829504 0.215063 0.424584
0.845143 -1.54902 -0.0101203 1.33045 0.322715 0.779517 0.161527 0.398626
0.87973 -1.54093 0.0100389 1.33577 0.299945 0.760319 0.0897638 0.372627
0.918346 -1.53549 0.0300383 1.31486 0.324483 0.760319 0.0897638 0.372627
0.958058 -1.53174 0.0551238 1.26887 0.327586 0.75248 -0.0228682 0.354081
0.997509 -1.52945 0.0810634 1.27307 0.310896 0.732977 -0.0984814 0.339129
1.03619 -1.53057 0.109781 1.27045 0.330247 0.732977 -0.0984814 0.339129
1.0745 -1.53191 0.139268 1.27379 0.317113 0.672886 -0.109536 0.328538
1.11149 -1.53337 0.169367 1.27668 0.334934 0.672886 -0.109536 0.323014
1.14713 -1.53352 0.199345 1.27933 0.32469 0.632031 -0.120517 0.323014
1.18113 -1.53356 0.231112 1.25919 0.373992 0.589359 -0.120757 0.31437
1.21405 -1.53287 0.260997 1.21716 0.401251 0.589359 -0.120757 0.306153
1.24583 -1.53151 0.302223 1.22002 0.392446 0.554067 -0.123734 0.306153
1.27616 -1.52896 0.335409 1.21103 0.443688 0.525598 -0.141386 0.29605
1.30557 -1.52621 0.376714 1.21103 0.443688 0.525598 -0.141386 0.284359
1.33355 -1.52411 0.4147 1.22265 0.485447 0.488164 -0.148383 0.284359
1.36175 -1.52066 0.455905 1.22832 0.47091 0.456116 -0.163772 0.273498
1.38744 -1.51687 0.493016 1.19842 0.423214 0.456116 -0.163772 0.273498
1.41215 -1.51402 0.534604 1.20338 0.408901 0.447709 -0.165617 0.263196
1.43641 -1.51045 0.573992 1.20822 0.394354 0.463276 -0.155343 0.256178
1.46123 -1.50496 0.612696 1.27899 0.439164 0.463276 -0.155343 0.253705
1.48617 -1.49807 0.651279 1.28283 0.427819 0.492251 -0.145138 0.253705
1.51132 -1.48946 0.693586 1.29134 0.392993 0.489403 -0.12462 0.2518
1.53603 -1.4788 0.730998 1.29134 0.392993 0.489403 -0.12462 0.25096
1.56023 -1.46694 0.771941 1.34197 0.370814 0.465014 -0.0774422 0.25096
1.58277 -1.45347 0.811056 1.34214 0.370203 0.41538 -0.00127726 0.249808
1.59992 -1.43879 0.849259 1.34214 0.370203 0.41538 -0.00127726 0.253483
1.61464 -1.42249 0.892641 1.34252 0.368791 0.362671 0.0460503 0.253483
1.62799 -1.40668 0.924358 1.34031 0.376753 0.37368 0.0704991 0.252263
1.63805 -1.3893 0.970794 1.37326 0.301848 0.37368 0.0704991 0.249547
1.64802 -1.37184 1.00622 1.37185 0.308156 0.301628 0.107256 0.249547
1.65464 -1.35463 1.03642 1.36862 0.251075 0.331453 0.11158 0.240295
1.65977 -1.33879 1.06335 1.36862 0.251075 0.331453 0.11158 0.23794
1.66484 -1.32183 1.08826 1.37205 0.231629 0.383565 0.0994928 0.23794
1.67027 -1.30342 1.11808 1.39341 0.211325 0.427832 0.08933 0.23882
1.67717 -1.28284 1.14276 1.39438 0.2048 0.435235 0.0806215 0.238979
1.68437 -1.26077 1.16602 1.38518 0.182671 0.435235 0.0806215 0.238979
1.69104 -1.23764 1.1837 1.38511 0.183172 0.418931 0.090704 0.242363
1.69706 -1.21536 1.20675 1.37257 0.174034 0.393815 0.101376 0.248105
1.70304 -1.19404 1.22448 1.37257 0.174034 0.393815 0.101376 0.248105
1.70504 -1.17308 1.24919 1.37257 0.174034 0.393815 0.101376 0.248105
1.70812 -1.1532 1.25426 1.37458 0.199329 0.382894 0.117522 0.252864
1.71025 -1.13251 1.2758 1.37458 0.199329 0.382894 0.117522 0.256179
1.71203 -1.11175 1.29458 1.35684 0.180757 0.394709 0.10911 0.257355
1.71351 -1.09061 1.30718 1.35797 0.172079 0.375291 0.110165 0.258066
1.71467 -1.06984 1.32761 1.34047 0.163944 0.375291 0.110165 0.258066
1.71551 -1.04963 1.33805 1.34192 0.151629 0.389926 0.100573 0.256666
1.71614 -1.02943 1.35136 1.35677 0.132442 0.436019 0.0660921 0.256971
1.71789 -1.00813 1.35925 1.35677 0.132442 0.436019 0.0660921 0.256971
1.72139 -0.984827 1.36888 1.35808 0.118224 0.451112 0.048812 0.255597
1.72491 -0.961642 1.37843 1.3419 0.0976219 0.438083 0.0457385 0.258254
1.72868 -0.938543 1.38963 1.3419 0.0976219 0.438083 0.0457385 0.260429
1.73195 -0.915639 1.398 1.35187 0.100474 0.396622 0.0723819 0.260429
1.73367 -0.893805 1.40407 1.35047 0.117696 0.35689 0.0954772 0.262854
1.73349 -0.874392 1.41517 1.35538 0.131314 0.342028 0.105093 0.263006
1.73254 -0.856102 1.42313 1.35538 0.131314 0.342028 0.105093 0.263006
1.73138 -0.83798 1.42983 1.3558 0.126954 0.340837 0.101576 0.259427
1.72986 -0.820137 1.43775 1.33426 0.110785 0.318208 0.102633 0.251598
1.72795 -0.802075 1.43983 1.33426 0.110785 0.318208 0.102633 0.251598
1.72624 -0.784969 1.44623 1.35634 0.0843689 0.328642 0.0854175 0.24729
1.72497 -0.76792 1.44773 1.35799 0.0512392 0.34808 0.0620436 0.24386
1.72453 -0.750399 1.45642 1.35549 0.0497776 0.34808 0.0620436 0.24386
1.72477 -0.731819 1.46011 1.35629 0.0181576 0.341677 0.0492542 0.242663
1.72536 -0.713343 1.46325 1.3449 -0.0202236 0.377235 0.0159629 0.244363
1.72651 -0.694437 1.46635 1.3449 -0.0202236 0.377235 0.0159629 0.244363
1.72906 -0.675219 1.46917 1.34415 -0.0492272 0.424895 -0.0137351 0.245514
1.73251 -0.654337 1.47251 1.36201 -0.0760269 0.47863 -0.0450607 0.247369
1.7374 -0.630993 1.47213 1.36201 -0.0760269 0.47863 -0.0450607 0.251876
1.7428 -0.606279 1.47399 1.35155 -0.0900253 0.503929 -0.0741939 0.251876
1.74892 -0.58086 1.47697 1.35043 -0.105468 0.462742 -0.131434 0.25677
1.75732 -0.556647 1.47963 1.35588 -0.0997454 0.462742 -0.131434 0.263626
1.7669 -0.533139 1.48501 1.35505 -0.110434 0.443587 -0.206915 0.263626
1.77787 -0.510885 1.48676 1.35464 -0.115385 0.420011 -0.216736 0.27596
1.79038 -0.489447 1.48815 1.35549 -0.110802 0.420011 -0.216736 0.266789
1.80368 -0.468778 1.49033 1.35609 -0.103082 0.408904 -0.19883 0.266789
1.81677 -0.44887 1.49307 1.33323 -0.0986845 0.393002 -0.175977 0.258899
1.82761 -0.428718 1.50194 1.33375 -0.0913143 0.375178 -0.140475 0.255355
1.83774 -0.410057 1.50891 1.34859 -0.0739635 0.375178 -0.140475 0.255355
1.84536 -0.392841 1.5149 1.34928 -0.0599337 0.355367 -0.101998 0.25531
1.85364 -0.372742 1.51981 1.35013 -0.0362497 0.334142 -0.0716774 0.256489
1.85982 -0.355633 1.52471 1.3676 -0.0277372 0.334142 -0.0716774 0.256489
1.86477 -0.338605 1.5299 1.36786 -0.00814937 0.314548 -0.0533327 0.255619
1.86867 -0.322075 1.53846 1.36401 0.0167084 0.292117 -0.036903 0.25247
1.87213 -0.306317 1.54577 1.36401 0.0167084 0.292117 -0.036903 0.25247
1.8749 -0.29151 1.55644 1.35678 0.037597 0.288028 -0.0184303 0.246581
1.87743 -0.276981 1.56309 1.35648 0.0472973 0.279164 -0.0155182 0.242789
1.87971 -0.262441 1.56488 1.36253 0.0505647 0.279164 -0.0155182 0.242789
1.88147 -0.247799 1.573 1.36382 0.06116 0.259782 -0.0162606 0.236885
1.88313 -0.233862 1.58371 1.36315 0.0746096 0.241709 -0.0128762 0.23264
1.88441 -0.220957 1.595 1.35292 0.0725805 0.241709 -0.0128762 0.22742
1.88569 -0.209372 1.60003 1.35227 0.0837214 0.253275 -0.00681544 0.22742
1.88654 -0.196305 1.60826 1.36776 0.105346 0.283341 0.00915403 0.224585
1.88669 -0.182097 1.62344 1.36776 0.105346 0.283341 0.00915403 0.222707
1.88694 -0.167465 1.63276 1.36738 0.110112 0.280722 0.0104235 0.222707
1.88596 -0.151802 1.63981 1.37758 0.130884 0.27337 0.00805609 0.219564
1.88539 -0.137356 1.65328 1.37758 0.130884 0.27337 0.00805609 0.218839
1.88495 -0.123325 1.65943 1.36885 0.139156 0.285485 0.0115376 0.218839
1.88477 -0.109491 1.67304 1.36853 0.142272 0.356589 0.0358448 0.218349
1.883 -0.092223 1.68299 1.38283 0.151783 0.423496 0.0694522 0.221132
1.87886 -0.071817 1.69318 1.38283 0.151783 0.423496 0.0694522 0.221132
1.87573 -0.0501052 1.69979 1.37228 0.148296 0.477295 0.101329 0.224014
1.87036 -0.0271519 1.70855 1.37241 0.147042 0.529176 0.139437 0.230256
1.86323 -0.00122601 1.71689 1.37241 0.147042 0.529176 0.139437 0.230256
1.85463 0.0253465 1.72675 1.39233 0.145847 0.570769 0.148755 0.239488
1.84512 0.0529874 1.73805 1.39342 0.135087 0.567295 0.116343 0.245952
1.8354 0.0814239 1.74626 1.36881 0.130432 0.567295 0.116343 0.264972
1.82559 0.110774 1.75788 1.37287 0.0767403 0.599104 0.0109949 0.264972
1.81923 0.140725 1.76507 1.35464 0.0651034 0.575106 -0.0269326 0.289618
1.81573 0.171344 1.7738 1.35464 0.0651034 0.575106 -0.0269326 0.301359
1.81293 0.201515 1.78079 1.35502 0.0565381 0.534928 -0.0424362 0.301359
1.81053 0.230327 1.7893 1.37376 0.0605256 0.512104 -0.0660617 0.294735
1.8085 0.257558 1.80039 1.37367 0.0625359 0.461912 -0.0342283 0.28909
1.8066 0.282541 1.80992 1.34658 0.0660984 0.461912 -0.0342283 0.28909
1.80344 0.306123 1.81991 1.34629 0.0718668 0.41475 -0.0119462 0.285354
1.7999 0.328512 1.83074 1.33835 0.0845006 0.380958 0.00541374 0.279763
1.79545 0.348585 1.84332 1.33835 0.0845006 0.380958 0.00541374 0.279763
1.79114 0.367245 1.85524 1.33852 0.0817565 0.352514 0.00565932 0.265428
1.78684 0.385572 1.86512 1.33885 0.0895995 0.322294 0.00651154 0.256827
1.78258 0.4029 1.87712 1.33885 0.0895995 0.322294 0.00651154 0.256827
1.77834 0.418676 1.88991 1.37611 0.12553 0.291364 0.00925759 0.248443
1.77424 0.433862 1.90839 1.37791 0.103974 0.268125 -0.00444221 0.242761
1.7705 0.448128 1.93093 1.34572 0.103381 0.268125 -0.00444221 0.242761
1.76636 0.461446 1.95333 1.34704 0.0845408 0.247931 -0.00213267 0.23982
1.76281 0.474613 1.97516 1.32858 0.0536251 0.233077 -0.0023073 0.234885
1.75917 0.486364 1.99382 1.32858 0.0536251 0.233077 -0.0023073 0.231199
1.75519 0.49755 2.01166 1.32911 0.0383812 0.247639 -0.0282134 0.231199
1.75155 0.509481 2.03605 1.35307 0.0477258 0.242461 -0.0359952 0.225733
1.74775 0.522361 2.05803 1.35307 0.0477258 0.242461 -0.0359952 0.218832
1.74426 0.534905 2.079 1.30913 -0.0186694 0.229653 -0.0443342 0.218832
1.74052 0.547307 2.09575 1.30883 -0.0339607 0.253022 -0.0761694 0.214415
1.73756 0.560041 2.11499 1.3085 -0.0446876 0.27548 -0.0998016 0.20877
1.73453 0.574679 2.13223 1.3085 -0.0446876 0.27548 -0.0998016 0.20877
1.73187 0.58981 2.15321 1.30795 -0.0588345 0.356767 -0.153046 0.209756
1.72882 0.608162 2.16732 1.28997 -0.0715017 0.549718 -0.231205 0.212169
1.72545 0.632745 2.18783 1.28997 -0.0715017 0.549718 -0.231205 0.212169
1.71968 0.662261 2.20658 1.33166 -0.0229012 0.76251 -0.280218 0.225698
1.71226 0.697268 2.21781 1.3318 0.0116211 0.745746 -0.21092 0.226329
1.70084 0.735525 2.23165 1.3773 0.0684786 0.745746 -0.21092 0.226329
1.68707 0.773434 2.25342 1.37699 0.0743714 0.696655 -0.175902 0.249699
1.67267 0.809533 2.28179 1.37294 0.129144 0.679444 -0.0555845 0.270507
1.65605 0.840771 2.31001 1.35123 0.164636 0.679444 -0.0555845 0.303196
1.63597 0.870264 2.33311 1.34559 0.205679 0.644696 0.0230842 0.303196
1.61532 0.896686 2.35618 1.36833 0.330329 0.620543 0.0858298 0.32118
1.59125 0.919591 2.38894 1.36833 0.330329 0.620543 0.0858298 0.314139
1.56715 0.940322 2.42396 1.34356 0.345111 0.592086 0.124714 0.314139
1.54166 0.959076 2.45818 1.3443 0.342217 0.544826 0.157578 0.292532
1.51627 0.974602 2.48596 1.35089 0.315192 0.53235 0.141557 0.275777
1.49116 0.987633 2.51698 1.33556 0.281397 0.53235 0.141557 0.275777
1.46637 1.0005 2.54619 1.34058 0.256379 0.520328 0.121345 0.27232
1.4417 1.01311 2.57333 1.34631 0.211307 0.520815 0.0842722 0.273488
1.4172 1.02611 2.59884 1.34631 0.211307 0.520815 0.0842722 0.273488
1.39294 1.03843 2.62639 1.28249 0.138762 0.524655 0.0297548 0.281401
1.36913 1.05181 2.65041 1.28209 0.142354 0.531078 -0.0366085 0.289263
1.34588 1.06685 2.67164 1.28209 0.142354 0.531078 -0.0366085 0.289263
1.32265 1.08285 2.69682 1.27069 0.120597 0.551796 -0.112711 0.289197
1.29957 1.10064 2.71942 1.27075 0.119938 0.537738 -0.130275 0.283716
1.27701 1.1196 2.7398 1.26066 0.0997394 0.537738 -0.130275 0.283716
1.25502 1.13826 2.7589 1.26096 0.0958511 0.518761 -0.106639 0.281201
1.23298 1.15531 2.77654 1.38774 0.154924 0.516681 -0.0651337 0.279749
1.20954 1.17042 2.80004 1.38774 0.154924 0.516681 -0.0651337 0.279749
1.18616 1.18376 2.81889 1.38407 0.17289 0.487527 -0.0281751 0.278085
1.16233 1.19566 2.8437 1.38088 0.196729 0.492383 0.0354097 0.27821
1.13888 1.20446 2.86123 1.38088 0.196729 0.492383 0.0354097 0.27821
1.11456 1.21192 2.88089 1.36699 0.228317 0.479888 0.0812579 0.279573
1.08941 1.21756 2.89845 1.35565 0.288122 0.434044 0.126892 0.269488
1.06543 1.2202 2.91383 1.3765 0.290396 0.434044 0.126892 0.26608
1.04248 1.22086 2.93368 1.3589 0.363967 0.368073 0.212565 0.26608
1.02168 1.21892 2.9483 1.34376 0.388476 0.345466 0.215994 0.25941
1.00174 1.21415 2.96112 1.34376 0.388476 0.345466 0.215994 0.242543
0.983245 1.2086 2.97509 1.32587 0.44573 0.289889 0.235885 0.242543
0.965509 1.20248 2.99193 1.31085 0.482649 0.251985 0.274515 0.231486
0.949665 1.1949 3.00791 1.31085 0.482649 0.251985 0.274515 0.219572
0.934803 1.18607 3.01915 1.29772 0.462903 0.231567 0.289258 0.219572
0.920612 1.17678 3.02999 1.28463 0.498081 0.205104 0.287391 0.218124
0.907193 1.16683 3.03931 1.28423 0.499097 0.211143 0.295026 0.215525
0.894188 1.15698 3.04916 1.28423 0.499097 0.211143 0.295026 0.215525
0.881486 1.1469 3.05719 1.28163 0.505732 0.210832 0.297046 0.218775
0.868653 1.13618 3.06751 1.35273 0.414947 0.222854 0.306567 0.222666
0.85577 1.12474 3.07425 1.35273 0.414947 0.222854 0.306567 0.222666
0.843622 1.11314 3.07264 1.37858 0.360702 0.236185 0.309032 0.227191
0.83031 1.10087 3.08288 1.38017 0.354553 0.252838 0.30529 0.232604
0.816613 1.08939 3.0808 1.35292 0.323667 0.252838 0.30529 0.232604
0.802607 1.07772 3.08115 1.35592 0.310871 0.268744 0.302716 0.239721
0.788281 1.06652 3.07766 1.35873 0.298344 0.283949 0.302726 0.2462
0.77317 1.05523 3.07513 1.392 0.272686 0.283949 0.302726 0.2462
0.757491 1.04381 3.07029 1.39543 0.25453 0.302225 0.297501 0.252838
0.741645 1.03234 3.06803 1.40647 0.216004 0.315681 0.308907 0.259138
0.724654 1.02064 3.06303 1.40647 0.216004 0.315681 0.308907 0.263988
0.707395 1.00865 3.05635 1.43212 0.191651 0.301626 0.312823 0.263988
0.690355 0.997026 3.0518 1.43361 0.180161 0.303987 0.324107 0.268157
0.67355 0.985134 3.04594 1.41496 0.171244 0.303987 0.324107 0.272625
0.656609 0.972905 3.04111 1.39519 0.152 0.293659 0.318029 0.272625
0.639898 0.960812 3.0349 1.39659 0.138498 0.381889 0.344183 0.276938
0.621789 0.948716 3.03069 1.4163 0.124169 0.381889 0.344183 0.279468
0.602314 0.93583 3.0235 1.41805 0.102276 0.428386 0.354956 0.279468
0.581413 0.922594 3.01228 1.42099 0.0612828 0.463951 0.279582 0.28243
0.558137 0.911956 3.00369 1.422 0.0298821 0.47043 0.213073 0.28762
0.533456 0.905154 2.99401 1.43518 0.0195257 0.47043 0.213073 0.28762
0.508396 0.900254 2.98481 1.43512 -0.0238255 0.487372 0.143395 0.296801
0.483786 0.897028 2.97698 1.43366 -0.0688872 0.526829 0.0674298 0.307028
0.457318 0.898017 2.96756 1.43623 -0.0683556 0.526829 0.0674298 0.307028
0.430331 0.900588 2.96012 1.43379 -0.108093 0.534051 0.0131108 0.295769
0.403382 0.90481 2.95345 1.45013 -0.124406 0.556698 -0.0428723 0.288931
0.377063 0.911881 2.94552 1.45013 -0.124406 0.556698 -0.0428723 0.288931
0.350067 0.920597 2.93543 1.43401 -0.129464 0.580876 -0.0847579 0.285987
0.322387 0.930575 2.93123 1.43252 -0.144996 0.605476 -0.117257 0.286382
0.29437 0.942431 2.92218 1.43252 -0.144996 0.605476 -0.117257 0.286382
0.26599 0.95548 2.91849 1.47613 -0.126975 0.637627 -0.133192 0.289318
0.236913 0.969645 2.91448 1.47606 -0.127753 0.665388 -0.14386 0.29719
0.206661 0.985015 2.91235 1.41045 -0.0995952 0.665388 -0.14386 0.29719
0.175809 1.00111 2.90912 1.4107 -0.0960367 0.558815 -0.173992 0.306533
0.147123 1.01678 2.90328 1.44141 -0.0483802 0.445059 -0.179033 0.315868
0.123667 1.0307 2.90233 1.44141 -0.0483802 0.445059 -0.179033 0.315868
0.104289 1.04521 2.90241 1.44121 -0.0541612 0.34245 -0.167085 0.309558
0.0874568 1.05846 2.90428 1.41026 -0.0322732 0.279847 -0.1721 0.278007
0.0740554 1.07022 2.90623 1.41026 -0.0322732 0.279847 -0.1721 0.252
0.0630845 1.08133 2.91124 1.40395 -0.0256149 0.209079 -0.147126 0.252
0.053277 1.0919 2.91934 1.40327 -0.0507139 0.154824 -0.153606 0.240688
0.0458694 1.10135 2.92673 1.39571 -0.0151069 0.154824 -0.153606 0.226444
0.0407149 1.10954 2.92982 1.39576 -0.00915179 0.127958 -0.134746 0.226444
0.0359859 1.11701 2.93295 1.42411 -0.0273581 0.0948856 -0.116035 0.217317
0.0320232 1.12377 2.93737 1.42411 -0.0273581 0.0948856 -0.116035 0.212187
0.0283234 1.12896 2.94519 1.42375 -0.0420337 0.0746711 -0.110516 0.212187
0.0252308 1.13431 2.94947 1.40745 -0.0508286 0.0636465 -0.109653 0.205131
0.0223436 1.13994 2.95302 1.4056 -0.0882248 0.0460689 -0.0924489 0.203111
0.0201261 1.14451 2.96224 1.39364 -0.0874153 0.0460689 -0.0924489 0.203111
0.0183843 1.14873 2.96663 1.39369 -0.0865692 0.0402047 -0.0820098 0.19508
0.0168036 1.15268 2.97454 1.39037 -0.129411 0.0256909 -0.098874 0.19006
0.014934 1.15631 2.98734 1.37771 -0.130942 0.0256909 -0.098874 0.19006
0.0136938 1.1599 2.99047 1.37681 -0.140119 0.013073 -0.0858899 0.194041
0.0124889 1.16345 3.00466 1.36877 -0.158194 0.0316343 -0.152946 0.18803
0.0113556 1.16938 3.00503 1.36877 -0.158194 0.0316343 -0.152946 0.18803
0.0103601 1.1767 3.01976 1.41906 -0.177442 0.0190567 -0.15419 0.183018
0.00936207 1.18339 3.02894 1.41672 -0.19523 0.014348 -0.193563 0.184994
0.00948437 1.19124 3.03732 1.41114 -0.207184 0.014348 -0.193563 0.187965
0.00908531 1.20026 3.04124 1.4106 -0.210826 0.0239869 -0.229675 0.187965
0.00878456 1.21009 3.05151 1.41196 -0.201585 0.0284249 -0.217255 0.182896
0.00798085 1.22012 3.06315 1.40798 -0.21297 0.0284249 -0.217255 0.188619
0.0066204 1.2299 3.06999 1.40483 -0.232857 0.0244915 -0.195803 0.188619
0.00568807 1.2395 3.08024 1.40976 -0.19782 0.0744128 -0.187068 0.201488
0.00348343 1.24867 3.08796 1.41603 -0.146407 0.107464 -0.16755 0.198539
-0.000409975 1.25759 3.09501 1.41281 -0.148701 0.107464 -0.16755 0.198539
-0.00624036 1.2654 3.10254 1.41316 -0.145375 0.0860248 -0.137302 0.199166
-0.0117326 1.27297 3.11331 1.41328 -0.144187 0.0978151 -0.124106 0.207353
-0.0164272 1.27899 3.12159 1.40742 -0.144874 0.0978151 -0.124106 0.207353
-0.0212227 1.2847 3.12132 1.41085 -0.106401 0.149957 -0.108038 0.212694
-0.0270866 1.29116 3.12633 1.39942 -0.0847876 0.151723 -0.0934524 0.203659
-0.0342085 1.29655 3.13437 1.39942 -0.0847876 0.151723 -0.0934524 0.207724
-0.0413865 1.3018 3.14116 1.38036 -0.0965894 0.11774 -0.0847213 0.207724
-0.0480485 1.30636 -3.13679 1.38213 -0.0666791 0.118469 -0.0725635 0.210914
-0.0535484 1.31053 -3.13019 1.38213 -0.0666791 0.118469 -0.0725635 0.208483
-0.05903 1.31471 -3.1227 1.42339 -0.0274813 0.171971 -0.0730269 0.208483
-0.065795 1.31899 -3.11919 1.42362 -0.0111356 0.171067 -0.0593172 0.207478
-0.0748305 1.32217 -3.11422 1.40749 -0.000360118 0.163337 -0.0388854 0.207424
-0.0835295 1.32468 -3.1069 1.40749 -0.000360118 0.163337 -0.0388854 0.207424
-0.0919573 1.32676 -3.10194 1.44025 0.0361013 0.160081 -0.0204908 0.208528
-0.100264 1.32876 -3.09498 1.43953 0.058136 0.16092 -0.00634265 0.210786
-0.10828 1.32973 -3.08788 1.41722 0.055546 0.16092 -0.00634265 0.210786
-0.116482 1.3301 -3.08297 1.41648 0.0719982 0.143402 -0.00238302 0.214901
-0.124579 1.33064 -3.07432 1.4147 0.10109 0.129125 0.014559 0.209734
-0.131442 1.33057 -3.06756 1.39447 0.1007 0.129125 0.014559 0.202642
-0.137548 1.32991 -3.06668 1.393 0.119383 0.138482 0.0321001 0.202642
-0.144032 1.32957 -3.06026 1.41768 0.12489 0.130958 0.0444508 0.197977
-0.151197 1.32791 -3.05648 1.41702 0.132092 0.122727 0.0480521 0.194502
-0.15746 1.32668 -3.05485 1.39937 0.137486 0.122727 0.0480521 0.194502
-0.163483 1.32448 -3.05045 1.39809 0.149936 0.129075 0.0487709 0.19297
-0.169912 1.32288 -3.04634 1.39842 0.146867 0.152494 0.0563998 0.19183
-0.176337 1.32112 -3.04449 1.37925 0.150053 0.152494 0.0563998 0.19183
-0.183667 1.31946 -3.037 1.37971 0.145709 0.141947 0.0550201 0.192684
-0.191154 1.31681 -3.0363 1.41466 0.129891 0.143896 0.0487448 0.194632
-0.19829 1.31407 -3.03775 1.41466 0.129891 0.143896 0.0487448 0.197478
-0.204973 1.31173 -3.03792 1.39355 0.119452 0.19196 0.0468315 0.197478
-0.213569 1.30936 -3.03614 1.39548 0.0942861 0.248066 0.0396702 0.200041
-0.224995 1.30722 -3.03703 1.39497 0.101477 0.265174 0.0348068 0.203038
-0.23884 1.30514 -3.0356 1.43448 0.100818 0.265174 0.0348068 0.203038
-0.252747 1.30271 -3.03766 1.43474 0.097072 0.34742 0.0409877 0.20742
-0.268956 1.30009 -3.03651 1.41158 0.0800816 0.458337 0.0509393 0.212761
-0.290595 1.29678 -3.03819 1.41158 0.0800816 0.458337 0.0509393 0.212761
-0.313791 1.29299 -3.03729 1.40587 0.0678718 0.69565 0.0668985 0.219452
-0.343411 1.28984 -3.04487 1.406 0.0649626 0.974285 0.0861216 0.230434
-0.383353 1.28674 -3.06045 1.406 0.0649626 0.974285 0.0861216 0.245957
-0.429916 1.28275 -3.06704 1.40668 0.0482378 1.09361 0.00105034 0.245957
-0.482271 1.27958 -3.0683 1.40739 0.0180241 1.00768 -0.0422228 0.273267
-0.536377 1.27793 -3.07809 1.34366 0.0427235 0.888248 -0.0259196 0.316593
-0.58588 1.27716 -3.07739 1.34366 0.0427235 0.888248 -0.0259196 0.316593
-0.632051 1.27609 -3.06426 1.37245 0.225875 0.771129 0.024779 0.286112
-0.674735 1.27533 -3.0544 1.32821 0.412908 0.519168 0.235384 0.405842
-0.708809 1.26836 -3.0317 1.31148 0.466386 0.519168 0.235384 0.405842
-0.736834 1.25698 -3.00515 1.34403 0.362067 0.519862 -0.0348304 0.360066
-0.763456 1.25143 -2.97321 1.34698 0.35093 0.440875 -0.0854268 0.31789
-0.788221 1.25225 -2.95077 1.33653 0.399976 0.419734 -0.0415273 0.31789
-0.810514 1.25331 -2.92714 1.34702 0.363083 0.357246 -0.113565 0.292403
-0.831 1.25386 -2.90471 1.36908 0.299003 0.323405 -0.128028 0.273671
-0.849506 1.25584 -2.88498 1.36908 0.299003 0.323405 -0.128028 0.273671
-0.867462 1.25844 -2.85861 1.37903 0.236568 0.317095 -0.139623 0.254597
-0.883205 1.2605 -2.83902 1.38638 0.188777 0.278459 -0.118041 0.249471
-0.901966 1.26346 -2.80581 1.38638 0.188777 0.278459 -0.118041 0.249471
-0.918069 1.26467 -2.77868 1.41048 0.158747 0.268971 -0.106267 0.242961
-0.933341 1.26506 -2.75869 1.41331 0.131251 0.261331 -0.118134 0.240788
-0.948438 1.26513 -2.73367 1.42487 0.125942 0.261331 -0.118134 0.240788
-0.963646 1.26491 -2.71198 1.42618 0.110123 0.25077 -0.0947038 0.23963
-0.978243 1.26513 -2.69391 1.42717 0.0963758 0.264354 -0.0913636 0.234495
-0.993024 1.26339 -2.66807 1.42717 0.0963758 0.264354 -0.0913636 0.238651
-1.0076 1.26163 -2.64439 1.42823 0.07922 0.290552 -0.114283 0.238651
-1.02321 1.25924 -2.62531 1.41787 0.0694251 0.364187 -0.144453 0.238381
-1.042 1.2574 -2.59975 1.41787 0.0694251 0.364187 -0.144453 0.239103
-1.06227 1.25362 -2.57723 1.41487 0.0507545 0.409395 -0.168539 0.239103
-1.08382 1.24992 -2.55661 1.41494 0.0486956 0.543019 -0.250149 0.245024
-1.11059 1.24666 -2.53074 1.41497 0.0557813 0.778423 -0.373519 0.24826
-1.14511 1.24088 -2.50046 1.41497 0.0557813 0.778423 -0.373519 0.24826
-1.18488 1.23261 -2.48322 1.41477 0.0608129 0.927958 -0.390878 0.260718
-1.23022 1.22192 -2.46056 1.41364 0.0829436 1.12085 -0.318629 0.285431
-1.28037 1.20559 -2.4393 1.41364 0.0829436 1.12085 -0.318629 0.285431
-1.33417 1.18449 -2.421 1.41085 0.171672 1.21451 -0.168408 0.316102
-1.38858 1.15789 -2.40282 1.40556 0.210638 1.30086 0.0292793 0.359079
-1.44125 1.12465 -2.38096 1.39236 0.231536 1.2819 0.040223 0.359079
-1.49142 1.08544 -2.35732 1.38437 0.275305 1.3665 0.244354 0.407576
-1.5383 1.03977 -2.32927 1.32708 0.319014 1.32708 0.319014 0.46449
-1.58064 0.988793 -2.29931 1.30619 0.468148 1.30619 0.468148 0.46449
-1.61728 0.932966 -2.27111 1.2937 0.501645 1.2937 0.501645 0.524814
-1.64905 0.872938 -2.23727 1.28618 0.603549 1.28618 0.603549 0.575388
-1.67296 0.819165 -2.20864 1.28618 0.603549 1.28618 0.603549 0.575388
-1.68629 0.777543 -2.1965 1.27368 0.659844 1.27368 0.659844 0.631642
-1.68927 0.747292 -2.1902 1.26443 0.6774 1.26443 0.6774 0.668599
-1.68233 0.72397 -2.18014 1.26535 0.662208 1.26535 0.662208 0.668599
-1.67796 0.697895 -2.14771 1.25991 0.672516 1.25991 0.672516 0.661957
-1.67484 0.669996 -2.12496 1.26049 0.671415 1.26049 0.671415 0.663401
-1.6631 0.64725 -2.09318 1.25659 0.655216 1.25659 0.655216 0.663401
-1.65205 0.619315 -2.05295 1.25637 0.655643 1.25637 0.655643 0.663861
-1.64998 0.580079 -2.02383 1.27856 0.521563 1.27856 0.521563 0.643385
-1.65374 0.532099 -2.005 1.27856 0.521563 1.27856 0.521563 0.643385
-1.65949 0.476628 -1.97748 1.27427 0.395487 1.27427 0.395487 0.64368
-1.6606 0.427166 -1.94959 1.27342 0.398228 1.27342 0.398228 0.667305
-1.65805 0.384106 -1.92911 1.27342 0.398228 1.27342 0.398228 0.667305
-1.66149 0.332865 -1.92366 1.2842 0.389331 1.2842 0.389331 0.680214
-1.66933 0.273863 -1.9128 1.2842 0.389331 1.2842 0.389331 0.704159
-1.67845 0.210447 -1.89328 1.306 0.326591 1.306 0.326591 0.704159
-1.68741 0.144179 -1.87075 1.30513 0.330054 1.17255 0.310071 0.640142
-1.69495 0.0787454 -1.85285 1.32359 0.321642 1.1742 0.299125 0.640142
-1.70095 0.015178 -1.83433 1.32578 0.312464 1.06714 0.273481 0.573634
-1.70545 -0.0454656 -1.81278 1.31164 0.286235 0.90451 0.237341 0.506462
-1.70792 -0.0998293 -1.7977 1.32716 0.282099 0.90451 0.237341 0.506462
-1.70917 -0.149625 -1.77842 1.32721 0.28185 0.709026 0.243204 0.423626
-1.70837 -0.194347 -1.7625 1.31289 0.260798 0.536676 0.22279 0.352442
-1.70556 -0.229833 -1.74243 1.31289 0.260798 0.536676 0.22279 0.352442
-1.70049 -0.260065 -1.72659 1.33183 0.313852 0.383473 0.215527 0.295832
-1.69428 -0.286672 -1.70344 1.33118 0.316598 0.267262 0.221082 0.254983
-1.68607 -0.30547 -1.68316 1.3136 0.308941 0.267262 0.221082 0.254983
-1.67752 -0.321145 -1.66427 1.30841 0.311347 0.176294 0.182074 0.233098
-1.66952 -0.334541 -1.64579 1.31816 0.267048 0.155045 0.113358 0.219502
-1.66358 -0.344524 -1.6279 1.31957 0.271623 0.155045 0.113358 0.219502
-1.66004 -0.352819 -1.6069 1.33505 0.180855 0.130653 0.0660802 0.225912
-1.65684 -0.361149 -1.5893 1.34209 0.0989507 0.121048 0.0195824 0.214711
-1.65506 -0.367822 -1.57234 1.34209 0.0989507 0.121048 0.0195824 0.214711
-1.65466 -0.373907 -1.55523 1.36232 0.0441673 0.136282 -0.0187605 0.205582
-1.65467 -0.381552 -1.53848 1.36232 0.0441673 0.136282 -0.0187605 0.199347
-1.6551 -0.389047 -1.52533 1.36302 -0.00720582 0.127718 -0.035954 0.199347
-1.65597 -0.396614 -1.51356 1.36239 -0.0419303 0.117721 -0.0453021 0.194457
-1.65672 -0.403382 -1.50245 1.36158 -0.0629852 0.104839 -0.0497205 0.189677
-1.658 -0.409508 -1.49066 1.34214 -0.0740266 0.104839 -0.0497205 0.189677
-1.65957 -0.415072 -1.47961 1.34125 -0.0887812 0.0929547 -0.05445 0.187951
-1.66119 -0.420478 -1.47297 1.35225 -0.0997499 0.0919985 -0.0580837 0.185721
-1.66282 -0.425359 -1.46678 1.35225 -0.0997499 0.0919985 -0.0580837 0.185721
-1.66443 -0.428789 -1.46029 1.35182 -0.105465 0.0755949 -0.0540208 0.185762
-1.66668 -0.43507 -1.44785 1.34427 -0.106099 0.0759911 -0.0464113 0.187457
-1.66798 -0.439411 -1.43947 1.34427 -0.106099 0.0759911 -0.0464113 0.187457
-1.66892 -0.443612 -1.43186 1.36528 -0.0944542 0.0911242 -0.0390309 0.186315
-1.67006 -0.448385 -1.42422 1.36508 -0.0973045 0.0944122 -0.0314554 0.186574
-1.67079 -0.453702 -1.41524 1.36508 -0.0973045 0.0944122 -0.0314554 0.186574
-1.67101 -0.458974 -1.40867 1.36539 -0.0929531 0.0810312 -0.0258748 0.186326
-1.67094 -0.463689 -1.40182 1.36521 -0.0954977 0.0904189 -0.0285506 0.185495
-1.67114 -0.468779 -1.39394 1.34213 -0.0954372 0.0904189 -0.0285506 0.185514
-1.6721 -0.473427 -1.38529 1.34096 -0.110746 0.100693 -0.0326853 0.185514
-1.67321 -0.478891 -1.38111 1.35771 -0.106415 0.131383 -0.0396494 0.185515
-1.67362 -0.48554 -1.37706 1.35775 -0.105974 0.168062 -0.0480199 0.186117
-1.67413 -0.493768 -1.3695 1.3392 -0.105435 0.168062 -0.0480199 0.186117
-1.6742 -0.503248 -1.36318 1.34077 -0.0831459 0.170603 -0.047304 0.189106
-1.67427 -0.513089 -1.35987 1.35366 -0.0772307 0.172754 -0.0413562 0.189503
-1.67516 -0.522079 -1.35293 1.35366 -0.0772307 0.172754 -0.0413562 0.189503
-1.67569 -0.531189 -1.35052 1.34815 -0.144394 0.316356 -0.057269 0.194461
-1.67648 -0.544884 -1.34501 1.32636 -0.120487 0.581509 -0.0767071 0.199644
-1.67655 -0.568043 -1.34097 1.32636 -0.120487 0.581509 -0.0767071 0.207261
-1.67535 -0.597525 -1.33801 1.34604 -0.135666 0.744137 -0.0917601 0.207261
-1.6735 -0.63204 -1.33998 1.34745 -0.120888 1.00163 -0.0944243 0.21923
-1.67102 -0.675351 -1.34755 1.32072 -0.127537 1.00163 -0.0944243 0.23916
-1.66695 -0.725164 -1.34817 1.36193 -0.102084 1.337 -0.145265 0.23916
-1.66271 -0.782587 -1.35424 1.36394 -0.070124 1.36394 -0.070124 0.280809
-1.65737 -0.847612 -1.35579 1.36559 -0.0208502 1.36559 -0.0208502 0.341769
-1.64918 -0.915625 -1.35206 1.36559 -0.0208502 1.36559 -0.0208502 0.341769
-1.63919 -0.984919 -1.34681 1.30193 0.299788 1.30193 0.299788 0.42433
-1.62327 -1.05112 -1.31927 1.28657 0.360025 1.28657 0.360025 0.521088
-1.60052 -1.11373 -1.28293 1.18846 0.548987 1.18846 0.548987 0.521088
-1.57139 -1.17027 -1.23597 1.16723 0.592798 1.16723 0.592798 0.618156
-1.53519 -1.22197 -1.19305 1.15166 0.622497 1.15166 0.622497 0.685412
-1.49401 -1.26941 -1.15298 1.09666 0.801625 1.09666 0.801625 0.685412
-1.44793 -1.31277 -1.10347 1.08576 0.816324 1.08576 0.816324 0.741018
-1.39649 -1.35151 -1.05161 1.05692 0.878771 1.05692 0.878771 0.776059
-1.34156 -1.38585 -1.00015 1.05692 0.878771 1.05692 0.878771 0.776059
-1.28353 -1.41603 -0.953212 1.01066 0.832748 1.01066 0.832748 0.801913
-1.22389 -1.44301 -0.907204 1.0075 0.836568 1.0075 0.836568 0.815528
-1.16351 -1.46661 -0.862227 1.0075 0.836568 1.0075 0.836568 0.815528
-1.10236 -1.48823 -0.819744 0.992933 0.768614 0.992933 0.768614 0.818333
-1.04094 -1.50667 -0.778299 0.992336 0.769385 0.992336 0.769385 0.828248
-0.980022 -1.52257 -0.737914 1.14618 0.809577 1.14618 0.809577 0.828248
-0.924132 -1.53532 -0.693324 1.14518 0.811001 1.14518 0.811001 0.841519
-0.85222 -1.55035 -0.645556 1.18662 0.759168 1.18662 0.759168 0.856055
-0.78566 -1.56276 -0.607248 1.18536 0.761128 1.18536 0.761128 0.856055
-0.718497 -1.57377 -0.567579 1.18402 0.763206 1.18402 0.763206 0.89006
-0.65081 -1.58237 -0.525485 1.18402 0.763206 1.18402 0.763206 0.89006
-0.583544 -1.5878 -0.481233 1.18107 0.76777 1.18107 0.76777 0.932217
-0.51601 -1.59017 -0.447 1.25505 0.631486 1.25505 0.631486 0.965275
-0.455604 -1.58714 -0.409891 1.25505 0.631486 1.25505 0.631486 0.965275
-0.402812 -1.58162 -0.382568 1.27785 0.506195 1.27785 0.506195 1.0116
-0.343938 -1.58194 -0.365661 1.27586 0.511193 1.27586 0.511193 1.04134
-0.295294 -1.58176 -0.357663 1.31549 0.42361 1.31549 0.42361 1.04134
-0.243717 -1.58229 -0.331322 1.31457 0.426454 1.31457 0.426454 1.08511
-0.18914 -1.58772 -0.31704 1.31424 0.427471 1.31424 0.427471 1.12418
-0.12883 -1.59472 -0.314774 1.36666 0.421926 1.36666 0.421926 1.12418
-0.0747143 -1.59823 -0.321261 1.36586 0.424524 1.36586 0.424524 1.04521
-0.0349118 -1.59551 -0.349583 1.37725 0.363898 1.37725 0.363898 0.981093
-0.0083473 -1.58743 -0.374117 1.37725 0.363898 1.37725 0.363898 0.981093
0.00868877 -1.57526 -0.36284 1.34954 0.384292 1.34954 0.384292 0.933421
0.0294342 -1.56535 -0.326517 1.34954 0.384292 1.34954 0.384292 0.933421
0.0631897 -1.56326 -0.297126 1.35052 0.380808 1.35052 0.380808 0.882637
0.109279 -1.56714 -0.276535 1.34141 0.390646 1.34141 0.390646 0.84974
0.164649 -1.5745 -0.27247 1.34141 0.390646 1.34141 0.390646 0.84974
0.225982 -1.58259 -0.263145 1.38557 0.353778 1.38557 0.353778 0.789305
0.292435 -1.58886 -0.240028 1.38644 0.350344 1.38644 0.350344 0.722622
0.362196 -1.59296 -0.215266 1.39495 0.276233 1.39495 0.276233 0.722622
0.434271 -1.59698 -0.20191 1.39534 0.27425 1.332 0.277988 0.644622
0.508003 -1.60123 -0.18495 1.39585 0.271615 1.1158 0.313826 0.562184
0.576341 -1.60262 -0.170668 1.38891 0.231186 1.10969 0.273272 0.562184
0.637974 -1.60121 -0.155158 1.388 0.2366 0.952056 0.302308 0.50404
0.698083 -1.59917 -0.13775 1.3193 0.301319 0.960068 0.355466 0.50404
0.757584 -1.59601 -0.120732 1.31832 0.305605 0.865005 0.35144 0.433062
0.811663 -1.58912 -0.102922 1.29747 0.452175 0.77853 0.339261 0.417932
0.858983 -1.57972 -0.0739801 1.29747 0.452175 0.77853 0.339261 0.417932
0.902321 -1.56833 -0.0397919 1.26464 0.471998 0.762307 0.280652 0.398603
0.943791 -1.55596 -0.00598514 1.26953 0.458668 0.701592 0.228583 0.389867
0.984895 -1.54395 0.0299621 1.26953 0.458668 0.701592 0.228583 0.389867
1.02537 -1.53114 0.0614801 1.2399 0.453233 0.682151 0.128357 0.358213
1.06541 -1.51661 0.0982352 1.24847 0.429069 0.671871 -0.012974 0.327695
1.10326 -1.50801 0.134324 1.23008 0.404705 0.671871 -0.012974 0.327695
1.13937 -1.5038 0.16982 1.2387 0.377503 0.624235 -0.100989 0.295747
1.17391 -1.50205 0.203552 1.22867 0.360826 0.570474 -0.173174 0.28101
1.20569 -1.50351 0.235788 1.22867 0.360826 0.570474 -0.173174 0.28101
1.23662 -1.50513 0.273076 1.23394 0.342344 0.487842 -0.158617 0.274563
1.26574 -1.50584 0.306157 1.20287 0.402935 0.473457 -0.185007 0.269433
1.29188 -1.50659 0.34203 1.20287 0.402935 0.473457 -0.185007 0.269433
1.31923 -1.50716 0.387147 1.19463 0.432084 0.481188 -0.219643 0.265215
1.34662 -1.5072 0.429403 1.19678 0.426108 0.446041 -0.213221 0.25902
1.3737 -1.50745 0.467313 1.19521 0.406733 0.446041 -0.213221 0.25902
1.40017 -1.50687 0.508528 1.19829 0.397556 0.436529 -0.204954 0.253867
1.42552 -1.50495 0.547818 1.20084 0.389787 0.445995 -0.191954 0.248765
1.45024 -1.50073 0.581245 1.27509 0.434777 0.445995 -0.191954 0.248765
1.47515 -1.49675 0.624103 1.27805 0.425993 0.488922 -0.163035 0.24733
1.50087 -1.49022 0.664984 1.28732 0.400909 0.491084 -0.135087 0.247374
1.52638 -1.48094 0.704533 1.28732 0.400909 0.491084 -0.135087 0.247374
1.55086 -1.46891 0.749934 1.34118 0.382119 0.458203 -0.0908675 0.249047
1.57401 -1.45613 0.785405 1.34003 0.386121 0.385155 0.013822 0.248647
1.59102 -1.44197 0.836431 1.34003 0.386121 0.385155 0.013822 0.248647
1.6044 -1.42728 0.876849 1.3396 0.346032 0.379227 0.0397695 0.250565
1.61729 -1.4119 0.914786 1.33835 0.350857 0.365204 0.0607101 0.247972
1.62865 -1.39509 0.955988 1.33835 0.350857 0.365204 0.0607101 0.247972
1.63883 -1.37775 0.99767 1.33931 0.347155 0.299452 0.0870905 0.24574
1.64669 -1.36111 1.03301 1.37794 0.253014 0.327482 0.0954779 0.241558
1.65237 -1.3457 1.06217 1.37794 0.253014 0.327482 0.0954779 0.241558
1.65789 -1.32855 1.09189 1.38007 0.241152 0.381197 0.0818615 0.237948
1.66432 -1.30937 1.12411 1.40621 0.206756 0.424881 0.0774348 0.233866
1.67135 -1.28972 1.14376 1.40621 0.206756 0.424881 0.0774348 0.233866
1.67898 -1.26761 1.16256 1.39713 0.165846 0.451751 0.0587831 0.235176
1.68554 -1.24575 1.18504 1.3965 0.171067 0.419995 0.072772 0.23805
1.69412 -1.22213 1.20875 1.38414 0.158213 0.419995 0.072772 0.23805
1.69976 -1.20099 1.22569 1.38408 0.158772 0.404742 0.0845493 0.244338
1.70249 -1.19049 1.23531 1.38767 0.178035 0.389326 0.101491 0.244338
1.70797 -1.15764 1.25624 1.38767 0.178035 0.389326 0.101491 0.251453
1.71083 -1.13769 1.27681 1.38591 0.191222 0.393259 0.105691 0.257919
1.71297 -1.11636 1.29654 1.36788 0.184358 0.394275 0.111086 0.257166
1.7146 -1.09436 1.31518 1.36788 0.184358 0.394275 0.111086 0.25903
1.71577 -1.07332 1.32349 1.34719 0.163602 0.378235 0.107701 0.25903
1.71638 -1.05265 1.3361 1.34889 0.148966 0.395006 0.0971199 0.258044
1.7175 -1.03191 1.34739 1.36029 0.145749 0.395006 0.0971199 0.257818
1.71847 -1.01125 1.35606 1.36149 0.134026 0.434134 0.0659003 0.257818
1.72059 -0.98936 1.36802 1.36267 0.121464 0.449255 0.0477363 0.257378
1.7238 -0.965811 1.3785 1.34212 0.101192 0.433232 0.0457051 0.258291
1.72794 -0.942411 1.3919 1.34212 0.101192 0.433232 0.0457051 0.258291
1.73126 -0.919504 1.40021 1.35731 0.101531 0.393156 0.075256 0.260623
1.73273 -0.898115 1.40627 1.3557 0.121131 0.345262 0.098746 0.261916
1.73231 -0.878653 1.41224 1.3619 0.115986 0.345262 0.098746 0.261916
1.73159 -0.860192 1.42101 1.36077 0.128542 0.342287 0.100727 0.260979
1.73038 -0.842462 1.42934 1.3615 0.120508 0.337197 0.0996015 0.260158
1.72917 -0.824431 1.43494 1.33971 0.115808 0.337197 0.0996015 0.260158
1.72765 -0.80631 1.43639 1.34013 0.110771 0.311166 0.100067 0.253894
1.72609 -0.788618 1.44414 1.36474 0.0804892 0.332748 0.0817313 0.247185
1.72441 -0.771612 1.44762 1.36474 0.0804892 0.332748 0.0817313 0.247185
1.72401 -0.753721 1.45127 1.36273 0.0488882 0.347952 0.0622248 0.243456
1.72374 -0.735634 1.45303 1.36344 0.0213903 0.340881 0.0528997 0.243651
1.72408 -0.717306 1.45851 1.34062 0.0193853 0.340881 0.0528997 0.244588
1.72397 -0.698997 1.45909 1.34927 -0.0216417 0.381628 0.0145168 0.244588
1.7259 -0.680296 1.46536 1.34864 -0.0466038 0.421808 -0.0124148 0.24351
1.72892 -0.659548 1.46629 1.36753 -0.0768966 0.469428 -0.0473811 0.243659
1.7347 -0.636445 1.46867 1.36753 -0.0768966 0.469428 -0.0473811 0.243659
1.7401 -0.612206 1.47064 1.35839 -0.0966375 0.501937 -0.0797115 0.250103
1.74669 -0.587076 1.46985 1.35781 -0.10453 0.458682 -0.127096 0.255539
1.75494 -0.562941 1.46841 1.35781 -0.10453 0.458682 -0.127096 0.255539
1.7642 -0.539783 1.46922 1.33066 -0.121061 0.445617 -0.211474 0.263701
1.77517 -0.517543 1.4746 1.33073 -0.120207 0.421763 -0.215135 0.277179
1.78831 -0.496423 1.4767 1.33288 -0.110938 0.421763 -0.215135 0.277179
1.8018 -0.475927 1.47827 1.33368 -0.100856 0.411551 -0.193647 0.269784
1.81443 -0.455767 1.4844 1.33768 -0.0926004 0.396466 -0.169861 0.262415
1.82618 -0.436012 1.48851 1.33768 -0.0926004 0.396466 -0.169861 0.262415
1.83627 -0.416576 1.49305 1.35931 -0.0538001 0.375902 -0.126349 0.257647
1.84543 -0.397357 1.50585 1.35974 -0.0415115 0.353332 -0.0899598 0.257109
1.85315 -0.379581 1.51037 1.35974 -0.0415115 0.353332 -0.0899598 0.258053
1.858 -0.360707 1.51405 1.34094 -0.0221578 0.339483 -0.0689158 0.258053
1.86471 -0.34366 1.5183 1.34112 -0.000811697 0.316159 -0.0430795 0.257917
1.86916 -0.327166 1.52569 1.37005 0.015994 0.316159 -0.0430795 0.252242
1.87282 -0.310865 1.53672 1.36977 0.0319233 0.294715 -0.0274947 0.252242
1.8749 -0.295116 1.54747 1.36816 0.052339 0.293049 -0.0152713 0.24735
1.87791 -0.280757 1.55487 1.36816 0.052339 0.293049 -0.0152713 0.240553
1.87989 -0.266152 1.55811 1.36783 0.0603502 0.279531 -0.0113092 0.240553
1.88101 -0.250493 1.56904 1.36872 0.0705858 0.257305 -0.0109044 0.238495
1.8829 -0.236669 1.58338 1.36842 0.0762379 0.242005 -0.0139221 0.231536
1.88375 -0.222869 1.5895 1.37738 0.0788028 0.242005 -0.0139221 0.231536
1.88567 -0.211646 1.60004 1.37687 0.0873366 0.251611 -0.0081709 0.227362
1.88657 -0.199117 1.60974 1.37144 0.0978617 0.273518 0.0023 0.224941
1.8874 -0.185683 1.62325 1.37144 0.0978617 0.273518 0.0023 0.222724
1.88732 -0.17127 1.63253 1.3703 0.112797 0.281157 0.0110915 0.222724
1.88702 -0.156244 1.64765 1.38158 0.123309 0.272394 0.00831459 0.220455
1.886 -0.141734 1.65297 1.38158 0.123309 0.272394 0.00831459 0.219447
1.88573 -0.127467 1.66497 1.37567 0.138748 0.28859 0.0104304 0.219447
1.8847 -0.113164 1.67308 1.37498 0.145351 0.34255 0.0342851 0.218158
1.88359 -0.0971836 1.68644 1.3887 0.146416 0.41726 0.0581372 0.220129
1.87927 -0.0766214 1.69505 1.3887 0.146416 0.41726 0.0581372 0.220129
1.8767 -0.0560099 1.70638 1.38099 0.150366 0.472338 0.098845 0.224843
1.87149 -0.0325881 1.71444 1.38131 0.147429 0.508549 0.126961 0.227339
1.86408 -0.00714726 1.72364 1.38131 0.147429 0.508549 0.126961 0.227339
1.85578 0.0185766 1.73537 1.3709 0.133923 0.577924 0.145005 0.237728
1.84654 0.0460337 1.74602 1.37181 0.124276 0.56981 0.112489 0.243522
1.83717 0.0746413 1.75746 1.37438 0.123953 0.56981 0.112489 0.261871
1.82797 0.104153 1.76294 1.37787 0.075955 0.59332 0.0197441 0.261871
1.82083 0.133895 1.77305 1.36013 0.0643368 0.578571 -0.0192057 0.284705
1.81615 0.164417 1.7755 1.36081 0.0477497 0.546312 -0.0553504 0.302747
1.8138 0.193742 1.78616 1.36081 0.0477497 0.546312 -0.0553504 0.302747
1.8122 0.222226 1.79091 1.38306 0.060905 0.518194 -0.0660508 0.296729
1.81039 0.250117 1.80132 1.383 0.0623883 0.47163 -0.0405067 0.290852
1.80863 0.275893 1.81162 1.35736 0.0657901 0.47163 -0.0405067 0.290852
1.80595 0.299589 1.82241 1.35699 0.0730794 0.421377 -0.00976886 0.287937
1.80256 0.32229 1.83138 1.34762 0.0844829 0.389732 0.000725432 0.28309
1.79844 0.342778 1.84513 1.34762 0.0844829 0.389732 0.000725432 0.28309
1.79392 0.362237 1.85699 1.34742 0.0877384 0.357193 0.00844212 0.267911
1.78937 0.380892 1.8659 1.35212 0.0860237 0.330537 0.010687 0.255412
1.78473 0.398426 1.87814 1.35212 0.0860237 0.330537 0.010687 0.255412
1.7799 0.414842 1.88829 1.38594 0.132615 0.294823 0.0115814 0.248593
1.77483 0.430517 1.90964 1.38776 0.111932 0.270437 0.00648403 0.245199
1.77088 0.444737 1.92892 1.35077 0.110558 0.270437 0.00648403 0.241137
1.76681 0.457906 1.94814 1.35219 0.0916323 0.253202 -0.00533501 0.241137
1.76258 0.47086 1.97103 1.35325 0.0742958 0.23136 -0.00842096 0.237096
1.75864 0.482878 1.99394 1.35005 0.0788958 0.23136 -0.00842096 0.232132
1.75529 0.494376 2.01466 1.35083 0.0642754 0.237714 -0.0256302 0.232132
1.75184 0.506291 2.03495 1.3566 0.0529534 0.242904 -0.0357235 0.225882
1.74848 0.518477 2.05805 1.35714 0.0366255 0.225133 -0.0400816 0.220465
1.74502 0.530915 2.08235 1.35714 0.0366255 0.225133 -0.0400816 0.220465
1.74198 0.542371 2.09884 1.35743 0.0235172 0.255688 -0.0737476 0.214531
1.73909 0.555048 2.12143 1.35761 0.00913666 0.277053 -0.100473 0.209352
1.73859 0.557981 2.12564 1.35761 0.00913666 0.277053 -0.100473 0.209352
1.7328 0.585096 2.162 1.32343 -0.0549188 0.300948 -0.12427 0.207095
1.72966 0.60146 2.18095 1.29507 -0.0852972 0.462709 -0.203613 0.211061
1.72621 0.623427 2.19965 1.29507 -0.0852972 0.462709 -0.203613 0.208807
1.72119 0.648832 2.21723 1.33635 -0.040321 0.746815 -0.317523 0.208807
1.71469 0.680562 2.23479 1.33624 -0.0437618 0.743675 -0.287477 0.227515
1.70483 0.718235 2.247 1.34053 -0.0253789 0.743675 -0.287477 0.239057
1.69294 0.757546 2.26514 1.34059 0.0216345 0.695605 -0.229975 0.239057
1.67993 0.79554 2.28545 1.33959 0.0561946 0.679304 -0.119961 0.261548
1.66519 0.828909 2.30854 1.3663 0.168539 0.662162 -0.0147731 0.291266
1.6476 0.857101 2.33845 1.3663 0.168539 0.662162 -0.0147731 0.291266
1.62619 0.883965 2.35863 1.37738 0.280497 0.640625 0.0548363 0.318389
1.60331 0.908382 2.39478 1.36878 0.319859 0.595892 0.111597 0.329082
1.57873 0.929022 2.4239 1.36851 0.337211 0.595892 0.111597 0.329082
1.5535 0.947515 2.4536 1.36521 0.350354 0.565314 0.13772 0.301627
1.52813 0.96405 2.48281 1.37191 0.323099 0.535662 0.139551 0.283878
1.50309 0.978221 2.5102 1.35174 0.296365 0.535662 0.139551 0.283878
1.47832 0.991418 2.54015 1.35677 0.272399 0.526089 0.119791 0.274577
1.45342 1.00374 2.56567 1.31085 0.189982 0.523914 0.0899286 0.274187
1.42897 1.01643 2.59196 1.31085 0.189982 0.523914 0.0899286 0.274187
1.40425 1.02914 2.61746 1.30332 0.150913 0.529 0.0419544 0.281102
1.38002 1.04199 2.64201 1.30313 0.15256 0.516446 -0.0124724 0.287596
1.35649 1.0564 2.66295 1.30313 0.15256 0.516446 -0.0124724 0.287596
1.33389 1.07123 2.68711 1.32387 0.157701 0.554225 -0.100944 0.288906
1.31087 1.08858 2.70809 1.32404 0.156305 0.55025 -0.149883 0.283439
1.2879 1.10772 2.72869 1.27661 0.104572 0.55025 -0.149883 0.279621
1.26516 1.1276 2.74519 1.27702 0.0995279 0.520795 -0.138496 0.279621
1.24312 1.14637 2.76262 1.40494 0.1494 0.517081 -0.0955893 0.278713
1.22068 1.1631 2.78571 1.40494 0.1494 0.517081 -0.0955893 0.278379
1.1976 1.17862 2.80593 1.39619 0.166766 0.502363 -0.0529762 0.278379
1.17522 1.19217 2.8237 1.39289 0.192379 0.492132 0.00880574 0.2789
1.15167 1.20268 2.84951 1.39289 0.192379 0.492132 0.00880574 0.281202
1.12776 1.21125 2.86879 1.38581 0.218049 0.505564 0.0760999 0.281202
1.1028 1.21818 2.88693 1.37559 0.275231 0.454955 0.110778 0.277174
1.07785 1.22176 2.90324 1.38452 0.336361 0.405909 0.177827 0.263202
1.05477 1.22174 2.92154 1.38452 0.336361 0.405909 0.177827 0.263202
1.03307 1.21956 2.93819 1.36136 0.390842 0.348837 0.225524 0.258404
1.01291 1.216 2.95474 1.34608 0.440603 0.306886 0.234644 0.248784
0.994194 1.2108 2.96862 1.34608 0.440603 0.306886 0.234644 0.248784
0.977059 1.20428 2.97957 1.33461 0.472625 0.261737 0.262448 0.237385
0.960864 1.19718 2.99001 1.3231 0.503956 0.246035 0.275576 0.225485
0.945938 1.18905 2.99834 1.31908 0.456365 0.246035 0.275576 0.225485
0.931528 1.18023 3.0048 1.30679 0.490441 0.218759 0.287087 0.220566
0.91772 1.17112 3.01267 1.34564 0.482421 0.210901 0.289393 0.219438
0.904435 1.16135 3.0217 1.34564 0.482421 0.210901 0.289393 0.219438
0.891265 1.15122 3.03217 1.34307 0.489542 0.207407 0.294278 0.220102
0.878202 1.14094 3.04374 1.36106 0.442448 0.2119 0.301663 0.223489
0.865272 1.13013 3.05262 1.36106 0.442448 0.2119 0.301663 0.223489
0.852593 1.1191 3.05899 1.3363 0.398393 0.2263 0.30503 0.226769
0.840445 1.10805 3.0574 1.33529 0.401775 0.239184 0.307076 0.231989
0.826406 1.09696 3.06696 1.35863 0.350125 0.239184 0.307076 0.231989
0.812964 1.08587 3.06411 1.36295 0.332913 0.259862 0.311508 0.238402
0.799259 1.07463 3.06271 1.36537 0.322875 0.274659 0.300618 0.243577
0.784863 1.06322 3.06268 1.39875 0.302659 0.274659 0.300618 0.250831
0.76936 1.05168 3.06164 1.40103 0.291916 0.288731 0.310535 0.250831
0.753748 1.0403 3.06072 1.37514 0.248924 0.30327 0.286225 0.255645
0.737887 1.02875 3.05781 1.37514 0.248924 0.30327 0.286225 0.261974
0.721794 1.01757 3.05497 1.38535 0.213932 0.317613 0.316328 0.261974
0.704875 1.00587 3.05559 1.38727 0.201116 0.298785 0.316927 0.265854
0.688337 0.994024 3.04658 1.42828 0.191154 0.298785 0.316927 0.270278
0.671738 0.981854 3.04369 1.42959 0.181084 0.298021 0.324541 0.270278
0.655033 0.970077 3.04045 1.43103 0.169335 0.348754 0.332462 0.274816
0.637495 0.957543 3.03473 1.43531 0.125312 0.389788 0.35017 0.277498
0.618456 0.944884 3.02711 1.43531 0.125312 0.389788 0.35017 0.277498
0.598305 0.932234 3.01825 1.43937 0.0780953 0.435496 0.33066 0.280233
0.577429 0.920388 3.00469 1.44052 0.0527739 0.483166 0.245168 0.284262
0.553802 0.912209 2.99633 1.45504 0.0423437 0.483166 0.245168 0.284262
0.528652 0.906241 2.98858 1.45564 0.00836787 0.470696 0.189162 0.290754
0.503145 0.90113 2.97978 1.45526 -0.0342782 0.499985 0.121556 0.299459
0.477672 0.899058 2.97068 1.46373 -0.0312965 0.499985 0.121556 0.299459
0.451884 0.899203 2.96458 1.46248 -0.0680868 0.537564 0.0576641 0.304168
0.425153 0.901192 2.9553 1.4811 -0.0975368 0.542256 -0.00286649 0.294004
0.39801 0.906181 2.95017 1.4811 -0.0975368 0.542256 -0.00286649 0.294004
0.371402 0.912993 2.94386 1.46861 -0.111922 0.559258 -0.0522967 0.287079
0.344441 0.920862 2.93475 1.46674 -0.134299 0.585893 -0.0929701 0.285426
0.317274 0.931488 2.92947 1.46674 -0.134299 0.585893 -0.0929701 0.285505
0.289643 0.943158 2.92377 1.44876 -0.137151 0.613573 -0.123011 0.285505
0.261237 0.956326 2.91732 1.44767 -0.148242 0.640533 -0.142609 0.291339
0.232282 0.970702 2.91385 1.44809 -0.110991 0.640533 -0.142609 0.297264
0.20222 0.986074 2.91268 1.44791 -0.113382 0.607643 -0.182083 0.297264
0.172679 1.00179 2.90348 1.42339 -0.0876076 0.530879 -0.206217 0.306935
0.146273 1.01884 2.89839 1.42339 -0.0876076 0.530879 -0.206217 0.317892
0.123379 1.03531 2.89853 1.42324 -0.0899073 0.433046 -0.190552 0.317892
0.102318 1.05151 2.90181 1.45237 -0.0528405 0.337689 -0.208504 0.299327
0.0858484 1.06567 2.90189 1.45096 -0.0829032 0.270133 -0.251808 0.278051
0.0734024 1.07968 2.90587 1.43362 -0.050867 0.266364 -0.226802 0.278051
0.0631429 1.09398 2.9145 1.43216 -0.0822335 0.226774 -0.263916 0.251064
0.0537087 1.10821 2.92144 1.40731 -0.0927935 0.171739 -0.279026 0.233678
0.0455121 1.12246 2.93034 1.40731 -0.0927935 0.171739 -0.279026 0.233678
0.0385732 1.13641 2.94679 1.38805 -0.127561 0.142501 -0.315296 0.225326
0.0334663 1.15114 2.95136 1.43095 -0.128654 0.149087 -0.31468 0.223189
0.0287421 1.16608 2.9661 1.43095 -0.128654 0.149087 -0.31468 0.223189
0.0232397 1.18132 2.96275 1.40607 -0.126738 0.190912 -0.28664 0.211859
0.0169394 1.19653 2.97237 1.40396 -0.148252 0.17866 -0.265194 0.206417
0.00955816 1.21097 2.98284 1.38173 -0.129518 0.17866 -0.265194 0.211151
0.00178729 1.2246 3.00446 1.38122 -0.134856 0.151092 -0.234225 0.211151
-0.00530307 1.23723 3.01724 1.37529 -0.108458 0.182219 -0.204674 0.211979
-0.0133097 1.24841 3.02901 1.42608 -0.0895 0.182219 -0.204674 0.200169
-0.0215914 1.25871 3.03666 1.42687 -0.0757972 0.21698 -0.176298 0.200169
-0.0307072 1.26857 3.04499 1.40498 -0.103901 0.175318 -0.157551 0.196984
-0.0405243 1.27739 3.05326 1.40498 -0.103901 0.175318 -0.157551 0.201196
-0.0491806 1.28589 3.06208 1.4051 -0.102297 0.148689 -0.138686 0.201196
-0.0566139 1.29292 3.07017 1.40711 -0.0694135 0.158783 -0.122897 0.198184
-0.0632038 1.29972 3.07479 1.37684 -0.0588243 0.181176 -0.115267 0.185302
-0.0710131 1.30621 3.08369 1.41184 -0.0518494 0.181176 -0.115267 0.185302
-0.0792013 1.31274 3.09443 1.41125 -0.0660079 0.153928 -0.100263 0.183301
-0.0879786 1.3185 3.11122 1.3934 -0.0547448 0.129819 -0.0911959 0.191236
-0.095102 1.32341 3.12216 1.3934 -0.0547448 0.129819 -0.0911959 0.191236
-0.101266 1.32777 3.12807 1.42288 -0.00532483 0.118482 -0.0654074 0.184223
-0.107121 1.33165 3.13744 1.42284 -0.0112504 0.0834374 -0.0621807 0.175346
-0.112079 1.33462 -3.13686 1.40451 -0.0148857 0.0834374 -0.0621807 0.176475
-0.115961 1.3373 -3.13097 1.40429 -0.0289684 0.0421312 -0.0573658 0.176475
-0.119048 1.33996 -3.1281 1.40458 -0.00119542 0.0234754 -0.0389251 0.182434
-0.121193 1.34199 -3.12743 1.39151 -0.00169633 0.0234754 -0.0389251 0.171589
-0.122502 1.34346 -3.12481 1.39092 0.0404378 0.0189117 -0.0206136 0.171589
-0.123519 1.34461 -3.12113 1.43656 0.0287413 -0.0429267 -0.0298592 0.16954
-0.122978 1.34563 -3.11421 1.43656 0.0287413 -0.0429267 -0.0298592 0.174666
-0.121675 1.34654 -3.10619 1.43366 0.0271843 -0.0919295 -0.0230896 0.174666
-0.11915 1.34794 -3.09831 1.43273 0.0583959 -0.0987942 -0.0104805 0.168783
-0.115638 1.3489 -3.09039 1.43384 0.0149786 -0.13942 -0.0138789 0.168643
-0.110598 1.34967 -3.08158 1.43572 0.0208593 -0.13942 -0.0138789 0.168643
-0.104363 1.35045 -3.07649 1.43586 0.00707461 -0.144887 -0.0129345 0.170497
-0.0986663 1.35135 -3.07195 1.443 0.00609249 -0.134837 -0.0101361 0.169387
-0.0925939 1.35224 -3.06444 1.443 0.00609249 -0.134837 -0.0101361 0.17315
-0.0865732 1.35314 -3.06004 1.40671 -0.0290533 -0.061919 -0.0142343 0.17315
-0.0823321 1.35367 -3.05254 1.40687 -0.0197559 -0.0503661 -0.01178 0.17012
-0.0808669 1.35474 -3.04668 1.42322 -0.0362754 -0.0482527 -0.0203478 0.173165
-0.080382 1.35535 -3.04465 1.42322 -0.0362754 -0.0482527 -0.0203478 0.173165
-0.0786203 1.35625 -3.04165 1.42299 -0.0444004 -0.0360752 -0.0199956 0.176386
-0.077407 1.3568 -3.0367 1.43412 -0.0333887 -0.120895 0.111299 0.169757
-0.0732913 1.35458 -3.03142 1.43412 -0.0333887 -0.120895 0.111299 0.169757
-0.067395 1.35087 -3.02234 1.43747 -0.0598513 -0.270432 0.23693 0.166698
-0.0567271 1.34333 -3.01302 1.43654 -0.0790375 -0.358595 0.314532 0.170812
-0.0412387 1.33235 -3.0041 1.43978 -0.0781862 -0.358595 0.314532 0.16966
-0.0230727 1.32004 -2.99744 1.38792 -0.0857729 -0.319233 0.284809 0.16966
-0.00430228 1.3084 -2.9925 1.38622 -0.109789 -0.126013 0.0730102 0.172346
0.00664393 1.30165 -2.98074 1.41254 -0.116348 -0.126013 0.0730102 0.182289
0.0120371 1.29901 -2.97622 1.413 -0.110569 -0.169126 0.265746 0.182289
0.0197459 1.29263 -2.97239 1.41839 -0.112262 -0.0125593 0.0319306 0.182928
0.0242957 1.28846 -2.97351 1.42028 -0.08506 0.0304731 -0.00245033 0.181516
0.0229484 1.28965 -2.97714 1.37798 -0.099344 0.0304731 -0.00245033 0.181516
0.0218146 1.2897 -2.98209 1.37664 -0.116429 0.0360616 -0.00350772 0.181937
0.0212588 1.28955 -2.98485 1.37379 -0.146259 0.0223563 0.00382804 0.182807
0.0207264 1.2895 -2.98743 1.38208 -0.1537 0.0223563 0.00382804 0.182807
0.0206436 1.28953 -2.98888 1.38246 -0.15029 0.0298363 -0.0014859 0.183477
0.0202711 1.28953 -2.99194 1.38099 -0.126662 0.0323338 -0.00275333 0.184609
0.0196651 1.28949 -2.99537 1.38099 -0.126662 0.0323338 -0.00275333 0.183855
0.0190518 1.28943 -2.99861 1.37898 -0.141348 0.0142576 0.00420883 0.183855
0.0187507 1.2893 -3.00055 1.37828 -0.147996 0.0140794 0.00527811 0.184811
0.0186563 1.28927 -3.001 1.37828 -0.147996 0.0140794 0.00527811 0.185611
0.0183464 1.28915 -2.99977 1.37996 -0.113137 0.0236985 -0.00216552 0.185611
0.0185434 1.28934 -3.00234 1.37881 -0.126434 0.00764945 0.00568828 0.185765
0.0185669 1.28938 -3.00213 1.37872 -0.117671 0.00529419 0.00715368 0.185967
0.0185573 1.28947 -3.00128 1.37872 -0.117671 0.00529419 0.00715368 0.185967
0.0185163 1.28935 -3.00212 1.37988 -0.0995639 0.017325 -0.00222155 0.185979
0.018366 1.28935 -3.00197 1.37889 -0.112426 0.00780612 0.00457562 0.186092
0.0179728 1.28928 -2.99952 1.37889 -0.112426 0.00780612 0.00457562 0.186092
0.0180301 1.28937 -2.99897 1.37923 -0.108244 0.00544133 0.00615836 0.185886
0.0182764 1.28928 -3.00085 1.3811 -0.0808887 0.004383 0.0131906 0.185783
0.0182438 1.28927 -3.00107 1.38018 -0.0847478 0.004383 0.0131906 0.186052
0.0179685 1.28914 -3.0008 1.37863 -0.107001 0.00530494 0.0070962 0.186052
0.0181553 1.28911 -3.00179 1.37875 -0.109951 0.000596554 0.0101289 0.186073
0.0179823 1.28926 -3.00267 1.37875 -0.109951 0.000596554 0.0101289 0.185848
0.0179988 1.28912 -3.00127 1.38083 -0.0738184 -0.000266527 0.0158509 0.185848
0.0180849 1.28916 -3.00105 1.38049 -0.0799837 0.00533302 0.00689878 0.186041
0.0180507 1.28911 -3.00145 1.37927 -0.098877 -0.00664973 0.0159357 0.18596
0.0181329 1.28915 -3.00123 1.37936 -0.0991575 -0.00664973 0.0159357 0.18596
0.0181161 1.28914 -3.00123 1.38103 -0.0722067 -0.00910079 0.01811 0.186031
0.0181732 1.28914 -3.00139 1.38198 -0.0508136 0.000587432 0.0101918 0.185
0.0181598 1.28914 -3.00118 1.38198 -0.0508136 0.000587432 0.0101918 0.185
0.0180676 1.28909 -3.00175 1.37996 -0.0924649 -0.0139072 0.0218161 0.177
0.0182722 1.28903 -3.00248 1.37834 -0.114056 -0.0340017 0.0424157 0.173997
0.0191783 1.28847 -3.00416 1.37834 -0.114056 -0.0340017 0.0424157 0.176002
0.0202235 1.28688 -3.00571 1.38098 -0.0738783 -0.0367274 0.0464105 0.176002
0.0218047 1.28537 -3.00833 1.38261 -0.0309976 -0.0340046 0.0424361 0.184668
0.0229912 1.28396 -3.00991 1.38522 -0.00286279 -0.0114814 0.0198111 0.186706
0.0238195 1.28308 -3.01157 1.38522 -0.00286279 -0.0114814 0.0198111 0.186706
0.0241307 1.28256 -3.01386 1.38837 -0.0184526 0.00812691 0.00236772 0.187526
0.0239151 1.28226 -3.01596 1.38836 -0.0196735 -0.00357989 0.00950059 0.18534
0.0238036 1.28222 -3.01652 1.38836 -0.0196735 -0.00357989 0.00950059 0.18529
0.0239953 1.28217 -3.01739 1.39013 -0.00182044 -0.0118437 0.0158401 0.18529
0.0239361 1.28199 -3.01699 1.39006 0.0145782 -0.011465 0.0125336 0.188209
0.024105 1.28188 -3.01732 1.38949 0.0344387 -0.00190164 0.0126165 0.189869
0.0240801 1.28186 -3.01737 1.38949 0.0344387 -0.00190164 0.0126165 0.189869
0.0240317 1.28189 -3.01726 1.38964 0.0275043 0.00547896 0.00591942 0.189964
0.0240361 1.28188 -3.01735 1.38953 0.0326241 0.00176145 0.00239739 0.189775
0.023888 1.28199 -3.01818 1.38953 0.0326241 0.00176145 0.00239739 0.189775
0.0240836 1.282 -3.01847 1.38903 0.0557868 0.000822393 0.00862492 0.189886
0.0240481 1.28198 -3.01836 1.38875 0.0624005 0.00877138 0.0122554 0.190108
0.023768 1.28174 -3.01997 1.38851 0.0640918 0.00877138 0.0122554 0.189833
0.0234485 1.28161 -3.02264 1.38771 0.0795491 0.0104913 0.000837938 0.189833
0.0231284 1.28159 -3.02502 1.3881 0.0700598 0.00666345 -0.00192782 0.188999
0.0229093 1.28165 -3.02548 1.3881 0.0700598 0.00666345 -0.00192782 0.186001
0.0230177 1.28166 -3.02583 1.38793 0.0662228 -0.00238709 0.00172922 0.186001
0.0230286 1.28178 -3.0251 1.38611 0.0870465 -0.00934107 0.00563203 0.183001
0.0232241 1.28153 -3.0266 1.38676 0.0761068 -0.0169761 0.01401 0.179
0.0235342 1.2814 -3.02666 1.38649 0.0794585 -0.0169761 0.01401 0.179
0.023615 1.28123 -3.02736 1.38628 0.0830025 -0.026552 0.0211738 0.178049
0.0244912 1.28099 -3.02942 1.38681 0.0830656 -0.0260656 0.0179442 0.1796
0.0251115 1.28052 -3.02959 1.38681 0.0830656 -0.0260656 0.0179442 0.187862
0.0260263 1.28025 -3.03098 1.38373 0.132076 -0.0228876 0.0183227 0.187862
0.0269482 1.27963 -3.03371 1.38253 0.144027 -0.00333256 0.00801647 0.190163
0.0273375 1.27931 -3.03223 1.38594 0.106362 0.00729991 -0.00625878 0.187996
0.0273448 1.27929 -3.03213 1.38822 0.107271 0.00729991 -0.00625878 0.187996
0.0273603 1.27929 -3.03209 1.38927 0.0926522 -0.00483326 0.00383431 0.186342
0.0273754 1.27925 -3.03219 1.39022 0.10476 -0.00600913 0.0116754 0.189212
0.0275481 1.27907 -3.03305 1.39022 0.10476 -0.00600913 0.0116754 0.189212
0.0274137 1.27863 -3.03575 1.38845 0.127448 0.000223336 0.012587 0.189985
0.0274592 1.27797 -3.04003 1.39134 0.0906259 0.0223315 -0.00725884 0.190978
0.0268724 1.27772 -3.04183 1.39134 0.0906259 0.0223315 -0.00725884 0.190761
0.0262147 1.27768 -3.04569 1.39252 0.0713686 0.00712483 -0.00500339 0.190761
0.0257015 1.2775 -3.04847 1.39267 0.0683031 0.00530225 0.00709182 0.191448
0.0255622 1.27705 -3.05155 1.39153 0.08003 0.0116839 0.00702232 0.19255
0.0256477 1.27632 -3.05527 1.39153 0.08003 0.0116839 0.00702232 0.19255
0.025654 1.27568 -3.05934 1.3909 0.0470223 0.00997378 -0.00976666 0.190002
0.0250411 1.27561 -3.05986 1.39103 0.0431518 0.000959959 -0.00633976 0.188935
0.0251506 1.27542 -3.0629 1.39103 0.0431518 0.000959959 -0.00633976 0.192999
0.0252495 1.27543 -3.06216 1.39038 0.061798 -0.00219294 0.000460015 0.192999
0.025523 1.27533 -3.06394 1.39079 0.0519406 0.00641489 0.000309161 0.194002
0.0254211 1.27539 -3.06314 1.38977 0.0579145 0.00641489 0.000309161 0.193
0.0255686 1.27533 -3.06381 1.3906 0.0322672 0.0107319 -0.0148198 0.193
0.0255324 1.2753 -3.06395 1.39127 0.0200183 0.00746093 -0.00722902 0.191721
0.0254755 1.27523 -3.06396 1.39074 0.0435148 0.00501187 0.00900767 0.195028
0.0254895 1.27529 -3.06389 1.3906 0.0427179 0.00501187 0.00900767 0.195028
0.0254757 1.27534 -3.06426 1.39117 0.0155086 0.0200489 0.0078781 0.194
0.0250954 1.27508 -3.06529 1.39108 -0.0219044 0.0108258 -0.0154601 0.193045
0.0246778 1.27511 -3.06633 1.3913 -0.0208204 0.0108258 -0.0154601 0.193962
0.0246752 1.27517 -3.067 1.39143 -0.00881617 0.00748031 0.00673132 0.193962
0.0246209 1.27503 -3.06799 1.39034 -0.00729057 0.00951638 0.00731122 0.194002
0.0243759 1.2747 -3.0716 1.39034 -0.00729057 0.00951638 0.00731122 0.1932
0.0241306 1.27456 -3.07336 1.38981 -0.0319841 0.0107246 -0.0147589 0.1932
0.0239683 1.27466 -3.07351 1.38972 -0.0355302 0.00764492 0.00563923 0.193117
0.0239423 1.27464 -3.07353 1.38999 -0.0224286 0.00755721 0.00622112 0.195666
0.0240624 1.27457 -3.07395 1.38944 -0.0167077 0.00755721 0.00622112 0.195666
0.0240876 1.27457 -3.07434 1.38893 -0.0411049 0.0178513 -0.0197878 0.193001
0.0240585 1.2746 -3.07489 1.38793 -0.0632781 0.00892598 -0.0169427 0.192997
0.0237742 1.2747 -3.07612 1.38793 -0.0632781 0.00892598 -0.0169427 0.195961
0.0236193 1.27474 -3.07689 1.38886 -0.0389572 0.00636747 2.4355e-05 0.195961
0.0236837 1.27474 -3.07696 1.38904 -0.0315395 0.0137631 0.00731584 0.194
0.0234181 1.27451 -3.07823 1.38748 -0.0731114 0.0111936 -0.0178997 0.194
0.023232 1.2746 -3.07904 1.38709 -0.0704498 0.0111936 -0.0178997 0.194
0.0231506 1.2747 -3.08035 1.38713 -0.0697214 0.0088435 -0.00231288 0.194
0.0231206 1.27463 -3.08027 1.38802 -0.0455404 0.00850956 -9.7315e-05 0.196728
0.0231346 1.27467 -3.08036 1.38802 -0.0455404 0.00850956 -9.7315e-05 0.193
0.0227406 1.27478 -3.07873 1.38631 -0.070246 0.0227563 -0.0241413 0.193
0.02267 1.27488 -3.08103 1.38522 -0.0891853 0.00895493 -0.0171444 0.195
0.0226782 1.27503 -3.08167 1.38525 -0.0887878 0.0138088 -0.0211634 0.196916
0.0223124 1.2753 -3.08162 1.38465 -0.0906355 0.0138088 -0.0211634 0.196916
0.0217701 1.27533 -3.08335 1.38535 -0.0792435 0.0341185 -0.029013 0.195997
0.02059 1.27555 -3.08752 1.38528 -0.0833961 0.0161111 -0.0223934 0.193011
0.0198284 1.27607 -3.08918 1.38528 -0.0833961 0.0161111 -0.0223934 0.195007
0.0193511 1.27648 -3.08887 1.38149 -0.103172 0.00928249 -0.0191632 0.195007
0.0188002 1.27681 -3.08859 1.38122 -0.106819 0.0138247 -0.0211744 0.196733
0.018535 1.277 -3.08858 1.38 -0.10448 0.0138247 -0.0211744 0.195018
0.0181001 1.2773 -3.08826 1.38084 -0.0873588 0.0296201 -0.026814 0.195018
0.0172787 1.278 -3.08825 1.37897 -0.112996 0.0139003 -0.021525 0.196017
0.0169389 1.27851 -3.08972 1.37752 -0.115366 0.0161192 -0.0221662 0.197026
0.0161468 1.27899 -3.08912 1.37752 -0.115366 0.0161192 -0.0221662 0.197026
0.01531 1.27976 -3.08906 1.37695 -0.0983338 0.0319229 -0.028387 0.197206
0.0144316 1.28043 -3.09035 1.37594 -0.111562 0.0207067 -0.0244343 0.197039
0.01341 1.28117 -3.09034 1.37413 -0.110895 0.0207067 -0.0244343 0.196154
0.0127271 1.28189 -3.09022 1.37387 -0.114102 0.0232913 -0.0250841 0.196154
0.0117627 1.28269 -3.09009 1.37444 -0.106985 0.0432952 -0.0331675 0.196151
0.0107461 1.28386 -3.09234 1.43092 -0.100275 0.0432952 -0.0331675 0.196074
0.00909389 1.28533 -3.09238 1.43016 -0.110692 0.0384513 -0.0312692 0.196074
0.00745222 1.2868 -3.09255 1.42777 -0.101378 0.0499308 -0.0356601 0.19627
0.00572823 1.28875 -3.09256 1.4273 -0.107813 0.0401497 -0.0299997 0.195237
0.00372063 1.29032 -3.09076 1.42349 -0.105131 0.0401497 -0.0299997 0.195237
0.00223248 1.29174 -3.09045 1.42287 -0.113262 0.0374623 -0.0290167 0.194393
0.000426697 1.29329 -3.08998 1.4237 -0.102259 0.053532 -0.033377 0.194385
-0.00143839 1.2946 -3.09113 1.41914 -0.101415 0.053532 -0.033377 0.193297
-0.00448668 1.29518 -3.09155 1.41852 -0.109744 0.0408971 -0.0264324 0.193297
-0.00723155 1.2957 -3.09328 1.41417 -0.115471 0.0335784 -0.0210155 0.19252
-0.00918747 1.29634 -3.09308 1.41465 -0.10935 0.0467457 -0.0240302 0.193671
-0.0113042 1.29728 -3.09498 1.40476 -0.107952 0.0467457 -0.0240302 0.193671
-0.0138371 1.29821 -3.09594 1.40476 -0.107877 0.0427924 -0.0250775 0.194111
-0.0161358 1.2991 -3.09444 1.40378 -0.120027 0.0357169 -0.0232922 0.195575
-0.0181707 1.29997 -3.09329 1.39884 -0.118221 0.0357169 -0.0232922 0.195575
-0.0201022 1.30072 -3.09226 1.39968 -0.107845 0.0682817 -0.0392431 0.19559
-0.0231626 1.3021 -3.09085 1.39374 -0.100447 0.0834167 -0.0408395 0.196639
-0.0274444 1.30366 -3.08831 1.39322 -0.107501 0.067682 -0.0416021 0.196488
-0.0315747 1.30498 -3.08802 1.38472 -0.10914 0.067682 -0.0416021 0.196488
-0.0358378 1.30644 -3.08372 1.38541 -0.0999153 0.0769644 -0.0422432 0.198555
-0.0400048 1.30829 -3.08144 1.38077 -0.0935841 0.0916776 -0.0488584 0.199277
-0.0441428 1.31023 -3.08099 1.43384 -0.0872116 0.0916776 -0.0488584 0.199277
-0.0490687 1.31207 -3.08141 1.43377 -0.0883731 0.0838702 -0.0491425 0.200348
-0.0538623 1.31346 -3.08314 1.42399 -0.0814349 0.0890811 -0.0518985 0.201567
-0.0585853 1.31571 -3.08102 1.42399 -0.0814349 0.0890811 -0.0518985 0.203981
-0.0631616 1.31798 -3.07759 1.40623 -0.075653 0.0969721 -0.0575675 0.203981
-0.0680462 1.32026 -3.07639 1.40697 -0.0605194 0.113901 -0.0599623 0.204296
-0.0734906 1.32258 -3.0768 1.39493 -0.0616621 0.113901 -0.0599623 0.205827
-0.0795941 1.32486 -3.07481 1.39557 -0.0449013 0.129481 -0.0579976 0.205827
-0.0862422 1.32709 -3.07705 1.39615 -0.0200848 0.140522 -0.0374026 0.206421
-0.0930642 1.32919 -3.07161 1.38346 -0.00598617 0.130582 -0.0266616 0.208985
-0.100093 1.33019 -3.06964 1.38346 -0.00598617 0.130582 -0.0266616 0.208985
-0.107132 1.33112 -3.06752 1.41756 0.0262355 0.120366 -0.0158785 0.211124
-0.113566 1.33178 -3.0662 1.41678 0.0538226 0.111714 -0.00596423 0.212417
-0.119854 1.33197 -3.06249 1.39789 0.0535625 0.111714 -0.00596423 0.205387
-0.125619 1.33234 -3.05913 1.39734 0.0664104 0.0979398 0.00218697 0.205387
-0.13119 1.33238 -3.05788 1.39638 0.0842328 0.0930101 0.016387 0.201169
-0.136667 1.33182 -3.05568 1.43717 0.0854487 0.0930101 0.016387 0.196318
-0.141224 1.33141 -3.0524 1.43652 0.0957052 0.0948973 0.0268013 0.196318
-0.14589 1.33084 -3.05175 1.41211 0.1124 0.10118 0.040114 0.193886
-0.15086 1.32986 -3.04512 1.41198 0.114051 0.105803 0.0390495 0.191864
-0.156274 1.32831 -3.04597 1.39916 0.116634 0.105803 0.0390495 0.191864
-0.161669 1.32678 -3.04415 1.39921 0.115974 0.115625 0.0411503 0.190506
-0.167435 1.32523 -3.03975 1.39879 0.121003 0.119702 0.0442923 0.189775
-0.173892 1.32323 -3.03804 1.38458 0.124475 0.119702 0.0442923 0.190428
-0.179759 1.32117 -3.03565 1.38531 0.116005 0.116483 0.043413 0.190428
-0.18615 1.31895 -3.03365 1.41971 0.111932 0.125899 0.0435795 0.191666
-0.192669 1.31665 -3.03481 1.42007 0.107301 0.15942 0.0406474 0.194193
-0.200097 1.31496 -3.03426 1.40283 0.111852 0.15942 0.0406474 0.194193
-0.208224 1.31264 -3.034 1.40359 0.101799 0.179589 0.0318968 0.196835
-0.216987 1.31016 -3.03487 1.39515 0.082438 0.212747 0.0290272 0.199775
-0.226769 1.30831 -3.03598 1.38586 0.0846923 0.212747 0.0290272 0.199775
-0.238537 1.30674 -3.03468 1.38023 0.150838 0.268938 0.030433 0.202736
-0.251081 1.30444 -3.03514 1.4214 0.0869413 0.344678 0.037997 0.207389
-0.267671 1.30195 -3.03599 1.4214 0.0869413 0.344678 0.037997 0.212259
-0.286691 1.29856 -3.03508 1.4295 0.0746339 0.457703 0.0508069 0.212259
-0.307755 1.29507 -3.03573 1.4303 0.0573399 0.67781 0.0571909 0.219287
-0.337144 1.2904 -3.03811 1.38487 0.0607549 0.67781 0.0571909 0.23004
-0.371101 1.28548 -3.03487 1.38463 0.0660602 1.01134 0.0857105 0.23004
-0.413575 1.28012 -3.04513 1.38558 0.0416792 1.06482 -0.00666673 0.248836
-0.464233 1.27594 -3.04911 1.37929 0.0213003 0.976752 -0.0393725 0.27513
-0.516542 1.27337 -3.04798 1.37929 0.0213003 0.976752 -0.0393725 0.27513
-0.566872 1.27165 -3.05014 1.36358 0.113219 0.819078 0.0311484 0.319059
-0.613343 1.2699 -3.04224 1.36294 0.120736 0.669116 0.0161586 0.37061
-0.651993 1.26585 -3.0373 1.35175 0.182191 0.65981 0.0778983 0.37061
-0.685518 1.26071 -3.0203 1.34838 0.205661 0.530723 0.0824196 0.379695
-0.715338 1.25501 -3.01596 1.34541 0.224244 0.423044 0.0396643 0.327574
-0.739122 1.25011 -2.99489 1.3703 0.393502 0.423044 0.0396643 0.327574
-0.759688 1.24699 -2.973 1.37127 0.390108 0.322696 -0.0042257 0.280028
-0.778582 1.24472 -2.94964 1.34502 0.398573 0.235386 -0.0530476 0.257286
-0.79258 1.24501 -2.92757 1.34502 0.398573 0.235386 -0.0530476 0.232451
-0.804466 1.24567 -2.90589 1.35456 0.373419 0.166799 -0.020697 0.232451
-0.81444 1.24623 -2.8805 1.36525 0.332223 0.0986998 0.000509983 0.203298
-0.821121 1.24536 -2.85943 1.36525 0.332223 0.0986998 0.000509983 0.199782
-0.82541 1.24399 -2.83742 1.36205 0.194016 0.0413816 -0.0215673 0.199782
-0.828792 1.24342 -2.82002 1.36005 0.207577 0.0210604 0.00361356 0.191436
-0.830806 1.24362 -2.80456 1.38356 0.194937 0.0231296 -0.0101146 0.171192
-0.832827 1.24323 -2.79093 1.36819 0.28335 -0.00450558 0.0501223 0.171192
-0.833909 1.24187 -2.77095 1.37054 0.193699 -0.0371577 -0.0184779 0.174126
-0.833737 1.24125 -2.75666 1.37282 0.176861 -0.0285326 -0.0343581 0.178038
-0.833179 1.24268 -2.74464 1.3721 0.162081 -0.0263703 -0.0487038 0.178038
-0.832891 1.244 -2.73218 1.35396 0.262513 -0.0334521 0.0533944 0.170012
-0.831848 1.24411 -2.72056 1.35122 0.276298 -0.0522109 0.0647652 0.169987
-0.829572 1.24306 -2.70155 1.35122 0.276298 -0.0522109 0.0647652 0.169987
-0.827244 1.24183 -2.68785 1.35904 0.234807 -0.0459732 0.0230349 0.181999
-0.8255 1.24159 -2.67482 1.36642 0.215837 -0.0180719 0.00715815 0.178045
-0.824505 1.24173 -2.66747 1.36642 0.215837 -0.0180719 0.00715815 0.171688
-0.823828 1.24157 -2.65987 1.34576 0.327455 -0.0349805 0.119342 0.171688
-0.821971 1.23972 -2.64184 1.34776 0.327517 -0.0515639 0.116602 0.16669
-0.818594 1.2372 -2.62746 1.34776 0.327517 -0.0515639 0.116602 0.178875
-0.814971 1.2334 -2.61692 1.34371 0.351672 -0.0595469 0.140164 0.178875
-0.810337 1.2298 -2.6045 1.3279 0.407335 -0.0284581 0.202897 0.1748
-0.805493 1.22309 -2.5969 1.36533 0.272181 -0.0107511 0.0854188 0.166182
-0.802201 1.21817 -2.58213 1.35525 0.318578 -0.0108404 0.142248 0.166182
-0.800113 1.21479 -2.58293 1.3023 0.365976 -0.0335967 0.164622 0.184334
-0.796252 1.20943 -2.57802 1.29965 0.37527 0.00578587 0.180252 0.188536
-0.792421 1.20267 -2.57604 1.29965 0.37527 0.00578587 0.180252 0.188536
-0.788568 1.19538 -2.57736 1.30555 0.354995 0.0316756 0.167475 0.184024
-0.785994 1.18811 -2.57283 1.29004 0.407762 0.0112896 0.215021 0.195484
-0.782875 1.17983 -2.57003 1.30111 0.368618 0.0173044 0.175115 0.203427
-0.780248 1.17131 -2.56779 1.30394 0.35846 0.0394382 0.167866 0.203427
-0.777443 1.16386 -2.57062 1.30682 0.333357 0.0593833 0.153261 0.200683
-0.776551 1.15705 -2.57225 1.30682 0.333357 0.0593833 0.153261 0.200683
-0.775236 1.14837 -2.57545 1.30258 0.349581 0.0591002 0.172707 0.204812
-0.774498 1.14 -2.57164 1.30523 0.33953 0.0667916 0.169008 0.210799
-0.773595 1.13163 -2.57504 1.30523 0.33953 0.0667916 0.169008 0.214318
-0.772892 1.12219 -2.57552 1.30179 0.290147 0.0769648 0.158447 0.214318
-0.77246 1.11391 -2.5815 1.30351 0.282291 0.077838 0.119826 0.212417
-0.772952 1.10659 -2.58653 1.30056 0.295579 0.0745995 0.119316 0.214185
-0.774162 1.09978 -2.58943 1.30056 0.295579 0.0745995 0.119316 0.214185
-0.774779 1.09308 -2.59466 1.29988 0.298592 0.0879965 0.172368 0.218475
-0.775179 1.08435 -2.59997 1.28928 0.260942 0.104707 0.247566 0.215983
-0.775191 1.0726 -2.6023 1.28928 0.260942 0.104707 0.247566 0.215983
-0.7744 1.0592 -2.60724 1.27785 0.265339 0.1153 0.358088 0.21357
-0.772472 1.04323 -2.61313 1.27681 0.270327 0.123231 0.444201 0.214424
-0.769336 1.02409 -2.61874 1.26158 0.257668 0.121027 0.429579 0.213408
-0.765798 1.00245 -2.6244 1.26247 0.253305 0.1225 0.425128 0.213408
-0.762396 0.9808 -2.63121 1.25562 0.222105 0.161057 0.387085 0.215238
-0.759501 0.959331 -2.63892 1.25562 0.222105 0.161057 0.387085 0.22696
-0.75864 0.938533 -2.64879 1.25833 0.206249 0.2465 0.382851 0.22696
-0.75992 0.916681 -2.65984 1.26486 0.16137 0.305166 0.367151 0.245241
-0.764015 0.893541 -2.66983 1.26486 0.16137 0.305166 0.367151 0.263848
-0.770652 0.870393 -2.67802 1.19717 -0.0271111 0.34995 0.241449 0.263848
-0.779752 0.849122 -2.69224 1.18955 -0.137586 0.346733 0.109436 0.289992
-0.791952 0.833208 -2.71282 1.14085 -0.328055 0.329291 -0.0180249 0.296245
-0.806932 0.823918 -2.7351 1.14085 -0.328055 0.329291 -0.0180249 0.296245
-0.82149 0.819006 -2.75234 1.09965 -0.44713 0.298806 -0.106249 0.270885
-0.836683 0.81604 -2.76861 1.06312 -0.514251 0.276726 -0.155596 0.252787
-0.851668 0.816015 -2.78494 1.06312 -0.514251 0.276726 -0.155596 0.252787
-0.866062 0.818227 -2.79874 1.04869 -0.473063 0.28126 -0.212916 0.23944
-0.881583 0.821848 -2.81183 1.039 -0.493971 0.287411 -0.212484 0.233331
-0.897727 0.826361 -2.82252 1.08775 -0.392846 0.287411 -0.212484 0.233331
-0.914254 0.830931 -2.82978 1.08806 -0.391987 0.309198 -0.196518 0.230428
-0.931011 0.834908 -2.83319 1.08617 -0.397179 0.342185 -0.222728 0.22967
-0.949929 0.838682 -2.83821 1.05181 -0.380916 0.342185 -0.222728 0.229521
-0.969733 0.843219 -2.84262 1.06473 -0.343137 0.357886 -0.178398 0.229521
-0.98938 0.846903 -2.84612 1.07681 -0.278939 0.423292 -0.160543 0.232235
-1.01091 0.848374 -2.84262 1.07681 -0.278939 0.423292 -0.160543 0.236654
-1.03425 0.849099 -2.84067 1.07318 -0.221038 0.475185 -0.150364 0.236654
-1.05857 0.849713 -2.83154 1.07595 -0.207122 0.548888 -0.118544 0.24098
-1.0856 0.848441 -2.82211 1.07595 -0.207122 0.548888 -0.118544 0.250062
-1.11454 0.845448 -2.81492 1.07044 -0.0976375 0.727472 -0.109132 0.250062
-1.14758 0.84104 -2.79995 1.07159 -0.0840026 1.03919 -0.140133 0.260739
-1.19001 0.833675 -2.79085 1.03844 -0.0183077 1.03844 -0.0183077 0.277205
-1.2386 0.822718 -2.77188 1.03844 -0.0183077 1.03844 -0.0183077 0.277205
-1.28909 0.80672 -2.75736 1.21757 0.420602 1.15462 0.144817 0.306409
-1.34118 0.78674 -2.72481 1.20474 0.456037 1.18738 0.379956 0.340802
-1.3913 0.759418 -2.68189 1.20474 0.456037 1.18738 0.379956 0.340802
-1.43873 0.725552 -2.63966 1.14335 0.586514 1.14335 0.586514 0.387534
-1.48534 0.686565 -2.60344 1.12456 0.621777 1.12456 0.621777 0.433676
-1.52802 0.641822 -2.55851 1.07621 0.677002 1.07621 0.677002 0.433676
-1.56528 0.591151 -2.50382 1.05772 0.705546 1.05772 0.705546 0.488105
-1.59723 0.536873 -2.45677 1.04153 0.794242 1.04153 0.794242 0.539737
-1.62006 0.486251 -2.41759 1.04153 0.794242 1.04153 0.794242 0.539737
-1.63199 0.446038 -2.38232 1.09658 0.812614 1.09658 0.812614 0.593853
-1.64013 0.405714 -2.34701 1.07768 0.837518 1.07768 0.837518 0.631915
-1.65093 0.359 -2.31853 1.07768 0.837518 1.07768 0.837518 0.631915
-1.66201 0.307293 -2.27552 1.1078 0.798864 1.1078 0.798864 0.659958
-1.673 0.250012 -2.22802 1.10041 0.809002 1.01055 0.765727 0.700433
-1.6815 0.189543 -2.18639 1.15537 0.712395 1.05866 0.665825 0.700433
-1.68878 0.128092 -2.14684 1.14993 0.72114 0.927102 0.613833 0.62244
-1.69562 0.0646322 -2.1046 1.19271 0.611539 0.847817 0.445449 0.548433
-1.69594 0.00942307 -2.07194 1.19271 0.611539 0.847817 0.445449 0.548433
-1.6887 -0.0328207 -2.04618 1.20367 0.589674 0.700119 0.405314 0.482344
-1.67493 -0.0647156 -2.01043 1.24939 0.502573 0.56075 0.398777 0.45928
-1.65465 -0.088783 -1.97112 1.24939 0.502573 0.56075 0.398777 0.45928
-1.63626 -0.113072 -1.91107 1.28846 0.442557 0.538868 0.329575 0.411464
-1.62559 -0.142871 -1.86618 1.2969 0.417184 0.447871 0.278443 0.358571
-1.61897 -0.17211 -1.83451 1.2969 0.417184 0.447871 0.278443 0.358571
-1.61285 -0.198896 -1.80485 1.31008 0.373726 0.435803 0.0881507 0.315336
-1.61062 -0.224029 -1.77541 1.31008 0.373726 0.435803 0.0881507 0.28222
-1.61224 -0.247016 -1.74735 1.34606 0.187199 0.401789 -0.0207751 0.28222
-1.61574 -0.268102 -1.72686 1.35154 0.142299 0.346726 -0.0786803 0.256058
-1.62194 -0.286031 -1.71062 1.33582 0.108852 0.346726 -0.0786803 0.237403
-1.6288 -0.302434 -1.69284 1.33819 0.0740871 0.289513 -0.0970274 0.237403
-1.63539 -0.317265 -1.67648 1.36146 0.0415706 0.262511 -0.125909 0.227747
-1.64137 -0.328974 -1.6635 1.36146 0.0415706 0.262511 -0.125909 0.227747
-1.64878 -0.342835 -1.64627 1.3484 0.0277255 0.224764 -0.104734 0.219385
-1.65535 -0.354177 -1.63098 1.34852 0.0212474 0.206199 -0.0752846 0.216153
-1.66055 -0.364686 -1.61637 1.34852 0.0212474 0.206199 -0.0752846 0.214624
-1.66414 -0.374679 -1.59805 1.33163 0.0203281 0.178617 -0.039706 0.214624
-1.66631 -0.384623 -1.58522 1.33142 0.0313232 0.145664 -0.0243881 0.212276
-1.66768 -0.393234 -1.57111 1.34742 0.0381377 0.145664 -0.0243881 0.207034
-1.669 -0.400146 -1.55859 1.34745 0.0370117 0.138471 -0.0259288 0.207034
-1.67038 -0.406802 -1.54149 1.35252 0.0253991 0.106174 -0.0199952 0.203782
-1.67162 -0.413162 -1.52601 1.35252 0.0253991 0.106174 -0.0199952 0.201122
-1.67206 -0.418589 -1.51472 1.35272 0.0106785 0.0858306 -0.0117142 0.201122
-1.67276 -0.423362 -1.50454 1.33502 -0.00829481 0.091175 -0.00621361 0.199923
-1.67315 -0.428138 -1.4923 1.33485 -0.0229722 0.122594 -0.0103603 0.196815
-1.67347 -0.433601 -1.47661 1.34234 -0.0148973 0.122594 -0.0103603 0.196815
-1.67323 -0.440079 -1.46555 1.342 -0.0335077 0.107617 -0.00988292 0.195445
-1.67297 -0.446565 -1.45594 1.32873 -0.0516855 0.1044 -0.0121004 0.193503
-1.67294 -0.452108 -1.44661 1.32873 -0.0516855 0.1044 -0.0121004 0.193503
-1.67296 -0.456609 -1.43787 1.32859 -0.0552406 0.0895752 -0.0129 0.189831
-1.67315 -0.461494 -1.4295 1.35581 -0.057733 0.0662123 -0.015476 0.189726
-1.67307 -0.465704 -1.42376 1.35581 -0.057733 0.0662123 -0.015476 0.189726
-1.67306 -0.469434 -1.41745 1.34033 -0.079444 0.0984771 -0.0230671 0.187467
-1.67352 -0.47315 -1.40361 1.34 -0.0848362 0.0960134 -0.0273699 0.188526
-1.67392 -0.478542 -1.3958 1.35308 -0.0781907 0.0960134 -0.0273699 0.187291
-1.67399 -0.483741 -1.3897 1.35367 -0.0673291 0.139494 -0.0350142 0.187291
-1.67412 -0.490454 -1.38455 1.35106 -0.107593 0.164476 -0.0433759 0.187287
-1.67483 -0.498982 -1.37579 1.34192 -0.0852731 0.166932 -0.0439455 0.187786
-1.67531 -0.508108 -1.36634 1.34192 -0.0852731 0.166932 -0.0439455 0.187786
-1.67536 -0.516969 -1.36295 1.35655 -0.0941712 0.165268 -0.0410452 0.191328
-1.67613 -0.525774 -1.35535 1.35597 -0.102092 0.371442 -0.0624746 0.195328
-1.67765 -0.540618 -1.35402 1.35275 -0.101322 0.371442 -0.0624746 0.195328
-1.67759 -0.55953 -1.34887 1.35076 -0.125085 0.561613 -0.0709828 0.19894
-1.67713 -0.584744 -1.34495 1.35104 -0.122012 0.777841 -0.0883094 0.208139
-1.67573 -0.618535 -1.34243 1.33956 -0.124714 0.777841 -0.0883094 0.208139
-1.67325 -0.658066 -1.33995 1.34043 -0.11495 1.1218 -0.102138 0.219502
-1.66912 -0.705762 -1.34453 1.33624 -0.101996 1.33624 -0.101996 0.243923
-1.66446 -0.763641 -1.35399 1.33624 -0.101996 1.33624 -0.101996 0.243923
-1.65916 -0.828551 -1.35482 1.33817 -0.0722383 1.33817 -0.0722383 0.288191
-1.65249 -0.89611 -1.34902 1.33989 -0.0251016 1.33989 -0.0251016 0.35672
-1.64394 -0.96435 -1.34315 1.34618 -0.0179193 1.34618 -0.0179193 0.444719
-1.63328 -1.03215 -1.33375 1.30525 0.255583 1.30525 0.255583 0.444719
-1.61593 -1.09687 -1.30686 1.29283 0.312407 1.29283 0.312407 0.542317
-1.59553 -1.15388 -1.28261 1.19685 0.496403 1.19685 0.496403 0.636475
-1.56477 -1.21831 -1.23579 1.17911 0.537189 1.17911 0.537189 0.636475
-1.53012 -1.27067 -1.19265 1.06826 0.870607 1.06826 0.870607 0.711267
-1.48756 -1.31715 -1.12977 1.06826 0.870607 1.06826 0.870607 0.771847
-1.43824 -1.3565 -1.06493 1.03201 0.954172 1.03201 0.954172 0.771847
-1.38454 -1.38961 -1.00339 1.02302 0.963804 1.02302 0.963804 0.806726
-1.32625 -1.41651 -0.943837 1.02302 0.963804 1.02302 0.963804 0.823895
-1.26516 -1.43914 -0.887933 1.02307 0.910799 1.02307 0.910799 0.823895
-1.2148 -1.45438 -0.846694 1.02103 0.913082 1.02103 0.913082 0.825288
-1.14394 -1.46968 -0.782412 1.04039 0.814136 1.04039 0.814136 0.820673
-1.09024 -1.47757 -0.74302 1.0402 0.814381 1.0402 0.814381 0.820673
-1.03368 -1.48768 -0.71546 1.18368 0.762889 1.18368 0.762889 0.808463
-0.975565 -1.49826 -0.680426 1.18368 0.762889 1.18368 0.762889 0.808463
-0.913981 -1.50944 -0.639926 1.18487 0.761039 1.18487 0.761039 0.805241
-0.849893 -1.52073 -0.599794 1.18517 0.760568 1.18517 0.760568 0.820302
-0.783358 -1.53051 -0.559111 1.18517 0.760568 1.18517 0.760568 0.820302
-0.715788 -1.53736 -0.5206 1.28434 0.601922 1.28434 0.601922 0.846315
-0.646979 -1.54577 -0.488862 1.28213 0.606624 1.28213 0.606624 0.879368
-0.57725 -1.55548 -0.458465 1.30893 0.532054 1.30893 0.532054 0.879368
-0.506971 -1.56515 -0.430553 1.30657 0.53783 1.30657 0.53783 0.92278
-0.436987 -1.57464 -0.403851 1.28599 0.496679 1.28599 0.496679 0.985498
-0.367294 -1.58244 -0.377246 1.28599 0.496679 1.28599 0.496679 0.985498
-0.305193 -1.58854 -0.352924 1.28286 0.504728 1.28286 0.504728 1.04642
-0.229157 -1.59404 -0.319986 1.31207 0.446102 1.31207 0.446102 1.11224
-0.159792 -1.5984 -0.296969 1.31207 0.446102 1.31207 0.446102 1.11224
-0.0903922 -1.60252 -0.275282 1.34456 0.378129 1.34456 0.378129 1.07417
-0.0207001 -1.60629 -0.250365 1.34529 0.375544 1.34529 0.375544 1.07417
0.0498236 -1.61021 -0.225637 1.34584 0.325261 1.34584 0.325261 0.982962
0.120802 -1.61283 -0.205008 1.34472 0.329847 1.34472 0.329847 0.885803
0.19193 -1.6142 -0.186868 1.34472 0.329847 1.34472 0.329847 0.885803
0.262762 -1.61435 -0.172048 1.40089 0.286933 1.40089 0.286933 0.80085
0.333842 -1.61395 -0.153505 1.40084 0.287177 1.39137 0.288604 0.717679
0.405399 -1.61328 -0.136016 1.36033 0.21077 1.36033 0.21077 0.717679
0.477356 -1.614 -0.123521 1.36077 0.207951 1.20263 0.231786 0.633335
0.545299 -1.61369 -0.112997 1.37617 0.173944 1.02765 0.226476 0.552943
0.60547 -1.6112 -0.110944 1.37617 0.173944 1.02765 0.226476 0.552943
0.661084 -1.60797 -0.101662 1.37474 0.184948 0.942721 0.250064 0.484981
0.713621 -1.6034 -0.0913197 1.32113 0.296479 0.876074 0.323596 0.440982
0.762713 -1.59594 -0.0721487 1.32113 0.296479 0.876074 0.323596 0.440982
0.80911 -1.58616 -0.0460527 1.31307 0.383825 0.81581 0.301906 0.420416
0.853775 -1.57533 -0.0195657 1.31745 0.368537 0.771181 0.258356 0.413612
0.895895 -1.56393 0.00632129 1.31745 0.368537 0.771181 0.258356 0.413612
0.93631 -1.55261 0.0346678 1.32149 0.353748 0.738806 0.180954 0.387688
0.97551 -1.54203 0.0601858 1.32854 0.326275 0.719769 0.0558692 0.360363
1.01329 -1.53534 0.080813 1.26433 0.392141 0.719769 0.0558692 0.360363
1.05078 -1.53094 0.111414 1.27094 0.370169 0.686626 -0.0378238 0.337354
1.08724 -1.52843 0.143489 1.26645 0.346577 0.65204 -0.100523 0.321919
1.12204 -1.52832 0.172823 1.26645 0.346577 0.65204 -0.100523 0.321919
1.15598 -1.52792 0.202242 1.23668 0.420478 0.611884 -0.127141 0.31194
1.19004 -1.52764 0.237483 1.24018 0.410049 0.56926 -0.140343 0.30325
1.22151 -1.52794 0.273959 1.24018 0.410049 0.56926 -0.140343 0.30325
1.25213 -1.52738 0.313018 1.21195 0.427276 0.509127 -0.117644 0.296018
1.27535 -1.52645 0.343528 1.21195 0.427276 0.509127 -0.117644 0.288417
1.30777 -1.52355 0.386453 1.19917 0.442726 0.507317 -0.159926 0.288417
1.33545 -1.52026 0.427649 1.20249 0.433637 0.47661 -0.167885 0.277528
1.36273 -1.51764 0.463565 1.21858 0.424917 0.446929 -0.174155 0.266943
1.38833 -1.51579 0.504912 1.21858 0.424917 0.446929 -0.174155 0.266943
1.41055 -1.513 0.541943 1.19217 0.363862 0.447289 -0.180086 0.25916
1.43838 -1.50936 0.584995 1.19217 0.363862 0.447289 -0.180086 0.2536
1.46249 -1.50411 0.621254 1.19551 0.352737 0.464194 -0.170178 0.2536
1.48729 -1.49812 0.65818 1.30329 0.408581 0.500595 -0.14911 0.251877
1.51271 -1.48941 0.697215 1.30421 0.40563 0.478212 -0.121376 0.250991
1.53694 -1.47868 0.736465 1.3288 0.378702 0.478212 -0.121376 0.250991
1.56067 -1.46689 0.778856 1.32916 0.377408 0.460919 -0.0671437 0.250664
1.58174 -1.45354 0.821208 1.32741 0.336164 0.391874 0.0387527 0.249615
1.59742 -1.4383 0.860832 1.32741 0.336164 0.391874 0.0387527 0.249615
1.60967 -1.4222 0.899778 1.32748 0.335896 0.305633 0.0620387 0.252547
1.62008 -1.40757 0.925197 1.35379 0.312289 0.305633 0.0620387 0.246289
1.62686 -1.39634 0.953125 1.35228 0.318773 0.324785 0.0811771 0.246289
1.63648 -1.37912 0.999381 1.36207 0.253867 0.294714 0.0932841 0.241483
1.64227 -1.36345 1.03583 1.36418 0.242272 0.331117 0.0838487 0.237722
1.64827 -1.34764 1.06335 1.39346 0.226746 0.331117 0.0838487 0.237722
1.65461 -1.33108 1.09257 1.39572 0.212375 0.375528 0.0739723 0.23372
1.66191 -1.31261 1.11697 1.39784 0.197964 0.401603 0.0668731 0.23244
1.6693 -1.29359 1.14339 1.39179 0.171954 0.401603 0.0668731 0.23244
1.67665 -1.274 1.16057 1.39307 0.161206 0.457455 0.0537118 0.233814
1.68424 -1.25224 1.1782 1.40328 0.172691 0.420405 0.0718482 0.238315
1.6917 -1.22917 1.20068 1.40328 0.172691 0.420405 0.0718482 0.238315
1.69849 -1.20767 1.22228 1.36675 0.151618 0.400736 0.0838212 0.245398
1.70302 -1.18554 1.24575 1.36398 0.174811 0.389593 0.100859 0.251171
1.70585 -1.16568 1.25353 1.36739 0.176491 0.389593 0.100859 0.251171
1.70908 -1.14509 1.27301 1.36902 0.184819 0.383039 0.10222 0.254925
1.71206 -1.12461 1.293 1.36986 0.178467 0.398093 0.100894 0.257844
1.713 -1.10333 1.29818 1.3798 0.181452 0.398093 0.100894 0.257844
1.71569 -1.08271 1.32007 1.37995 0.180272 0.371608 0.108212 0.2578
1.71686 -1.06211 1.33379 1.33507 0.144787 0.399315 0.0991182 0.25914
1.71786 -1.04381 1.34137 1.33507 0.144787 0.399315 0.0991182 0.25914
1.71917 -1.02042 1.35523 1.34097 0.138305 0.434593 0.071185 0.258526
1.72092 -0.998245 1.36799 1.34964 0.120436 0.444407 0.0559478 0.257645
1.72439 -0.974796 1.37995 1.34964 0.120436 0.444407 0.0559478 0.258452
1.72748 -0.951359 1.39096 1.32977 0.100803 0.444735 0.0474051 0.258452
1.73066 -0.928114 1.39684 1.32985 0.0996585 0.397291 0.0692768 0.260575
1.73256 -0.906376 1.40637 1.34144 0.0917022 0.397291 0.0692768 0.262539
1.73351 -0.885668 1.41661 1.33997 0.111171 0.357628 0.0956821 0.262539
1.73362 -0.866401 1.42209 1.34497 0.12804 0.334935 0.106284 0.26182
1.7322 -0.848041 1.42841 1.34588 0.118171 0.342261 0.0948202 0.261964
1.73064 -0.830159 1.43644 1.34588 0.118171 0.342261 0.0948202 0.261964
1.72989 -0.811966 1.44234 1.36047 0.115378 0.311353 0.103636 0.253173
1.72844 -0.794462 1.4463 1.36274 0.0844068 0.328679 0.0796908 0.247472
1.72631 -0.777695 1.44874 1.35853 0.0804612 0.328679 0.0796908 0.247472
1.72587 -0.760424 1.4531 1.35987 0.0532487 0.351163 0.063382 0.243791
1.7258 -0.74251 1.45441 1.34902 0.0164457 0.33908 0.0513985 0.241541
1.72652 -0.724053 1.46173 1.34902 0.0164457 0.33908 0.0513985 0.24187
1.72678 -0.706289 1.46394 1.34908 -0.0105348 0.369945 0.0245783 0.24187
1.72797 -0.687854 1.46663 1.37085 -0.034386 0.412798 -0.00163146 0.245677
1.73075 -0.667502 1.46768 1.37085 -0.034386 0.412798 -0.00163146 0.248185
1.73428 -0.646296 1.47138 1.36528 -0.0680823 0.465588 -0.0330146 0.248185
1.73863 -0.623605 1.46968 1.36439 -0.0841104 0.510806 -0.0643884 0.250799
1.74454 -0.598359 1.4708 1.34374 -0.0871439 0.510806 -0.0643884 0.255019
1.75142 -0.571879 1.47274 1.34272 -0.101689 0.469451 -0.115392 0.255019
1.75906 -0.546745 1.47207 1.34174 -0.113876 0.452428 -0.198876 0.262684
1.76929 -0.523833 1.4764 1.34777 -0.113142 0.420927 -0.206445 0.271181
1.78198 -0.502562 1.47686 1.34777 -0.113142 0.420927 -0.206445 0.271181
1.79497 -0.482444 1.48199 1.34693 -0.104457 0.410554 -0.208603 0.268816
1.80796 -0.462749 1.48566 1.34672 -0.107101 0.399578 -0.184582 0.260546
1.82009 -0.44316 1.48772 1.34672 -0.107101 0.399578 -0.184582 0.260546
1.83108 -0.423412 1.48849 1.34768 -0.0942792 0.375926 -0.140091 0.256878
1.84122 -0.404516 1.49774 1.34868 -0.0786296 0.357051 -0.103188 0.255274
1.84896 -0.385657 1.49969 1.3438 -0.0545196 0.357051 -0.103188 0.255274
1.85585 -0.3685 1.50387 1.34445 -0.0350257 0.34024 -0.0734297 0.257111
1.8617 -0.351087 1.5119 1.36185 6.28342e-05 0.318086 -0.0489525 0.25682
1.86716 -0.334319 1.51451 1.36185 6.28342e-05 0.318086 -0.0489525 0.25682
1.8705 -0.317906 1.52778 1.37435 0.04509 0.303566 -0.0325081 0.254118
1.87331 -0.301828 1.53903 1.37393 0.0565872 0.297773 -0.0171669 0.247927
1.87553 -0.286217 1.54461 1.35876 0.0514733 0.297773 -0.0171669 0.242917
1.8786 -0.271596 1.55771 1.3586 0.0555593 0.282176 -0.0128255 0.242917
1.88014 -0.25645 1.55572 1.35833 0.0617904 0.260515 -0.0112551 0.238459
1.88177 -0.242365 1.57698 1.35879 0.0625176 0.260515 -0.0112551 0.23375
1.88355 -0.232076 1.57999 1.35825 0.0733507 0.245264 -0.0135438 0.23375
1.88475 -0.216007 1.58808 1.37038 0.0836024 0.248746 -0.0107188 0.228574
1.88617 -0.203397 1.60055 1.36941 0.0982059 0.264421 0.00315022 0.22433
1.88687 -0.190098 1.61331 1.36941 0.0982059 0.264421 0.00315022 0.22433
1.88677 -0.176247 1.62181 1.36893 0.104651 0.28579 0.0087175 0.222393
1.88587 -0.161171 1.63846 1.36721 0.125183 0.275145 0.00697385 0.219789
1.88595 -0.146621 1.64052 1.37141 0.12543 0.275145 0.00697385 0.219789
1.88588 -0.132417 1.65177 1.36964 0.143475 0.287529 0.0135154 0.219286
1.88519 -0.117372 1.66147 1.38656 0.147805 0.331429 0.0297789 0.218236
1.88388 -0.101316 1.67342 1.38656 0.147805 0.331429 0.0297789 0.220578
1.88245 -0.0843748 1.68489 1.37735 0.151175 0.410238 0.0597242 0.220578
1.87958 -0.0650258 1.69731 1.37677 0.156391 0.464104 0.0991741 0.223076
1.87564 -0.0472743 1.70484 1.38726 0.149067 0.506116 0.12303 0.223076
1.86721 -0.0175005 1.71964 1.36469 0.146558 0.506116 0.12303 0.227992
1.85959 0.0083058 1.72552 1.36548 0.139017 0.573679 0.157991 0.2367
1.85052 0.03537 1.73681 1.39281 0.138002 0.565554 0.129063 0.241864
1.84147 0.0637216 1.74257 1.39281 0.138002 0.565554 0.129063 0.241864
1.83184 0.0926939 1.75505 1.38837 0.0890551 0.585146 0.0412653 0.25975
1.8234 0.122457 1.76595 1.38881 0.081915 0.578965 -0.00861817 0.278972
1.81889 0.152447 1.7729 1.38881 0.081915 0.578965 -0.00861817 0.278972
1.81525 0.182724 1.78499 1.36949 0.0552148 0.554654 -0.0475311 0.305621
1.81159 0.212333 1.79258 1.36916 0.0627844 0.51772 -0.0520096 0.297192
1.80994 0.239809 1.79866 1.36264 0.0618898 0.51772 -0.0520096 0.29068
1.80766 0.266555 1.80886 1.36302 0.0526805 0.482696 -0.0491284 0.29068
1.80491 0.292495 1.8154 1.36267 0.0612833 0.425262 -0.0169937 0.287017
1.80118 0.315819 1.82426 1.36267 0.0612833 0.425262 -0.0169937 0.281743
1.79776 0.337196 1.83747 1.37353 0.0772151 0.394101 -0.00881671 0.281743
1.79409 0.35789 1.8474 1.36291 0.102905 0.358021 0.0106693 0.272189
1.78988 0.376917 1.85923 1.36398 0.0875677 0.334642 0.000816663 0.259166
1.78555 0.394061 1.87158 1.38421 0.141112 0.334642 0.000816663 0.259166
1.78153 0.410612 1.88754 1.38634 0.118358 0.297723 0.00347051 0.250161
1.77714 0.426849 1.90812 1.34605 0.0950054 0.272924 0.00608985 0.245128
1.77331 0.441014 1.92698 1.34605 0.0950054 0.272924 0.00608985 0.245128
1.76929 0.454739 1.94484 1.33943 0.0812235 0.251862 -0.00640443 0.240222
1.76538 0.467432 1.96568 1.34051 0.0606693 0.231409 -0.00565683 0.23642
1.76181 0.479323 1.98848 1.34051 0.0606693 0.231409 -0.00565683 0.23642
1.7581 0.490804 2.00892 1.34166 0.0525959 0.237744 -0.02011 0.231188
1.75426 0.502407 2.03058 1.34217 0.0374466 0.246833 -0.0332362 0.22799
1.75031 0.514867 2.04937 1.33456 0.0245226 0.246833 -0.0332362 0.221845
1.74618 0.527627 2.07189 1.33472 0.0132806 0.221163 -0.0340607 0.221845
1.74252 0.540115 2.08988 1.34634 0.000739379 0.238878 -0.0606959 0.214537
1.73961 0.551949 2.11142 1.34634 0.000739379 0.238878 -0.0606959 0.209078
1.73626 0.564413 2.13125 1.34623 -0.0173095 0.272842 -0.0980259 0.209078
1.7331 0.578653 2.15242 1.31351 -0.0605728 0.27077 -0.109919 0.208105
1.72991 0.593828 2.17272 1.31349 -0.0608816 0.45857 -0.201244 0.209712
1.72692 0.614775 2.18957 1.3291 -0.0543503 0.45857 -0.201244 0.209712
1.72202 0.639763 2.20514 1.32945 -0.045069 0.742742 -0.312241 0.21258
1.71489 0.671127 2.22078 1.32632 -0.0371721 0.747816 -0.264038 0.222827
1.70531 0.708168 2.23569 1.32632 -0.0371721 0.747816 -0.264038 0.222827
1.69388 0.747092 2.25771 1.37066 0.0491034 0.696837 -0.232706 0.232921
1.68082 0.784932 2.2787 1.36922 0.0798151 0.684112 -0.132872 0.259263
1.66638 0.81817 2.30364 1.36922 0.0798151 0.684112 -0.132872 0.288095
1.64835 0.850047 2.32709 1.33027 0.133065 0.657122 -0.0144535 0.288095
1.62966 0.878539 2.34638 1.32467 0.180539 0.643148 0.0418298 0.314173
1.60746 0.903206 2.3709 1.36827 0.284727 0.643148 0.0418298 0.328739
1.58361 0.926807 2.407 1.36007 0.321647 0.612079 0.0955655 0.328739
1.55881 0.947806 2.43688 1.32187 0.321621 0.561025 0.142273 0.302654
1.53381 0.964288 2.4648 1.33601 0.336507 0.561025 0.142273 0.281515
1.50863 0.97937 2.49359 1.34228 0.310549 0.540741 0.144801 0.281515
1.48309 0.99342 2.5234 1.33069 0.256447 0.527612 0.13386 0.273694
1.45808 1.0067 2.55206 1.33384 0.239526 0.524431 0.0993284 0.270752
1.43326 1.01877 2.57946 1.33809 0.210676 0.524431 0.0993284 0.270752
1.409 1.03179 2.60561 1.33971 0.200167 0.534566 0.0582232 0.27783
1.38458 1.0445 2.63278 1.32778 0.170685 0.525522 0.000422125 0.284996
1.36087 1.05876 2.65456 1.32778 0.170685 0.525522 0.000422125 0.284996
1.33729 1.07354 2.67989 1.32716 0.175473 0.549453 -0.0901893 0.293491
1.31382 1.09013 2.7022 1.26165 0.12161 0.551214 -0.12837 0.286018
1.2909 1.10852 2.72148 1.26165 0.12161 0.551214 -0.12837 0.286018
1.26816 1.12747 2.73889 1.26236 0.113959 0.524369 -0.119791 0.281821
1.24562 1.1454 2.76065 1.2624 0.113519 0.523124 -0.0733789 0.280323
1.22268 1.16141 2.78234 1.28418 0.116607 0.523124 -0.0733789 0.280323
1.19877 1.17612 2.80485 1.37689 0.166646 0.496795 -0.0453056 0.279561
1.17563 1.18871 2.82117 1.37373 0.190947 0.489668 0.0165042 0.278409
1.15213 1.19866 2.84609 1.36904 0.184463 0.489668 0.0165042 0.278409
1.12813 1.207 2.86455 1.36498 0.212385 0.501096 0.0760609 0.277478
1.10357 1.21348 2.88564 1.35024 0.258772 0.453142 0.102157 0.278904
1.07904 1.21707 2.90206 1.35024 0.258772 0.453142 0.102157 0.278904
1.0551 1.2199 2.92027 1.36152 0.333837 0.407295 0.172102 0.266556
1.0325 1.22043 2.9372 1.34582 0.392355 0.348473 0.219474 0.260889
1.01235 1.21731 2.95688 1.34582 0.392355 0.348473 0.219474 0.246445
0.993261 1.21225 2.97346 1.31991 0.430306 0.305587 0.22879 0.246445
0.975128 1.20634 2.98633 1.29859 0.490913 0.255552 0.265778 0.238585
0.958944 1.19921 3.00221 1.29885 0.48595 0.254804 0.28075 0.223616
0.943701 1.19075 3.01472 1.29885 0.48595 0.254804 0.28075 0.223616
0.928749 1.18195 3.02658 1.34986 0.469093 0.219427 0.291457 0.219002
0.914969 1.17224 3.03433 1.34561 0.481148 0.211763 0.289674 0.216923
0.901447 1.16238 3.04238 1.31472 0.446274 0.211763 0.289674 0.216923
0.888715 1.15234 3.05042 1.31244 0.452929 0.210532 0.296248 0.218431
0.876019 1.14195 3.05916 1.31361 0.449536 0.217611 0.302541 0.220546
0.86296 1.13093 3.06962 1.34769 0.413819 0.217611 0.302541 0.220546
0.849874 1.11972 3.07852 1.35063 0.404118 0.226282 0.30669 0.225546
0.837446 1.10866 3.07808 1.35164 0.400726 0.242718 0.308788 0.230938
0.82363 1.09718 3.08636 1.35164 0.400726 0.242718 0.308788 0.230938
0.809629 1.0856 3.09006 1.342 0.370903 0.26194 0.307199 0.236768
0.795377 1.07408 3.09024 1.35172 0.304063 0.279578 0.299437 0.24319
0.780293 1.06271 3.08792 1.35172 0.304063 0.279578 0.299437 0.24319
0.764434 1.05115 3.08752 1.38707 0.25207 0.296102 0.301681 0.249111
0.748449 1.0397 3.08426 1.38942 0.238774 0.313445 0.305338 0.254927
0.732248 1.02785 3.08173 1.39891 0.205369 0.313445 0.305338 0.254927
0.714919 1.01608 3.07738 1.40039 0.195 0.309762 0.311051 0.260295
0.697588 1.0042 3.07028 1.42414 0.165696 0.304832 0.316978 0.26489
0.680341 0.992463 3.06344 1.42414 0.165696 0.304832 0.316978 0.269267
0.663426 0.980564 3.05604 1.42562 0.152416 0.301583 0.321838 0.269267
0.646377 0.968591 3.05203 1.40744 0.129988 0.383228 0.342124 0.273832
0.627597 0.956223 3.04372 1.40744 0.129988 0.383228 0.342124 0.2763
0.607558 0.943596 3.0353 1.40831 0.0935123 0.418001 0.354459 0.2763
0.585638 0.930682 3.02448 1.4095 0.073463 0.449452 0.304275 0.277388
0.562489 0.919103 3.01634 1.46327 0.0589204 0.449452 0.304275 0.28373
0.537991 0.90912 3.0088 1.46406 0.033891 0.470466 0.237089 0.28373
0.513588 0.901588 2.99833 1.441 -0.0100719 0.478387 0.168147 0.291594
0.488502 0.897094 2.98914 1.47102 -0.0628302 0.519452 0.085256 0.302852
0.462199 0.896916 2.98122 1.47102 -0.0628302 0.519452 0.085256 0.302852
0.436094 0.898339 2.97206 1.46793 -0.112592 0.524296 0.0189312 0.297031
0.409798 0.901545 2.96511 1.46491 -0.146738 0.547559 -0.0399287 0.28768
0.383155 0.907726 2.95272 1.45935 -0.135845 0.547559 -0.0399287 0.28768
0.356578 0.915918 2.94481 1.45649 -0.163668 0.567898 -0.090263 0.283644
0.329358 0.925884 2.93827 1.44276 -0.166053 0.598946 -0.121896 0.283786
0.301426 0.937661 2.9298 1.46479 -0.147475 0.598946 -0.121896 0.283786
0.27344 0.950924 2.92308 1.46335 -0.161077 0.626338 -0.138716 0.287697
0.244608 0.965265 2.91981 1.44585 -0.139836 0.644141 -0.158314 0.295755
0.214985 0.980647 2.9145 1.44585 -0.139836 0.644141 -0.158314 0.295755
0.185023 0.996402 2.90996 1.44092 -0.0998553 0.552829 -0.199283 0.303238
0.156998 1.0124 2.90479 1.44157 -0.0899515 0.470185 -0.198015 0.314581
0.133713 1.0279 2.90051 1.45672 -0.0698092 0.470185 -0.198015 0.314581
0.113565 1.04384 2.90185 1.4565 -0.0740994 0.379542 -0.17686 0.312456
0.0953304 1.05827 2.89835 1.45636 -0.0769059 0.286154 -0.173099 0.283332
0.080845 1.07012 2.90171 1.44902 -0.0147725 0.286154 -0.173099 0.283332
0.0689743 1.08132 2.90689 1.44841 -0.0447053 0.221105 -0.151893 0.264866
0.0591567 1.09217 2.91219 1.4227 -0.00614191 0.181202 -0.147329 0.243876
0.0522741 1.10199 2.91732 1.4227 -0.00614191 0.181202 -0.147329 0.243876
0.0454857 1.11036 2.9239 1.38788 -0.0234842 0.135273 -0.127974 0.227514
0.039541 1.11837 2.93434 1.38727 -0.0474783 0.0981593 -0.122669 0.221312
0.0341178 1.12488 2.94056 1.38727 -0.0474783 0.0981593 -0.122669 0.221312
0.0300942 1.13055 2.94679 1.4232 -0.0245446 0.0831539 -0.110508 0.215222
0.0269479 1.13621 2.95708 1.42299 -0.034682 0.0693795 -0.104931 0.201204
0.0238963 1.14192 2.9592 1.42299 -0.034682 0.0693795 -0.104931 0.194155
0.021212 1.14716 2.96569 1.42096 -0.0836601 0.0396185 -0.104994 0.194155
0.0191249 1.15197 2.97517 1.38502 -0.109405 0.0229042 -0.093418 0.197081
0.0177573 1.156 2.98 1.38502 -0.109405 0.0229042 -0.093418 0.194079
0.0163894 1.15947 2.98522 1.38729 -0.0754463 0.022121 -0.0469977 0.194079
0.0154041 1.16255 2.99452 1.37846 -0.0933048 0.0206986 -0.079847 0.181028
0.014479 1.16528 3.00534 1.37457 -0.139328 -0.00763877 -0.0757393 0.178021
0.0141823 1.16794 3.01422 1.36887 -0.152244 -0.00763877 -0.0757393 0.178021
0.0145911 1.17066 3.01343 1.3714 -0.127439 -0.0148473 -0.0702747 0.183
0.0150353 1.17316 3.029 1.4291 -0.0844991 -0.0119441 -0.0193857 0.19098
0.0151661 1.17455 3.03355 1.4291 -0.0844991 -0.0119441 -0.0193857 0.19098
0.0151644 1.1748 3.0347 1.42892 -0.0961815 0.00416437 -0.0138185 0.18097
0.014811 1.17552 3.03654 1.42542 -0.138741 -0.00982026 -0.0620733 0.179964
0.0148179 1.1771 3.04183 1.42542 -0.138741 -0.00982026 -0.0620733 0.179964
0.0151089 1.17941 3.04779 1.36752 -0.134275 -0.0153373 -0.0396486 0.184
0.0158048 1.1813 3.05044 1.37124 -0.0885398 -0.0118885 -0.00566946 0.189009
0.015645 1.18154 3.05136 1.36978 -0.105521 -0.0118885 -0.00566946 0.183964
0.0156674 1.18166 3.05241 1.36911 -0.113921 0.00381426 -0.0392671 0.183964
0.0156457 1.18237 3.05535 1.36923 -0.122842 -0.0045148 -0.055091 0.18598
0.0153963 1.18425 3.06004 1.37155 -0.0933896 -0.00821348 -0.00215458 0.189
0.015281 1.18521 3.06612 1.37155 -0.0933896 -0.00821348 -0.00215458 0.189
0.0153109 1.18514 3.06628 1.37321 -0.0647382 -0.000923733 -0.00795915 0.185998
0.0152777 1.18522 3.06713 1.37158 -0.0929825 -0.000426908 -0.0535541 0.18599
0.015227 1.18653 3.07297 1.36992 -0.106435 -0.000426908 -0.0535541 0.187
0.0152699 1.18841 3.07846 1.37162 -0.0816343 -0.00503604 -0.023095 0.187
0.0149976 1.18892 3.08247 1.37304 -0.0499677 -0.00423603 -0.0141658 0.186998
0.0149892 1.18912 3.08509 1.37304 -0.0499677 -0.00423603 -0.0141658 0.18499
0.0149783 1.18961 3.08539 1.37195 -0.07422 0.00111542 -0.049694 0.18499
0.0150367 1.19086 3.09036 1.37226 -0.0661718 -0.00630004 -0.0287989 0.187
0.0151035 1.19217 3.09714 1.37382 -0.00946505 -0.00615883 -0.0014086 0.187999
0.0150704 1.19216 3.09761 1.37332 -0.0180419 -0.00615883 -0.0014086 0.187999
0.0150694 1.19218 3.09808 1.37253 -0.0499266 0.00114069 -0.0357578 0.183996
0.0150835 1.19306 3.10194 1.37268 -0.0515118 -0.00753488 -0.0346016 0.185996
0.0151316 1.19431 3.10555 1.37268 -0.0515118 -0.00753488 -0.0346016 0.185996
0.0152981 1.19549 3.10683 1.37358 -0.0160172 -0.00753602 -0.00642373 0.183002
0.0153164 1.19601 3.10971 1.37309 -0.0355869 -0.00941388 -0.0361446 0.18
0.0154947 1.19685 3.11115 1.37309 -0.0355869 -0.00941388 -0.0361446 0.181
0.0161535 1.19844 3.11601 1.37312 -0.0474427 -0.015786 -0.0361637 0.181
0.0168602 1.19985 3.11717 1.37394 0.00076969 -0.018351 -0.00506605 0.183
0.0174152 1.20031 3.11798 1.37362 0.012789 -0.0137274 -0.00755414 0.186997
0.0177176 1.20067 3.11811 1.37362 0.012789 -0.0137274 -0.00755414 0.186997
0.017843 1.20074 3.11621 1.37344 0.0255284 -0.00489137 -0.00986576 0.186981
0.0181616 1.20106 3.1169 1.37583 0.0390555 -0.00531841 -0.00725695 0.186991
0.0182234 1.20131 3.11805 1.37583 0.0390555 -0.00531841 -0.00725695 0.18673
0.0184197 1.20132 3.11578 1.37668 0.045614 -0.00602988 -0.00239225 0.18673
0.0184358 1.20136 3.11569 1.37653 0.0500768 -0.0066643 0.00185528 0.186994
0.0184288 1.20137 3.11572 1.37561 0.0799602 -0.00559356 -0.00523853 0.185995
0.0184106 1.20141 3.1158 1.37561 0.0799602 -0.00559356 -0.00523853 0.185995
0.0183272 1.20134 3.11589 1.37527 0.0884845 -0.00658699 -0.0127216 0.180998
0.0184663 1.20142 3.11724 1.37415 0.104433 -0.0128527 -0.0415595 0.18
0.0190836 1.2022 3.12854 1.37415 0.104433 -0.0128527 -0.0415595 0.181
0.0201395 1.20428 3.1267 1.37268 0.121742 -0.0180529 -0.0211266 0.181
0.0206164 1.20479 3.13279 1.37061 0.143187 -0.0190189 -0.000627771 0.185999
0.0212581 1.20553 3.13067 1.37306 0.136639 -0.0190189 -0.000627771 0.189995
0.0216255 1.2057 3.13179 1.36817 0.179113 -0.00780952 -0.00455795 0.189995
0.0218348 1.20586 3.1333 1.372 0.163513 0.0018543 -0.0123703 0.186997
0.0217505 1.20623 3.13531 1.37094 0.172219 -0.00305948 -0.0220082 0.185988
0.0216753 1.20658 3.13605 1.37094 0.172219 -0.00305948 -0.0220082 0.185988
0.0220554 1.20719 3.1382 1.37119 0.178529 -0.00796238 -0.00370521 0.185706
0.0222468 1.20731 3.13878 1.36803 0.20129 -0.00881426 0.00202199 0.185
0.0222342 1.20731 3.13885 1.36928 0.194725 -0.00881426 0.00202199 0.179994
0.0222274 1.20733 3.13883 1.36835 0.20115 -0.00963271 -0.0065472 0.179994
0.0222602 1.20732 3.13891 1.36639 0.21409 -0.0219779 0.00482834 0.175998
0.0220663 1.20707 -3.14043 1.36639 0.21409 -0.0219779 0.00482834 0.178
0.0223083 1.20728 3.1395 1.36285 0.23555 -0.0326527 0.01935 0.178
0.0227235 1.20722 -3.14147 1.35776 0.264663 -0.0296594 0.0276978 0.182
0.0235504 1.20692 -3.13888 1.35606 0.273281 -0.026765 0.0648541 0.191999
0.0249168 1.20615 -3.13523 1.35606 0.273281 -0.026765 0.0648541 0.191999
0.0262321 1.20489 -3.1353 1.36228 0.240345 -0.000758162 0.033201 0.185996
0.0267978 1.2045 -3.13423 1.37041 0.207237 -0.00841441 -0.000586923 0.186867
0.0265079 1.20448 -3.13576 1.37041 0.207237 -0.00841441 -0.000586923 0.184775
0.0267106 1.20464 -3.13426 1.37527 0.195918 -0.00653175 0.000809803 0.184775
0.0266806 1.20464 -3.13404 1.37487 0.198732 -0.00955662 0.0102169 0.195074
0.0266767 1.20464 -3.13411 1.37605 0.190395 0.011756 0.00650919 0.194
0.026645 1.20465 -3.13387 1.37637 0.189703 0.011756 0.00650919 0.194
0.0264489 1.20456 -3.13557 1.38332 0.129662 0.0155087 -0.0465319 0.192
0.0260678 1.2054 -3.13226 1.38333 0.126295 0.00535567 -0.00735069 0.192
0.0256718 1.20614 -3.13097 1.38333 0.126295 0.00535567 -0.00735069 0.192
0.0256045 1.20623 -3.13023 1.38306 0.128087 0.00536594 -0.00742071 0.198001
0.0256068 1.20623 -3.13 1.38555 0.0956529 0.0203398 -0.0222179 0.190004
0.0251065 1.20702 -3.13265 1.38667 0.0778221 0.00895164 -0.0593392 0.190002
0.0244667 1.20875 -3.1323 1.38569 0.0767214 0.00895164 -0.0593392 0.190002
0.0241436 1.21103 -3.1314 1.3847 0.0928292 0.00133529 -0.00882595 0.191
0.0239319 1.21221 -3.12943 1.38348 0.0915832 0.00215462 -0.000205023 0.197001
0.0238446 1.21226 -3.129 1.38348 0.0915832 0.00215462 -0.000205023 0.197001
0.0238615 1.21227 -3.12898 1.38477 0.0514093 0.0158527 -0.00652934 0.191001
0.0238131 1.21237 -3.12846 1.38573 0.00160776 0.00912876 -0.046458 0.191
0.0230631 1.21329 -3.13087 1.38573 0.00160776 0.00912876 -0.046458 0.191
0.0224821 1.21518 -3.12623 1.38525 0.0328871 0.00250069 -0.00250101 0.192945
0.0221233 1.21597 -3.12553 1.38538 0.0268922 0.00631212 0.00038968 0.195001
0.021918 1.216 -3.12514 1.38384 -0.0132576 0.0172303 -0.0438497 0.189003
0.0217328 1.21697 -3.12512 1.38384 -0.0132576 0.0172303 -0.0438497 0.189003
0.0209927 1.21831 -3.12553 1.38291 -0.0161114 0.00403181 -0.0407992 0.189
0.0209911 1.22017 -3.12506 1.38291 -0.0161112 -0.00159714 -0.00349368 0.192
0.0210616 1.2207 -3.12625 1.38291 -0.0161112 -0.00159714 -0.00349368 0.191003
0.0211428 1.22077 -3.12577 1.38191 -0.00733288 0.0045148 -0.00177382 0.191003
0.0210805 1.22086 -3.12614 1.38148 -0.0350937 0.00827374 -0.040763 0.191969
0.0206235 1.22161 -3.12774 1.38169 -0.0319234 0.00827374 -0.040763 0.194936
0.0205451 1.22304 -3.12649 1.38168 -0.0323785 0.00421392 0.00021657 0.194936
0.0202641 1.22332 -3.12562 1.38148 -0.0264888 0.0105501 0.000451512 0.191
0.0202512 1.22333 -3.12535 1.38001 -0.0690529 0.0082798 -0.0408387 0.191
0.0197359 1.2242 -3.12683 1.37963 -0.065311 0.0082798 -0.0408387 0.191
0.0196301 1.22596 -3.12662 1.37954 -0.0698552 0.00376342 -0.0108787 0.193
0.0195989 1.22726 -3.12389 1.38055 -0.0458349 0.00764992 -0.00847931 0.191001
0.0194587 1.22763 -3.12302 1.37991 -0.0473509 0.00764992 -0.00847931 0.189003
0.0193647 1.22794 -3.12303 1.37627 -0.110796 0.0110767 -0.0593909 0.189003
0.019091 1.22998 -3.12195 1.37591 -0.106797 0.00156359 -0.0244241 0.19
0.0188939 1.23163 -3.12072 1.37591 -0.106797 0.00156359 -0.0244241 0.195001
0.0187817 1.23269 -3.12014 1.37689 -0.0866768 0.000143193 -0.000950054 0.195001
0.0186605 1.23286 -3.11972 1.37428 -0.12127 0.0129327 -0.0153423 0.187
0.0185427 1.23341 -3.12079 1.37141 -0.150248 0.000633498 -0.0464726 0.186
0.0182467 1.23495 -3.11878 1.37121 -0.14915 0.000633498 -0.0464726 0.186
0.0180128 1.23647 -3.11864 1.37247 -0.13711 -0.00819085 -0.00201705 0.189
0.0178019 1.23763 -3.11498 1.37331 -0.121563 -0.00102722 -0.00727469 0.190005
0.0179332 1.23766 -3.11397 1.37331 -0.121563 -0.00102722 -0.00727469 0.184998
0.0179405 1.23774 -3.11407 1.36963 -0.154031 0.00722186 -0.0478425 0.184998
0.0176422 1.2393 -3.11032 1.36721 -0.174233 -0.00405725 -0.0435634 0.186
0.0179195 1.24079 -3.109 1.36946 -0.155569 -0.00819153 -0.00201254 0.18885
0.0183248 1.24123 -3.10812 1.36945 -0.157655 -0.00819153 -0.00201254 0.18885
0.0183251 1.24124 -3.10828 1.37261 -0.127254 -0.00122122 0.00809614 0.19
0.0182967 1.24129 -3.10828 1.36925 -0.16344 0.00449678 -0.0298281 0.187992
0.0184394 1.24189 -3.10757 1.36925 -0.16344 0.00449678 -0.0298281 0.191997
0.0183683 1.24274 -3.10597 1.36842 -0.171798 0.00185152 -0.0405774 0.191997
0.0185501 1.24427 -3.10493 1.36881 -0.168695 0.0186487 -0.0955856 0.199
0.0179345 1.2481 -3.10477 1.37197 -0.140643 0.0344402 -0.101691 0.190998
0.0169803 1.25322 -3.1071 1.37184 -0.14174 0.0344402 -0.101691 0.190998
0.015749 1.25824 -3.10596 1.36835 -0.172249 0.0158529 -0.0911198 0.192983
0.0141311 1.2632 -3.10216 1.36645 -0.187941 0.0191438 -0.0849875 0.199967
0.0131062 1.26717 -3.10251 1.36645 -0.187941 0.0191438 -0.0849875 0.199967
0.0125199 1.27062 -3.10264 1.42563 -0.153566 0.033836 -0.0840569 0.195986
0.0113902 1.27447 -3.10037 1.42476 -0.161399 0.0228725 -0.0674113 0.195989
0.00986933 1.27798 -3.09691 1.42384 -0.159004 0.0228725 -0.0674113 0.201943
0.00904677 1.28146 -3.09531 1.42391 -0.151114 0.0234227 -0.0567595 0.201943
0.00758854 1.28462 -3.09142 1.42649 -0.124426 0.0564657 -0.0594477 0.203375
0.00547668 1.28757 -3.09066 1.42485 -0.116002 0.0580928 -0.0531279 0.200055
0.00263561 1.28998 -3.09005 1.42485 -0.116002 0.0580928 -0.0531279 0.200055
-0.000416826 1.29291 -3.08823 1.42028 -0.112849 0.0567634 -0.0455143 0.196747
-0.00336636 1.29562 -3.08717 1.4201 -0.11505 0.0507498 -0.0377599 0.195519
-0.00561043 1.29789 -3.08549 1.4201 -0.11505 0.0507498 -0.0377599 0.192801
-0.00841057 1.3 -3.0836 1.41325 -0.116415 0.0477847 -0.0312055 0.192801
-0.0101394 1.30197 -3.08381 1.41403 -0.106567 0.052974 -0.0271087 0.191942
-0.0121636 1.30362 -3.08386 1.40719 -0.105946 0.052974 -0.0271087 0.19071
-0.0140598 1.3053 -3.08199 1.40673 -0.111857 0.0460504 -0.0224553 0.19071
-0.0162529 1.30682 -3.07809 1.39906 -0.108402 0.0617494 -0.0258372 0.189448
-0.0191834 1.30877 -3.0724 1.40025 -0.0917785 0.0878581 -0.0308458 0.18921
-0.0223913 1.31126 -3.06984 1.40025 -0.0917785 0.0878581 -0.0308458 0.18921
-0.0263476 1.314 -3.06044 1.40035 -0.0902848 0.0795661 -0.0298701 0.189349
-0.0298636 1.31614 -3.05432 1.40065 -0.0854775 0.082112 -0.0297304 0.18864
-0.033353 1.31821 -3.04783 1.38804 -0.0894248 0.082112 -0.0297304 0.189301
-0.0371451 1.32027 -3.04255 1.3889 -0.0749095 0.102169 -0.0324023 0.189301
-0.0418014 1.32208 -3.0413 1.43343 -0.0745274 0.0989964 -0.0323552 0.18786
-0.0468475 1.32341 -3.0409 1.43351 -0.0730475 0.0995336 -0.0325857 0.188739
-0.0519275 1.32477 -3.04172 1.42378 -0.074732 0.0995336 -0.0325857 0.188739
-0.0564479 1.32664 -3.04198 1.42406 -0.0692128 0.103048 -0.0364843 0.190831
-0.0617682 1.3285 -3.03697 1.42483 -0.0509297 0.114583 -0.0391685 0.192379
-0.0666755 1.33013 -3.03683 1.41177 -0.0512322 0.114583 -0.0391685 0.192379
-0.0728281 1.33214 -3.03619 1.41215 -0.03912 0.127106 -0.0479464 0.19418
-0.0791317 1.33455 -3.03509 1.39319 -0.0168257 0.135539 -0.030336 0.195887
-0.0855045 1.33656 -3.03062 1.39329 0.00475182 0.138359 -0.0100056 0.198422
-0.0928237 1.3371 -3.02786 1.43632 0.00572344 0.138359 -0.0100056 0.198422
-0.0995111 1.33785 -3.02696 1.43597 0.031952 0.129947 -0.00165719 0.201342
-0.106155 1.33825 -3.02656 1.43545 0.0500685 0.115965 0.00619181 0.205936
-0.112473 1.33808 -3.02396 1.41877 0.0505791 0.115965 0.00619181 0.205936
-0.11753 1.33787 -3.0236 1.41817 0.0652232 0.104755 0.015581 0.2027
-0.122682 1.33744 -3.02283 1.39853 0.0860462 0.0929774 0.0228842 0.197479
-0.127483 1.33729 -3.02313 1.39853 0.0860462 0.0929774 0.0228842 0.193558
-0.131735 1.33657 -3.02041 1.4404 0.0934699 0.0851132 0.0303376 0.193558
-0.135708 1.33569 -3.01977 1.43956 0.105579 0.0913484 0.040872 0.191203
-0.139928 1.33422 -3.01907 1.41892 0.112152 0.100305 0.0451805 0.189801
-0.144437 1.33267 -3.02007 1.41892 0.112152 0.100305 0.0451805 0.189801
-0.149378 1.33148 -3.0186 1.41879 0.113733 0.111369 0.0444775 0.189061
-0.154471 1.32967 -3.01671 1.40727 0.118777 0.126365 0.0495998 0.188416
-0.160067 1.3277 -3.01572 1.40727 0.118777 0.126365 0.0495998 0.188416
-0.166424 1.32509 -3.01392 1.3874 0.122564 0.128628 0.0518829 0.189352
-0.172739 1.32336 -3.01554 1.3882 0.113161 0.126068 0.052243 0.189813
-0.17869 1.32126 -3.01658 1.42953 0.113249 0.126068 0.052243 0.191043
-0.185194 1.31911 -3.01676 1.43004 0.106542 0.137204 0.0498593 0.191043
-0.192099 1.31661 -3.019 1.43063 0.0982948 0.160767 0.0451049 0.194366
-0.199716 1.31473 -3.01622 1.41436 0.086885 0.190847 0.0355715 0.195877
-0.208355 1.3126 -3.01723 1.41436 0.086885 0.190847 0.0355715 0.195877
-0.218276 1.31038 -3.01709 1.38616 0.0884819 0.221856 0.033069 0.198471
-0.22892 1.30835 -3.01947 1.38636 0.0852532 0.259207 0.0310748 0.202258
-0.239937 1.30649 -3.02111 1.41991 0.0830053 0.259207 0.0310748 0.202258
-0.255241 1.30451 -3.02132 1.42011 0.0794606 0.316686 0.0349255 0.206108
-0.26993 1.30195 -3.02495 1.42064 0.0694078 0.404509 0.0465452 0.210973
-0.289858 1.29853 -3.02431 1.39145 0.0574206 0.643605 0.056154 0.216767
-0.317012 1.29515 -3.03271 1.39145 0.0574206 0.643605 0.056154 0.216767
-0.349833 1.29032 -3.03817 1.40623 0.050583 0.932295 0.060672 0.227181
-0.390169 1.28573 -3.0391 1.40606 0.0552245 1.03717 -0.000375433 0.242942
-0.437863 1.2817 -3.04278 1.38835 0.0718905 1.03432 0.0185295 0.242942
-0.490017 1.27786 -3.04357 1.38905 0.0568813 0.937399 -0.0111938 0.271741
-0.540813 1.27361 -3.04013 1.33979 0.060621 0.819799 -0.017755 0.311927
-0.586031 1.27135 -3.03958 1.34167 0.105784 0.813185 0.0261281 0.311927
-0.627901 1.26873 -3.03372 1.3426 0.0931868 0.645406 -0.0118985 0.366149
-0.664956 1.26536 -3.02233 1.35814 0.291796 0.446371 0.154369 0.362926
-0.692583 1.26064 -3.00871 1.35814 0.291796 0.446371 0.154369 0.317745
-0.715092 1.25232 -2.99074 1.32498 0.479934 0.330702 0.242453 0.317745
-0.732638 1.24144 -2.96828 1.29806 0.548597 0.239058 0.213874 0.273486
-0.746675 1.22902 -2.94797 1.29806 0.548597 0.239058 0.213874 0.255303
-0.757715 1.21805 -2.92514 1.27212 0.606331 0.148902 0.188405 0.255303
-0.766554 1.20774 -2.90569 1.21365 0.716215 0.106743 0.183156 0.247216
-0.771598 1.19825 -2.88721 1.17598 0.717183 0.0758954 0.187409 0.233149
-0.774684 1.18974 -2.86161 1.17598 0.717183 0.0758954 0.187409 0.233149
-0.777004 1.18182 -2.8418 1.21589 0.649666 0.0717698 0.131807 0.217085
-0.779566 1.17422 -2.82265 1.17483 0.721268 0.025859 0.167954 0.212185
-0.780779 1.16773 -2.8037 1.20733 0.625662 0.0350984 0.148768 0.212185
-0.781579 1.16079 -2.78713 1.17256 0.688623 0.00487493 0.319906 0.220385
-0.778717 1.14981 -2.76686 1.18329 0.670021 0.0357674 0.284027 0.22302
-0.776025 1.13736 -2.75362 1.20966 0.586999 0.0357674 0.284027 0.22302
-0.774369 1.12403 -2.73993 1.21255 0.581007 0.0385948 0.321629 0.21682
-0.772246 1.1098 -2.72694 1.19874 0.608987 0.0114002 0.430025 0.201247
-0.767953 1.09263 -2.7148 1.19874 0.608987 0.0114002 0.430025 0.201247
-0.76214 1.07375 -2.70228 1.20807 0.568282 -0.013907 0.384099 0.212943
-0.755822 1.05541 -2.69409 1.24529 0.432788 0.0486073 0.252417 0.210713
-0.750927 1.03988 -2.68912 1.24529 0.432788 0.0486073 0.252417 0.210713
-0.748698 1.02779 -2.68701 1.25387 0.37611 0.0944904 0.319902 0.220056
-0.747927 1.01457 -2.68692 1.2609 0.351841 0.146249 0.519847 0.232217
-0.745596 0.997965 -2.68453 1.22632 0.250902 0.130605 0.416055 0.232217
-0.742846 0.974179 -2.69133 1.23248 0.21868 0.179674 0.377364 0.234161
-0.742257 0.953012 -2.69854 1.23152 0.165938 0.204369 0.320756 0.249456
-0.744775 0.932944 -2.70566 1.23152 0.165938 0.204369 0.320756 0.257606
-0.749195 0.914219 -2.7126 1.2369 0.119457 0.328448 0.372159 0.257606
-0.755908 0.893853 -2.72333 1.2311 0.0401952 0.319939 0.302166 0.261339
-0.76504 0.873081 -2.7313 1.2311 0.0401952 0.319939 0.302166 0.261339
-0.775042 0.853252 -2.74063 1.21122 -0.0415343 0.312225 0.22722 0.270699
-0.785246 0.834924 -2.7547 1.2058 -0.121755 0.317671 0.0932127 0.281314
-0.797311 0.821194 -2.77163 1.20212 -0.117763 0.317671 0.0932127 0.278913
-0.810473 0.811163 -2.78701 1.1878 -0.219266 0.276259 0.0158084 0.278913
-0.823711 0.803925 -2.80042 1.12514 -0.324497 0.246552 -0.0515997 0.25481
-0.835692 0.801201 -2.81314 1.12514 -0.324497 0.246552 -0.0515997 0.236995
-0.847077 0.800034 -2.82456 1.09738 -0.408645 0.2255 -0.105182 0.236995
-0.858858 0.799722 -2.83892 1.05822 -0.452611 0.211532 -0.115877 0.226612
-0.870408 0.801141 -2.84949 1.05822 -0.452611 0.211532 -0.115877 0.216786
-0.881707 0.803189 -2.86268 1.12853 -0.263418 0.199856 -0.102356 0.216786
-0.892354 0.804796 -2.87037 1.12112 -0.293343 0.17591 -0.103808 0.213365
-0.902157 0.806202 -2.87551 1.1155 -0.254273 0.162085 -0.0900553 0.20898
-0.910935 0.807523 -2.88005 1.1155 -0.254273 0.162085 -0.0900553 0.20898
-0.919215 0.809346 -2.88515 1.1312 -0.171392 0.152234 -0.0550983 0.207671
-0.927116 0.810308 -2.88717 1.11628 -0.198946 0.149215 -0.0432988 0.206363
-0.934062 0.810483 -2.88769 1.11628 -0.198946 0.149215 -0.0432988 0.206363
-0.941781 0.810317 -2.8848 1.07527 -0.243765 0.130295 -0.0346801 0.204443
-0.949243 0.809988 -2.87795 1.08489 -0.196577 0.0972595 -0.0211305 0.200356
-0.955017 0.809571 -2.87363 1.0881 -0.208279 0.0972595 -0.0211305 0.200356
-0.95955 0.809084 -2.86873 1.08807 -0.208408 0.064186 -0.00765738 0.198327
-0.963097 0.80845 -2.86397 1.08272 -0.234648 0.0643996 -0.00323778 0.192967
-0.9665 0.80762 -2.85656 1.06042 -0.252298 0.0643996 -0.00323778 0.180334
-0.969709 0.807203 -2.84853 1.05796 -0.262416 0.0551806 0.00367572 0.180334
-0.972445 0.806574 -2.84394 1.03833 -0.290801 -0.0542032 0.0244182 0.176012
-0.972815 0.805736 -2.83742 1.03833 -0.290801 -0.0542032 0.0244182 0.182187
-0.970711 0.805595 -2.83086 1.01058 -0.337224 -0.129161 0.0391364 0.182187
-0.966422 0.804884 -2.82503 1.01039 -0.337779 -0.0741169 0.0220071 0.169067
-0.962488 0.805033 -2.81837 1.0037 -0.357167 -0.267727 0.0641468 0.169443
-0.953102 0.804729 -2.81079 1.0014 -0.360497 -0.267727 0.0641468 0.169443
-0.940006 0.805965 -2.80498 0.99824 -0.369163 -0.267034 0.0633012 0.173697
-0.927192 0.806919 -2.798 0.99447 -0.379203 -0.212963 0.0502926 0.169859
-0.915729 0.807836 -2.79274 0.99447 -0.379203 -0.212963 0.0502926 0.169658
-0.905603 0.808556 -2.78775 1.03935 -0.330631 -0.170811 0.0552148 0.169658
-0.897124 0.808491 -2.78556 1.03926 -0.330913 -0.129282 0.0525269 0.172483
-0.890522 0.807561 -2.78883 1.04766 -0.303278 0.00234621 0.0382681 0.175837
-0.88785 0.806619 -2.78885 1.09424 -0.242163 0.00234621 0.0382681 0.175837
-0.888721 0.806241 -2.79007 1.10692 -0.175314 0.0209378 0.0352855 0.175489
-0.889249 0.805106 -2.79189 1.11096 -0.0190467 0.0245734 0.0368646 0.171664
-0.88964 0.803695 -2.79498 1.11096 -0.0190467 0.0245734 0.0368646 0.171664
-0.889919 0.802243 -2.79823 1.11364 0.0546475 0.0124308 0.0423341 0.17843
-0.889954 0.80083 -2.80269 1.11478 0.0207088 0.0260133 0.0313876 0.171958
-0.890238 0.799629 -2.80578 1.11295 0.0217776 0.0260133 0.0313876 0.168596
-0.89078 0.79849 -2.81001 1.106 0.126115 -0.0037148 0.0416038 0.168596
-0.890408 0.797443 -2.81534 1.09862 0.179406 -0.0128575 0.0444786 0.171544
-0.889793 0.796233 -2.82083 1.09695 0.181772 -0.0128575 0.0444786 0.169022
-0.888757 0.794919 -2.82717 1.10928 0.0764227 -0.0124269 0.0369187 0.169022
-0.887932 0.793728 -2.8317 1.09808 0.174822 -0.0204272 0.0390754 0.160657
-0.886865 0.792224 -2.8383 1.08674 0.235232 -0.040237 0.0479225 0.168288
-0.88526 0.790726 -2.84072 1.08674 0.235232 -0.040237 0.0479225 0.168288
-0.882815 0.78885 -2.84825 1.10154 0.157142 -0.0264354 0.0373856 0.161448
-0.881491 0.787135 -2.85161 1.09198 0.213681 -0.0450465 0.0432277 0.160732
-0.879682 0.785341 -2.85505 1.09494 0.210927 -0.0450465 0.0432277 0.16012
-0.877631 0.783655 -2.85795 1.09 0.235094 -0.048625 0.0428987 0.16012
-0.875286 0.78206 -2.85938 1.09804 0.223321 -0.0542361 0.0411411 0.167516
-0.872923 0.780472 -2.86099 1.10866 0.162597 -0.0406727 0.0310396 0.164797
-0.870699 0.779271 -2.86133 1.11406 0.157392 -0.0406727 0.0310396 0.164797
-0.868579 0.778377 -2.86319 1.10859 0.192196 -0.0486255 0.03304 0.161109
-0.866396 0.777086 -2.86982 1.10662 0.203248 -0.0565076 0.0374315 0.167914
-0.864255 0.775713 -2.87134 1.11331 0.195799 -0.0565076 0.0374315 0.167914
-0.861085 0.774466 -2.87374 1.12289 0.130067 -0.0422585 0.029157 0.167792
-0.858515 0.773194 -2.87922 1.12504 0.152278 -0.0440225 0.0284343 0.165826
-0.856156 0.772181 -2.88499 1.12504 0.152278 -0.0440225 0.0284343 0.171373
-0.853966 0.771219 -2.88653 1.12439 0.175104 -0.0412578 0.0347993 0.171373
-0.851865 0.770351 -2.89086 1.13143 0.121573 -0.0232296 0.0317572 0.167472
-0.850124 0.769241 -2.89254 1.12531 0.169062 -0.0281827 0.0391816 0.169338
-0.848596 0.767937 -2.89613 1.13948 0.159387 -0.0281827 0.0391816 0.169338
-0.846937 0.766611 -2.89899 1.14032 0.153233 -0.0254954 0.036315 0.172547
-0.845308 0.765206 -2.90213 1.10595 0.121485 -0.0208787 0.0313828 0.172529
-0.844025 0.76389 -2.90694 1.10595 0.121485 -0.0208787 0.0313828 0.171504
-0.842725 0.762719 -2.91068 1.11195 0.119937 -0.020811 0.0315128 0.171504
-0.841731 0.761431 -2.91567 1.11311 0.10866 -0.0236592 0.0316057 0.174489
-0.840551 0.760078 -2.92004 1.116 0.112685 -0.0236592 0.0316057 0.172872
-0.839328 0.758714 -2.92587 1.11885 0.0795749 -0.0193702 0.0270121 0.172872
-0.838442 0.757492 -2.9302 1.1194 0.0714251 -0.0231177 0.0279666 0.17199
-0.837377 0.755946 -2.9336 1.12171 0.0711228 -0.0243162 0.0293997 0.174627
-0.836248 0.754879 -2.9396 1.12171 0.0711228 -0.0243162 0.0293997 0.174627
-0.834849 0.753705 -2.94473 1.12524 0.0733821 -0.0219819 0.0237739 0.175137
-0.83357 0.752476 -2.94692 1.12677 0.0440384 -0.0226953 0.0214305 0.172809
-0.832634 0.751218 -2.94747 1.1292 0.0533583 -0.0226953 0.0214305 0.176856
-0.831423 0.750397 -2.95125 1.12857 0.0653283 -0.0259625 0.0250941 0.176856
-0.83008 0.749876 -2.95396 1.13013 0.0275562 -0.0203285 0.0186725 0.173889
-0.828676 0.749131 -2.95517 1.13282 0.0362953 -0.0245071 0.0233294 0.175297
-0.827303 0.748476 -2.95777 1.13282 0.0362953 -0.0245071 0.0233294 0.175297
-0.826245 0.747676 -2.95821 1.13723 0.0393083 -0.0225035 0.0211424 0.176945
-0.825141 0.747078 -2.95731 1.13773 0.0202442 -0.0188059 0.020038 0.174979
-0.82425 0.746749 -2.95761 1.14096 0.0210804 -0.0188059 0.020038 0.174979
-0.823555 0.746037 -2.96066 1.14083 0.0273229 -0.0231606 0.0246077 0.177413
-0.822436 0.745151 -2.96334 1.14115 -0.00310005 -0.018376 0.0227619 0.175507
-0.821691 0.744115 -2.96601 1.14371 -0.00437242 -0.018376 0.0227619 0.177852
-0.820981 0.742805 -2.96948 1.14372 -0.000289783 -0.0213301 0.0258544 0.177852
-0.819819 0.741758 -2.97118 1.14669 -0.0114859 -0.0176981 0.0220458 0.177183
-0.818883 0.740704 -2.97521 1.14632 -0.0313126 -0.0196783 0.0211712 0.173453
-0.818074 0.739827 -2.98072 1.14861 -0.0295467 -0.0196783 0.0211712 0.173453
-0.81735 0.738498 -2.98465 1.14873 -0.0247114 -0.025363 0.0274212 0.178202
-0.81598 0.737061 -2.9871 1.14755 -0.0575415 -0.0181216 0.0194732 0.184448
-0.814803 0.735937 -2.99186 1.14994 -0.0468907 -0.0181216 0.0194732 0.179516
-0.8137 0.735209 -2.99693 1.14647 -0.100834 -0.00849963 0.00922354 0.179516
-0.812786 0.734707 -3.00272 1.14778 -0.113527 -0.0160877 0.0173369 0.182753
-0.811698 0.734086 -3.00495 1.14953 -0.0940833 -0.0111291 0.0119673 0.185035
-0.810545 0.73374 -3.0079 1.15501 -0.0758735 -0.0111291 0.0119673 0.185035
-0.809679 0.733196 -3.00994 1.15473 -0.0799256 -0.0076504 0.00814367 0.190934
-0.808915 0.732903 -3.01122 1.15029 -0.150994 0.0097257 -0.00759683 0.190906
-0.808848 0.732733 -3.01077 1.15029 -0.150994 0.0097257 -0.00759683 0.191605
-0.809034 0.732563 -3.00953 1.14878 -0.162089 0.0259447 -0.0251655 0.191605
-0.808972 0.732773 -3.0128 1.15853 -0.0961582 0.00436511 0.00129423 0.191959
-0.809109 0.732826 -3.01382 1.15853 -0.0961582 0.00436511 0.00129423 0.191007
-0.809018 0.732874 -3.01374 1.14542 -0.199845 0.0358799 -0.0326208 0.191007
-0.809374 0.733088 -3.01667 1.14328 -0.211728 0.0470066 -0.0475524 0.191004
-0.810819 0.733581 -3.02145 1.15627 -0.122225 0.0210638 -0.0196006 0.190993
-0.812011 0.733567 -3.01932 1.15627 -0.122225 0.0210638 -0.0196006 0.190993
-0.81221 0.733881 -3.02374 1.15129 -0.162557 0.0286468 -0.0278078 0.190016
-0.81222 0.734273 -3.02701 1.14295 -0.205732 0.0451606 -0.048622 0.190132
-0.813133 0.735098 -3.02579 1.14295 -0.205732 0.0451606 -0.048622 0.190053
-0.815538 0.736291 -3.02243 1.14852 -0.151894 0.031305 -0.0333319 0.190053
-0.81712 0.737505 -3.0238 1.1488 -0.149716 0.0280534 -0.0300714 0.188964
-0.817746 0.738054 -3.02594 1.14578 -0.149555 0.0280534 -0.0300714 0.189087
-0.817981 0.738182 -3.02867 1.13758 -0.20274 0.0424428 -0.0489411 0.189087
-0.819566 0.738426 -3.03367 1.14155 -0.179028 0.0393997 -0.045282 0.189072
-0.821277 0.739031 -3.03691 1.14677 -0.14181 0.025144 -0.0299646 0.186986
-0.822169 0.739355 -3.03616 1.14677 -0.14181 0.025144 -0.0299646 0.186986
-0.823101 0.739859 -3.04162 1.13445 -0.175163 0.0339343 -0.0458792 0.186134
-0.824124 0.740728 -3.04196 1.13557 -0.16771 0.0321217 -0.0465545 0.186112
-0.825733 0.742069 -3.04172 1.13275 -0.167948 0.0321217 -0.0465545 0.186069
-0.827229 0.743407 -3.04436 1.13358 -0.162213 0.0271649 -0.0412798 0.186069
-0.828495 0.744201 -3.0433 1.13134 -0.170208 0.0317632 -0.0463702 0.184998
-0.829789 0.745295 -3.04369 1.13175 -0.156024 0.0295956 -0.0473398 0.185016
-0.831277 0.746591 -3.04532 1.13175 -0.156024 0.0295956 -0.0473398 0.185016
-0.832639 0.747858 -3.04482 1.12827 -0.154092 0.025249 -0.0426 0.185025
-0.834154 0.748862 -3.04428 1.12794 -0.156482 0.0299958 -0.0476888 0.185004
-0.835738 0.750228 -3.04398 1.12252 -0.159608 0.0299958 -0.0476888 0.184995
-0.837548 0.751399 -3.04526 1.12289 -0.157014 0.0305179 -0.0483151 0.184995
-0.83894 0.752559 -3.04577 1.12559 -0.136345 0.0230044 -0.0402464 0.184997
-0.840233 0.753431 -3.04658 1.12307 -0.15575 0.0321096 -0.0500432 0.18499
-0.841514 0.755054 -3.04944 1.12307 -0.15575 0.0321096 -0.0500432 0.18499
-0.843158 0.756273 -3.0498 1.11649 -0.146705 0.0291908 -0.0441572 0.186004
-0.844611 0.757311 -3.04796 1.11948 -0.12176 0.0309797 -0.0354909 0.185975
-0.846066 0.758591 -3.05125 1.11388 -0.128391 0.0309797 -0.0354909 0.185932
-0.847719 0.760132 -3.05073 1.1121 -0.143023 0.0427798 -0.039925 0.185932
-0.849472 0.76141 -3.04988 1.11557 -0.11278 0.0381481 -0.0319599 0.18601
-0.850968 0.762831 -3.0479 1.11517 -0.11661 0.0390021 -0.0321922 0.186894
-0.852969 0.763945 -3.0502 1.11517 -0.11661 0.0390021 -0.0321922 0.186894
-0.854622 0.765459 -3.04924 1.10284 -0.155467 0.0537836 -0.0430185 0.18697
-0.857008 0.767081 -3.04918 1.10843 -0.108661 0.037384 -0.0289304 0.186945
-0.858859 0.768725 -3.04668 1.14517 -0.104598 0.037384 -0.0289304 0.186945
-0.860493 0.769756 -3.04743 1.14701 -0.0820397 0.0354502 -0.0278755 0.187912
-0.861983 0.771147 -3.04297 1.13849 -0.124961 0.0582329 -0.038684 0.187923
-0.86421 0.77288 -3.04386 1.13849 -0.124961 0.0582329 -0.038684 0.188938
-0.866842 0.774587 -3.04547 1.14107 -0.0986348 0.0439746 -0.0304258 0.188938
-0.868471 0.776169 -3.04126 1.14044 -0.0556689 0.0344396 -0.0224582 0.189867
-0.870559 0.776748 -3.03913 1.13826 -0.0898035 0.0573273 -0.0334201 0.189936
-0.87277 0.777956 -3.03644 1.12977 -0.098333 0.0573273 -0.0334201 0.189936
-0.875525 0.778909 -3.03511 1.1276 -0.120736 0.0570215 -0.0330762 0.189872
-0.878323 0.780186 -3.03029 1.12575 -0.091321 0.0346958 -0.0203424 0.190058
-0.880051 0.781245 -3.02925 1.12575 -0.091321 0.0346958 -0.0203424 0.189043
-0.881492 0.782456 -3.02592 1.12471 -0.10331 0.0508156 -0.0291984 0.189043
-0.883804 0.783319 -3.02273 1.11481 -0.134809 0.059564 -0.0367107 0.189948
-0.88658 0.785203 -3.01703 1.11481 -0.134809 0.059564 -0.0367107 0.190896
-0.889778 0.786174 -3.01605 1.11208 -0.122995 0.0418796 -0.0243049 0.190896
-0.891953 0.786869 -3.0149 1.1126 -0.118174 0.0477947 -0.0254206 0.191
-0.894121 0.788348 -3.01076 1.09895 -0.155109 0.0591408 -0.0317196 0.190893
-0.896757 0.789706 -3.00569 1.09895 -0.155109 0.0591408 -0.0317196 0.190893
-0.899644 0.791466 -3.00073 1.09185 -0.163457 0.0526042 -0.0282066 0.192006
-0.902228 0.792876 -2.99715 1.09647 -0.128834 0.0379219 -0.0170008 0.192846
-0.904354 0.793481 -2.99159 1.09647 -0.128834 0.0379219 -0.0170008 0.192831
-0.906322 0.794149 -2.98851 1.11874 -0.165131 0.0632183 -0.0253423 0.192831
-0.908923 0.7953 -2.98444 1.11817 -0.168931 0.066494 -0.0264741 0.193903
-0.91222 0.796278 -2.97677 1.10581 -0.178418 0.066494 -0.0264741 0.194001
-0.915925 0.797235 -2.96636 1.10516 -0.182376 0.0567443 -0.0206889 0.194001
-0.919251 0.798382 -2.95778 1.09618 -0.197214 0.0637452 -0.0245506 0.19392
-0.922953 0.799297 -2.94703 1.09626 -0.196732 0.0731473 -0.0301084 0.195034
-0.926165 0.80032 -2.9396 1.09626 -0.196732 0.0731473 -0.0301084 0.195034
-0.930203 0.801873 -2.93444 1.08408 -0.216971 0.0760865 -0.0315578 0.194938
-0.934265 0.803 -2.92436 1.08063 -0.233551 0.069289 -0.0277842 0.195104
-0.937902 0.804095 -2.91377 1.06428 -0.250196 0.0786341 -0.0329872 0.194971
-0.942201 0.805058 -2.90739 1.06428 -0.250196 0.0786341 -0.0329872 0.194971
-0.946349 0.805679 -2.90492 1.0493 -0.271405 0.097119 -0.0415196 0.195088
-0.951498 0.80648 -2.89773 1.04454 -0.289179 0.0983731 -0.0392527 0.19603
-0.957104 0.807123 -2.89576 1.04454 -0.289179 0.0983731 -0.0392527 0.19603
-0.962605 0.80803 -2.8912 1.06853 -0.253629 0.102025 -0.0335945 0.196136
-0.968435 0.808084 -2.88422 1.06874 -0.252768 0.135417 -0.0401901 0.196153
-0.975259 0.808309 -2.87593 1.05419 -0.261541 0.135417 -0.0401901 0.195104
-0.982593 0.808854 -2.87002 1.05245 -0.268456 0.159966 -0.0455057 0.195104
-0.990789 0.809554 -2.86351 1.04289 -0.278196 0.165635 -0.0382484 0.196212
-1.00001 0.808827 -2.85651 1.04398 -0.274073 0.194919 -0.0323442 0.196219
-1.00996 0.808626 -2.8498 1.04398 -0.274073 0.194919 -0.0323442 0.196219
-1.02029 0.807271 -2.84221 1.02559 -0.271161 0.27352 -0.049646 0.196081
-1.03354 0.806522 -2.83331 1.02513 -0.272888 0.373488 -0.0746403 0.197412
-1.0516 0.805201 -2.82556 1.02513 -0.272888 0.373488 -0.0746403 0.197412
-1.07177 0.803033 -2.81909 1.0262 -0.268852 0.402276 -0.075648 0.201113
-1.09285 0.800373 -2.80506 1.00013 -0.213013 0.643995 -0.100781 0.206641
-1.12067 0.796875 -2.78845 1.00013 -0.213013 0.643995 -0.100781 0.215921
-1.15336 0.790847 -2.77565 1.00247 -0.201683 0.95917 -0.132788 0.215921
-1.19375 0.782707 -2.76962 0.981655 -0.138293 0.981655 -0.138293 0.233533
-1.24087 0.772997 -2.75602 0.985345 -0.108937 0.985345 -0.108937 0.259715
-1.29075 0.761135 -2.74622 1.2615 0.285542 1.21468 0.0803984 0.259715
-1.3438 0.744634 -2.72717 1.25022 0.331466 1.24302 0.299914 0.299934
-1.39672 0.720673 -2.68864 1.17005 0.539604 1.17005 0.539604 0.348549
-1.44455 0.688238 -2.64412 1.17005 0.539604 1.17005 0.539604 0.348549
-1.48762 0.648764 -2.59068 1.09476 0.670713 1.09476 0.670713 0.405183
-1.526 0.603629 -2.54349 1.06866 0.711567 1.06866 0.711567 0.459293
-1.5596 0.552992 -2.49268 1.06866 0.711567 1.06866 0.711567 0.513452
-1.58934 0.498595 -2.44778 1.04241 0.76741 1.04241 0.76741 0.513452
-1.60965 0.448605 -2.41895 1.01634 0.801621 1.01634 0.801621 0.566187
-1.61826 0.408176 -2.39676 1.01634 0.801621 1.01634 0.801621 0.566187
-1.62477 0.366887 -2.36312 0.981088 0.8444 0.981088 0.8444 0.612944
-1.63519 0.319912 -2.33527 0.967045 0.859197 0.967045 0.859197 0.641238
-1.64581 0.268997 -2.30769 1.09662 0.789638 1.09662 0.789638 0.685063
-1.6562 0.213373 -2.26945 1.09077 0.797705 1.02412 0.76561 0.685063
-1.66658 0.154355 -2.22482 1.08026 0.811879 0.887715 0.719154 0.636475
-1.67375 0.0945014 -2.17524 1.08026 0.811879 0.887715 0.719154 0.636475
-1.67657 0.0361468 -2.1309 1.13828 0.709043 0.810643 0.551261 0.560389
-1.6776 -0.0189972 -2.08392 1.14944 0.690813 0.68851 0.468843 0.496443
-1.67805 -0.0684829 -2.04567 1.23007 0.530653 0.728432 0.385945 0.496443
-1.67925 -0.113267 -2.00992 1.2392 0.508978 0.59061 0.399333 0.458208
-1.67945 -0.153925 -1.97103 1.2459 0.492344 0.522719 0.353724 0.40569
-1.67689 -0.188936 -1.93452 1.28357 0.469834 0.522719 0.353724 0.40569
-1.67247 -0.220941 -1.90058 1.29131 0.448123 0.448508 0.265443 0.355173
-1.66821 -0.250523 -1.87131 1.28508 0.39209 0.345301 0.216544 0.315492
-1.66481 -0.273796 -1.84105 1.28508 0.39209 0.345301 0.216544 0.315492
-1.66127 -0.293878 -1.81169 1.31468 0.32593 0.288956 0.142645 0.282101
-1.65809 -0.312051 -1.78266 1.32319 0.289442 0.229996 0.0905441 0.258217
-1.65646 -0.326321 -1.75592 1.33317 0.273321 0.229996 0.0905441 0.258217
-1.65597 -0.338209 -1.72837 1.33988 0.238261 0.188161 0.0567824 0.236919
-1.65528 -0.349345 -1.7048 1.34931 0.177258 0.164581 0.0191311 0.224081
-1.65518 -0.359192 -1.68198 1.33304 0.148997 0.164581 0.0191311 0.224081
-1.65633 -0.366895 -1.65776 1.33699 0.107955 0.148838 -0.0015292 0.213886
-1.65698 -0.374889 -1.63603 1.32295 0.0495338 0.127204 -0.0155211 0.207498
-1.65796 -0.381845 -1.61709 1.32295 0.0495338 0.127204 -0.0155211 0.207498
-1.65933 -0.388333 -1.60121 1.34495 0.0304665 0.12559 -0.0300792 0.202247
-1.66087 -0.395134 -1.58552 1.34527 0.00749709 0.114961 -0.0366747 0.199061
-1.66245 -0.401598 -1.56849 1.34527 0.00749709 0.114961 -0.0366747 0.199061
-1.66429 -0.407551 -1.55261 1.35636 -0.00811994 0.100924 -0.0362962 0.196855
-1.66568 -0.413108 -1.53807 1.35624 -0.0198034 0.0936755 -0.0317408 0.194827
-1.66718 -0.417973 -1.52561 1.33166 -0.0238761 0.0936755 -0.0317408 0.194827
-1.66852 -0.423495 -1.51051 1.33142 -0.0347914 0.0922625 -0.0227781 0.193883
-1.66953 -0.428344 -1.49876 1.34644 -0.0375349 0.106865 -0.0277606 0.192698
-1.67019 -0.433609 -1.4876 1.34644 -0.0375349 0.106865 -0.0277606 0.19148
-1.67128 -0.439932 -1.47656 1.34583 -0.0551235 0.109099 -0.0247871 0.19148
-1.67202 -0.445892 -1.46708 1.33363 -0.0630944 0.105675 -0.0209318 0.190545
-1.67245 -0.451359 -1.45706 1.33363 -0.0630944 0.105675 -0.0209318 0.190879
-1.67302 -0.456728 -1.44646 1.35613 -0.0527583 0.0901009 -0.0193901 0.190879
-1.67321 -0.4618 -1.43633 1.35624 -0.0498221 0.0769634 -0.0156724 0.189673
-1.67369 -0.466654 -1.42615 1.34131 -0.0696278 0.0784084 -0.0186002 0.188694
-1.67407 -0.470704 -1.4172 1.34131 -0.0696278 0.0784084 -0.0186002 0.188694
-1.67404 -0.474697 -1.40935 1.34083 -0.078313 0.0985605 -0.02531 0.188671
-1.67446 -0.479658 -1.40006 1.3636 -0.0750272 0.115324 -0.0291846 0.188278
-1.67474 -0.485935 -1.39082 1.3636 -0.0750272 0.115324 -0.0291846 0.188278
-1.67517 -0.492453 -1.38204 1.34699 -0.0736356 0.15133 -0.038249 0.189427
-1.67549 -0.499847 -1.37739 1.34639 -0.0838449 0.177702 -0.0417936 0.189569
-1.67595 -0.50924 -1.37075 1.35489 -0.077713 0.177702 -0.0417936 0.192593
-1.67617 -0.518881 -1.36589 1.3542 -0.0889714 0.175602 -0.0410093 0.192593
-1.6766 -0.528347 -1.36032 1.35286 -0.107411 0.302133 -0.0481197 0.193683
-1.67729 -0.541855 -1.35755 1.33074 -0.131438 0.532816 -0.0667856 0.196425
-1.67867 -0.563604 -1.3596 1.33074 -0.131438 0.532816 -0.0667856 0.196425
-1.67826 -0.590308 -1.35536 1.33582 -0.133173 0.72606 -0.07805 0.207942
-1.67693 -0.623941 -1.35391 1.33721 -0.11837 1.07036 -0.0918435 0.218208
-1.67459 -0.668268 -1.35974 1.33721 -0.11837 1.07036 -0.0918435 0.218208
-1.6709 -0.719846 -1.36358 1.33907 -0.0950763 1.33245 -0.106532 0.235743
-1.66651 -0.779465 -1.36518 1.35673 -0.0636291 1.35673 -0.0636291 0.281315
-1.66064 -0.845458 -1.36604 1.35673 -0.0636291 1.35673 -0.0636291 0.281315
-1.65345 -0.914107 -1.36451 1.3581 -0.0180858 1.3581 -0.0180858 0.345954
-1.64447 -0.983171 -1.358 1.31145 0.316841 1.31145 0.316841 0.433646
-1.63017 -1.04258 -1.33132 1.31145 0.316841 1.31145 0.316841 0.433646
-1.60534 -1.11196 -1.29759 1.1923 0.572693 1.1923 0.572693 0.531167
-1.57949 -1.1743 -1.27126 1.17093 0.615213 1.17093 0.615213 0.627371
-1.54639 -1.23177 -1.23677 1.1175 0.797265 1.1175 0.797265 0.701463
-1.50571 -1.28258 -1.18611 1.09762 0.824425 1.09762 0.824425 0.701463
-1.45907 -1.32858 -1.13696 1.08571 0.840044 1.08571 0.840044 0.762916
-1.41371 -1.36677 -1.08686 1.02318 0.941477 1.02318 0.941477 0.762916
-1.35367 -1.40737 -1.02244 1.01395 0.951412 1.01395 0.951412 0.801886
-1.29496 -1.43803 -0.969334 0.974179 0.900715 0.974179 0.900715 0.829379
-1.23361 -1.46428 -0.917759 0.974179 0.900715 0.974179 0.900715 0.840862
-1.17081 -1.48628 -0.868911 0.970777 0.90438 0.970777 0.90438 0.840862
-1.10739 -1.50523 -0.818372 0.969347 0.905913 0.969347 0.905913 0.843611
-1.04318 -1.51944 -0.765058 0.969347 0.905913 0.969347 0.905913 0.843611
-0.978586 -1.52997 -0.710397 1.08667 0.864389 1.08667 0.864389 0.843722
-0.913191 -1.53813 -0.656298 1.08665 0.86441 1.08665 0.86441 0.85096
-0.846807 -1.54438 -0.608516 1.14373 0.785681 1.14373 0.785681 0.85096
-0.779545 -1.54984 -0.566199 1.14306 0.786659 1.14306 0.786659 0.852333
-0.712124 -1.55507 -0.52792 1.25496 0.64961 1.25496 0.64961 0.879935
-0.643884 -1.56176 -0.491199 1.25496 0.64961 1.25496 0.64961 0.879935
-0.574614 -1.56944 -0.456205 1.28848 0.562903 1.28848 0.562903 0.912406
-0.504881 -1.57695 -0.426595 1.28636 0.56774 1.28636 0.56774 0.955878
-0.435017 -1.58436 -0.397337 1.28636 0.56774 1.28636 0.56774 0.955878
-0.365059 -1.59023 -0.363159 1.30394 0.499947 1.30394 0.499947 1.01186
-0.302566 -1.59347 -0.336089 1.30152 0.506228 1.30152 0.506228 1.08077
-0.22565 -1.59672 -0.308801 1.33897 0.426912 1.33897 0.426912 1.08077
-0.155922 -1.59906 -0.28529 1.33776 0.430699 1.33776 0.430699 1.13557
-0.0858385 -1.60147 -0.262524 1.36905 0.406298 1.36905 0.406298 1.03864
-0.0149957 -1.60456 -0.239814 1.34366 0.365258 1.34366 0.365258 1.03864
0.0565411 -1.60759 -0.215546 1.34537 0.358898 1.34537 0.358898 0.943463
0.12072 -1.60887 -0.197408 1.34499 0.304832 1.34499 0.304832 0.943463
0.199309 -1.60959 -0.176568 1.34407 0.308843 1.34407 0.308843 0.854603
0.270479 -1.60998 -0.161936 1.36281 0.237548 1.36281 0.237548 0.765961
0.341566 -1.61091 -0.148027 1.36281 0.237548 1.36281 0.237548 0.765961
0.400881 -1.60931 -0.158932 1.41072 0.197774 1.34485 0.207703 0.678611
0.450896 -1.60776 -0.161306 1.41045 0.1997 1.13428 0.241327 0.613747
0.510104 -1.61101 -0.160093 1.41045 0.1997 1.13428 0.241327 0.613747
0.575549 -1.61507 -0.158736 1.37129 0.18771 1.00688 0.242636 0.552678
0.636742 -1.61615 -0.159181 1.37061 0.192621 0.911187 0.261869 0.51027
0.690108 -1.61349 -0.156578 1.32286 0.394815 0.92834 0.375673 0.51027
0.740764 -1.60787 -0.132837 1.32579 0.384861 0.87993 0.36129 0.424405
0.790032 -1.59931 -0.104087 1.26312 0.422316 0.751618 0.397909 0.402585
0.83502 -1.58777 -0.0722027 1.26312 0.422316 0.751618 0.397909 0.402585
0.876647 -1.57397 -0.0390759 1.26828 0.406552 0.714586 0.344267 0.401792
0.915922 -1.55893 -0.00426528 1.27212 0.394384 0.717994 0.239042 0.395103
0.953801 -1.54597 0.026202 1.27212 0.394384 0.717994 0.239042 0.395103
0.987666 -1.53629 0.0531626 1.26233 0.445313 0.702408 0.120245 0.360568
1.02879 -1.526 0.0871955 1.27155 0.418264 0.692588 -0.0222146 0.33411
1.0655 -1.52167 0.121658 1.26958 0.409177 0.692588 -0.0222146 0.33411
1.10156 -1.52049 0.155735 1.27714 0.384932 0.657637 -0.107077 0.31549
1.13342 -1.51996 0.183653 1.2828 0.365612 0.617761 -0.152166 0.304441
1.17079 -1.52109 0.218152 1.22852 0.358278 0.617761 -0.152166 0.304441
1.20336 -1.52216 0.251206 1.23195 0.346304 0.553496 -0.143422 0.297613
1.23545 -1.52235 0.287637 1.22607 0.418371 0.506327 -0.137728 0.291832
1.26391 -1.522 0.326357 1.22607 0.418371 0.506327 -0.137728 0.291832
1.28826 -1.52115 0.362129 1.18694 0.423463 0.511003 -0.174916 0.284118
1.31867 -1.51939 0.405805 1.19022 0.414166 0.476119 -0.177047 0.275887
1.34379 -1.51842 0.436601 1.21999 0.446392 0.476119 -0.177047 0.275887
1.37313 -1.51594 0.47943 1.22395 0.43541 0.451979 -0.184318 0.267517
1.39896 -1.51367 0.520648 1.22395 0.43541 0.451979 -0.184318 0.259439
1.42425 -1.51089 0.556057 1.22809 0.423587 0.446302 -0.180312 0.259439
1.44952 -1.50709 0.597059 1.23219 0.411501 0.455449 -0.173432 0.254636
1.47435 -1.50119 0.635887 1.28022 0.406377 0.493767 -0.153555 0.251811
1.49953 -1.49364 0.676487 1.28022 0.406377 0.493767 -0.153555 0.251811
1.52533 -1.48393 0.714306 1.30488 0.366021 0.480021 -0.11985 0.250838
1.54981 -1.47268 0.754757 1.30533 0.364413 0.459064 -0.0659114 0.249818
1.57113 -1.45959 0.798856 1.30533 0.364413 0.459064 -0.0659114 0.249818
1.59089 -1.44536 0.83842 1.33447 0.350605 0.429075 0.0172459 0.25297
1.60731 -1.42957 0.878783 1.33265 0.357461 0.372711 0.0505697 0.25335
1.62067 -1.4137 0.905677 1.37341 0.322207 0.372711 0.0505697 0.25335
1.63142 -1.39724 0.948017 1.37211 0.327699 0.334128 0.0822768 0.251443
1.64025 -1.38081 0.987427 1.36511 0.283733 0.300536 0.110937 0.246268
1.64665 -1.365 1.01489 1.36511 0.283733 0.300536 0.110937 0.246268
1.65172 -1.34915 1.04523 1.36804 0.269252 0.346058 0.0953861 0.242279
1.65711 -1.33239 1.07926 1.3938 0.242134 0.378839 0.0887517 0.236921
1.66395 -1.31358 1.10806 1.3938 0.242134 0.378839 0.0887517 0.236921
1.67046 -1.29457 1.13086 1.4021 0.19241 0.422478 0.0803559 0.235237
1.67777 -1.27436 1.15428 1.40343 0.182487 0.445213 0.0675118 0.237073
1.68443 -1.25496 1.171 1.38817 0.166745 0.445213 0.0675118 0.237073
1.69315 -1.22957 1.19428 1.38754 0.171891 0.414989 0.0848125 0.240059
1.69871 -1.20712 1.20628 1.38731 0.173801 0.400411 0.0955805 0.247516
1.70412 -1.18577 1.22719 1.36562 0.162531 0.400411 0.0955805 0.254016
1.70752 -1.16432 1.25513 1.36302 0.183058 0.381559 0.110516 0.254016
1.71052 -1.1437 1.27388 1.36435 0.195888 0.376955 0.114361 0.256599
1.71248 -1.12396 1.28754 1.36435 0.195888 0.376955 0.114361 0.258741
1.71355 -1.10338 1.30229 1.35093 0.181571 0.396398 0.112322 0.258741
1.71445 -1.08284 1.31731 1.35158 0.176705 0.371646 0.111748 0.258913
1.71543 -1.06212 1.33327 1.35853 0.175638 0.371646 0.111748 0.258114
1.71599 -1.04182 1.34331 1.36756 0.152399 0.40643 0.0999003 0.258114
1.71712 -1.02142 1.35449 1.36805 0.147898 0.428062 0.0691353 0.256759
1.71968 -0.999261 1.36722 1.35084 0.110495 0.459958 0.04272 0.257258
1.72325 -0.975847 1.37851 1.35084 0.110495 0.459958 0.04272 0.257258
1.72787 -0.951827 1.39054 1.30282 0.0906078 0.43132 0.0423641 0.257219
1.73108 -0.928309 1.39761 1.3025 0.0950595 0.391982 0.069405 0.261213
1.73267 -0.907068 1.40455 1.34206 0.095174 0.391982 0.069405 0.261213
1.73361 -0.887154 1.41188 1.34046 0.115529 0.353933 0.0952259 0.261593
1.73394 -0.867347 1.42015 1.3391 0.130337 0.343921 0.10272 0.262743
1.73291 -0.849225 1.42722 1.3456 0.128086 0.343921 0.10272 0.262743
1.73171 -0.830852 1.43575 1.34614 0.122257 0.340486 0.0986272 0.259802
1.7306 -0.812677 1.44199 1.33673 0.112274 0.310337 0.107107 0.252594
1.72905 -0.795291 1.44452 1.33673 0.112274 0.310337 0.107107 0.24371
1.72616 -0.778874 1.44688 1.35942 0.0804368 0.338517 0.0816622 0.24371
1.72499 -0.761831 1.45266 1.36066 0.0556602 0.345513 0.0692431 0.241555
1.72453 -0.74373 1.4561 1.36168 0.0181526 0.342951 0.0544718 0.243508
1.72491 -0.725262 1.45949 1.34997 0.0165188 0.342951 0.0544718 0.243508
1.72585 -0.707152 1.46502 1.34999 -0.0148763 0.376276 0.0214119 0.244479
1.72718 -0.688726 1.46624 1.34748 -0.0502158 0.423101 -0.0147017 0.246101
1.7308 -0.667946 1.46831 1.34748 -0.0502158 0.423101 -0.0147017 0.246101
1.7349 -0.645988 1.472 1.36638 -0.0713313 0.473405 -0.0375056 0.247608
1.73959 -0.622846 1.47197 1.36529 -0.0898379 0.506379 -0.0749029 0.252262
1.74585 -0.597244 1.47469 1.36529 -0.0898379 0.506379 -0.0749029 0.252262
1.75279 -0.571405 1.47377 1.34291 -0.0998842 0.464313 -0.124651 0.257187
1.76068 -0.546083 1.47048 1.34157 -0.116524 0.448772 -0.208097 0.265621
1.77016 -0.525875 1.47579 1.34157 -0.116524 0.448772 -0.208097 0.265621
1.78434 -0.502005 1.47676 1.34171 -0.11495 0.420415 -0.205589 0.274969
1.79738 -0.480921 1.48053 1.34571 -0.108366 0.412056 -0.202749 0.268687
1.81008 -0.460716 1.4793 1.34862 -0.096194 0.412056 -0.202749 0.260199
1.82262 -0.440651 1.48583 1.36028 -0.0777477 0.397254 -0.171067 0.260199
1.83391 -0.420988 1.49168 1.36071 -0.0697863 0.374974 -0.131175 0.256198
1.8426 -0.401003 1.50405 1.36071 -0.0697863 0.374974 -0.131175 0.255111
1.85099 -0.382482 1.50644 1.34118 -0.049974 0.356814 -0.0972936 0.255111
1.85759 -0.364258 1.51096 1.34181 -0.0281592 0.337266 -0.0674473 0.257454
1.8643 -0.346927 1.51956 1.37712 -0.00500845 0.337266 -0.0674473 0.256817
1.86871 -0.329637 1.52664 1.37703 0.0164262 0.314574 -0.0453347 0.256817
1.87415 -0.313697 1.52746 1.3531 0.0313057 0.290812 -0.0261603 0.252915
1.87698 -0.298232 1.54611 1.3702 0.049969 0.29643 -0.0129922 0.245197
1.87834 -0.282888 1.55654 1.3702 0.049969 0.29643 -0.0129922 0.245197
1.88075 -0.268787 1.55579 1.3527 0.0570894 0.278138 -0.0104962 0.238381
1.88209 -0.253589 1.5673 1.35207 0.0705263 0.252121 -0.00825527 0.236658
1.88365 -0.239668 1.57868 1.36348 0.075124 0.252121 -0.00825527 0.236658
1.88434 -0.225972 1.58723 1.36352 0.0743458 0.242172 -0.0141862 0.232471
1.88612 -0.214469 1.59529 1.36644 0.0934065 0.260225 0.000535208 0.228052
1.8869 -0.201651 1.60552 1.36644 0.0934065 0.260225 0.000535208 0.226008
1.88712 -0.187869 1.61915 1.36584 0.101822 0.28108 0.00729905 0.226008
1.88748 -0.174033 1.6285 1.37602 0.119205 0.278828 0.0139201 0.223215
1.88726 -0.159453 1.64083 1.37602 0.119205 0.278828 0.0139201 0.220086
1.88612 -0.144306 1.64795 1.37984 0.131289 0.266072 0.010816 0.220086
1.8856 -0.129967 1.66037 1.3793 0.136832 0.300051 0.0152669 0.219541
1.88347 -0.115024 1.67211 1.38342 0.151735 0.35134 0.0395649 0.219035
1.8832 -0.0987621 1.67944 1.38342 0.151735 0.35134 0.0395649 0.219035
1.88047 -0.0804265 1.68776 1.38386 0.147653 0.430053 0.065359 0.220334
1.87668 -0.0601138 1.7015 1.3748 0.150452 0.469927 0.0990963 0.223511
1.87238 -0.0393294 1.70803 1.3748 0.150452 0.469927 0.0990963 0.223511
1.86539 -0.0128738 1.71799 1.37822 0.139723 0.53985 0.13734 0.228718
1.85753 0.0131562 1.7321 1.37832 0.13872 0.57346 0.142508 0.233611
1.84848 0.0412321 1.73863 1.37508 0.138236 0.57346 0.142508 0.24849
1.83897 0.0700911 1.75126 1.37796 0.105711 0.583674 0.0846778 0.24849
1.82998 0.0995729 1.75924 1.37899 0.0913615 0.579655 0.0343206 0.265973
1.82281 0.129924 1.76685 1.38065 0.089145 0.579655 0.0343206 0.289543
1.81785 0.159455 1.77658 1.38171 0.0709023 0.577124 -0.030543 0.289543
1.81324 0.18962 1.78524 1.36027 0.0529341 0.53975 -0.0484993 0.303137
1.81083 0.218763 1.79253 1.36015 0.0559939 0.506291 -0.0544566 0.294369
1.80862 0.246256 1.7975 1.37353 0.0649605 0.506291 -0.0544566 0.294369
1.80633 0.272302 1.80716 1.37369 0.0615968 0.457898 -0.0356373 0.288469
1.80378 0.297282 1.81789 1.3735 0.065617 0.416754 -0.0168403 0.283839
1.80055 0.31916 1.82615 1.3735 0.065617 0.416754 -0.0168403 0.283839
1.79727 0.339907 1.83578 1.37304 0.0746076 0.381809 -0.00338222 0.279133
1.79325 0.360197 1.8474 1.35642 0.0940928 0.346854 0.00300718 0.267096
1.7889 0.378748 1.85938 1.35642 0.0940928 0.346854 0.00300718 0.267096
1.78462 0.39587 1.87211 1.35612 0.122258 0.325525 0.00251334 0.256167
1.78027 0.412561 1.88947 1.35765 0.103834 0.285774 0.0142631 0.250258
1.77577 0.427933 1.91108 1.34227 0.109454 0.285774 0.0142631 0.250258
1.7715 0.441728 1.92966 1.3438 0.0887561 0.270743 -0.00698422 0.242884
1.76716 0.455373 1.94554 1.3451 0.066223 0.245322 -0.00639112 0.240746
1.7635 0.468431 1.96628 1.3374 0.0720272 0.245322 -0.00639112 0.234954
1.75983 0.480494 1.98639 1.33823 0.0544485 0.227573 -0.0110882 0.234954
1.7565 0.492127 2.00829 1.3605 0.0677119 0.244112 -0.0335544 0.231306
1.75287 0.504258 2.03224 1.36105 0.0556776 0.237301 -0.0348104 0.225832
1.74954 0.516583 2.05465 1.332 0.020422 0.237301 -0.0348104 0.225832
1.74637 0.528292 2.07375 1.33214 0.00623289 0.22921 -0.0448446 0.219497
1.74295 0.540693 2.09257 1.33213 -0.00850284 0.262537 -0.0800492 0.214454
1.73991 0.554245 2.11334 1.33213 -0.00850284 0.262537 -0.0800492 0.214454
1.73591 0.568365 2.12782 1.33199 -0.0209718 0.276689 -0.100449 0.212136
1.73291 0.583401 2.15189 1.31374 -0.0538377 0.344846 -0.130733 0.211434
1.72961 0.601238 2.16972 1.31374 -0.0538377 0.344846 -0.130733 0.218632
1.72612 0.619935 2.19086 1.31014 -0.0551424 0.571923 -0.230664 0.218632
1.72125 0.645993 2.21342 1.31084 -0.0347717 0.759531 -0.297093 0.224099
1.71337 0.67972 2.23385 1.33982 -0.0150916 0.759531 -0.297093 0.23103
1.70287 0.71805 2.2489 1.32111 -0.0098993 0.710287 -0.285623 0.23103
1.69127 0.757019 2.26521 1.32111 0.0100904 0.691766 -0.215938 0.241899
1.67871 0.793742 2.28672 1.3613 0.0945124 0.677878 -0.0944057 0.269467
1.66388 0.825818 2.31052 1.3613 0.0945124 0.677878 -0.0944057 0.269467
1.64559 0.85617 2.33273 1.38758 0.241726 0.664427 -0.00430157 0.299044
1.62471 0.884493 2.36325 1.37847 0.289202 0.628793 0.0664306 0.320005
1.6018 0.907885 2.39256 1.37847 0.289202 0.628793 0.0664306 0.320005
1.57757 0.929785 2.4271 1.37189 0.318971 0.590868 0.111741 0.320995
1.55263 0.948977 2.4547 1.37051 0.324858 0.548251 0.141158 0.295966
1.52757 0.964495 2.48164 1.33317 0.316766 0.548251 0.141158 0.295966
1.50256 0.978369 2.50921 1.33948 0.288902 0.53701 0.133528 0.277678
1.47763 0.991718 2.53736 1.3612 0.262352 0.521263 0.115757 0.275707
1.45305 1.00482 2.56637 1.3612 0.262352 0.521263 0.115757 0.275707
1.42866 1.01723 2.59235 1.33356 0.191869 0.525485 0.0732545 0.275009
1.40457 1.02951 2.61951 1.33468 0.183946 0.52254 0.0283777 0.28285
1.38012 1.04276 2.64625 1.33468 0.183946 0.52254 0.0283777 0.28285
1.35683 1.05692 2.66746 1.32363 0.155949 0.521575 -0.0319589 0.29041
1.33357 1.0716 2.6884 1.32299 0.161265 0.547827 -0.117623 0.287351
1.31047 1.08914 2.71034 1.32299 0.161265 0.547827 -0.117623 0.287351
1.28783 1.10768 2.73091 1.3236 0.156218 0.53736 -0.149678 0.281469
1.26534 1.12662 2.74959 1.25855 0.0939204 0.516078 -0.123388 0.27931
1.24527 1.14312 2.76802 1.38407 0.138346 0.516078 -0.123388 0.27931
1.2215 1.1616 2.79216 1.38331 0.145766 0.522075 -0.07232 0.277633
1.19837 1.17691 2.80949 1.37418 0.157486 0.493611 -0.0470693 0.276896
1.17517 1.18945 2.83053 1.37418 0.157486 0.493611 -0.0470693 0.277695
1.15152 1.20057 2.8514 1.37112 0.182226 0.49475 0.0181481 0.277695
1.12818 1.2105 2.87428 1.365 0.223497 0.484297 0.0783569 0.279203
1.10406 1.21669 2.89322 1.3833 0.224412 0.484297 0.0783569 0.273509
1.07914 1.2208 2.90877 1.37204 0.285301 0.443131 0.121362 0.273509
1.06222 1.22276 2.92348 1.35842 0.344356 0.395302 0.188561 0.26369
1.0324 1.22237 2.94492 1.35373 0.339997 0.395302 0.188561 0.255326
1.01115 1.21938 2.96104 1.33727 0.399858 0.345466 0.224069 0.255326
0.991323 1.21484 2.97842 1.31413 0.447606 0.288765 0.241535 0.237966
0.97349 1.20799 2.99212 1.28939 0.514552 0.234738 0.27227 0.235691
0.958276 1.19991 3.00632 1.33784 0.465971 0.234738 0.27227 0.235691
0.944087 1.19093 3.01736 1.3363 0.470344 0.250206 0.284404 0.220072
0.92994 1.18209 3.02958 1.34651 0.47448 0.212086 0.288515 0.215548
0.916306 1.17227 3.04138 1.34651 0.47448 0.212086 0.288515 0.215548
0.903055 1.1624 3.05036 1.34134 0.488904 0.207642 0.29566 0.215513
0.889992 1.15225 3.06044 1.31316 0.454518 0.209043 0.296 0.219255
0.877168 1.14177 3.06892 1.31316 0.454518 0.209043 0.296 0.219255
0.86461 1.131 3.07271 1.33868 0.38883 0.225099 0.301154 0.222805
0.851768 1.12008 3.0757 1.34111 0.380364 0.236753 0.300892 0.227443
0.83853 1.10849 3.07888 1.37565 0.350361 0.236753 0.300892 0.227443
0.825287 1.09725 3.07831 1.37754 0.342879 0.254458 0.302081 0.233314
0.811428 1.08559 3.07879 1.38088 0.329167 0.268576 0.303576 0.239588
0.797024 1.07399 3.07863 1.35259 0.30956 0.268576 0.303576 0.239588
0.78198 1.06212 3.07866 1.3551 0.298411 0.279948 0.302442 0.245755
0.766393 1.05018 3.07987 1.35831 0.283422 0.299358 0.302225 0.252101
0.750485 1.03839 3.07972 1.35831 0.283422 0.299358 0.302225 0.257353
0.734395 1.0262 3.08 1.40088 0.209111 0.31206 0.306359 0.257353
0.717943 1.01398 3.0781 1.40215 0.200407 0.308223 0.309739 0.263241
0.701159 1.00139 3.07563 1.40215 0.200407 0.308223 0.309739 0.268226
0.684617 0.989073 3.07292 1.42777 0.161392 0.306789 0.309857 0.268226
0.667919 0.976737 3.06826 1.42929 0.147246 0.302576 0.314794 0.273167
0.651439 0.9645 3.06411 1.39298 0.123776 0.298646 0.288719 0.274161
0.635009 0.952365 3.05821 1.39429 0.107978 0.385176 0.331034 0.274161
0.61701 0.940145 3.05042 1.4557 0.0580232 0.43812 0.340152 0.276425
0.59655 0.927518 3.03578 1.4557 0.0580232 0.43812 0.340152 0.279429
0.573405 0.915365 3.02382 1.43867 0.0300485 0.477293 0.259135 0.279429
0.549231 0.906235 3.01543 1.42051 -0.00487859 0.475881 0.206093 0.284701
0.523951 0.899883 3.00476 1.41978 -0.0458767 0.490284 0.138711 0.294992
0.498568 0.8967 2.99359 1.43069 -0.0447554 0.490284 0.138711 0.294992
0.473368 0.895468 2.98571 1.4285 -0.0908648 0.520638 0.0622629 0.307141
0.447583 0.896805 2.97493 1.45029 -0.125977 0.529244 0.00288502 0.295027
0.420965 0.901111 2.96723 1.45029 -0.125977 0.529244 0.00288502 0.295027
0.394621 0.906833 2.9586 1.44763 -0.153529 0.550719 -0.0475009 0.287222
0.368237 0.913825 2.94937 1.4371 -0.162776 0.577161 -0.0903465 0.285328
0.340733 0.923679 2.93953 1.4371 -0.162776 0.577161 -0.0903465 0.285328
0.313038 0.934639 2.93209 1.42276 -0.153849 0.59905 -0.118184 0.285726
0.28464 0.946383 2.92271 1.42138 -0.166165 0.628732 -0.138635 0.290092
0.255792 0.960342 2.91911 1.42381 -0.123049 0.628732 -0.138635 0.290092
0.226549 0.975393 2.91389 1.42369 -0.124364 0.650089 -0.147605 0.295309
0.196787 0.990756 2.91267 1.45803 -0.0942919 0.570732 -0.181529 0.30391
0.168502 1.00691 2.90874 1.45803 -0.0942919 0.570732 -0.181529 0.30391
0.142471 1.02279 2.90281 1.45863 -0.0843974 0.47197 -0.186309 0.314808
0.119709 1.03845 2.90706 1.43005 -0.0575842 0.373051 -0.175182 0.320248
0.102753 1.05063 2.90463 1.43005 -0.0575842 0.373051 -0.175182 0.320248
0.0858783 1.06468 2.90602 1.42797 -0.00884873 0.301908 -0.16784 0.284213
0.0723228 1.07721 2.91024 1.42734 -0.0433865 0.222031 -0.14562 0.260937
0.0610517 1.08725 2.91805 1.43146 -0.00556084 0.222031 -0.14562 0.247717
0.0526013 1.09641 2.92692 1.43133 -0.0197857 0.172836 -0.147196 0.247717
0.0444304 1.10511 2.93356 1.43124 -0.0257967 0.142787 -0.134105 0.226551
0.0383561 1.11332 2.9351 1.39158 -0.0213226 0.142787 -0.134105 0.215341
0.0327832 1.12038 2.9392 1.38985 -0.0725098 0.096977 -0.128397 0.215341
0.0278149 1.12709 2.94641 1.41106 -0.0819079 0.0703455 -0.109658 0.214243
0.0241512 1.13281 2.95095 1.41106 -0.0819079 0.0703455 -0.109658 0.202162
0.0212846 1.1376 2.96075 1.39529 -0.0764057 0.0637057 -0.0810808 0.202162
0.0192657 1.14195 2.95806 1.39163 -0.126695 0.0397366 -0.0922697 0.190148
0.0169084 1.14636 2.96477 1.38638 -0.175045 0.0163543 -0.106412 0.189099
0.0159028 1.15067 2.97373 1.37386 -0.182898 0.0163543 -0.106412 0.189099
0.0152909 1.15492 2.98017 1.37233 -0.19405 0.0244472 -0.174895 0.197051
0.0144206 1.16181 2.98955 1.36939 -0.16425 0.0522874 -0.247555 0.186021
0.0136193 1.17188 2.99775 1.36939 -0.16425 0.0522874 -0.247555 0.186021
0.012214 1.18286 3.00744 1.41874 -0.196842 0.0296221 -0.252587 0.18197
0.0116814 1.19459 3.0162 1.41454 -0.225055 0.0192595 -0.240879 0.18575
0.0113449 1.2046 3.02488 1.41225 -0.219844 0.0192595 -0.240879 0.18575
0.0110522 1.21627 3.03215 1.41365 -0.210647 0.0496656 -0.229771 0.197684
0.00995691 1.22726 3.04715 1.42037 -0.159131 0.101092 -0.210013 0.192448
0.0075286 1.23876 3.05449 1.41864 -0.156245 0.101092 -0.210013 0.198164
0.00317188 1.24897 3.06387 1.41771 -0.164444 0.0928899 -0.181038 0.198164
-0.0019161 1.25815 3.07657 1.41713 -0.141204 0.099858 -0.158292 0.209014
-0.00678521 1.26603 3.08587 1.42062 -0.100246 0.148633 -0.137491 0.213212
-0.0123977 1.27373 3.09055 1.40969 -0.105264 0.148633 -0.137491 0.213212
-0.0187923 1.28161 3.09259 1.4113 -0.0807301 0.167358 -0.115903 0.209436
-0.0262126 1.28861 3.10031 1.41148 -0.0776049 0.149225 -0.100819 0.215433
-0.0341494 1.29459 3.11415 1.39925 -0.0820292 0.149225 -0.100819 0.215433
-0.0413291 1.3004 3.12491 1.40069 -0.0520927 0.151428 -0.0846781 0.215335
-0.0487121 1.30541 3.13485 1.38534 -0.0202679 0.180207 -0.0820002 0.211538
-0.0569139 1.30995 -3.14046 1.38534 -0.0202679 0.180207 -0.0820002 0.210044
-0.0665259 1.31391 -3.13441 1.41499 -0.0139341 0.186662 -0.0747245 0.210044
-0.0758377 1.3183 -3.12811 1.41505 0.00542078 0.18861 -0.0426843 0.210491
-0.0853595 1.32162 -3.12126 1.41505 0.00542078 0.18861 -0.0426843 0.211569
-0.0949554 1.32409 -3.11316 1.39336 0.0307475 0.182407 -0.0187693 0.211569
-0.104499 1.32573 -3.10505 1.39254 0.056931 0.16895 -0.00784903 0.214037
-0.113205 1.32701 -3.09864 1.41357 0.0768424 0.153798 -0.00679736 0.218345
-0.121087 1.32758 -3.09313 1.41357 0.0768424 0.153798 -0.00679736 0.218345
-0.128849 1.3282 -3.08649 1.38688 0.101503 0.14449 0.0187555 0.212355
-0.136505 1.32805 -3.08041 1.38545 0.119398 0.148435 0.0349431 0.2057
-0.143902 1.3272 -3.07517 1.38545 0.119398 0.148435 0.0349431 0.199314
-0.151433 1.3257 -3.07773 1.42073 0.139663 0.154303 0.0507998 0.199314
-0.159098 1.3247 -3.06621 1.42085 0.138417 0.146729 0.0597444 0.196325
-0.166117 1.32299 -3.06298 1.38946 0.144858 0.154757 0.0580503 0.193535
-0.173379 1.3199 -3.06059 1.38946 0.144858 0.154757 0.0580503 0.193535
-0.180613 1.31788 -3.0577 1.42692 0.149036 0.154771 0.058697 0.194018
-0.188635 1.31533 -3.055 1.42916 0.125703 0.154732 0.0563775 0.195502
-0.195385 1.31317 -3.05381 1.42916 0.125703 0.154732 0.0563775 0.195502
-0.203846 1.31034 -3.0527 1.4082 0.132476 0.177153 0.0540511 0.198083
-0.212294 1.30791 -3.0475 1.40672 0.147362 0.227658 0.0461356 0.20043
-0.222863 1.30536 -3.04621 1.38511 0.151552 0.227658 0.0461356 0.205079
-0.234867 1.30315 -3.0468 1.38376 0.163444 0.281901 0.0394809 0.205079
-0.248245 1.30063 -3.0451 1.41287 0.0983665 0.360988 0.0395067 0.209151
-0.266076 1.29808 -3.04171 1.41348 0.0892086 0.471905 0.0566773 0.214885
-0.288323 1.29471 -3.04692 1.37989 0.0924306 0.471905 0.0566773 0.214885
-0.310258 1.29143 -3.04579 1.3813 0.0680737 0.628386 0.0595906 0.221536
-0.341572 1.28692 -3.0488 1.3813 0.0681003 0.969617 0.0873141 0.23194
-0.380675 1.28292 -3.05688 1.38437 0.0675732 0.969617 0.0873141 0.23194
-0.427004 1.27858 -3.05929 1.38491 0.0555743 1.06323 0.00708929 0.249522
-0.476037 1.27316 -3.06383 1.35153 0.0505709 0.968374 -0.00718106 0.278562
-0.521368 1.26892 -3.06146 1.35153 0.0505709 0.968374 -0.00718106 0.278562
-0.575897 1.26628 -3.05866 1.34564 0.120819 0.835545 0.0439353 0.321339
-0.622397 1.26415 -3.04684 1.34454 0.132504 0.708597 0.0366514 0.376177
-0.665285 1.25981 -3.02872 1.34454 0.132504 0.708597 0.0366514 0.388852
-0.704138 1.2564 -3.02502 1.37392 0.293157 0.599836 0.00850585 0.388852
-0.737422 1.25222 -3.00919 1.37159 0.303865 0.515553 -0.108113 0.337614
-0.766686 1.25229 -2.99008 1.37637 0.281421 0.428388 -0.175105 0.298877
-0.791539 1.25673 -2.96984 1.37637 0.281421 0.428388 -0.175105 0.298877
-0.814577 1.26304 -2.95456 1.36657 0.346962 0.327629 -0.153365 0.27436
-0.834779 1.26807 -2.92867 1.34843 0.260347 0.300457 -0.171901 0.259097
-0.8524 1.27216 -2.90854 1.34843 0.260347 0.300457 -0.171901 0.259097
-0.86839 1.27827 -2.87938 1.36188 0.227217 0.29175 -0.14531 0.250175
-0.884698 1.282 -2.85439 1.36687 0.194957 0.269359 -0.104513 0.247805
-0.900423 1.28386 -2.83103 1.37405 0.201112 0.269359 -0.104513 0.247805
-0.915882 1.28395 -2.80344 1.37674 0.181729 0.237904 -0.0779297 0.242092
-0.929847 1.28456 -2.77166 1.45285 0.198434 0.228635 -0.0790911 0.23853
-0.943008 1.28399 -2.749 1.45285 0.198434 0.228635 -0.0790911 0.23853
-0.955209 1.28443 -2.71789 1.44191 0.161094 0.218417 -0.0605153 0.230802
-0.96742 1.28272 -2.69444 1.43243 0.118651 0.221138 -0.0595168 0.22674
-0.97977 1.28121 -2.66906 1.43243 0.118651 0.221138 -0.0595168 0.22674
-0.99198 1.2784 -2.64307 1.45737 0.0974597 0.238921 -0.0728668 0.223788
-1.00449 1.27595 -2.62115 1.45809 0.0860525 0.289138 -0.0956164 0.224652
-1.01949 1.27425 -2.59177 1.44817 0.0410422 0.289138 -0.0956164 0.227108
-1.03572 1.26973 -2.57993 1.4483 0.036059 0.306031 -0.113521 0.227108
-1.05251 1.26606 -2.55576 1.42028 -0.00928186 0.388783 -0.164237 0.230905
-1.07172 1.2644 -2.53251 1.42028 -0.00928186 0.388783 -0.164237 0.236109
-1.09373 1.25886 -2.51799 1.4203 -0.00564193 0.539644 -0.260833 0.236109
-1.12013 1.25492 -2.49336 1.43843 0.0203048 0.735287 -0.393471 0.24341
-1.15423 1.24822 -2.46969 1.43817 0.0342774 0.928661 -0.438476 0.251105
-1.19524 1.23882 -2.4389 1.40258 0.0190008 0.919814 -0.428942 0.251105
-1.24025 1.22683 -2.41451 1.40231 0.0333877 1.02625 -0.322857 0.271659
-1.27888 1.21808 -2.40163 1.42106 0.118448 1.21212 -0.243445 0.30215
-1.31528 1.20954 -2.37545 1.42106 0.118448 1.21212 -0.243445 0.30215
-1.35998 1.19198 -2.36663 1.4169 0.160723 1.28614 -0.0657597 0.336719
-1.40937 1.16852 -2.37863 1.35728 0.224374 1.2863 0.101434 0.375818
-1.45854 1.13495 -2.34705 1.35728 0.224374 1.2863 0.101434 0.375818
-1.5048 1.0953 -2.32407 1.3509 0.260045 1.3509 0.260045 0.426347
-1.54848 1.04882 -2.30001 1.34318 0.297369 1.34318 0.297369 0.478553
-1.58934 0.996727 -2.27291 1.32883 0.408791 1.32883 0.408791 0.478553
-1.62777 0.940477 -2.25029 1.30245 0.527509 1.30245 0.527509 0.533059
-1.65448 0.892106 -2.22219 1.29244 0.551578 1.29244 0.551578 0.586219
-1.68783 0.815373 -2.17936 1.29764 0.60629 1.29764 0.60629 0.586219
-1.71055 0.748329 -2.1427 1.28829 0.625903 1.28829 0.625903 0.646341
-1.72845 0.679765 -2.10328 1.29599 0.671909 1.29599 0.671909 0.693656
-1.74178 0.60974 -2.06602 1.29599 0.671909 1.29599 0.671909 0.693656
-1.75173 0.538906 -2.02651 1.27343 0.622764 1.27343 0.622764 0.728608
-1.75949 0.467344 -1.98835 1.26856 0.632622 1.26856 0.632622 0.757203
-1.76405 0.395821 -1.95723 1.26856 0.632622 1.26856 0.632622 0.757203
-1.76629 0.323869 -1.91857 1.26368 0.642314 1.26368 0.642314 0.778518
-1.76631 0.251035 -1.88323 1.25704 0.655204 1.15462 0.631773 0.702405
-1.76285 0.180946 -1.84731 1.25406 0.499777 1.17628 0.488054 0.702405
-1.75793 0.113278 -1.81551 1.25533 0.49658 1.01873 0.460919 0.613588
-1.75397 0.0470588 -1.79104 1.31156 0.394714 0.885371 0.330477 0.527401
-1.74927 -0.0111238 -1.78273 1.31156 0.394714 0.885371 0.330477 0.527401
-1.74501 -0.0624645 -1.76426 1.32034 0.328099 0.759753 0.243986 0.446418
-1.74149 -0.108415 -1.74565 1.31957 0.331173 0.592701 0.261708 0.382058
-1.737 -0.146369 -1.72914 1.31957 0.331173 0.592701 0.261708 0.382058
-1.73114 -0.176381 -1.71367 1.31284 0.329218 0.447795 0.225572 0.332502
-1.72448 -0.208399 -1.69424 1.31021 0.339544 0.344893 0.231994 0.300167
-1.71744 -0.228446 -1.67793 1.32314 0.355069 0.344893 0.231994 0.300167
-1.7085 -0.249686 -1.6554 1.32502 0.348004 0.287307 0.286969 0.269677
-1.69874 -0.267927 -1.63559 1.30098 0.338747 0.22105 0.252823 0.254686
-1.68781 -0.283057 -1.6171 1.30098 0.338747 0.22105 0.252823 0.254686
-1.67685 -0.296019 -1.60073 1.31017 0.301293 0.221628 0.181053 0.245667
-1.66728 -0.308319 -1.58673 1.33934 0.240049 0.19179 0.124343 0.243504
-1.66068 -0.319836 -1.57201 1.33934 0.240049 0.19179 0.124343 0.243504
-1.65619 -0.329962 -1.55776 1.33122 0.144643 0.182884 0.0445931 0.238143
-1.65304 -0.339609 -1.54423 1.33693 0.0754156 0.160222 0.00102611 0.224261
-1.6525 -0.34819 -1.53435 1.34785 0.0745567 0.160222 0.00102611 0.224261
-1.65317 -0.356145 -1.52236 1.34982 0.0156623 0.148823 -0.0310448 0.214464
-1.6539 -0.364196 -1.51118 1.34967 -0.0256683 0.151298 -0.0523343 0.207557
-1.6556 -0.372378 -1.50354 1.33654 -0.0385263 0.151298 -0.0523343 0.207557
-1.65786 -0.380125 -1.49492 1.33556 -0.0639769 0.14427 -0.0539362 0.202681
-1.65957 -0.387701 -1.4859 1.35676 -0.0694832 0.138589 -0.0492644 0.200782
-1.66105 -0.395045 -1.47746 1.35676 -0.0694832 0.138589 -0.0492644 0.200782
-1.66286 -0.402584 -1.46843 1.35533 -0.0749726 0.1202 -0.0432516 0.197987
-1.66431 -0.409235 -1.46163 1.35496 -0.0815275 0.101075 -0.0389871 0.19493
-1.66515 -0.414829 -1.4555 1.34546 -0.0842374 0.101075 -0.0389871 0.19493
-1.66626 -0.42008 -1.44637 1.33602 -0.0861018 0.103712 -0.0479243 0.192877
-1.66763 -0.425573 -1.44031 1.33566 -0.0915632 0.0881465 -0.0439141 0.191645
-1.66892 -0.430397 -1.43459 1.34847 -0.0881423 0.0881465 -0.0439141 0.192411
-1.67004 -0.435158 -1.42827 1.34798 -0.0953173 0.0786413 -0.0414145 0.192411
-1.67146 -0.43939 -1.4204 1.32845 -0.0943052 0.0856099 -0.0333815 0.189529
-1.67249 -0.443769 -1.4138 1.32735 -0.108735 0.072676 -0.0293417 0.190475
-1.67317 -0.448058 -1.40681 1.32735 -0.108735 0.072676 -0.0293417 0.190475
-1.67366 -0.452274 -1.39997 1.36146 -0.0861656 0.0902132 -0.0195684 0.191273
-1.674 -0.456844 -1.39533 1.36146 -0.0861957 0.0992758 -0.0199173 0.190298
-1.6741 -0.462058 -1.38766 1.351 -0.0861549 0.0992758 -0.0199173 0.190298
-1.6745 -0.466858 -1.3818 1.34955 -0.106478 0.120602 -0.0268857 0.189294
-1.67503 -0.473632 -1.37679 1.36222 -0.104227 0.112163 -0.0271213 0.188361
-1.67496 -0.479973 -1.37224 1.36222 -0.104227 0.112163 -0.0271213 0.189626
-1.67512 -0.486131 -1.36756 1.34779 -0.102956 0.138487 -0.0351396 0.189626
-1.67592 -0.493035 -1.36357 1.34882 -0.088524 0.168294 -0.0392182 0.189048
-1.67618 -0.50134 -1.36111 1.34882 -0.088524 0.168294 -0.0392182 0.190892
-1.67632 -0.510406 -1.35892 1.33269 -0.0839521 0.144464 -0.0350228 0.190892
-1.67655 -0.518898 -1.35289 1.32981 -0.121221 0.182091 -0.0396388 0.19347
-1.67717 -0.52803 -1.349 1.33145 -0.103911 0.42612 -0.0687627 0.197312
-1.67897 -0.544733 -1.34584 1.33145 -0.103911 0.42612 -0.0687627 0.197312
-1.6789 -0.566356 -1.34293 1.33671 -0.132451 0.60036 -0.0796318 0.201234
-1.67794 -0.593966 -1.34061 1.33671 -0.132518 0.789613 -0.083947 0.209881
-1.67618 -0.625443 -1.34554 1.33671 -0.132518 0.789613 -0.083947 0.209881
-1.67343 -0.669346 -1.34685 1.32632 -0.115703 1.18119 -0.102824 0.217061
-1.66992 -0.718351 -1.35169 1.32689 -0.108928 1.32689 -0.108928 0.25067
-1.66624 -0.775315 -1.35486 1.3411 -0.093776 1.3411 -0.093776 0.295319
-1.66151 -0.838543 -1.35292 1.34371 -0.0424927 1.34371 -0.0424927 0.295319
-1.65427 -0.905532 -1.35131 1.34998 0.147728 1.34998 0.147728 0.361558
-1.6455 -0.974145 -1.34249 1.34998 0.147728 1.34998 0.147728 0.447933
-1.63251 -1.04144 -1.32323 1.34159 0.210676 1.34159 0.210676 0.447933
-1.61354 -1.1068 -1.30562 1.24628 0.437057 1.24628 0.437057 0.546843
-1.5962 -1.15962 -1.28728 1.24628 0.437057 1.24628 0.437057 0.546843
-1.56351 -1.23307 -1.24518 1.15311 0.709899 1.15311 0.709899 0.637681
-1.52768 -1.28727 -1.1897 1.13711 0.73526 1.13711 0.73526 0.723384
-1.48482 -1.33638 -1.13877 1.02161 0.970712 1.02161 0.970712 0.783932
-1.43769 -1.38081 -1.09675 1.02161 0.970712 1.02161 0.970712 0.783932
-1.38476 -1.41941 -1.0375 0.989271 0.961063 0.989271 0.961063 0.830415
-1.32748 -1.45173 -0.975345 0.989271 0.961063 0.989271 0.961063 0.85245
-1.26758 -1.47832 -0.924629 0.983411 0.967058 0.983411 0.967058 0.85245
-1.20544 -1.49976 -0.881818 0.96851 0.924809 0.96851 0.924809 0.865356
-1.14161 -1.51862 -0.834466 0.967028 0.926358 0.967028 0.926358 0.864905
-1.07722 -1.53316 -0.781426 1.09674 0.922408 1.09674 0.922408 0.864905
-1.01142 -1.54486 -0.728511 1.09678 0.922357 1.09678 0.922357 0.867849
-0.944343 -1.55449 -0.675435 1.09963 0.872253 1.09963 0.872253 0.866536
-0.876377 -1.56207 -0.624226 1.15081 0.852319 1.15081 0.852319 0.866536
-0.807907 -1.56775 -0.579793 1.15093 0.85216 1.15093 0.85216 0.872875
-0.738726 -1.57228 -0.537401 1.21302 0.75283 1.21302 0.75283 0.900686
-0.668967 -1.57577 -0.495732 1.21302 0.75283 1.21302 0.75283 0.900686
-0.598764 -1.57909 -0.457353 1.25213 0.589625 1.25213 0.589625 0.922853
-0.535977 -1.58275 -0.425876 1.25213 0.589625 1.25213 0.589625 0.922853
-0.460339 -1.58862 -0.390661 1.28318 0.508319 1.28318 0.508319 0.965504
-0.392007 -1.59391 -0.358573 1.28053 0.514958 1.28053 0.514958 1.00802
-0.324191 -1.59852 -0.335528 1.28053 0.514958 1.28053 0.514958 1.00802
-0.256022 -1.60215 -0.306292 1.34008 0.45867 1.34008 0.45867 1.07059
-0.18686 -1.60564 -0.282419 1.33871 0.462653 1.33871 0.462653 1.13025
-0.116184 -1.609 -0.260567 1.34949 0.399977 1.34949 0.399977 1.13025
-0.045851 -1.61165 -0.235541 1.34875 0.402485 1.34875 0.402485 1.05508
0.0251798 -1.61387 -0.207728 1.35641 0.340135 1.35641 0.340135 0.959625
0.0964606 -1.61532 -0.186287 1.35641 0.340135 1.35641 0.340135 0.959625
0.168117 -1.61537 -0.169911 1.35548 0.343817 1.35548 0.343817 0.868621
0.23289 -1.61442 -0.154872 1.37891 0.270494 1.37891 0.270494 0.769314
0.31183 -1.61367 -0.138295 1.37891 0.270494 1.37891 0.270494 0.769314
0.384125 -1.61384 -0.121503 1.37194 0.209832 1.35213 0.212818 0.692971
0.455341 -1.61371 -0.109256 1.37164 0.211781 1.15884 0.243856 0.612681
0.521322 -1.61211 -0.0997282 1.37164 0.211781 1.15884 0.243856 0.612681
0.58355 -1.60893 -0.0868506 1.37154 0.2124 1.02984 0.263904 0.543213
0.641895 -1.60412 -0.0738313 1.37154 0.2124 1.02984 0.263904 0.481687
0.696668 -1.59807 -0.0620003 1.30986 0.241687 0.962176 0.288424 0.481687
0.7491 -1.59006 -0.0470039 1.31006 0.240597 0.8757 0.288298 0.442453
0.798076 -1.58036 -0.0300544 1.33043 0.312189 0.8757 0.288298 0.429198
0.84469 -1.56984 -0.00996204 1.33399 0.296593 0.823442 0.245994 0.429198
0.889014 -1.55933 0.00846918 1.28833 0.389024 0.781998 0.181841 0.402951
0.927031 -1.55121 0.0349019 1.28833 0.389024 0.781998 0.181841 0.374669
0.971674 -1.54179 0.0677252 1.27068 0.391792 0.744586 0.0964587 0.374669
1.00725 -1.53529 0.095847 1.27709 0.370341 0.718147 -0.00305037 0.350718
1.04855 -1.53085 0.131829 1.27709 0.370341 0.718147 -0.00305037 0.330712
1.08536 -1.52759 0.16131 1.26962 0.353155 0.671848 -0.0657983 0.330712
1.11826 -1.52559 0.18729 1.2748 0.333992 0.632713 -0.121307 0.316807
1.15285 -1.52429 0.213604 1.24417 0.403879 0.632713 -0.121307 0.316807
1.18633 -1.52415 0.246338 1.24864 0.38987 0.600282 -0.153432 0.306007
1.22274 -1.52425 0.285146 1.21517 0.407991 0.53624 -0.139071 0.297138
1.25034 -1.52365 0.320387 1.21517 0.407991 0.53624 -0.139071 0.289524
1.28175 -1.52222 0.363642 1.21852 0.397899 0.483952 -0.126943 0.289524
1.30876 -1.51992 0.400614 1.2052 0.410077 0.488728 -0.173333 0.281038
1.33524 -1.51775 0.438799 1.2052 0.410077 0.488728 -0.173333 0.270581
1.3624 -1.5157 0.47674 1.22717 0.437023 0.459157 -0.186561 0.270581
1.38889 -1.513 0.512207 1.2322 0.42264 0.438146 -0.190585 0.261655
1.41176 -1.51098 0.545517 1.19227 0.355479 0.438146 -0.190585 0.254767
1.43848 -1.50798 0.588993 1.19601 0.342658 0.449852 -0.191295 0.254767
1.463 -1.50411 0.6248 1.1989 0.332409 0.47495 -0.16315 0.251549
1.48797 -1.49753 0.660987 1.1989 0.332409 0.47495 -0.16315 0.252081
1.51365 -1.48907 0.700473 1.20022 0.327632 0.505549 -0.14263 0.252081
1.53897 -1.47883 0.737916 1.32764 0.368189 0.470907 -0.104051 0.250104
1.56251 -1.46655 0.781449 1.32764 0.368189 0.470907 -0.104051 0.250682
1.58444 -1.45407 0.815651 1.32794 0.332136 0.392019 -0.0044483 0.250682
1.60131 -1.43921 0.859029 1.32739 0.334327 0.345163 0.0519291 0.254962
1.61243 -1.4272 0.889256 1.34988 0.32906 0.319169 0.0701014 0.254067
1.62238 -1.41122 0.926681 1.34988 0.32906 0.319169 0.0701014 0.254067
1.63038 -1.39576 0.968647 1.35026 0.327477 0.36819 0.0818665 0.250309
1.63862 -1.3799 1.00446 1.35026 0.327477 0.36819 0.0818665 0.244697
1.64689 -1.36198 1.04022 1.35148 0.322426 0.294051 0.103826 0.244697
1.65395 -1.34441 1.06867 1.3947 0.230772 0.342857 0.0775395 0.240774
1.65923 -1.32834 1.10097 1.3947 0.230772 0.342857 0.0775395 0.236791
1.66545 -1.31184 1.12517 1.40675 0.212494 0.369781 0.0800114 0.236791
1.67155 -1.29374 1.1508 1.38618 0.176837 0.459353 0.0647935 0.235691
1.6797 -1.27308 1.16498 1.38701 0.170154 0.436427 0.0682561 0.237784
1.68785 -1.25018 1.18869 1.39846 0.169365 0.436427 0.0682561 0.237784
1.69386 -1.22787 1.20779 1.39774 0.175208 0.402247 0.0793414 0.244912
1.69994 -1.20597 1.22821 1.39421 0.182374 0.391929 0.0982096 0.250129
1.70441 -1.18552 1.24611 1.39421 0.182374 0.391929 0.0982096 0.250129
1.70631 -1.1676 1.26112 1.36679 0.181424 0.382054 0.10517 0.253658
1.70957 -1.14386 1.27651 1.36632 0.184973 0.394835 0.106001 0.258518
1.71166 -1.12289 1.30382 1.36632 0.184973 0.394835 0.106001 0.258518
1.71275 -1.10143 1.30313 1.37875 0.19228 0.378001 0.115722 0.254647
1.71406 -1.08158 1.32289 1.38278 0.160795 0.395087 0.0982217 0.25778
1.71558 -1.0612 1.33635 1.36115 0.149622 0.395087 0.0982217 0.25778
1.71724 -1.04037 1.34996 1.36171 0.144506 0.408096 0.0890096 0.25625
1.7189 -1.01924 1.36188 1.34806 0.125827 0.432194 0.0646605 0.257594
1.72123 -0.996926 1.36993 1.34806 0.125827 0.432194 0.0646605 0.259067
1.72426 -0.973982 1.37843 1.35007 0.101924 0.468071 0.031628 0.259067
1.72833 -0.950556 1.39148 1.32776 0.103089 0.422582 0.0613348 0.258378
1.73158 -0.927321 1.39978 1.32776 0.103089 0.422582 0.0613348 0.262494
1.73328 -0.905393 1.40849 1.30237 0.09521 0.383271 0.0761829 0.262494
1.73431 -0.884611 1.41389 1.30021 0.121136 0.344199 0.102976 0.262972
1.73381 -0.865767 1.42134 1.34405 0.127928 0.337748 0.100532 0.262956
1.73258 -0.848004 1.42597 1.34405 0.127928 0.337748 0.100532 0.262956
1.73109 -0.830253 1.43417 1.34458 0.122204 0.330473 0.102096 0.256867
1.72984 -0.812419 1.44153 1.35935 0.110398 0.313518 0.103197 0.249948
1.7283 -0.79484 1.4443 1.35935 0.110398 0.313518 0.103197 0.249948
1.72596 -0.778159 1.44864 1.34825 0.0755563 0.335373 0.0742123 0.245319
1.72501 -0.760946 1.45347 1.34972 0.0415959 0.337765 0.0608685 0.24351
1.72478 -0.743149 1.45498 1.34882 0.0411795 0.337765 0.0608685 0.24351
1.72517 -0.72517 1.45924 1.34943 0.00726265 0.351436 0.0447666 0.243622
1.72563 -0.70695 1.46192 1.33746 -0.0279115 0.381584 0.00656005 0.241776
1.72754 -0.689751 1.46494 1.33746 -0.0279115 0.381584 0.00656005 0.241776
1.73053 -0.667985 1.46848 1.33672 -0.0523845 0.426305 -0.0127159 0.245714
1.73412 -0.64721 1.47156 1.356 -0.0776852 0.482927 -0.0488415 0.246703
1.73848 -0.625954 1.47088 1.356 -0.0776852 0.482927 -0.0488415 0.246703
1.7443 -0.598545 1.47305 1.34424 -0.0970075 0.498622 -0.0832688 0.251882
1.75123 -0.573214 1.47444 1.34377 -0.10336 0.457371 -0.134968 0.256948
1.75935 -0.548567 1.47397 1.34889 -0.0981909 0.457371 -0.134968 0.263636
1.76898 -0.525865 1.47693 1.34778 -0.112475 0.438905 -0.208064 0.263636
1.78059 -0.504148 1.47987 1.34745 -0.116344 0.419016 -0.215121 0.277226
1.7936 -0.483987 1.482 1.34887 -0.10011 0.406577 -0.193399 0.266924
1.80664 -0.46456 1.48304 1.34887 -0.10011 0.406577 -0.193399 0.266924
1.81851 -0.444559 1.48608 1.36338 -0.0842353 0.388646 -0.170212 0.260063
1.82965 -0.425339 1.49042 1.36388 -0.0756849 0.373999 -0.134176 0.256432
1.83867 -0.405978 1.50152 1.34607 -0.0643795 0.373999 -0.134176 0.256432
1.84778 -0.387835 1.50797 1.34668 -0.0498886 0.353655 -0.0972746 0.255617
1.85514 -0.369688 1.50579 1.3473 -0.0285943 0.333254 -0.0676695 0.256273
1.86039 -0.351969 1.51737 1.3651 -0.0186639 0.333254 -0.0676695 0.256273
1.8649 -0.33563 1.52716 1.36522 -0.00117921 0.315312 -0.049095 0.255744
1.86903 -0.319388 1.53222 1.35897 0.0211481 0.297971 -0.0335792 0.251947
1.87249 -0.303879 1.5409 1.35897 0.0211481 0.297971 -0.0335792 0.246192
1.87657 -0.289673 1.54313 1.36044 0.0458635 0.286858 -0.016869 0.246192
1.87808 -0.274009 1.55873 1.36004 0.0565959 0.275869 -0.0126893 0.24257
1.88066 -0.258719 1.56819 1.38145 0.0648546 0.275869 -0.0126893 0.239091
1.88275 -0.245174 1.57422 1.36205 0.0659688 0.258321 -0.0143233 0.239091
1.88397 -0.230882 1.58462 1.36173 0.0722616 0.24253 -0.0146683 0.233666
1.88531 -0.218197 1.58853 1.35043 0.0848792 0.248752 -0.00570292 0.228744
1.88645 -0.206171 1.60156 1.35043 0.0848792 0.248752 -0.00570292 0.228744
1.88582 -0.192716 1.61034 1.36597 0.101135 0.269879 0.00593708 0.225146
1.88699 -0.179696 1.62198 1.36535 0.109191 0.2859 0.0104504 0.223076
1.88759 -0.164749 1.63794 1.39318 0.113991 0.2859 0.0104504 0.220673
1.8861 -0.149158 1.65244 1.37481 0.13229 0.265351 0.0106811 0.220673
1.88643 -0.134978 1.65628 1.3742 0.138476 0.290385 0.0113585 0.219248
1.88525 -0.120552 1.66586 1.36784 0.139367 0.290385 0.0113585 0.21894
1.88379 -0.106197 1.67819 1.36748 0.142865 0.349959 0.0340101 0.21894
1.88314 -0.0894796 1.69107 1.3818 0.14833 0.42529 0.062366 0.220626
1.8801 -0.0684997 1.6971 1.38133 0.152559 0.471035 0.0997944 0.223906
1.87478 -0.0452952 1.70901 1.3704 0.151906 0.471035 0.0997944 0.223906
1.86871 -0.0211242 1.71715 1.37153 0.141374 0.52039 0.125369 0.229166
1.86138 0.00431926 1.72563 1.37177 0.139008 0.572118 0.149999 0.235708
1.85241 0.0318023 1.73923 1.39057 0.141576 0.572118 0.149999 0.235708
1.84259 0.0606549 1.74649 1.39273 0.118479 0.580652 0.101375 0.247923
1.83286 0.0898087 1.75543 1.40046 0.0998176 0.577201 0.0456936 0.262887
1.82628 0.11646 1.76676 1.40046 0.0998176 0.577201 0.0456936 0.262887
1.81958 0.148584 1.77338 1.37359 0.0671286 0.582371 -0.0264537 0.285509
1.81507 0.178694 1.7847 1.37406 0.0565749 0.54603 -0.0472395 0.30438
1.81283 0.208051 1.79007 1.37406 0.0565749 0.54603 -0.0472395 0.296432
1.81099 0.236178 1.79849 1.36759 0.0586474 0.516055 -0.0595009 0.296432
1.80861 0.263784 1.80792 1.36762 0.0577928 0.465294 -0.0405809 0.290698
1.8061 0.289252 1.81585 1.36762 0.0577928 0.465294 -0.0405809 0.285113
1.80331 0.31317 1.82378 1.3673 0.0648749 0.419126 -0.0101526 0.285113
1.79961 0.335474 1.83566 1.3674 0.0981831 0.38899 -0.0016077 0.281287
1.79521 0.355604 1.84807 1.3674 0.0981831 0.38899 -0.0016077 0.262343
1.79108 0.374976 1.86006 1.36734 0.0990436 0.358969 0.00254748 0.262343
1.78665 0.393833 1.87096 1.33293 0.093449 0.319373 0.0167557 0.257248
1.78201 0.410857 1.88532 1.33441 0.0693245 0.294132 0.0107906 0.249089
1.77779 0.426009 1.90175 1.37022 0.123845 0.294132 0.0107906 0.249089
1.77331 0.440299 1.92034 1.37203 0.101868 0.269466 -0.00552725 0.243696
1.76894 0.454101 1.93921 1.3406 0.0788062 0.246635 -0.00740737 0.239326
1.7656 0.467446 1.95949 1.3406 0.0788062 0.246635 -0.00740737 0.239326
1.76246 0.479594 1.9804 1.34146 0.0660712 0.230033 -0.00252342 0.23542
1.75874 0.491164 2.00179 1.34202 0.0537156 0.24616 -0.0212379 0.230828
1.75443 0.502829 2.0208 1.34202 0.0537156 0.24616 -0.0212379 0.225832
1.75098 0.514103 2.03899 1.3491 0.04522 0.241146 -0.0329039 0.225832
1.74702 0.527678 2.06287 1.34945 0.0330587 0.21725 -0.0337789 0.220495
1.74337 0.54028 2.08467 1.34582 0.0199095 0.21725 -0.0337789 0.214382
1.73999 0.551252 2.10507 1.34595 0.00639261 0.253676 -0.0725146 0.214382
1.737 0.563814 2.1219 1.33067 -0.023959 0.272512 -0.0981668 0.209207
1.73382 0.578485 2.14289 1.31459 -0.053117 0.342431 -0.141354 0.206801
1.73087 0.596141 2.15995 1.31459 -0.053117 0.342431 -0.141354 0.206801
1.72715 0.615226 2.1781 1.33069 -0.0503198 0.494144 -0.217055 0.207407
1.72325 0.639792 2.20006 1.33097 -0.0422667 0.756881 -0.312383 0.22472
1.71784 0.669167 2.22234 1.32514 -0.0412296 0.756881 -0.312383 0.22472
1.70772 0.711215 2.23937 1.32578 -0.000236262 0.715714 -0.277322 0.232419
1.69716 0.750339 2.25751 1.37101 0.070472 0.698324 -0.194876 0.243735
1.68417 0.786511 2.28248 1.37101 0.070472 0.698324 -0.194876 0.269428
1.66944 0.82127 2.30679 1.36901 0.102212 0.685786 -0.0933963 0.269428
1.65259 0.853352 2.32662 1.38471 0.222141 0.658099 0.00905535 0.298326
1.63159 0.881122 2.35688 1.38471 0.222141 0.658099 0.00905535 0.323664
1.60979 0.906728 2.38494 1.35453 0.280744 0.629404 0.0734456 0.323664
1.58767 0.92781 2.4132 1.34692 0.315261 0.595267 0.119152 0.321189
1.55997 0.949202 2.44478 1.34139 0.326589 0.595267 0.119152 0.28954
1.53437 0.966554 2.47579 1.34126 0.327114 0.554727 0.146786 0.28954
1.5088 0.981814 2.5018 1.34891 0.294011 0.53109 0.1515 0.276569
1.48345 0.994566 2.53119 1.33382 0.245637 0.519959 0.125947 0.268964
1.45865 1.00757 2.56043 1.33382 0.245637 0.519959 0.125947 0.268964
1.43364 1.01922 2.58897 1.33953 0.2002 0.519519 0.0956886 0.271153
1.40875 1.03131 2.6162 1.34035 0.19468 0.528546 0.0427069 0.278007
1.38515 1.04418 2.63847 1.32937 0.160266 0.528546 0.0427069 0.278007
1.36115 1.0577 2.65853 1.32937 0.160291 0.522633 -0.0182728 0.286462
1.33692 1.07195 2.68456 1.29594 0.138138 0.553399 -0.10725 0.290695
1.31367 1.08928 2.70457 1.26334 0.109199 0.553399 -0.10725 0.290695
1.2905 1.10811 2.72303 1.26303 0.112726 0.5418 -0.131565 0.283769
1.26734 1.12687 2.74149 1.25263 0.0890793 0.51823 -0.111034 0.281454
1.24552 1.14459 2.75946 1.25263 0.0890793 0.51823 -0.111034 0.281454
1.22318 1.16093 2.77892 1.37776 0.154076 0.515614 -0.0659373 0.279396
1.20079 1.17604 2.79691 1.37592 0.169715 0.493572 -0.0358531 0.278175
1.1773 1.18872 2.82158 1.37237 0.164689 0.493572 -0.0358531 0.278175
1.15411 1.19951 2.8409 1.36892 0.191219 0.492526 0.034244 0.27859
1.13083 1.20885 2.86565 1.36323 0.228283 0.48258 0.0806782 0.27802
1.10874 1.2145 2.8826 1.35891 0.223498 0.48258 0.0806782 0.27802
1.0819 1.21944 2.90427 1.34806 0.281612 0.441081 0.122041 0.272879
1.05981 1.2217 2.91997 1.35601 0.344127 0.390727 0.195259 0.264441
1.03725 1.22104 2.93861 1.35601 0.344127 0.390727 0.195259 0.264441
1.01454 1.21748 2.95406 1.33522 0.390991 0.345759 0.222084 0.257218
0.994419 1.2128 2.96978 1.31617 0.450995 0.289936 0.240297 0.24694
0.978148 1.20745 2.98269 1.31617 0.450995 0.289936 0.240297 0.231224
0.960136 1.1994 2.99498 1.30892 0.468335 0.258842 0.263756 0.231224
0.944441 1.19152 3.00483 1.29281 0.511133 0.233704 0.294598 0.222297
0.929815 1.1827 3.01732 1.35711 0.454028 0.233704 0.294598 0.217058
0.916069 1.17255 3.02663 1.34913 0.477204 0.215612 0.290288 0.217058
0.902339 1.16213 3.0362 1.31035 0.46142 0.206572 0.294621 0.217135
0.889582 1.15168 3.04453 1.31118 0.459058 0.211517 0.298027 0.21897
0.877495 1.14093 3.05241 1.31118 0.459058 0.211517 0.298027 0.21897
0.864843 1.13026 3.05893 1.34849 0.414375 0.220023 0.302654 0.223187
0.852728 1.11926 3.06392 1.35165 0.403938 0.233317 0.307428 0.227986
0.840452 1.1084 3.0605 1.32559 0.375588 0.233317 0.307428 0.227986
0.826457 1.09672 3.06917 1.32686 0.371051 0.250186 0.308657 0.234257
0.812446 1.08572 3.06895 1.35196 0.321156 0.265306 0.309563 0.240234
0.797705 1.07417 3.07116 1.35196 0.321156 0.265306 0.309563 0.240234
0.782365 1.0626 3.0735 1.40101 0.293156 0.277899 0.308865 0.247181
0.768291 1.05203 3.0741 1.3888 0.265464 0.300969 0.304059 0.25286
0.750364 1.03913 3.07515 1.3888 0.265464 0.300969 0.304059 0.25286
0.733687 1.02711 3.07696 1.41756 0.227977 0.312997 0.308166 0.258251
0.718614 1.01647 3.0749 1.41908 0.218287 0.306159 0.312665 0.263187
0.701262 1.00423 3.07628 1.42523 0.177145 0.306159 0.312665 0.263187
0.682582 0.990968 3.07498 1.42672 0.164684 0.305926 0.316559 0.26824
0.665401 0.978687 3.07255 1.40948 0.13746 0.302551 0.304303 0.271988
0.649987 0.967775 3.06785 1.40948 0.13746 0.302551 0.304303 0.271988
0.633188 0.956018 3.06253 1.41089 0.122133 0.382692 0.337226 0.277299
0.613192 0.942465 3.05757 1.4135 0.0638806 0.437609 0.336481 0.278462
0.593106 0.929686 3.04638 1.4135 0.0638806 0.437609 0.336481 0.282156
0.570336 0.917456 3.03465 1.47148 0.0198783 0.482983 0.256685 0.282156
0.555361 0.90458 3.01568 1.47154 -0.0147187 0.475434 0.199609 0.288489
0.549008 0.89052 3.00425 1.47154 -0.0147187 0.475434 0.199609 0.288928
0.537149 0.880598 3.00746 1.47047 -0.0579966 0.493673 0.127202 0.288928
0.516023 0.877042 2.99496 1.46844 -0.0966494 0.527528 0.0543482 0.283416
0.493064 0.877852 2.98413 1.45178 -0.0940819 0.527528 0.0543482 0.289319
0.463813 0.881175 2.97268 1.44832 -0.137337 0.511492 -0.00816863 0.289319
0.437395 0.885385 2.9632 1.47346 -0.181724 0.52142 -0.0594566 0.279916
0.414973 0.891733 2.95617 1.47013 -0.20691 0.548736 -0.0972888 0.274885
0.389544 0.901149 2.94624 1.48469 -0.167024 0.548736 -0.0972888 0.274885
0.36083 0.913175 2.93848 1.48301 -0.181396 0.571672 -0.129663 0.276644
0.333772 0.925224 2.93043 1.48301 -0.181396 0.571672 -0.129663 0.281481
0.307055 0.938146 2.92481 1.47064 -0.160364 0.601953 -0.145676 0.281481
0.282461 0.950919 2.91905 1.47036 -0.162895 0.635369 -0.147828 0.289021
0.250871 0.967012 2.91389 1.47169 -0.114742 0.660367 -0.150084 0.296688
0.220563 0.982658 2.91015 1.47169 -0.114742 0.660367 -0.150084 0.296688
0.189977 0.998872 2.9089 1.44943 -0.0855842 0.579585 -0.208234 0.307452
0.164231 1.01416 2.90514 1.44985 -0.0781257 0.48479 -0.223585 0.316138
0.138804 1.03106 2.89834 1.44985 -0.0781257 0.48479 -0.223585 0.316138
0.118218 1.04808 2.90371 1.41926 -0.0593111 0.391724 -0.214187 0.319467
0.099737 1.06446 2.90031 1.41833 -0.0784121 0.311906 -0.245179 0.290322
0.0831128 1.08064 2.90387 1.41833 -0.0784121 0.311906 -0.245179 0.290322
0.0719026 1.09447 2.90982 1.41587 -0.114607 0.256666 -0.289328 0.266045
0.0603537 1.10982 2.91823 1.42317 -0.0595673 0.200955 -0.243787 0.247885
0.0499676 1.12572 2.92329 1.42317 -0.0595673 0.200955 -0.243787 0.247885
0.0418283 1.13878 2.93172 1.38404 -0.0889781 0.192012 -0.268647 0.234527
0.0336546 1.15193 2.94292 1.38243 -0.111287 0.200156 -0.289485 0.226184
0.0263745 1.1648 2.96039 1.38243 -0.111287 0.200156 -0.289485 0.226184
0.0183328 1.18001 2.97012 1.41258 -0.103716 0.21452 -0.270324 0.217974
0.00898163 1.19574 2.98098 1.41153 -0.117091 0.189018 -0.257106 0.211702
0.00121107 1.20801 2.99688 1.37669 -0.120814 0.189018 -0.257106 0.211702
-0.00742468 1.22044 3.01165 1.37605 -0.12789 0.183428 -0.237117 0.208479
-0.0172257 1.23418 3.02126 1.41213 -0.115013 0.195817 -0.206726 0.204177
-0.0251227 1.24443 3.02894 1.41213 -0.115013 0.195817 -0.206726 0.200203
-0.0351195 1.2559 3.0366 1.41184 -0.118457 0.220142 -0.193488 0.200203
-0.0454163 1.26589 3.04636 1.38858 -0.120275 0.190314 -0.173607 0.197089
-0.054255 1.27466 3.05288 1.38858 -0.120275 0.190314 -0.173607 0.194967
-0.0643757 1.28455 3.06374 1.41377 -0.0991462 0.17659 -0.157563 0.194967
-0.0731352 1.2926 3.06917 1.41499 -0.0799093 0.187983 -0.134904 0.190919
-0.0806071 1.29988 3.07672 1.38981 -0.0848897 0.187983 -0.134904 0.189929
-0.0896531 1.308 3.08625 1.39061 -0.0706343 0.194417 -0.111429 0.189929
-0.0975891 1.31425 3.09729 1.39164 -0.0459949 0.163315 -0.0944627 0.189859
-0.107203 1.32018 3.10922 1.39221 -0.0232807 0.138035 -0.0800374 0.188587
-0.114689 1.32474 3.11783 1.39221 -0.0232807 0.138035 -0.0800374 0.188587
-0.121344 1.32777 3.12841 1.39753 0.00468486 0.113217 -0.0570711 0.184809
-0.128049 1.33169 -3.13949 1.39728 0.0268153 0.0827291 -0.0371733 0.185133
-0.132423 1.33422 -3.1277 1.43532 0.0372963 0.0827291 -0.0371733 0.185133
-0.136058 1.33605 -3.12001 1.43493 0.0502417 0.0562973 -0.0233321 0.18143
-0.138981 1.33742 -3.11201 1.43482 0.053157 0.013974 -0.02165 0.178204
-0.140782 1.33843 -3.10713 1.42067 0.0591428 0.013974 -0.02165 0.178204
-0.141617 1.33911 -3.10602 1.42082 0.0552921 -0.0362077 -0.0171445 0.174434
-0.140924 1.33964 -3.10144 1.41193 0.0569697 -0.249004 -0.0514413 0.172606
-0.134474 1.34125 -3.09506 1.41193 0.0569697 -0.249004 -0.0514413 0.168751
-0.121608 1.34397 -3.08765 1.40793 0.0459641 -0.320039 -0.0606124 0.168751
-0.107886 1.34655 -3.07928 1.40837 0.0295893 -0.412907 -0.0756908 0.173724
-0.0916273 1.34977 -3.07283 1.40837 0.0295893 -0.412907 -0.0756908 0.181593
-0.0697752 1.35369 -3.06556 1.42907 0.0050469 -0.11744 -0.00825304 0.181593
-0.0583536 1.35546 -3.05437 1.42904 -0.0108032 -0.0457121 0.00600619 0.186852
-0.0564225 1.35632 -3.05023 1.41155 0.00901286 0.0116472 0.0143579 0.182371
-0.0577076 1.35574 -3.04997 1.41155 0.00901286 0.0116472 0.0143579 0.182371
-0.0583759 1.35578 -3.04728 1.40969 0.0283773 0.0472184 0.0144395 0.173966
-0.0594747 1.35557 -3.04141 1.4098 0.0220477 0.0228253 0.0272144 0.168415
-0.0609211 1.35501 -3.04184 1.40701 0.0229075 0.0228253 0.0272144 0.168505
-0.0622693 1.35429 -3.03685 1.40714 0.0124971 -0.094158 0.0856484 0.168505
-0.0606313 1.35241 -3.03207 1.4072 0.00108288 -0.0307471 0.058176 0.169187
-0.0584663 1.35072 -3.03276 1.40449 0.00161066 -0.0307471 0.058176 0.170611
-0.0573782 1.34942 -3.03115 1.40438 -0.0176295 -0.0552565 0.0662888 0.170611
-0.0558532 1.34738 -3.02815 1.40511 -0.0321955 -0.0589761 0.0644837 0.171514
-0.0530942 1.34524 -3.02853 1.40511 -0.0321955 -0.0589761 0.0644837 0.172505
-0.0503593 1.34315 -3.02777 1.40751 -0.0508662 -0.0819641 0.0698445 0.172505
-0.0469687 1.34051 -3.02759 1.40666 -0.0705349 -0.0962433 0.0729248 0.173337
-0.043308 1.33753 -3.02781 1.40566 -0.0881515 -0.0993852 0.0731238 0.174414
-0.0395618 1.33413 -3.0266 1.41154 -0.0889877 -0.0993852 0.0731238 0.174414
-0.0358167 1.33077 -3.0244 1.41066 -0.102099 -0.107436 0.0753452 0.174842
-0.0314414 1.32736 -3.02273 1.42143 -0.1254 -0.113153 0.0751523 0.174822
-0.0258951 1.32469 -3.02238 1.42143 -0.1254 -0.113153 0.0751523 0.174822
-0.0193543 1.32173 -3.01731 1.4303 -0.134862 -0.273964 0.254736 0.176807
-0.0083493 1.31484 -3.01061 1.43081 -0.129362 -0.145011 0.237265 0.177673
0.00235516 1.30588 -3.00234 1.43195 -0.116014 -0.140198 0.231808 0.178617
0.0107408 1.29807 -3.00173 1.3873 -0.123652 -0.140198 0.231808 0.178617
0.0192049 1.28846 -2.9958 1.3905 -0.080071 -0.0508811 0.0990832 0.179002
0.0238699 1.28337 -2.99322 1.41613 -0.0648922 0.0133068 0.0189295 0.183744
0.0235547 1.28286 -2.99422 1.41613 -0.0648922 0.0133068 0.0189295 0.183744
0.0227113 1.28277 -2.99511 1.38619 -0.0936637 0.0316051 -0.00179233 0.18585
0.0226528 1.28268 -2.99743 1.38525 -0.106574 0.0307194 -0.00841296 0.187533
0.0220025 1.28263 -2.99982 1.38406 -0.110164 0.0307194 -0.00841296 0.187533
0.0217485 1.28271 -3.00666 1.38386 -0.11264 0.0360504 -0.0143454 0.188507
0.0208652 1.28267 -3.01067 1.38168 -0.136755 0.0254105 -0.0134817 0.190014
0.019558 1.2828 -3.01052 1.38224 -0.129347 0.0254105 -0.0134817 0.190014
0.0189378 1.28298 -3.01499 1.38272 -0.124017 0.0232415 -0.0132992 0.190614
0.0181665 1.2829 -3.01691 1.37965 -0.116214 0.0187724 -0.0117927 0.190397
0.0178858 1.2829 -3.01853 1.37965 -0.116214 0.0187724 -0.0117927 0.191794
0.0173774 1.28298 -3.01894 1.37807 -0.111627 0.0189475 -0.0129428 0.191794
0.0170024 1.28309 -3.0205 1.37714 -0.12254 0.0104325 -0.0128031 0.191595
0.0170114 1.28311 -3.02206 1.37782 -0.114644 0.00740412 -0.0068532 0.192006
0.0169254 1.28315 -3.02224 1.37748 -0.112096 0.00740412 -0.0068532 0.192006
0.0170055 1.28313 -3.02236 1.37864 -0.0967632 0.00552597 0.00560753 0.190003
0.0170096 1.28311 -3.02227 1.37585 -0.116559 0.000775008 -0.00510471 0.18898
0.0170007 1.28315 -3.02227 1.37585 -0.116559 0.000775008 -0.00510471 0.18898
0.0170133 1.28321 -3.02306 1.37631 -0.110534 -0.00108266 0.00718189 0.189
0.0171226 1.28311 -3.02283 1.37876 -0.0739895 -0.00211408 -6.40368e-05 0.192
0.0170874 1.28314 -3.02275 1.37876 -0.0739895 -0.00211408 -6.40368e-05 0.188
0.0170877 1.28316 -3.02289 1.37782 -0.0922316 0.00574861 -0.00996169 0.188
0.0170329 1.28313 -3.02249 1.37728 -0.0998683 -0.00388586 -0.00240406 0.186963
0.0170113 1.28312 -3.02238 1.37883 -0.0756053 -0.00534875 0.00730576 0.191018
0.017014 1.28315 -3.02241 1.37883 -0.0756053 -0.00534875 0.00730576 0.191018
0.0170441 1.28314 -3.02249 1.37959 -0.0574726 0.00320436 0.00692039 0.184
0.0170346 1.28311 -3.02239 1.37746 -0.095748 -0.0135759 0.00553444 0.175
0.0170649 1.28314 -3.02289 1.37746 -0.095748 -0.0135759 0.00553444 0.17406
0.0172032 1.28309 -3.02342 1.37516 -0.124956 -0.0352731 0.0226693 0.17406
0.0178361 1.28275 -3.02355 1.37731 -0.0984787 -0.0352995 0.0228474 0.172996
0.0187572 1.28239 -3.02232 1.37731 -0.0984607 -0.0352995 0.0228474 0.180933
0.0196249 1.28174 -3.02346 1.38011 -0.0444334 -0.0352888 0.0227763 0.180933
0.0206853 1.28148 -3.02486 1.38258 -0.0153714 -0.0183898 0.00928705 0.191995
0.0210648 1.28116 -3.02604 1.38232 -0.0311548 0.00436828 -0.000874365 0.186994
0.0210637 1.28152 -3.02874 1.3834 -0.0308899 0.00436828 -0.000874365 0.186994
0.0209708 1.28098 -3.02806 1.38499 -0.0195653 -0.00627871 -0.00070231 0.184343
0.0210465 1.28095 -3.02756 1.38509 -0.00910549 -0.0113226 0.00459008 0.183463
0.0210231 1.28098 -3.02747 1.38604 -0.00759635 -0.0113226 0.00459008 0.186179
0.021047 1.28102 -3.02735 1.386 0.0133551 -0.0135842 0.0055762 0.186179
0.0210971 1.28097 -3.02748 1.38564 0.0343171 -0.00724334 0.00578662 0.188
0.0210899 1.28092 -3.02751 1.38581 0.0268344 -0.0039086 -0.00224603 0.183
0.0210787 1.28094 -3.02757 1.38573 0.0264266 -0.0039086 -0.00224603 0.183
0.0211795 1.28095 -3.02779 1.38595 0.0123998 -0.0159761 0.00736513 0.181958
0.0212631 1.28096 -3.02815 1.38563 0.0323808 -0.015976 0.0073632 0.182
0.0212606 1.28104 -3.02959 1.38563 0.0323808 -0.015976 0.0073632 0.188874
0.0212898 1.28094 -3.02868 1.38464 0.0615055 -0.0148663 0.0140918 0.188874
0.0213801 1.28088 -3.02849 1.38488 0.0625072 -0.00013412 0.0149747 0.19
0.021343 1.28086 -3.02843 1.38488 0.0625072 -0.00013412 0.0149747 0.186
0.0213188 1.28093 -3.02889 1.38552 0.0477628 0.000957058 -0.00635453 0.186
0.0212459 1.28101 -3.02953 1.38539 0.0511708 -0.00922616 0.00485365 0.183851
0.0212199 1.28097 -3.02959 1.38425 0.0761077 -0.0135536 0.00536407 0.183013
0.0211315 1.28112 -3.02891 1.38429 0.076282 -0.0135536 0.00536407 0.183013
0.0212948 1.28099 -3.02972 1.38389 0.0831257 -0.01379 0.00695083 0.181
0.0212854 1.28096 -3.02975 1.3833 0.0885153 -0.0207967 0.0111711 0.177
0.021711 1.28067 -3.03093 1.3833 0.0885153 -0.0207967 0.0111711 0.176067
0.022306 1.2806 -3.03158 1.38343 0.0882819 -0.0304611 0.0189265 0.176067
0.0234433 1.28032 -3.03405 1.38301 0.0945411 -0.0304238 0.018679 0.177843
0.0249794 1.2795 -3.03806 1.37902 0.141354 -0.0260473 0.0155835 0.186017
0.0261799 1.27895 -3.04055 1.38007 0.143913 -0.0260473 0.0155835 0.186017
0.0274539 1.27852 -3.04271 1.38042 0.140517 -0.0078179 0.00425708 0.191327
0.0280683 1.27823 -3.04431 1.38617 0.107555 0.00532567 -0.00727593 0.188986
0.028016 1.27827 -3.04423 1.38617 0.107555 0.00532567 -0.00727593 0.188986
0.0280605 1.27826 -3.04428 1.39196 0.0919593 -0.00208639 -0.000445108 0.186208
0.0281161 1.27817 -3.04526 1.39022 0.115244 -0.00663998 0.00937184 0.190387
0.0282831 1.27808 -3.04614 1.39028 0.117289 -0.00663998 0.00937184 0.190974
0.0284534 1.27795 -3.04592 1.38918 0.128735 0.002533 0.0113513 0.190974
0.0284547 1.2779 -3.04555 1.39187 0.0954071 0.0206683 -0.0103106 0.190978
0.0284105 1.27793 -3.04606 1.39336 0.0710609 0.00938127 -0.00588743 0.190975
0.028405 1.278 -3.0465 1.39336 0.0710609 0.00938127 -0.00588743 0.190975
0.0284555 1.27793 -3.04576 1.39306 0.084131 0.00711189 0.00916472 0.190969
0.0285204 1.27787 -3.04606 1.39291 0.0866209 0.0158906 0.00729127 0.191029
0.0285304 1.2779 -3.0464 1.39291 0.0866209 0.0158906 0.00729127 0.191029
0.0285457 1.27791 -3.04633 1.39455 0.0540685 0.016174 -0.00867616 0.190975
0.0284435 1.27787 -3.04568 1.39411 0.0645588 0.00712383 -0.00499591 0.191007
0.0284228 1.2779 -3.04579 1.39422 0.0651314 0.00712383 -0.00499591 0.191002
0.0284921 1.27791 -3.04654 1.39401 0.0693619 0.00521978 0.0076356 0.191002
0.0285909 1.27785 -3.0468 1.39383 0.069677 0.0159242 0.00706945 0.190966
0.0285773 1.27785 -3.04635 1.39524 0.0305964 0.0206672 -0.0103033 0.191006
0.0282339 1.27796 -3.04667 1.39539 0.0317147 0.0206672 -0.0103033 0.191006
0.0279149 1.27793 -3.04911 1.39538 0.0321184 0.0139081 -0.00773338 0.191043
0.0276533 1.27779 -3.05132 1.39518 0.0400425 0.0125904 0.00100244 0.190964
0.0275188 1.2777 -3.05341 1.39502 0.0396469 0.0125904 0.00100244 0.190833
0.0273363 1.27763 -3.05403 1.39554 0.0110873 0.0276801 -0.000475867 0.190833
0.0273083 1.27763 -3.05522 1.39427 -0.0107183 0.0141576 -0.00935647 0.190776
0.0267526 1.27776 -3.056 1.39429 -0.00875762 0.012139 0.00400272 0.191886
0.0267984 1.27778 -3.05643 1.39396 -0.00724509 0.012139 0.00400272 0.191886
0.0265994 1.27752 -3.05695 1.39398 0.000137419 0.011677 0.00706767 0.191932
0.0262081 1.27756 -3.05817 1.3938 -0.0225525 0.0210164 -0.0126134 0.191923
0.0260969 1.27765 -3.05918 1.39331 -0.0199938 0.0210164 -0.0126134 0.191923
0.0258391 1.27774 -3.06079 1.39312 -0.0303398 0.0164017 0.00390142 0.191808
0.0256305 1.27768 -3.06095 1.39258 -0.0109206 0.0170907 -0.000669447 0.191886
0.0254802 1.27761 -3.06532 1.39258 -0.0109206 0.0170907 -0.000669447 0.192026
0.0253808 1.27745 -3.0653 1.39137 -0.0362355 0.0209995 -0.0124958 0.192026
0.0251497 1.27756 -3.06703 1.39076 -0.054902 0.0142812 -0.0101764 0.191843
0.0246879 1.27763 -3.06743 1.3913 -0.0388881 0.0149451 -0.000524682 0.192873
0.0242506 1.27758 -3.0679 1.3911 -0.0337027 0.0149451 -0.000524682 0.192873
0.0242174 1.27763 -3.0683 1.39094 -0.040037 0.0238365 -0.00315492 0.192925
0.0239138 1.27754 -3.06984 1.38885 -0.0707904 0.01009 -0.0105586 0.193786
0.023669 1.27755 -3.0712 1.38885 -0.0707904 0.01009 -0.0105586 0.193786
0.0237164 1.27759 -3.07123 1.3886 -0.0553208 0.00917291 -0.00449832 0.192945
0.0233231 1.27767 -3.06912 1.38901 -0.0438788 0.0151208 -0.00169057 0.193776
0.0233197 1.27764 -3.06927 1.3886 -0.0421347 0.0151208 -0.00169057 0.194
0.0235294 1.27758 -3.07236 1.38716 -0.0759724 0.0126539 -0.0134848 0.194
0.0234071 1.27768 -3.07293 1.38679 -0.0823985 0.0104843 -0.0132 0.193918
0.0228143 1.27781 -3.0723 1.38593 -0.0870489 0.0217455 -0.0173838 0.194016
0.0223512 1.27795 -3.07461 1.38593 -0.0870489 0.0217455 -0.0173838 0.194016
0.021741 1.2782 -3.07474 1.38648 -0.0698014 0.0307848 -0.021143 0.193004
0.0209097 1.27841 -3.07898 1.38452 -0.101536 0.00822418 -0.0122362 0.193862
0.020158 1.27847 -3.08232 1.38358 -0.0980513 0.00822418 -0.0122362 0.193994
0.0194989 1.27862 -3.08241 1.38304 -0.105297 0.0104546 -0.0128151 0.193994
0.019704 1.27879 -3.08529 1.38335 -0.101194 0.0285651 -0.0202201 0.194666
0.0187231 1.27937 -3.08392 1.38335 -0.101194 0.0285651 -0.0202201 0.193025
0.0177442 1.27995 -3.08532 1.38308 -0.104812 0.0198273 -0.0183085 0.193025
0.0163967 1.28 -3.08994 1.37783 -0.119644 0.00855437 -0.0141293 0.195188
0.015629 1.28027 -3.09225 1.37805 -0.116991 0.0153943 -0.0177453 0.195096
0.0150661 1.28062 -3.09153 1.37524 -0.113676 0.0153943 -0.0177453 0.195096
0.0150138 1.28088 -3.09305 1.37639 -0.0989065 0.0335282 -0.0246926 0.194414
0.0139487 1.28186 -3.09264 1.375 -0.11664 0.0130705 -0.0151102 0.194914
0.0134019 1.28249 -3.0928 1.37431 -0.112728 0.0130705 -0.0151102 0.195113
0.0125552 1.28294 -3.09105 1.37364 -0.120601 0.0173087 -0.0178898 0.195113
0.0123104 1.28346 -3.09198 1.43195 -0.0975743 0.0485017 -0.0328489 0.195251
0.0109309 1.28483 -3.09195 1.43195 -0.0975743 0.0485017 -0.0328489 0.195047
0.00817199 1.28602 -3.09129 1.42949 -0.102258 0.038803 -0.0271703 0.195047
0.00553691 1.28679 -3.09122 1.42864 -0.113489 0.0299214 -0.0232089 0.194271
0.00399303 1.28756 -3.09345 1.4292 -0.106193 0.0416035 -0.0282522 0.196095
0.00226295 1.28824 -3.09282 1.4292 -0.106193 0.0416035 -0.0282522 0.196095
0.000887852 1.28933 -3.09619 1.4289 -0.110168 0.0430723 -0.0309174 0.195171
-0.00148204 1.29023 -3.09613 1.41616 -0.113642 0.0366002 -0.0264746 0.195858
-0.00354706 1.29122 -3.09589 1.41616 -0.113642 0.0366002 -0.0264746 0.195981
-0.00502531 1.29254 -3.0971 1.41246 -0.103315 0.048526 -0.0325589 0.195981
-0.00700269 1.29439 -3.09697 1.41138 -0.117097 0.0342163 -0.0269222 0.195874
-0.00826216 1.29568 -3.09713 1.40614 -0.115376 0.0428027 -0.0300508 0.196034
-0.00968574 1.29735 -3.09883 1.40614 -0.115376 0.0428027 -0.0300508 0.196034
-0.0123946 1.29896 -3.09294 1.40702 -0.104172 0.0544259 -0.0349733 0.195574
-0.0151975 1.30027 -3.0914 1.40216 -0.11578 0.0464673 -0.0308115 0.194578
-0.0175775 1.30105 -3.09123 1.40216 -0.11578 0.0464673 -0.0308115 0.194194
-0.0203651 1.30214 -3.08763 1.40103 -0.10771 0.0705889 -0.0380309 0.194194
-0.0231088 1.30379 -3.0864 1.40178 -0.0974221 0.0893444 -0.0406683 0.195523
-0.027406 1.30569 -3.08358 1.38808 -0.107426 0.0699716 -0.0377499 0.19538
-0.0320682 1.30698 -3.07851 1.38808 -0.107426 0.0699716 -0.0377499 0.19538
-0.036128 1.30836 -3.0768 1.38798 -0.10879 0.0649066 -0.0383922 0.19676
-0.0398685 1.30967 -3.0745 1.38036 -0.0916235 0.0861473 -0.0461442 0.197435
-0.0438356 1.31157 -3.07407 1.38036 -0.0916235 0.0861473 -0.0461442 0.197435
-0.0483231 1.31387 -3.0714 1.42278 -0.0849017 0.0916312 -0.0482866 0.198375
-0.0533119 1.31596 -3.06863 1.422 -0.0971243 0.066313 -0.045611 0.200411
-0.0576466 1.31764 -3.06856 1.41155 -0.0979419 0.066313 -0.045611 0.201393
-0.0610141 1.31941 -3.06927 1.41233 -0.0859187 0.0838479 -0.0537263 0.201393
-0.0645753 1.32177 -3.06683 1.41373 -0.0585668 0.119941 -0.0578787 0.202879
-0.0698256 1.32489 -3.06565 1.40161 -0.0523877 0.125836 -0.0600226 0.203129
-0.0759778 1.32759 -3.06627 1.40161 -0.0523877 0.125836 -0.0600226 0.203129
-0.0828945 1.32962 -3.0656 1.38785 -0.0332927 0.13014 -0.0433003 0.204026
-0.0893489 1.33157 -3.06573 1.38824 0.00335487 0.128641 -0.0284258 0.205506
-0.0968058 1.33275 -3.06139 1.43027 0.00587499 0.128641 -0.0284258 0.207215
-0.103704 1.33385 -3.05938 1.42977 0.0382843 0.128068 -0.0110176 0.207215
-0.109896 1.3348 -3.05914 1.42959 0.0443266 0.112964 -0.00410829 0.211199
-0.115816 1.33526 -3.05561 1.42115 0.0438957 0.112964 -0.00410829 0.204943
-0.121914 1.33541 -3.05254 1.41992 0.0735996 0.0917013 0.000944292 0.204943
-0.12796 1.33521 -3.04703 1.39018 0.109081 0.0988659 0.0208453 0.199258
-0.132387 1.33482 -3.0449 1.38929 0.119961 0.101596 0.0359171 0.195246
-0.137823 1.33368 -3.04139 1.4232 0.121564 0.101596 0.0359171 0.195246
-0.142648 1.33243 -3.04061 1.42403 0.111435 0.0918999 0.039362 0.192511
-0.14784 1.33102 -3.03938 1.40983 0.121983 0.0936448 0.0398175 0.189858
-0.152596 1.3291 -3.04234 1.40983 0.121983 0.0936448 0.0398175 0.189135
-0.157283 1.32762 -3.04226 1.40829 0.138603 0.111848 0.0442068 0.189135
-0.16262 1.32549 -3.03668 1.39444 0.134446 0.124295 0.048118 0.189742
-0.168672 1.32334 -3.03549 1.39444 0.134446 0.124295 0.048118 0.189904
-0.174896 1.32098 -3.03584 1.4332 0.124308 0.113751 0.0421444 0.189904
-0.18093 1.3191 -3.03654 1.43246 0.132535 0.114334 0.0443915 0.192468
-0.186838 1.31726 -3.03668 1.42494 0.119632 0.145681 0.0460131 0.194945
-0.193416 1.31436 -3.03758 1.41624 0.120608 0.145681 0.0460131 0.194945
-0.200783 1.31209 -3.03729 1.4179 0.0991535 0.167164 0.0348874 0.197288
-0.209074 1.30988 -3.03609 1.40123 0.0939009 0.193606 0.0281954 0.200818
-0.218482 1.30777 -3.03581 1.40123 0.0939009 0.193606 0.0281954 0.202733
-0.228509 1.30611 -3.0371 1.43003 0.0912102 0.245981 0.0289707 0.202733
-0.240103 1.30409 -3.03748 1.43023 0.0880491 0.301887 0.0318614 0.206904
-0.254825 1.30157 -3.04053 1.40501 0.083894 0.378297 0.0363277 0.210717
-0.272182 1.29935 -3.03931 1.40501 0.083894 0.378297 0.0363277 0.210717
-0.292659 1.2962 -3.03807 1.40546 0.0759916 0.529836 0.0552592 0.216447
-0.316441 1.29249 -3.03997 1.42449 0.0626573 0.786314 0.068038 0.224772
-0.353313 1.28776 -3.04829 1.42449 0.0626573 0.786314 0.068038 0.236273
-0.39281 1.283 -3.05383 1.37384 0.0712853 1.13037 0.0934529 0.236273
-0.435728 1.27831 -3.06287 1.37534 0.0312852 1.05004 -0.017745 0.25914
-0.48859 1.27516 -3.07132 1.39748 0.0947675 0.908944 0.0211326 0.290823
-0.543978 1.27257 -3.06125 1.39748 0.0947675 0.908944 0.0211326 0.290823
-0.586035 1.2692 -3.05589 1.39863 0.0758995 0.804976 -0.0135796 0.342995
-0.63447 1.26751 -3.04731 1.38487 0.216313 0.637269 0.10363 0.392702
-0.670846 1.2622 -3.02548 1.38487 0.216313 0.637269 0.10363 0.392702
-0.702694 1.25575 -3.01944 1.3545 0.297437 0.512592 0.0173972 0.36641
-0.732614 1.24991 -2.99748 1.35154 0.310629 0.443229 -0.0665475 0.315629
-0.755035 1.24936 -2.97954 1.34291 0.387557 0.435083 -0.0496316 0.315629
-0.780078 1.25051 -2.95176 1.34594 0.376909 0.326339 -0.0696029 0.273689
-0.799555 1.25103 -2.92838 1.35712 0.334446 0.250468 -0.115048 0.24799
-0.813095 1.25295 -2.9086 1.33938 0.334477 0.250468 -0.115048 0.224019
-0.826879 1.25682 -2.88445 1.3518 0.280078 0.225636 -0.187868 0.224019
-0.840676 1.26058 -2.86649 1.3714 0.213419 0.172533 -0.193616 0.210855
-0.85182 1.26562 -2.85284 1.3714 0.213419 0.172533 -0.193616 0.193223
-0.864993 1.27212 -2.83273 1.38392 0.139533 0.147928 -0.206239 0.193223
-0.875725 1.27868 -2.81354 1.38921 0.0693607 0.10459 -0.201584 0.181118
-0.885028 1.28495 -2.79337 1.42919 0.0926762 0.10459 -0.201584 0.178915
-0.893868 1.29177 -2.76667 1.43195 0.0262315 0.0659992 -0.180035 0.178915
-0.901619 1.29884 -2.7413 1.43218 0.00463822 0.0467934 -0.150818 0.173754
-0.908338 1.30263 -2.72103 1.4193 -0.0123498 0.0467934 -0.150818 0.169417
-0.913554 1.30845 -2.69352 1.41868 -0.043791 0.0304348 -0.124257 0.169417
-0.918198 1.31235 -2.67242 1.46876 -0.0821918 0.024371 -0.100237 0.170366
-0.921399 1.31583 -2.65233 1.46916 -0.0746124 0.0095129 -0.075915 0.170315
-0.92434 1.31763 -2.63459 1.46664 -0.0876776 0.0095129 -0.075915 0.170315
-0.926215 1.31998 -2.62285 1.467 -0.0814561 -0.00934331 -0.0515784 0.162063
-0.927904 1.32303 -2.60358 1.46294 -0.136108 -0.0479943 -0.0345274 0.163099
-0.928425 1.32466 -2.59324 1.45829 -0.180334 -0.0479943 -0.0345274 0.163099
-0.927847 1.32677 -2.5736 1.45933 -0.171773 -0.0601484 -0.0182303 0.161072
-0.927051 1.32865 -2.5583 1.45902 -0.182454 -0.10022 0.0186977 0.156941
-0.924833 1.33054 -2.53961 1.45902 -0.182454 -0.10022 0.0186977 0.156941
-0.921226 1.33237 -2.52428 1.45629 -0.238954 -0.137695 0.0463317 0.156826
-0.917062 1.33397 -2.50881 1.45605 -0.240388 -0.14636 0.0553153 0.168828
-0.911267 1.33537 -2.50185 1.45605 -0.240388 -0.14636 0.0553153 0.160637
-0.904949 1.33746 -2.4884 1.47413 -0.169833 -0.0625056 0.0273233 0.160637
-0.899731 1.3394 -2.47455 1.47723 -0.140353 -0.0843579 0.0330542 0.159537
-0.89767 1.33976 -2.46461 1.48584 -0.169969 -0.0879261 0.0351373 0.177594
-0.895294 1.34084 -2.4482 1.48584 -0.169969 -0.0879261 0.0351373 0.177594
-0.892313 1.34234 -2.44067 1.49724 -0.090998 -0.0332449 0.00899041 0.169667
-0.889718 1.34348 -2.43307 1.49861 -0.064497 -0.0445486 0.00907583 0.160883
-0.888492 1.34373 -2.42408 1.45238 -0.155059 -0.0445486 0.00907583 0.176854
-0.888151 1.34387 -2.42058 1.45257 -0.153215 -0.0747857 0.0191437 0.176854
-0.8862 1.34516 -2.41755 1.45951 -0.0572616 -0.0277126 -0.00136714 0.171899
-0.885134 1.3459 -2.41476 1.46458 -0.0787925 -0.0277126 -0.00136714 0.160973
-0.884239 1.34702 -2.41347 1.46583 -0.0505619 -0.0384709 0.000197725 0.160973
-0.883561 1.34771 -2.41227 1.4708 -0.0552695 -0.0622742 0.00416874 0.169955
-0.882372 1.3483 -2.41168 1.47076 -0.0563132 -0.042693 0.000811151 0.172964
-0.881051 1.35007 -2.40896 1.47076 -0.0563132 -0.042693 0.000811151 0.172964
-0.880007 1.35058 -2.41114 1.4718 -0.0114467 -0.0361873 5.35303e-05 0.162983
-0.878851 1.35217 -2.40819 1.47148 0.0326988 -0.0581418 0.00507712 0.159966
-0.877875 1.35276 -2.4077 1.47851 0.0281719 -0.0581418 0.00507712 0.159966
-0.875732 1.35422 -2.40576 1.47878 -0.000269226 -0.0644966 0.00473542 0.171971
-0.873686 1.35616 -2.40414 1.48501 0.0261376 -0.0389489 0.00438249 0.169983
-0.872131 1.35714 -2.40615 1.48501 0.0261376 -0.0389489 0.00438249 0.162971
-0.870777 1.35824 -2.4064 1.48985 0.059934 -0.043226 0.0047445 0.162971
-0.869054 1.35936 -2.40807 1.48841 0.0889206 -0.0582199 0.00541942 0.169975
-0.867949 1.36006 -2.40724 1.48837 0.0894515 -0.0433899 0.00572392 0.169993
-0.866096 1.36201 -2.40356 1.49521 0.0872318 -0.0433899 0.00572392 0.169993
-0.8646 1.36305 -2.40428 1.49024 0.149729 -0.0435713 0.00717409 0.169993
-0.863281 1.3641 -2.40324 1.48799 0.189464 -0.0435894 0.00729272 0.169993
-0.861708 1.36537 -2.40122 1.48799 0.189464 -0.0435894 0.00729272 0.169993
-0.859311 1.36701 -2.40167 1.49024 0.170807 -0.0434964 0.0066802 0.168786
-0.858103 1.36821 -2.39975 1.48228 0.229903 -0.0417276 0.0220572 0.172119
-0.856061 1.36929 -2.40271 1.48228 0.229903 -0.0417276 0.0220572 0.171293
-0.854668 1.37002 -2.40004 1.48013 0.243334 -0.0329362 0.0334184 0.171293
-0.853082 1.36959 -2.39927 1.47949 0.247184 -0.0368582 0.0190431 0.168032
-0.851794 1.36976 -2.39767 1.47354 0.280507 -0.0458558 0.0514954 0.170506
-0.849417 1.36941 -2.39527 1.47354 0.280507 -0.0458558 0.0514954 0.170506
-0.846171 1.36954 -2.39282 1.4709 0.294035 -0.0286917 0.0843145 0.173273
-0.842767 1.36869 -2.39318 1.47084 0.29434 -0.0195734 0.105828 0.167487
-0.839238 1.36709 -2.39536 1.47084 0.29434 -0.0195734 0.105828 0.166569
-0.835624 1.36537 -2.3928 1.43341 0.331161 -0.0285411 0.127854 0.166569
-0.831286 1.36273 -2.39543 1.42692 0.358088 -0.0237221 0.172752 0.169839
-0.825998 1.35844 -2.39275 1.43264 0.356307 -0.0237221 0.172752 0.176337
-0.820108 1.3544 -2.38944 1.42719 0.377574 -0.0137997 0.192511 0.176337
-0.813843 1.34737 -2.39556 1.4449 0.332761 0.00177851 0.204307 0.167947
-0.80691 1.34169 -2.39714 1.42329 0.415581 -0.00519939 0.247652 0.173856
-0.800028 1.33412 -2.39516 1.43295 0.395368 -0.00519939 0.247652 0.173856
-0.7927 1.32541 -2.40147 1.43341 0.393707 0.0175507 0.247278 0.191462
-0.785744 1.3173 -2.40661 1.44596 0.344775 0.0544219 0.252025 0.189553
-0.779672 1.3068 -2.40708 1.40918 0.317379 0.0544219 0.252025 0.189553
-0.774355 1.29487 -2.40959 1.40353 0.341483 0.0643291 0.262736 0.193108
-0.768692 1.28356 -2.40596 1.41286 0.307045 0.0680499 0.238756 0.214371
-0.764544 1.2737 -2.42552 1.42215 0.260666 0.119795 0.277172 0.216977
-0.760306 1.25825 -2.42889 1.42033 0.24094 0.119795 0.277172 0.216977
-0.756754 1.24669 -2.44269 1.42068 0.238841 0.120076 0.243427 0.217758
-0.753484 1.23149 -2.44986 1.41879 0.249832 0.111335 0.185849 0.231618
-0.751977 1.21976 -2.45109 1.36001 0.201483 0.111335 0.185849 0.231618
-0.750891 1.20943 -2.46162 1.36421 0.170773 0.140464 0.193403 0.236465
-0.750989 1.2 -2.47195 1.34877 0.15916 0.156907 0.238341 0.236415
-0.750764 1.18735 -2.47868 1.34877 0.15916 0.156907 0.238341 0.236415
-0.750482 1.17329 -2.48992 1.33504 0.169672 0.171066 0.345112 0.237868
-0.749613 1.15676 -2.49912 1.33559 0.165266 0.167482 0.341329 0.24039
-0.747694 1.13858 -2.51142 1.33559 0.165266 0.167482 0.341329 0.245179
-0.745379 1.12002 -2.52077 1.32086 0.152292 0.172946 0.325312 0.245179
-0.743505 1.09975 -2.52937 1.32223 0.139925 0.199113 0.309207 0.248151
-0.742925 1.08319 -2.54007 1.30539 0.129032 0.197134 0.296076 0.239865
-0.743686 1.06526 -2.55175 1.30656 0.116637 0.21486 0.281184 0.239865
-0.74524 1.04779 -2.56711 1.28351 0.0986085 0.231673 0.257148 0.244079
-0.748232 1.03092 -2.57949 1.28351 0.0986085 0.231673 0.257148 0.260495
-0.752227 1.01402 -2.5902 1.28477 0.0806646 0.353354 0.453362 0.260495
-0.756836 0.992836 -2.6115 1.26696 0.0318015 0.409918 0.444529 0.258271
-0.762474 0.967388 -2.62782 1.26719 0.0206127 0.407266 0.386968 0.251718
-0.770255 0.940574 -2.64106 1.24321 0.0176127 0.407266 0.386968 0.251718
-0.779635 0.914119 -2.65238 1.2433 0.00985802 0.386552 0.311562 0.27158
-0.789924 0.88946 -2.669 1.23993 -0.0585385 0.391069 0.166577 0.273524
-0.80203 0.868742 -2.68839 1.23993 -0.0585385 0.391069 0.166577 0.273524
-0.815802 0.852189 -2.70304 1.21008 -0.154455 0.342061 0.0748256 0.272924
-0.829906 0.839888 -2.7197 1.16988 -0.256687 0.310251 -0.0219567 0.281109
-0.842414 0.833466 -2.73507 1.16988 -0.256687 0.310251 -0.0219567 0.281109
-0.85742 0.828698 -2.75344 1.13806 -0.337389 0.280275 -0.0832353 0.259836
-0.871913 0.825688 -2.76408 1.11087 -0.41832 0.279798 -0.13032 0.243891
-0.886298 0.825105 -2.77618 1.06185 -0.42389 0.279798 -0.13032 0.243891
-0.900684 0.825765 -2.79139 1.04947 -0.453686 0.272607 -0.127831 0.233778
-0.914756 0.827037 -2.8059 1.06661 -0.374411 0.264028 -0.140445 0.22803
-0.928784 0.828324 -2.81432 1.06661 -0.374411 0.264028 -0.140445 0.22803
-0.94432 0.830572 -2.82095 1.07089 -0.361985 0.267738 -0.138627 0.224428
-0.957433 0.831713 -2.82729 1.08857 -0.291455 0.283395 -0.116161 0.223002
-0.971964 0.833158 -2.82878 1.08857 -0.291455 0.283395 -0.116161 0.221724
-0.986979 0.833688 -2.82731 1.07239 -0.249083 0.301886 -0.094269 0.221724
-1.0024 0.833938 -2.82351 1.07415 -0.241355 0.291613 -0.0757324 0.222531
-1.0183 0.833129 -2.81646 1.05734 -0.224197 0.291613 -0.0757324 0.223371
-1.0353 0.8313 -2.8073 1.0575 -0.223422 0.302579 -0.0512051 0.223371
-1.04904 0.829569 -2.79987 1.0581 -0.220574 0.406236 -0.0491777 0.225161
-1.06681 0.826558 -2.78906 1.01857 -0.226534 0.406236 -0.0491777 0.226612
-1.0876 0.822308 -2.77762 1.0192 -0.223652 0.546301 -0.0615683 0.226612
-1.11168 0.816727 -2.76722 1.02586 -0.16623 0.797278 -0.121383 0.231038
-1.14446 0.809224 -2.75767 1.02702 -0.158884 1.02702 -0.158884 0.236631
-1.18656 0.799026 -2.74432 1.30079 0.23452 1.07116 -0.163214 0.236631
-1.23644 0.787391 -2.71998 1.29872 0.245716 1.13776 -0.0330845 0.256007
-1.29464 0.772807 -2.68886 1.2916 0.280757 1.25607 0.125113 0.29089
-1.34283 0.756 -2.66433 1.23684 0.319223 1.19568 0.138898 0.336275
-1.4023 0.727734 -2.63217 1.22319 0.368067 1.22319 0.368067 0.336275
-1.44835 0.698584 -2.58917 1.20777 0.415887 1.20777 0.415887 0.387975
-1.49447 0.659594 -2.54999 1.20777 0.415887 1.20777 0.415887 0.446298
-1.53824 0.615574 -2.51421 1.11486 0.663841 1.11486 0.663841 0.446298
-1.57645 0.566762 -2.46992 1.09361 0.698303 1.09361 0.698303 0.505794
-1.60834 0.513103 -2.42281 1.09361 0.698303 1.09361 0.698303 0.505794
-1.63623 0.456278 -2.37989 1.0741 0.727948 1.0741 0.727948 0.563231
-1.65934 0.395858 -2.33168 1.05284 0.758367 1.05284 0.758367 0.621578
-1.67803 0.333822 -2.29252 1.10326 0.79048 1.10326 0.79048 0.678162
-1.6931 0.270055 -2.25237 1.08357 0.817264 1.08357 0.817264 0.678162
-1.70454 0.204319 -2.20293 1.1301 0.747586 0.996658 0.683324 0.658818
-1.71256 0.13948 -2.15768 1.1301 0.747586 0.996658 0.683324 0.658818
-1.71824 0.0776786 -2.11712 1.1752 0.67189 0.878177 0.52885 0.578672
-1.72239 0.0185501 -2.07903 1.18702 0.650788 0.744211 0.437542 0.503414
-1.72545 -0.0335449 -2.04736 1.18702 0.650788 0.744211 0.437542 0.439328
-1.7272 -0.0807436 -2.00764 1.23704 0.551727 0.608619 0.378061 0.439328
-1.72708 -0.122899 -1.96862 1.2449 0.533755 0.474026 0.368071 0.403225
-1.72335 -0.15793 -1.92835 1.25573 0.483356 0.4744 0.365589 0.403225
-1.71691 -0.189166 -1.89216 1.25746 0.478832 0.400134 0.34961 0.354986
-1.70894 -0.216936 -1.85882 1.26028 0.471375 0.327476 0.330778 0.311135
-1.69957 -0.241298 -1.82805 1.26028 0.471375 0.327476 0.330778 0.311135
-1.68969 -0.262928 -1.79708 1.26396 0.461399 0.245794 0.303696 0.277981
-1.67896 -0.284445 -1.76357 1.30325 0.387764 0.222959 0.221191 0.257253
-1.67131 -0.298606 -1.73797 1.30325 0.387764 0.222959 0.221191 0.257253
-1.6639 -0.31209 -1.71334 1.30378 0.283041 0.174859 0.160329 0.244785
-1.6577 -0.324095 -1.69019 1.31565 0.221417 0.171414 0.0907853 0.239502
-1.65298 -0.33407 -1.67061 1.33968 0.236772 0.171414 0.0907853 0.239502
-1.65043 -0.343533 -1.64739 1.35008 0.167583 0.158468 0.0406075 0.226621
-1.64907 -0.35154 -1.6278 1.35683 0.0991268 0.14813 0.00327929 0.214988
-1.64859 -0.359082 -1.60857 1.35225 0.0927725 0.14813 0.00327929 0.214988
-1.64945 -0.366597 -1.59212 1.35473 0.0435117 0.141351 -0.0210151 0.205623
-1.65046 -0.373888 -1.57818 1.33056 -0.0130263 0.152965 -0.0504304 0.200832
-1.65236 -0.381204 -1.56543 1.33056 -0.0130263 0.152965 -0.0504304 0.200832
-1.65475 -0.38915 -1.55028 1.34305 -0.0342567 0.138874 -0.0539121 0.196983
-1.65672 -0.397725 -1.53815 1.34258 -0.0494376 0.121627 -0.0532874 0.194004
-1.65835 -0.403901 -1.52631 1.33281 -0.0532497 0.121627 -0.0532874 0.194004
-1.66097 -0.410715 -1.51455 1.3521 -0.0533529 0.105899 -0.0514308 0.191982
-1.66336 -0.416145 -1.50442 1.35167 -0.0633343 0.0881658 -0.0460976 0.190213
-1.66529 -0.421011 -1.4936 1.33261 -0.0685031 0.0881658 -0.0460976 0.189801
-1.66734 -0.42543 -1.47996 1.33204 -0.078756 0.0880382 -0.0503118 0.189801
-1.6694 -0.430199 -1.46746 1.34017 -0.0733872 0.100349 -0.0415045 0.191752
-1.67109 -0.434867 -1.45581 1.34055 -0.0661059 0.106591 -0.0301731 0.191493
-1.67178 -0.440429 -1.44637 1.32993 -0.0645533 0.106591 -0.0301731 0.191493
-1.67242 -0.446477 -1.43832 1.32902 -0.0811264 0.0994536 -0.0270351 0.191482
-1.67297 -0.452058 -1.42947 1.32898 -0.0818124 0.0972598 -0.0190069 0.189368
-1.6733 -0.457128 -1.42312 1.36136 -0.0718726 0.0972598 -0.0190069 0.189368
-1.67381 -0.461863 -1.41595 1.3614 -0.0711416 0.0784079 -0.0192571 0.188898
-1.67395 -0.465891 -1.40837 1.35266 -0.0872033 0.0879188 -0.0224405 0.189727
-1.67419 -0.470735 -1.40036 1.35266 -0.0872033 0.0879188 -0.0224405 0.187285
-1.67453 -0.475418 -1.39226 1.34606 -0.0791031 0.116474 -0.0271729 0.187285
-1.67475 -0.481868 -1.38519 1.35671 -0.0885252 0.136211 -0.0369371 0.188471
-1.67528 -0.489004 -1.37768 1.35716 -0.081384 0.159362 -0.0396676 0.18763
-1.67594 -0.497089 -1.37186 1.34543 -0.0797527 0.159362 -0.0396676 0.18763
-1.67614 -0.504707 -1.36881 1.34117 -0.133431 0.142856 -0.0377103 0.189684
-1.67665 -0.513384 -1.3632 1.34858 -0.097659 0.186045 -0.0431443 0.193779
-1.67758 -0.52131 -1.35896 1.34858 -0.097659 0.186045 -0.0431443 0.193779
-1.67799 -0.531152 -1.35579 1.35431 -0.135276 0.408841 -0.0621807 0.195072
-1.67963 -0.549099 -1.35331 1.35551 -0.122771 0.529737 -0.0699189 0.201602
-1.68036 -0.573097 -1.35593 1.35551 -0.122771 0.529737 -0.0699189 0.206687
-1.67975 -0.597674 -1.35301 1.33256 -0.127761 0.764729 -0.0818137 0.206687
-1.6787 -0.631143 -1.35491 1.33394 -0.112493 1.07191 -0.0939619 0.213365
-1.67662 -0.67455 -1.36379 1.35107 -0.106935 1.07191 -0.0939619 0.235823
-1.67398 -0.712768 -1.37099 1.35178 -0.0976102 1.33673 -0.123666 0.235823
-1.67162 -0.734057 -1.3871 1.36557 -0.0571481 1.36557 -0.0571481 0.275906
-1.67103 -0.741254 -1.39054 1.36673 -0.00968599 1.36673 -0.00968599 0.306468
-1.67282 -0.753982 -1.38008 1.36673 -0.00968599 1.36673 -0.00968599 0.306468
-1.67257 -0.781846 -1.37419 1.34914 0.146294 1.34914 0.146294 0.322743
-1.67049 -0.824068 -1.38584 1.34745 0.161084 1.34745 0.161084 0.349549
-1.66556 -0.87835 -1.3918 1.34907 0.20906 1.34907 0.20906 0.349549
-1.65645 -0.939293 -1.37969 1.34519 0.232748 1.34519 0.232748 0.395771
-1.6426 -1.00285 -1.35721 1.2676 0.45562 1.2676 0.45562 0.47031
-1.62672 -1.05564 -1.35113 1.2676 0.45562 1.2676 0.45562 0.47031
-1.61207 -1.10016 -1.33123 1.25156 0.498009 1.25156 0.498009 0.564527
-1.59545 -1.14832 -1.30203 1.13252 0.645629 1.13252 0.645629 0.629944
-1.57306 -1.1981 -1.26837 1.13252 0.645629 1.13252 0.645629 0.629944
-1.5442 -1.24952 -1.23691 1.07041 0.862447 1.07041 0.862447 0.682626
-1.50735 -1.29792 -1.17719 1.06138 0.873533 1.06138 0.873533 0.743509
-1.46279 -1.34011 -1.11808 0.999194 0.936532 0.999194 0.936532 0.743509
-1.41259 -1.37677 -1.06632 0.9896 0.946664 0.9896 0.946664 0.791293
-1.35871 -1.40975 -1.01736 1.01103 0.965614 1.01103 0.965614 0.824586
-1.29542 -1.4412 -0.970609 1.01103 0.965614 1.01103 0.965614 0.824586
-1.24108 -1.46284 -0.932699 1.00683 0.969985 1.00683 0.969985 0.834391
-1.17776 -1.48447 -0.884621 1.01145 0.903177 1.01145 0.903177 0.845183
-1.11214 -1.50304 -0.834567 1.01145 0.903177 1.01145 0.903177 0.845183
-1.04528 -1.51778 -0.778751 0.954013 0.801526 0.954013 0.801526 0.844055
-0.980045 -1.52966 -0.72955 0.953535 0.802095 0.953535 0.802095 0.844661
-0.91715 -1.53963 -0.675108 1.12633 0.858648 1.12633 0.858648 0.844661
-0.854273 -1.54714 -0.619988 1.12627 0.85873 1.12627 0.85873 0.856592
-0.790036 -1.55115 -0.576122 1.12506 0.86031 1.12506 0.86031 0.869282
-0.731143 -1.54993 -0.541429 1.19002 0.700722 1.19002 0.700722 0.869282
-0.683794 -1.54104 -0.506296 1.18899 0.702466 1.18899 0.702466 0.886536
-0.64915 -1.52647 -0.46949 1.29657 0.574906 1.29657 0.574906 0.886536
-0.61463 -1.50004 -0.427671 1.29519 0.578018 1.29519 0.578018 0.889744
-0.588708 -1.47077 -0.378329 1.33362 0.467517 1.33362 0.467517 0.864446
-0.559755 -1.44322 -0.331615 1.33362 0.467517 1.33362 0.467517 0.827338
-0.519813 -1.42567 -0.299593 1.33476 0.464234 1.33476 0.464234 0.827338
-0.470127 -1.41678 -0.285174 1.36505 0.294514 1.36505 0.294514 0.806864
-0.412067 -1.41389 -0.273341 1.36505 0.294514 1.36505 0.294514 0.806864
-0.347313 -1.41758 -0.265581 1.43001 0.146144 1.43001 0.146144 0.852959
-0.278496 -1.42795 -0.258943 1.42887 0.156948 1.42887 0.156948 0.920472
-0.207421 -1.44218 -0.250363 1.44721 0.0889522 1.44721 0.0889522 0.920472
-0.135386 -1.45856 -0.24264 1.44715 0.0900001 1.44715 0.0900001 1.0167
-0.0628438 -1.47649 -0.235703 1.43086 0.0996142 1.43086 0.0996142 0.974912
0.00951759 -1.49331 -0.222823 1.43086 0.0996142 1.43086 0.0996142 0.974912
0.0823267 -1.50876 -0.205796 1.43107 0.0965842 1.43107 0.0965842 0.880264
0.155823 -1.52295 -0.19577 1.40456 0.109555 1.40456 0.109555 0.791124
0.229566 -1.53572 -0.187318 1.40456 0.109555 1.40456 0.109555 0.791124
0.303192 -1.54761 -0.178794 1.39546 0.108121 1.39546 0.108121 0.704422
0.375504 -1.55869 -0.169881 1.39556 0.106769 1.33299 0.0908498 0.627288
0.445829 -1.56861 -0.163429 1.42685 0.12378 1.33299 0.0908498 0.627288
0.515036 -1.57823 -0.152312 1.42715 0.120271 1.17088 0.129746 0.552495
0.580349 -1.5856 -0.141549 1.42715 0.120271 1.17088 0.129746 0.501996
0.64185 -1.59055 -0.132814 1.35336 0.178384 1.02843 0.1994 0.501996
0.699986 -1.5922 -0.121875 1.35151 0.191887 0.932188 0.263059 0.46221
0.752639 -1.58979 -0.109401 1.28433 0.35545 0.932188 0.263059 0.426356
0.803285 -1.58508 -0.0862184 1.28617 0.34873 0.835623 0.292613 0.426356
0.853081 -1.57904 -0.0600185 1.2766 0.435089 0.774053 0.277286 0.406914
0.89957 -1.57106 -0.0288351 1.2766 0.435089 0.774053 0.277286 0.406914
0.940935 -1.56102 0.00321214 1.28121 0.421324 0.725365 0.230628 0.402887
0.981045 -1.55057 0.0364597 1.25104 0.439329 0.709719 0.149843 0.37416
1.01895 -1.53963 0.0660788 1.25104 0.439329 0.709719 0.149843 0.34735
1.05664 -1.52958 0.103981 1.23649 0.418414 0.675135 0.0543283 0.34735
1.09266 -1.52277 0.13915 1.24366 0.396593 0.646012 -0.0445865 0.32176
1.12702 -1.51997 0.173267 1.22481 0.41557 0.646012 -0.0445865 0.32176
1.161 -1.51788 0.206681 1.23263 0.391765 0.606482 -0.119436 0.304466
1.19396 -1.51657 0.243896 1.22653 0.437293 0.556614 -0.14401 0.29424
1.22555 -1.51677 0.281176 1.22653 0.437293 0.556614 -0.14401 0.285439
1.2553 -1.51703 0.319326 1.23071 0.425371 0.486793 -0.121725 0.285439
1.28312 -1.51544 0.35815 1.19618 0.400616 0.467763 -0.151209 0.279216
1.30924 -1.51379 0.395844 1.19618 0.400616 0.467763 -0.151209 0.270413
1.33518 -1.51195 0.43584 1.20211 0.410188 0.480772 -0.198202 0.270413
1.36179 -1.50981 0.472562 1.20614 0.398181 0.442881 -0.202158 0.261333
1.38775 -1.5083 0.510875 1.20614 0.398181 0.442881 -0.202158 0.261333
1.41308 -1.50608 0.542308 1.20417 0.35577 0.429766 -0.208065 0.253478
1.44063 -1.50324 0.585211 1.20768 0.343664 0.448195 -0.202676 0.248693
1.46302 -1.50014 0.61713 1.28142 0.3953 0.448195 -0.202676 0.246951
1.48818 -1.49455 0.653424 1.28395 0.387007 0.49288 -0.168109 0.246951
1.51373 -1.48786 0.693423 1.28489 0.383882 0.483441 -0.13633 0.248177
1.53906 -1.47853 0.733557 1.28489 0.383882 0.483441 -0.13633 0.251256
1.56335 -1.46661 0.773544 1.322 0.36377 0.465052 -0.0804164 0.251256
1.58555 -1.45316 0.818087 1.33861 0.363283 0.418682 0.00331728 0.25284
1.60302 -1.4381 0.859477 1.33735 0.367883 0.334246 0.0590689 0.254702
1.61516 -1.42276 0.897002 1.3358 0.331287 0.334246 0.0590689 0.254702
1.62532 -1.40897 0.92038 1.33444 0.336724 0.330888 0.0867724 0.253513
1.63388 -1.39261 0.971268 1.33469 0.335723 0.3059 0.106837 0.247419
1.6412 -1.37602 1.00863 1.33469 0.335723 0.3059 0.106837 0.247419
1.64625 -1.36002 1.04304 1.3755 0.284959 0.326246 0.101861 0.242972
1.65196 -1.34369 1.0758 1.37509 0.230011 0.379363 0.086673 0.237899
1.65807 -1.32577 1.103 1.37509 0.230011 0.379363 0.086673 0.237899
1.66501 -1.30662 1.13341 1.40328 0.198325 0.390467 0.06843 0.234028
1.67173 -1.28792 1.14789 1.40572 0.180222 0.462895 0.0547039 0.234446
1.67912 -1.26623 1.17142 1.39502 0.156668 0.462895 0.0547039 0.234446
1.68835 -1.24315 1.1987 1.39485 0.158137 0.423618 0.0609864 0.237721
1.69572 -1.21995 1.21114 1.39362 0.168675 0.396641 0.0791393 0.246028
1.70101 -1.19818 1.23281 1.39362 0.168675 0.396641 0.0791393 0.246028
1.70528 -1.178 1.25411 1.39085 0.190177 0.3944 0.0987952 0.251205
1.70872 -1.15746 1.27022 1.38312 0.184848 0.392291 0.100905 0.256248
1.71198 -1.13715 1.29435 1.38312 0.184848 0.392291 0.100905 0.256248
1.71376 -1.11535 1.31351 1.36136 0.17711 0.401237 0.104246 0.258038
1.71536 -1.09452 1.32099 1.36195 0.172545 0.376362 0.110341 0.25859
1.71651 -1.07363 1.3366 1.34629 0.162243 0.376362 0.110341 0.25859
1.71706 -1.05294 1.34793 1.34822 0.145362 0.396802 0.0991898 0.260459
1.7176 -1.03275 1.35596 1.3608 0.13822 0.430777 0.073477 0.258167
1.71941 -1.01103 1.3666 1.3608 0.13822 0.430777 0.073477 0.257723
1.72233 -0.987862 1.3773 1.36283 0.116585 0.435103 0.0529523 0.257723
1.72569 -0.964811 1.39185 1.34375 0.0979525 0.447917 0.04317 0.259265
1.72871 -0.94158 1.39792 1.34351 0.101236 0.402393 0.0657638 0.259709
1.73091 -0.919264 1.40612 1.3562 0.0928216 0.402393 0.0657638 0.259709
1.73244 -0.898282 1.41159 1.35501 0.108881 0.357769 0.0901519 0.260923
1.73237 -0.878464 1.42042 1.36061 0.119063 0.340916 0.0980179 0.260962
1.73155 -0.859544 1.42675 1.36061 0.119063 0.340916 0.0980179 0.260962
1.7304 -0.84191 1.43128 1.36086 0.116155 0.343203 0.0901764 0.259975
1.72941 -0.824326 1.43792 1.33984 0.108631 0.316082 0.0998102 0.255191
1.72823 -0.806286 1.44094 1.33984 0.108631 0.316082 0.0998102 0.255191
1.72651 -0.789526 1.44433 1.33763 0.0840598 0.325976 0.0844616 0.249088
1.72561 -0.772535 1.4498 1.33901 0.058059 0.353422 0.0607675 0.244272
1.72505 -0.75458 1.45204 1.36123 0.0580374 0.353422 0.0607675 0.241896
1.72519 -0.735879 1.45623 1.36228 0.0227348 0.336086 0.0549953 0.241896
1.72588 -0.717438 1.45643 1.36246 -0.00510145 0.36536 0.0326105 0.242817
1.72649 -0.69941 1.45852 1.35068 -0.00670985 0.36536 0.0326105 0.246363
1.72836 -0.680705 1.46085 1.3502 -0.0368741 0.41569 -0.000457557 0.246363
1.73128 -0.66036 1.46839 1.34359 -0.0679156 0.464086 -0.0321544 0.246356
1.73579 -0.637584 1.46834 1.34359 -0.0679156 0.464086 -0.0321544 0.248688
1.74024 -0.613434 1.46921 1.36017 -0.0819991 0.512692 -0.0583091 0.248688
1.74595 -0.58856 1.4704 1.35881 -0.102077 0.472455 -0.107347 0.254155
1.75353 -0.563814 1.47326 1.35821 -0.109758 0.446349 -0.18589 0.259594
1.76422 -0.541164 1.473 1.36483 -0.104486 0.446349 -0.18589 0.259594
1.77615 -0.519335 1.48043 1.36412 -0.11337 0.423311 -0.211471 0.271939
1.7888 -0.498036 1.48309 1.3316 -0.105032 0.416071 -0.203708 0.274002
1.80153 -0.477635 1.48371 1.3316 -0.105032 0.416071 -0.203708 0.274002
1.81357 -0.456954 1.48908 1.3483 -0.0872428 0.405277 -0.177432 0.264246
1.82603 -0.437546 1.48865 1.34871 -0.0806381 0.381923 -0.141529 0.258964
1.83528 -0.417085 1.50221 1.34871 -0.0806381 0.381923 -0.141529 0.258964
1.84389 -0.398144 1.50829 1.3613 -0.0497383 0.359277 -0.100831 0.257198
1.85227 -0.380314 1.51287 1.36183 -0.031841 0.342342 -0.073043 0.257105
1.85751 -0.362163 1.50778 1.34336 -0.0273588 0.342342 -0.073043 0.257105
1.86347 -0.345293 1.52531 1.34361 -0.00854367 0.322915 -0.0524975 0.257834
1.86764 -0.328249 1.52767 1.37122 0.0236603 0.301191 -0.0384539 0.254211
1.87067 -0.311908 1.53256 1.37122 0.0236603 0.301191 -0.0384539 0.250266
1.87504 -0.297236 1.54646 1.371 0.0449067 0.290254 -0.0244034 0.250266
1.87768 -0.282477 1.55639 1.37075 0.0519295 0.287624 -0.0160629 0.242987
1.88055 -0.267745 1.56071 1.37014 0.0661642 0.260145 -0.00982451 0.238381
1.88112 -0.252604 1.57736 1.34909 0.0614519 0.260145 -0.00982451 0.238381
1.88281 -0.240204 1.57661 1.34885 0.0665318 0.245503 -0.0135329 0.23529
1.88384 -0.226862 1.58916 1.38358 0.0815401 0.247074 -0.0153842 0.229491
1.88513 -0.214397 1.59434 1.38358 0.0815401 0.247074 -0.0153842 0.229491
1.88659 -0.202208 1.60551 1.37667 0.097353 0.264119 6.11377e-05 0.227272
1.88698 -0.188708 1.61371 1.37551 0.112569 0.277006 0.0170594 0.223544
1.88647 -0.174389 1.6262 1.37551 0.112569 0.277006 0.0170594 0.223544
1.88632 -0.159763 1.63752 1.38576 0.121323 0.279592 0.00843783 0.221584
1.88487 -0.144545 1.64582 1.38425 0.137464 0.275012 0.00695045 0.218311
1.88476 -0.130459 1.65736 1.35852 0.136002 0.275012 0.00695045 0.217822
1.88379 -0.115864 1.66714 1.35821 0.139045 0.319613 0.0234439 0.217822
1.88203 -0.100218 1.68355 1.36281 0.146623 0.381114 0.0478979 0.217931
1.87929 -0.0816244 1.68892 1.36291 0.145647 0.455273 0.081676 0.221083
1.87673 -0.0602411 1.69781 1.36291 0.145647 0.455273 0.081676 0.221083
1.87203 -0.0371244 1.70661 1.38236 0.145618 0.488933 0.106884 0.2257
1.86595 -0.0121274 1.7173 1.38256 0.143683 0.5658 0.162824 0.231653
1.85744 0.0134522 1.73051 1.3601 0.140844 0.5658 0.162824 0.231653
1.8476 0.0415531 1.73558 1.36172 0.124216 0.577555 0.119795 0.24154
1.83838 0.0702818 1.74483 1.3843 0.101862 0.581501 0.0658568 0.254937
1.82976 0.0999592 1.75686 1.3843 0.101862 0.581501 0.0658568 0.254937
1.82274 0.130375 1.76316 1.36561 0.074203 0.578327 -0.000210069 0.274514
1.81703 0.159995 1.76955 1.36641 0.0575784 0.563369 -0.0464986 0.304716
1.81407 0.189336 1.78283 1.36641 0.0575784 0.563369 -0.0464986 0.298808
1.81233 0.218801 1.79084 1.35534 0.057001 0.526644 -0.054377 0.298808
1.8103 0.247362 1.79871 1.35536 0.0566668 0.485331 -0.0468053 0.291959
1.80842 0.27386 1.80878 1.36169 0.0726 0.436796 -0.0206696 0.28807
1.8053 0.296947 1.81797 1.36169 0.0726 0.436796 -0.0206696 0.28807
1.80188 0.318892 1.82993 1.35067 0.0821235 0.399338 -0.0042361 0.282552
1.79811 0.340392 1.84091 1.35043 0.0858519 0.368797 0.00276504 0.272755
1.79379 0.359903 1.85063 1.35043 0.0858519 0.368797 0.00276504 0.272755
1.78951 0.378264 1.8613 1.35048 0.106081 0.338078 0.00876996 0.259667
1.78482 0.395888 1.87551 1.35194 0.0855135 0.308928 0.00619364 0.252906
1.78074 0.412521 1.89078 1.36211 0.129422 0.308928 0.00619364 0.252906
1.77661 0.427617 1.90788 1.3637 0.111483 0.280188 0.00849659 0.244402
1.77268 0.442128 1.92757 1.35485 0.0958928 0.257336 -0.000766518 0.241484
1.76833 0.455818 1.94713 1.35485 0.0958928 0.257336 -0.000766518 0.241484
1.76426 0.467961 1.96977 1.35604 0.0772425 0.23948 -0.00718537 0.237483
1.76059 0.480112 1.99141 1.35496 0.0707335 0.228897 -0.0096395 0.23325
1.75684 0.491908 2.00995 1.35496 0.0707335 0.228897 -0.0096395 0.230037
1.75304 0.503483 2.03012 1.36044 0.0596303 0.25042 -0.0363686 0.230037
1.74929 0.515444 2.05517 1.36091 0.04789 0.228942 -0.0348929 0.222797
1.74579 0.528265 2.07687 1.31639 -0.0207484 0.235426 -0.056395 0.216673
1.74267 0.540646 2.09647 1.31639 -0.0207484 0.235426 -0.056395 0.216673
1.73952 0.552896 2.11455 1.31608 -0.0352192 0.273442 -0.0931923 0.21126
1.73636 0.566592 2.13435 1.3268 -0.0477915 0.266798 -0.102388 0.209031
1.7332 0.581424 2.15147 1.3268 -0.0477915 0.266798 -0.102388 0.209031
1.72989 0.597968 2.16998 1.2963 -0.0807488 0.410055 -0.174916 0.208753
1.72767 0.615307 2.18839 1.29657 -0.0762097 0.627958 -0.269036 0.218775
1.72234 0.642707 2.20815 1.34035 -0.0423268 0.627958 -0.269036 0.227043
1.7151 0.675322 2.22197 1.34094 -0.0150018 0.753284 -0.280421 0.227043
1.70543 0.715851 2.24396 1.34101 0.00609891 0.717351 -0.244235 0.232374
1.69484 0.750592 2.26129 1.34718 0.0231183 0.717351 -0.244235 0.250813
1.68119 0.788036 2.27612 1.3467 0.0428416 0.688042 -0.162381 0.250813
1.66708 0.823195 2.29656 1.37441 0.148757 0.680144 -0.0600159 0.279021
1.65005 0.854121 2.3267 1.36765 0.201628 0.650868 0.0246606 0.309386
1.62956 0.880804 2.35005 1.36765 0.201628 0.650868 0.0246606 0.309386
1.60591 0.905795 2.37344 1.35983 0.248997 0.620438 0.0925269 0.327558
1.58279 0.928386 2.40511 1.35388 0.279513 0.568704 0.144307 0.314064
1.55752 0.946411 2.42903 1.3634 0.36496 0.568704 0.144307 0.314064
1.53221 0.962111 2.45771 1.36698 0.351304 0.549425 0.149768 0.28869
1.50691 0.977631 2.49065 1.35648 0.299614 0.526559 0.142482 0.275719
1.48177 0.990964 2.51941 1.35648 0.299614 0.526559 0.142482 0.275719
1.45711 1.00356 2.54673 1.31245 0.213892 0.514695 0.119345 0.272612
1.43245 1.01556 2.57488 1.31414 0.203209 0.521816 0.0811934 0.277402
1.40846 1.02848 2.59886 1.30209 0.169442 0.521816 0.0811934 0.277402
1.38464 1.04088 2.62294 1.30233 0.167549 0.527232 0.0214718 0.283493
1.36033 1.05419 2.64701 1.302 0.170083 0.528192 -0.0386516 0.291387
1.33705 1.06948 2.67174 1.29163 0.140693 0.528192 -0.0386516 0.285989
1.31419 1.08535 2.69637 1.29084 0.147699 0.549248 -0.11557 0.285989
1.29125 1.10322 2.71668 1.25955 0.114736 0.537183 -0.136863 0.280352
1.2691 1.12235 2.73609 1.25955 0.114736 0.537183 -0.136863 0.277689
1.24669 1.14111 2.75841 1.40903 0.155642 0.516797 -0.112408 0.277689
1.22451 1.15858 2.77919 1.40813 0.163615 0.508666 -0.0700051 0.27705
1.20167 1.17396 2.80061 1.40558 0.18418 0.490252 -0.029785 0.276574
1.17861 1.18628 2.82067 1.40039 0.17857 0.490252 -0.029785 0.276574
1.15557 1.19646 2.8426 1.39737 0.200863 0.49674 0.0316418 0.277673
1.13153 1.20574 2.86207 1.38966 0.245719 0.472185 0.0817676 0.277926
1.10704 1.21184 2.87971 1.38966 0.245719 0.472185 0.0817676 0.277926
1.08322 1.21573 2.89957 1.39956 0.292732 0.442083 0.123478 0.274788
1.05881 1.21862 2.91393 1.38579 0.352195 0.392523 0.197941 0.266917
1.03654 1.21769 2.93069 1.35402 0.343523 0.392523 0.197941 0.266917
1.01525 1.21449 2.94559 1.33905 0.397889 0.341207 0.215764 0.260257
0.995162 1.21046 2.96098 1.32166 0.452309 0.292034 0.237205 0.246935
0.977021 1.2047 2.97467 1.35204 0.433862 0.292034 0.237205 0.246935
0.960728 1.19812 2.98631 1.33455 0.484992 0.255798 0.264885 0.23163
0.944913 1.19088 2.99396 1.30856 0.479559 0.231537 0.293834 0.224672
0.930331 1.18232 3.00054 1.30856 0.479559 0.231537 0.293834 0.21808
0.916071 1.17297 3.01066 1.30117 0.499263 0.21792 0.283746 0.21808
0.902533 1.16296 3.02001 1.29293 0.520245 0.206244 0.297272 0.217571
0.889014 1.15302 3.03355 1.29123 0.524434 0.206148 0.300528 0.219631
0.876359 1.14259 3.04637 1.35194 0.457805 0.206148 0.300528 0.219631
0.863675 1.13183 3.05431 1.35418 0.45113 0.215612 0.308461 0.22248
0.85079 1.1208 3.06354 1.38197 0.379062 0.229769 0.30878 0.22761
0.838369 1.10945 3.05879 1.38197 0.379062 0.229769 0.30878 0.22761
0.824522 1.09809 3.06696 1.3576 0.34375 0.250278 0.314762 0.233344
0.810991 1.08675 3.06364 1.361 0.330065 0.265338 0.313062 0.23847
0.796903 1.075 3.06282 1.361 0.330065 0.265338 0.313062 0.23847
0.782132 1.06302 3.06546 1.39438 0.302783 0.277193 0.312061 0.245318
0.766994 1.05089 3.06506 1.39765 0.287331 0.293007 0.313288 0.252173
0.751217 1.03895 3.06509 1.4108 0.251986 0.293007 0.313288 0.252173
0.735182 1.02682 3.06393 1.4134 0.237011 0.307213 0.316086 0.257608
0.718738 1.01465 3.06079 1.3817 0.203418 0.303892 0.313168 0.263671
0.702014 1.00252 3.05811 1.3817 0.203418 0.303892 0.313168 0.263671
0.685721 0.990129 3.05401 1.38366 0.1896 0.299176 0.32037 0.269059
0.668958 0.97786 3.05087 1.40852 0.152246 0.295676 0.31998 0.273002
0.652817 0.965572 3.04879 1.40852 0.152246 0.295676 0.31998 0.273002
0.636703 0.953202 3.04214 1.44915 0.13024 0.372402 0.314039 0.274902
0.619197 0.941281 3.03666 1.45105 0.107096 0.431681 0.344388 0.276143
0.599908 0.929401 3.02761 1.43706 0.0718702 0.431681 0.344388 0.279429
0.57816 0.917671 3.0145 1.43797 0.0502374 0.466384 0.26557 0.279429
0.554795 0.908076 3.00509 1.43872 0.0197048 0.477614 0.21122 0.284727
0.529971 0.901812 2.99762 1.45671 -0.0321841 0.497289 0.142785 0.293343
0.504521 0.898606 2.98706 1.45671 -0.0321841 0.497289 0.142785 0.293343
0.478623 0.896945 2.97577 1.43149 -0.0740017 0.524409 0.075928 0.307794
0.452139 0.897432 2.96648 1.42879 -0.114883 0.531959 0.015912 0.29691
0.425234 0.900927 2.95614 1.47981 -0.0951021 0.531959 0.015912 0.29691
0.398848 0.906078 2.9497 1.47755 -0.125393 0.55116 -0.0380451 0.28936
0.372223 0.912954 2.94043 1.44192 -0.141639 0.570406 -0.0782865 0.285634
0.345305 0.922585 2.93428 1.46338 -0.130071 0.570406 -0.0782865 0.285634
0.318298 0.93342 2.92603 1.4618 -0.14683 0.595882 -0.112344 0.285406
0.290597 0.945104 2.91724 1.4472 -0.127496 0.625741 -0.130735 0.290092
0.262281 0.958594 2.91276 1.4472 -0.127496 0.625741 -0.130735 0.290092
0.233178 0.973094 2.90672 1.44627 -0.091961 0.661773 -0.135982 0.296268
0.203136 0.988474 2.90539 1.44719 -0.0761148 0.709656 -0.129341 0.304588
0.171699 1.00457 2.9076 1.42138 -0.0531194 0.709656 -0.129341 0.304588
0.138572 1.02059 2.90661 1.42227 -0.0169168 0.641456 -0.00626606 0.314526
0.106082 1.03322 2.90662 1.42232 0.012646 0.572295 0.0559585 0.324139
0.076389 1.04031 2.90864 1.42232 0.012646 0.572295 0.0559585 0.324139
0.047767 1.04543 2.90911 1.4215 0.0499196 0.490617 0.0800788 0.315033
0.0207649 1.04981 2.91432 1.4225 0.102728 0.269227 -0.0244873 0.31065
0.000839706 1.05334 2.91568 1.4225 0.102728 0.269227 -0.0244873 0.264173
-0.0111171 1.0574 2.91787 1.39407 0.186597 0.267739 0.0763709 0.264173
-0.0230711 1.05959 2.92379 1.38615 0.238413 0.171909 0.0954476 0.227371
-0.0346221 1.05912 2.92857 1.38615 0.238413 0.171909 0.0954476 0.192213
-0.0444439 1.0565 2.93628 1.37913 0.314531 0.0977471 0.121951 0.192213
-0.0521425 1.05329 2.94572 1.35156 0.417385 0.0194085 0.216595 0.173006
-0.0569127 1.04631 2.95288 1.38147 0.407262 0.0215648 0.202289 0.162778
-0.0612615 1.03781 2.9523 1.34887 0.504838 -0.0283061 0.297262 0.162778
-0.0641436 1.02691 2.95627 1.3076 0.526215 -0.0338791 0.324019 0.158644
-0.0664523 1.0125 2.95932 1.29098 0.565775 0.0113776 0.372906 0.158795
-0.0702419 0.996575 2.96492 1.29234 0.553192 0.0131669 0.361035 0.158795
-0.0752185 0.979941 2.965 1.28962 0.552464 0.0252021 0.408333 0.167855
-0.0804374 0.962387 2.96762 1.3034 0.519109 0.0768469 0.373883 0.18188
-0.0870947 0.944735 2.96856 1.31579 0.485824 0.0768469 0.373883 0.18188
-0.094868 0.927924 2.96727 1.33659 0.425264 0.174399 0.382111 0.205203
-0.10499 0.911912 2.96238 1.41968 0.312094 0.22517 0.313355 0.228032
-0.11839 0.897104 2.95713 1.41968 0.312094 0.22517 0.313355 0.228032
-0.133686 0.884876 2.95582 1.4331 0.243133 0.30189 0.239078 0.250538
-0.150086 0.874206 2.9521 1.43466 0.157849 0.354216 0.173929 0.245962
-0.16821 0.86763 2.94857 1.43466 0.157849 0.354216 0.173929 0.253759
-0.18774 0.863047 2.93999 1.46882 0.126641 0.38911 0.133124 0.253759
-0.207915 0.860227 2.93291 1.4712 0.0949821 0.490247 0.0933802 0.250745
-0.230869 0.860703 2.92502 1.46897 0.087099 0.490247 0.0933802 0.250745
-0.256269 0.86224 2.91688 1.46929 0.0815495 0.571186 0.103136 0.243363
-0.283186 0.864418 2.91025 1.4723 0.0916015 0.719805 0.144768 0.245516
-0.315753 0.867354 2.89974 1.4723 0.0916015 0.719805 0.144768 0.245516
-0.352578 0.870951 2.8911 1.47322 0.0755506 0.994634 0.255252 0.253088
-0.394793 0.875439 2.87519 1.45629 0.0501487 1.02577 0.119276 0.273738
-0.443358 0.883439 2.86388 1.45629 0.0501487 1.02577 0.119276 0.301987
-0.49459 0.893941 2.85764 1.45709 -0.0143692 0.921402 -0.062073 0.301987
-0.543023 0.907675 2.84827 1.45432 -0.0908625 0.830667 -0.184863 0.350441
-0.585925 0.925871 2.83997 1.38572 0.0433489 0.809364 -0.0435233 0.402085
-0.624883 0.943482 2.84189 1.3239 0.117554 0.640235 0.0145089 0.402085
-0.660055 0.955374 2.85655 1.32423 0.113785 0.462585 -0.0160867 0.362181
-0.686214 0.963782 2.86846 1.26239 0.229974 0.444087 0.106636 0.316635
-0.707252 0.968412 2.89068 1.26834 0.194465 0.360258 0.0575939 0.316635
-0.726962 0.970716 2.91303 1.2319 0.300384 0.258366 0.0764122 0.269793
-0.743644 0.971855 2.94186 1.24352 0.247933 0.161693 0.0515151 0.252094
-0.754362 0.971357 2.96836 1.23687 0.250163 0.161693 0.0515151 0.252094
-0.761896 0.970796 3.00126 1.24161 0.225423 0.125842 0.0399999 0.231144
-0.769353 0.970429 3.03261 1.24523 0.204526 0.0834087 0.0263332 0.215714
-0.775371 0.970831 3.0589 1.21569 0.134588 0.0926065 -0.0346901 0.215714
-0.779719 0.971157 3.09 1.2175 0.117093 0.0631848 -0.0568927 0.211307
-0.784501 0.973078 3.11468 1.22687 0.24515 0.0398258 0.0359847 0.196135
-0.78742 0.974112 3.13671 1.22687 0.24515 0.0398258 0.0359847 0.196135
-0.790128 0.973015 -3.1243 1.22454 0.130013 0.0207808 -0.0514243 0.19707
-0.792526 0.972853 -3.10508 1.1793 0.354459 0.00791917 0.0470798 0.192025
-0.794156 0.972977 -3.08644 1.19162 0.280612 0.00791917 0.0470798 0.187012
-0.795024 0.971458 -3.07371 1.18288 0.315437 -0.00372153 0.0532182 0.187012
-0.795283 0.969557 -3.05989 1.13573 0.456963 -0.0136879 0.0487171 0.187
-0.795062 0.967575 -3.04357 1.15695 0.381753 -0.0136879 0.0487171 0.186004
-0.794863 0.965501 -3.02898 1.10522 0.512584 -0.0211387 0.0979762 0.186004
-0.794468 0.962862 -3.00774 1.12694 0.45286 -0.0219926 0.08961 0.186
-0.794399 0.959279 -2.98721 1.12694 0.45286 -0.0219926 0.08961 0.185709
-0.793509 0.956013 -2.97267 1.09687 0.519932 -0.0209142 0.0823966 0.185709
-0.792731 0.953019 -2.95966 1.09331 0.526112 -0.028416 0.146255 0.196947
-0.791181 0.948166 -2.94453 1.09865 0.514882 0.0039496 0.0724055 0.189997
-0.789809 0.944133 -2.93509 1.13653 0.419755 0.0039496 0.0724055 0.189997
-0.79005 0.941135 -2.92119 1.1139 0.476576 -0.014632 0.0970297 0.186456
-0.790255 0.938046 -2.90985 1.13557 0.421276 -0.0377906 0.244421 0.20095
-0.787095 0.930571 -2.89958 1.13557 0.421276 -0.0377906 0.244421 0.20095
-0.783063 0.92032 -2.8927 1.16202 0.331894 0.00358561 0.157288 0.198174
-0.780493 0.910696 -2.88705 1.14934 0.373438 -0.00622761 0.199264 0.191492
-0.78009 0.902028 -2.88252 1.14934 0.373438 -0.00622761 0.199264 0.201693
-0.778486 0.893816 -2.87722 1.15869 0.350354 -0.0188423 0.172869 0.201693
-0.776567 0.885106 -2.87295 1.17182 0.30357 0.0144571 0.129126 0.207806
-0.775136 0.877858 -2.87287 1.17527 0.284787 0.0781491 0.267596 0.204039
-0.775894 0.868109 -2.86908 1.17527 0.284787 0.0781491 0.267596 0.204039
-0.7766 0.855616 -2.87035 1.17528 0.278388 0.0793184 0.323243 0.212991
-0.777935 0.840632 -2.86716 1.18579 0.229528 0.0956776 0.288419 0.223165
-0.779672 0.825107 -2.86735 1.18579 0.229528 0.0956776 0.288419 0.223165
-0.781429 0.810289 -2.87 1.19116 0.147937 0.148579 0.197753 0.22137
-0.784279 0.796435 -2.87176 1.19279 0.134171 0.143383 0.145907 0.229953
-0.790554 0.786343 -2.87363 1.18619 0.089391 0.143383 0.145907 0.229953
-0.796808 0.778252 -2.87598 1.18949 0.0121597 0.146147 0.0848313 0.242197
-0.802427 0.771006 -2.88517 1.1556 -0.17344 0.157541 0.0086326 0.235618
-0.808968 0.766676 -2.89377 1.1556 -0.17344 0.157541 0.0086326 0.222512
-0.816093 0.764202 -2.9042 1.14374 -0.239457 0.138578 -0.0268036 0.222512
-0.822671 0.762394 -2.91078 1.09915 -0.336095 0.129111 -0.0633207 0.212412
-0.829606 0.762474 -2.9202 1.09915 -0.336095 0.129111 -0.0633207 0.204152
-0.835559 0.763134 -2.92709 1.12484 -0.287418 0.126208 -0.0839711 0.204152
-0.842 0.763763 -2.94093 1.11485 -0.324015 0.127953 -0.0977252 0.197972
-0.848986 0.764601 -2.94986 1.09498 -0.325234 0.115401 -0.0997581 0.192809
-0.855073 0.767166 -2.95652 1.09498 -0.325234 0.115401 -0.0997581 0.192809
-0.860839 0.770326 -2.96267 1.07111 -0.316789 0.0995463 -0.0986131 0.189703
-0.866379 0.773508 -2.96666 1.07201 -0.313743 0.095461 -0.101674 0.18848
-0.871394 0.776123 -2.9702 1.07201 -0.313743 0.095461 -0.101674 0.18848
-0.87631 0.779113 -2.97419 1.07964 -0.286374 0.0961073 -0.0895719 0.188099
-0.881122 0.782285 -2.9772 1.09075 -0.240599 0.0883392 -0.0712471 0.189037
-0.885936 0.784459 -2.98079 1.09707 -0.252607 0.0883392 -0.0712471 0.189037
-0.890219 0.786348 -2.98308 1.10257 -0.227376 0.102666 -0.0647132 0.189902
-0.895313 0.7881 -2.98164 1.10582 -0.211012 0.104057 -0.0603147 0.190825
-0.90098 0.789843 -2.9773 1.10582 -0.211012 0.104057 -0.0603147 0.189944
-0.906573 0.791494 -2.9748 1.10882 -0.194667 0.0893207 -0.0495683 0.189944
-0.911564 0.792641 -2.97205 1.08398 -0.205344 0.0780556 -0.0452006 0.191009
-0.915933 0.7936 -2.97007 1.08181 -0.216474 0.0930983 -0.0507832 0.19005
-0.920689 0.795089 -2.96639 1.1062 -0.212119 0.0930983 -0.0507832 0.19005
-0.925611 0.796545 -2.95608 1.10273 -0.229473 0.103056 -0.056678 0.190113
-0.931041 0.798469 -2.9505 1.07407 -0.251351 0.0896378 -0.0487803 0.191076
-0.936192 0.799648 -2.94395 1.07407 -0.251351 0.0896378 -0.0487803 0.191039
-0.940703 0.800853 -2.93757 1.07708 -0.238135 0.086121 -0.0470225 0.191039
-0.94555 0.801932 -2.92732 1.06507 -0.261615 0.107188 -0.054348 0.191028
-0.951071 0.803223 -2.92033 1.06507 -0.261615 0.107188 -0.054348 0.191032
-0.956786 0.80474 -2.91417 1.07335 -0.250761 0.124812 -0.0563969 0.191032
-0.96365 0.805557 -2.90264 1.07552 -0.241252 0.113661 -0.0403342 0.192005
-0.970527 0.806162 -2.89017 1.05148 -0.265119 0.147041 -0.0480708 0.19303
-0.977893 0.806758 -2.87985 1.05148 -0.265119 0.147041 -0.0480708 0.19303
-0.985872 0.807431 -2.87083 1.04046 -0.277809 0.180815 -0.0550989 0.193076
-0.994742 0.807914 -2.86439 1.03124 -0.283422 0.17414 -0.0407524 0.194188
-1.00425 0.807494 -2.85335 1.03124 -0.283422 0.17414 -0.0407524 0.19507
-1.01368 0.807223 -2.84653 1.02954 -0.27103 0.204149 -0.0375742 0.19507
-1.02419 0.806125 -2.83555 1.02903 -0.272952 0.324024 -0.072991 0.196009
-1.03887 0.805191 -2.82264 0.990205 -0.287224 0.324024 -0.072991 0.197185
-1.05585 0.803515 -2.81443 0.990808 -0.285136 0.398191 -0.0798457 0.197185
-1.07573 0.801666 -2.80623 1.00761 -0.234641 0.475465 -0.0887622 0.201194
-1.09895 0.798636 -2.79341 1.00959 -0.225998 0.775303 -0.127287 0.208376
-1.13058 0.793462 -2.77716 1.00959 -0.225998 0.775303 -0.127287 0.208376
-1.16828 0.786663 -2.7646 0.993896 -0.174033 0.993896 -0.174033 0.219618
-1.2128 0.778586 -2.75099 0.997286 -0.153416 0.997286 -0.153416 0.241535
-1.26208 0.76813 -2.73951 1.2737 0.276157 1.14057 -0.027937 0.276549
-1.31517 0.753545 -2.70831 1.26325 0.320586 1.22399 0.14857 0.276549
-1.36922 0.732314 -2.67321 1.24777 0.376373 1.24777 0.376373 0.322355
-1.41996 0.703463 -2.63251 1.24777 0.376373 1.24777 0.376373 0.379007
-1.46836 0.667328 -2.59428 1.2302 0.430336 1.2302 0.430336 0.379007
-1.51472 0.626041 -2.55953 1.10606 0.630033 1.10606 0.630033 0.431913
-1.55527 0.579274 -2.50915 1.08611 0.663845 1.08611 0.663845 0.495236
-1.58987 0.5277 -2.46043 1.05578 0.731868 1.05578 0.731868 0.495236
-1.61981 0.472016 -2.41761 1.03008 0.767621 1.03008 0.767621 0.553091
-1.64579 0.4127 -2.37662 1.07463 0.807847 1.07463 0.807847 0.609494
-1.667 0.350933 -2.33287 1.07463 0.807847 1.07463 0.807847 0.609494
-1.68367 0.287629 -2.2872 1.0438 0.847301 1.0438 0.847301 0.670005
-1.69614 0.22236 -2.23999 1.06833 0.839115 0.948713 0.78151 0.660824
-1.70443 0.157674 -2.19755 1.06833 0.839115 0.948713 0.78151 0.660824
-1.70904 0.0943986 -2.15854 1.13536 0.753497 0.839893 0.611208 0.578646
-1.71187 0.03426 -2.12581 1.14213 0.74319 0.694429 0.527587 0.506408
-1.71355 -0.0183511 -2.08681 1.20366 0.59474 0.764043 0.383033 0.506408
-1.71307 -0.0661126 -2.04184 1.21554 0.570065 0.618485 0.354797 0.444293
-1.71205 -0.10846 -1.99783 1.22797 0.542774 0.484218 0.370403 0.414169
-1.7101 -0.14427 -1.95823 1.26066 0.519974 0.484218 0.370403 0.414169
-1.70572 -0.175837 -1.91912 1.26629 0.506105 0.423666 0.347691 0.362296
-1.69945 -0.205035 -1.88641 1.26382 0.459666 0.425826 0.333358 0.324568
-1.69236 -0.231868 -1.85305 1.26772 0.448798 0.344763 0.309684 0.324568
-1.6847 -0.256724 -1.82151 1.29249 0.380304 0.286269 0.22864 0.290608
-1.67814 -0.276893 -1.79427 1.30081 0.350805 0.246639 0.19488 0.267846
-1.67264 -0.292888 -1.76848 1.30453 0.321054 0.246639 0.19488 0.267846
-1.66708 -0.307136 -1.74376 1.3129 0.284873 0.199004 0.139047 0.248094
-1.66237 -0.320438 -1.71877 1.3129 0.284873 0.199004 0.139047 0.247709
-1.65848 -0.332041 -1.6942 1.33817 0.243212 0.179659 0.0918923 0.247709
-1.65534 -0.34256 -1.67184 1.3467 0.190361 0.163757 0.0453909 0.230871
-1.65346 -0.351259 -1.64556 1.32115 0.169776 0.163757 0.0453909 0.218455
-1.65243 -0.359923 -1.62447 1.328 0.103348 0.168905 0.00158875 0.218455
-1.65267 -0.368954 -1.60547 1.33032 0.059264 0.135642 -0.00931258 0.208049
-1.65325 -0.377164 -1.59165 1.33161 0.00838464 0.140425 -0.0373072 0.201731
-1.6546 -0.384145 -1.57606 1.33161 0.00838464 0.140425 -0.0373072 0.201731
-1.65696 -0.390941 -1.56089 1.35177 -0.0170009 0.130105 -0.0466688 0.197162
-1.65915 -0.397461 -1.54735 1.35157 -0.0290409 0.109894 -0.0460797 0.194872
-1.66082 -0.404048 -1.53585 1.35097 -0.0296297 0.109894 -0.0460797 0.194872
-1.66279 -0.409591 -1.52086 1.35063 -0.0423625 0.0970987 -0.0442461 0.192979
-1.66493 -0.415216 -1.50782 1.33442 -0.0556528 0.0824383 -0.0403712 0.192919
-1.66661 -0.41986 -1.49705 1.33442 -0.0556528 0.0824383 -0.0403712 0.192919
-1.66824 -0.424026 -1.48587 1.33408 -0.0633502 0.096344 -0.0411199 0.192786
-1.66975 -0.428534 -1.47532 1.34893 -0.066502 0.0987197 -0.0375053 0.192491
-1.6711 -0.433802 -1.46525 1.34893 -0.066502 0.0987197 -0.0375053 0.191248
-1.67219 -0.43886 -1.45737 1.33191 -0.072474 0.102614 -0.0304884 0.191248
-1.67336 -0.444368 -1.44731 1.33169 -0.0763939 0.104619 -0.023148 0.191569
-1.67397 -0.449752 -1.43742 1.36341 -0.0672896 0.104619 -0.023148 0.19145
-1.6743 -0.455571 -1.42896 1.36364 -0.0624253 0.0905648 -0.0172904 0.19145
-1.67443 -0.461093 -1.41946 1.36359 -0.0634059 0.081985 -0.0155901 0.190714
-1.67476 -0.465643 -1.41225 1.35064 -0.0624209 0.081985 -0.0155901 0.190682
-1.67494 -0.469807 -1.40397 1.34974 -0.0795325 0.0866231 -0.0182329 0.190682
-1.67524 -0.474329 -1.39528 1.36438 -0.0802245 0.102888 -0.0220151 0.188742
-1.67546 -0.479577 -1.38786 1.3641 -0.084898 0.124812 -0.0311977 0.18932
-1.67583 -0.485788 -1.38172 1.3578 -0.0847069 0.124812 -0.0311977 0.18932
-1.67629 -0.492451 -1.37497 1.35799 -0.0817378 0.158699 -0.0376868 0.189402
-1.67718 -0.499957 -1.36784 1.35808 -0.0802155 0.163955 -0.0387092 0.190838
-1.67756 -0.508943 -1.36354 1.36309 -0.0740969 0.163955 -0.0387092 0.19116
-1.67795 -0.517776 -1.35812 1.36406 -0.053428 0.168366 -0.0366235 0.19116
-1.67846 -0.526399 -1.35092 1.34221 -0.121665 0.282859 -0.0498613 0.195668
-1.67911 -0.538353 -1.34787 1.34144 -0.129859 0.50749 -0.070676 0.199294
-1.68008 -0.559176 -1.34729 1.33782 -0.130648 0.50749 -0.070676 0.199294
-1.67944 -0.584398 -1.34341 1.33763 -0.132536 0.707244 -0.0758407 0.207237
-1.67804 -0.616268 -1.34339 1.33896 -0.118364 0.971016 -0.0870184 0.212802
-1.67626 -0.657736 -1.35233 1.33896 -0.118364 0.971016 -0.0870184 0.212802
-1.67318 -0.705525 -1.35665 1.33927 -0.114795 1.33207 -0.127265 0.235427
-1.66924 -0.761452 -1.36565 1.34708 -0.0719549 1.34708 -0.0719549 0.268719
-1.66467 -0.824732 -1.37006 1.34708 -0.0719549 1.34708 -0.0719549 0.331486
-1.65877 -0.89221 -1.36489 1.36399 0.122604 1.36399 0.122604 0.331486
-1.64844 -0.959999 -1.34454 1.35535 0.19626 1.35535 0.19626 0.410333
-1.63195 -1.02623 -1.32137 1.27689 0.37235 1.27689 0.37235 0.507133
-1.60902 -1.089 -1.28958 1.25729 0.433936 1.25729 0.433936 0.507133
-1.58047 -1.14753 -1.25163 1.23951 0.482387 1.23951 0.482387 0.605481
-1.54715 -1.20346 -1.2121 1.17222 0.688602 1.17222 0.688602 0.675671
-1.50799 -1.2557 -1.16614 1.15304 0.720257 1.15304 0.720257 0.675671
-1.46276 -1.30256 -1.11676 1.05387 0.836642 1.05387 0.836642 0.733173
-1.41278 -1.34337 -1.07243 1.05387 0.836642 1.05387 0.836642 0.774398
-1.35943 -1.37902 -1.02444 1.03751 0.874589 1.03751 0.874589 0.774398
-1.30293 -1.40984 -0.961816 1.03203 0.881048 1.03203 0.881048 0.80503
-1.24366 -1.43558 -0.902898 1.03203 0.881048 1.03203 0.881048 0.813902
-1.18222 -1.45725 -0.850108 1.00557 0.837854 1.00557 0.837854 0.813902
-1.11887 -1.47608 -0.794174 1.00445 0.839195 1.00445 0.839195 0.81493
-1.05492 -1.49063 -0.738467 1.01075 0.744403 1.01075 0.744403 0.817723
-0.992152 -1.50196 -0.685843 1.01075 0.744403 1.01075 0.744403 0.817723
-0.930044 -1.51179 -0.640332 1.19651 0.722899 1.19651 0.722899 0.818071
-0.866691 -1.52178 -0.60225 1.19651 0.722899 1.19651 0.722899 0.829829
-0.801004 -1.53264 -0.567869 1.25151 0.62988 1.25151 0.62988 0.829829
-0.734489 -1.5439 -0.536531 1.25044 0.631985 1.25044 0.631985 0.85161
-0.667068 -1.55566 -0.504705 1.25044 0.631985 1.25044 0.631985 0.85161
-0.598963 -1.56548 -0.469885 1.28029 0.570727 1.28029 0.570727 0.894373
-0.530098 -1.57411 -0.437428 1.27712 0.577787 1.27712 0.577787 0.934082
-0.461063 -1.58209 -0.412707 1.32473 0.510629 1.32473 0.510629 0.934082
-0.391869 -1.58953 -0.386287 1.32219 0.517179 1.32219 0.517179 0.994747
-0.321913 -1.59764 -0.362126 1.29993 0.478283 1.29993 0.478283 1.0553
-0.252229 -1.60447 -0.336777 1.32899 0.466475 1.32899 0.466475 1.0553
-0.182617 -1.61039 -0.313909 1.3268 0.472687 1.3268 0.472687 1.12832
-0.111433 -1.61534 -0.294338 1.33708 0.433166 1.33708 0.433166 1.07826
-0.0409731 -1.61898 -0.27277 1.33708 0.433166 1.33708 0.433166 1.07826
0.0300496 -1.62231 -0.24762 1.36488 0.370604 1.36488 0.370604 0.985215
0.101432 -1.62469 -0.224437 1.36661 0.364142 1.36661 0.364142 0.889694
0.173856 -1.62663 -0.20725 1.35417 0.310346 1.35417 0.310346 0.889694
0.246173 -1.62804 -0.19092 1.35317 0.314662 1.35317 0.314662 0.802792
0.317569 -1.62936 -0.171818 1.35328 0.314195 1.35328 0.314195 0.719641
0.389167 -1.62956 -0.155679 1.4015 0.281416 1.3723 0.285817 0.719641
0.460728 -1.62933 -0.136996 1.40212 0.27833 1.17867 0.312009 0.625059
0.52861 -1.627 -0.122072 1.38281 0.218607 1.16944 0.250766 0.625059
0.591736 -1.62361 -0.110045 1.38243 0.220964 0.989867 0.280134 0.538308
0.649725 -1.61962 -0.100496 1.33079 0.327834 0.909345 0.391357 0.472201
0.703486 -1.61369 -0.0879378 1.33079 0.327834 0.909345 0.391357 0.472201
0.749831 -1.6057 -0.0700048 1.33211 0.322459 0.857511 0.352203 0.426793
0.803275 -1.59263 -0.0446062 1.32281 0.39562 0.797784 0.325422 0.412021
0.848102 -1.58045 -0.0151194 1.32281 0.39562 0.797784 0.325422 0.412021
0.89049 -1.56762 0.0107865 1.27583 0.411157 0.757603 0.266198 0.411028
0.931204 -1.55451 0.0420138 1.27842 0.403049 0.734177 0.167411 0.386477
0.969709 -1.54389 0.0696034 1.26356 0.408219 0.734177 0.167411 0.386477
1.00787 -1.535 0.0995461 1.26961 0.388998 0.7205 0.0354609 0.355351
1.04601 -1.5275 0.132588 1.27722 0.36324 0.682381 -0.0601663 0.331837
1.08258 -1.52467 0.162308 1.26707 0.353659 0.682381 -0.0601663 0.331837
1.11833 -1.52337 0.192424 1.27306 0.331469 0.645095 -0.129535 0.315614
1.15304 -1.52253 0.223645 1.25683 0.342129 0.598142 -0.150054 0.305114
1.18631 -1.52337 0.254299 1.25683 0.342129 0.598142 -0.150054 0.305114
1.21817 -1.52374 0.286703 1.25056 0.369114 0.519498 -0.119446 0.296955
1.248 -1.52258 0.321028 1.25334 0.359573 0.490487 -0.130168 0.290391
1.27252 -1.5213 0.352719 1.22383 0.383849 0.490487 -0.130168 0.290391
1.30094 -1.51943 0.393762 1.20684 0.408094 0.483498 -0.157758 0.282649
1.32736 -1.5169 0.429539 1.21008 0.398393 0.467436 -0.184956 0.273012
1.35365 -1.51491 0.465869 1.21177 0.412301 0.467436 -0.184956 0.273012
1.3803 -1.51318 0.505083 1.2161 0.399365 0.443181 -0.191032 0.26287
1.40574 -1.51113 0.541895 1.19788 0.344941 0.445308 -0.197041 0.256531
1.43087 -1.50796 0.578756 1.19788 0.344941 0.445308 -0.197041 0.256531
1.45604 -1.50425 0.615375 1.20056 0.335497 0.454928 -0.1846 0.252557
1.47219 -1.50332 0.634294 1.2022 0.329573 0.497984 -0.161417 0.249897
1.47437 -1.5036 0.632956 1.2022 0.329573 0.497984 -0.161417 0.249897
1.47327 -1.50371 0.634335 1.3147 0.36695 0.479646 -0.119133 0.252543
1.47337 -1.50371 0.634588 1.31333 0.371826 0.439672 -0.075519 0.255805
1.47351 -1.50367 0.633949 1.32986 0.383813 0.439672 -0.075519 0.255805
1.47346 -1.50364 0.634602 1.32815 0.389676 0.439132 -0.0749366 0.256087
1.47348 -1.50362 0.634567 1.32809 0.389439 0.456269 -0.0875491 0.255983
1.4735 -1.50359 0.634619 1.32809 0.389439 0.456269 -0.0875491 0.255983
1.47347 -1.50359 0.634715 1.32813 0.389301 0.454609 -0.0864322 0.255994
1.47348 -1.50359 0.634572 1.3282 0.389051 0.45689 -0.0821901 0.25599
1.47348 -1.50358 0.634563 1.3282 0.389051 0.45689 -0.0821901 0.25599
1.47347 -1.50357 0.634774 1.3283 0.388409 0.453864 -0.0884602 0.254999
1.47347 -1.50357 0.634729 1.32876 0.386807 0.456924 -0.0821729 0.254998
1.47353 -1.50352 0.63521 1.3288 0.386594 0.456924 -0.0821729 0.255999
1.47356 -1.5035 0.635191 1.32881 0.386584 0.455487 -0.0851266 0.255999
1.47352 -1.5035 0.635147 1.32821 0.388638 0.456914 -0.0821665 0.255998
1.47354 -1.50351 0.635083 1.32832 0.388059 0.456894 -0.0821453 0.255984
1.47353 -1.5035 0.635151 1.32832 0.388059 0.456894 -0.0821453 0.255984
1.47355 -1.50348 0.635173 1.32833 0.387825 0.454736 -0.0865731 0.255002
1.47353 -1.50351 0.635088 1.3288 0.386211 0.456205 -0.0836663 0.255999
1.47353 -1.5035 0.635126 1.32882 0.386134 0.456205 -0.0836663 0.255999
1.47351 -1.50348 0.63528 1.32832 0.387846 0.455281 -0.0855601 0.255995
1.47356 -1.5034 0.634802 1.32831 0.387883 0.455045 -0.0859235 0.256
1.47352 -1.5035 0.63514 1.32834 0.387727 0.455045 -0.0859235 0.256004
1.47352 -1.50348 0.635293 1.32834 0.387715 0.45436 -0.0874495 0.256004
1.47351 -1.50348 0.635314 1.32832 0.387801 0.45603 -0.084073 0.255998
1.47356 -1.50348 0.635076 1.32832 0.387801 0.45603 -0.084073 0.255995
1.47353 -1.50348 0.635277 1.3283 0.387834 0.456189 -0.0836692 0.255995
1.47354 -1.50346 0.635308 1.32831 0.38782 0.45476 -0.0865306 0.255003
1.47356 -1.50347 0.635089 1.32885 0.385892 0.455106 -0.0859667 0.256001
1.47353 -1.50349 0.63515 1.32885 0.385892 0.455106 -0.0859667 0.256001
1.47355 -1.50347 0.635266 1.32836 0.387575 0.456197 -0.0836649 0.256
1.47351 -1.50349 0.635235 1.32832 0.387713 0.456889 -0.0821284 0.256001
1.47353 -1.5035 0.635098 1.32832 0.387713 0.456889 -0.0821284 0.256
1.47351 -1.50349 0.63529 1.32832 0.387803 0.45295 -0.0903367 0.256
1.47353 -1.50346 0.635229 1.32829 0.387905 0.456179 -0.0836459 0.256002
1.47354 -1.50347 0.635143 1.32836 0.387606 0.456916 -0.0821462 0.256
1.4735 -1.50348 0.635249 1.32836 0.387606 0.456916 -0.0821462 0.256
1.47347 -1.50346 0.635345 1.32838 0.387565 0.454795 -0.086561 0.256001
1.4735 -1.50348 0.635265 1.32833 0.387748 0.454567 -0.0870184 0.255998
1.4735 -1.50348 0.635265 1.32833 0.387748 0.454567 -0.0870184 0.255998
1.4735 -1.50348 0.635265 1.32833 0.387748 0.454567 -0.0870184 0.255998
1.4735 -1.50348 0.635265 1.32833 0.387748 0.454567 -0.0870184 0.255998
1.4735 -1.50348 0.635265 1.32833 0.387748 0.454567 -0.0870184 0.255998
1.4735 -1.50348 0.635265 1.32833 0.387748 0.454567 -0.0870184 0.255998
1.4735 -1.50348 0.635265 1.32833 0.387748 0.454567 -0.0870184 0.255998
1.4735 -1.50348 0.635265 1.32833 0.387748 0.454567 -0.0870184 0.255998
1.4735 -1.50348 0.635265 1.32833 0.387748 0.454567 -0.0870184 0.255998
1.4735 -1.50348 0.635265 1.32833 0.387748 0.454567 -0.0870184 0.255998
1.4735 -1.50348 0.635265 1.32833 0.387748 0.454567 -0.0870184 0.255998
